Range,County,CityName,FormOfGovernment ,YearIncorporated,Census2000,Census2010,Census2020,County2,CityName3,FormOfGovernment4,Address1,Address2 ,City,ZIPCode,PostOfficeBox ,PostalCity,PostalZIPCode ,Telephone ,Website,Mayor,FirstName,MiddleName,LastName,TermExpiration,Manager,FirstName5,MiddleName6,LastName7,TermExpiration8,Administrator,FirstName9,MiddleName10,LastName11,TermExpiration12,Auditor,FirstName13,MiddleName14,LastName15,TermExpiration16,FinanceDirector,FirstName17,MiddleName18,LastName19,TermExpiration20,FiscalOfficer,FirstName21,MiddleName22,LastName23,Clerk,FirstName24,MiddleName25,LastName26,TermExpiration27,Treasurer,FirstName28,MiddleName29,LastName30,TermExpiration31,ClerkTreasurer,FirstName32,MiddleName33,LastName34,TermExpiration35,LawDirector,FirstName36,MiddleName37,LastName38,TermExpiration39,Solicitor,FirstName40,MiddleName41,LastName42,TermExpiration43,MemberBoardOfTrustee,FirstName44,MiddleName45,LastName46,TermExpiration47,MemberBoardOfTrustee48,FirstName49,MiddleName50,LastName51,TermExpiration52,MemberBoardOfTrustee53,FirstName54,MiddleName55,LastName56,TermExpiration57,MemberBoardOfTrustee58,FirstName59,MiddleName60,LastName61,TermExpiration62,MemberBoardOfTrustee63,FirstName64,MiddleName65,LastName66,TermExpiration67,CouncilPresident,FirstName68,MiddleName69,LastName70,TermExpiration71,MemberOfCouncil72,FirstName72,MiddleName73,LastName74,TermExpiration75,AdditionalCouncilMembers76,MemberOfCouncil76,FirstName77,MiddleName78,LastName79,TermExpiration80,AdditionalCouncilMembers81,MemberOfCouncil82,FirstName83,MiddleName84,LastName85,TermExpiration86,AdditionalCouncilMembers87,MemberOfCouncil88,FirstName89,MiddleName90,LastName91,TermExpiration92,AdditionalCouncilMembers93,Member of Council94,FirstName95,MiddleName96,LastName97,TermExpiration98,AdditionalCouncilMembers99,MemberOfCouncil100,FirstName101,MiddleName102,LastName103,TermExpiration104,AdditionalCouncilMembers105,MemberOfCouncil106,FirstName107,MiddleName108,LastName109,TermExpiration110,AdditionalCouncilMembers?111,MemberOfCouncil112,FirstName113,MiddleName114,LastName115,TermExpiration116,DoYouHaveAdditionalCouncilMembersToAdd,MemberOfCouncil117,FirstName118,MiddleName119,LastName120,TermExpiration121,AdditionalCouncilMembers122,MemberOfCouncil123,FirstName124,MiddleName125,LastName126,TermExpiration127,AdditionalCouncilMembers?128,MemberOfCouncil129,FirstName130,MiddleName131,LastName132,TermExpiration133,AdditionalCouncilMembers134,MemberOfCouncil135,FirstName136,MiddleName137,LastName138,TermExpiration139,AdditionalCouncilMembers140,MemberOfCouncil141,FirstName142,MiddleName143,LastName144,TermExpiration145,AdditionalCouncilMembers146,MemberOfCouncil147,FirstName148,MiddleName149,LastName150,TermExpiration151,AdditionalCouncilMembers?152,MemberOfCouncil153,FirstName154,MiddleName155,LastName156,TermExpiration157,AdditionalCouncilMembers158,MemberOfCouncil159,FirstName160,MiddleName161,LastName162,TermExpiration163,AdditionalCouncilMembers164,MemberOfCouncil165,FirstName166,MiddleName167,LastName168,TermExpiration169,AdditionalCouncilMembers170,MemberOfCouncil ,FirstName171,MiddleName172,LastName173,TermExpiration174,AdditionalCouncilMembers175,MemberOfCouncil176,CouncilMember177,FirstName178,MiddleName179,Last Name180,TermExpiration181,AdditionalCouncilMembers182
2022-2023,Allen,Delphos,Statutory City,1851,6944,7101,7117,Allen,Delphos,Statutory,608 North Canal Street,,Delphos,45833,,,,(419) 695-4010,www.cityofdelphos.com,Mayor,Douglas ,,Mullenhour,12/31/2023,,,,,,,,,,,Auditor,Adam,,Kayser,12/31/2023,,,,,,,,,,Clerk,Sherryl,,George,,Treasurer,Thomas,,Jettinghoff,12/31/2025,,,,,,Law Director,Andrew,,Knueve,12/31/2023,,,,,,,,,,,,,,,,,,,,,,,,,,,,,,,Council President,Nichole,,Coil,12/31/2023,Council Member At Large,Scott,,Wiltsie,12/31/2023,Yes,Council Member At Large,Joshua,,Bayliff,12/31/2023,Yes,Council Member At Large,Joseph,,Dray,12/31/2023,Yes,Council Member Ward 1,Andrew,,Grothouse,12/31/2025,Yes,Council Member Ward 2,James,,Fortener,12/31/2025,Yes,Council Member Ward 3,Jeffrey,,Klausing,12/31/2025,Yes,Council Member Ward 4,Michel,,Clement,12/31/2025,No,,,,,,,,,,,,,,,,,,,,,,,,,,,,,,,,,,,,,,,,,,,,,,,,,,,,,,,,,,,,,,,,,,,,,,,,,
2022-2023,Allen,Lima,Charter City,1831,40081,38771,35579,Allen,Lima,Charter,50 Town Square,,Lima,45801,,,,(419) 221-5218,http://www.cityhall.lima.oh.us/,Mayor,Sharetta ,,Smith,11/30/2025,,,,,,,,,,,,Randy ,,Bartels,12/31/2025,,,,,,,,,,Clerk,James,,Link,12/31/2027,,,,,,,,,,,Law Director,Anthony,,Geiger,12/31/2025,,,,,,,,,,,,,,,,,,,,,,,,,,,,,,,Council President,John ,,Nixon,12/31/2023,Council Member Ward 1,Todd,,Gordon,12/31/2025,Yes,Council Member Ward 2,Anthony ,,Wilkerson,12/31/2023,Yes,Council Member Ward 3,Carla,,Thompson,12/31/2025,Yes,Council Member Ward 4,Peggy ,,Ehora,12/31/2023,Yes,Council Member Ward 5,Jamie,,Dixon,12/31/2025,Yes,Council Member Ward 6,Derry,,Glenn,12/31/2023,Yes,Council Member Ward 7,Jonathan,,Neeper,12/31/2025,No,,,,,,,,,,,,,,,,,,,,,,,,,,,,,,,,,,,,,,,,,,,,,,,,,,,,,,,,,,,,,,,,,,,,,,,,,
2022-2023,Ashland,Ashland,Charter City,1913,21249,20362,19225,Ashland,Ashland,Charter,206 Claremont Avenue,,Ashland,44805,,,,(419) 289-8170,https://www.Ashland-ohio.com,Mayor,Matt,,Miller,12/31/2025,,,,,,,,,,,,,,,,Finance Director,Larry,D.,Paxton,12/31/2023,,,,,,,,,,,,,,,,,,,,Law Director,Richard,P. ,Wolfe,12/31/2023,,,,,,,,,,,,,,,,,,,,,,,,,,,,,,,Council President Ward 1,Steven,,Workman,12/31/2023,Council Member At Large,Dan,,Lawson,12/31/2023,Yes,Council Member Ward 3,Dennis ,,Miller,12/31/2025,Yes,Council Member Ward 2,Jason ,,Chio,12/31/2025,Yes,Council Member Ward 4,Angela ,,Woodward ,12/31/2025,No,,,,,,,,,,,,,,,,,,,,,,,,,,,,,,,,,,,,,,,,,,,,,,,,,,,,,,,,,,,,,,,,,,,,,,,,,,,,,,,,,,,,,,,,,,,
2022-2023,Ashtabula,Ashtabula,Charter City,1892,20962,19124,17975,Ashtabula,Ashtabula,Charter,"4717 Main Avenue, 2nd Fl",,Ashtabula,44004,,,,(440) 992-7119,https://www.cityofashtabula.com/,,,,,,Manager,James,,Timonere,11/30/2023,,,,,,,,,,,Finance Director,Traci,,Welch,,,,,,Clerk,Stacy,,Senskey,,,,,,,,,,,,,,,,,Solicitor,Cecilia,,Cooper,11/30/2023,,,,,,,,,,,,,,,,,,,,,,,,,,Council President,John,,Roskovics,11/30/2023,Council Vice Chair,Michael,,Speelman,11/30/2023,Yes,Council Member Ward 1,Kym,,Foglio,11/30/2023,Yes,Council Member Ward 2,Calvin,,Crawford,11/30/2023,Yes,Council Member Ward 3,RoLesia,,Holman,11/30/2025,Yes,Council Member Ward 4,Jodi,,Mills,11/30/2025,Yes,Council Member Ward 5,Jane,,Haines,11/30/2025,No,,,,,,,,,,,,,,,,,,,,,,,,,,,,,,,,,,,,,,,,,,,,,,,,,,,,,,,,,,,,,,,,,,,,,,,,,,,,,,,
2022-2023,Ashtabula,Conneaut,Charter City,1834,12485,12841,12318,Ashtabula,Conneaut,Charter,294 Main Street,,Conneaut,44030,,,,(440) 593-7401,https://conneautohio.gov/,Mayor,Jon,,Arcaro,12/31/2023,Manager,Jessica,,Obhof,,,,,,,,,,,,,,,,,,,,,,,,,,,,,,,,,,,,Law Director,John,,Lewis,,,,,,,,,,,,,,,,,,,,,,,,,,,,,,,,Council President,Jon,,Arcaro,12/31/2023,Council Member Ward 1,Richard,,Gaugh,12/31/2023,Yes,Council Member Ward 2,Terry,,Moisio Jr.,12/31/2023,Yes,Council Member Ward 3,Oakey,,Emery,12/31/2023,Yes,Council Member Ward 4,Thomas,,Kozesky,12/31/2023,Yes,Council Member At Large,Tammy,,Ledford,12/31/2023,Yes,Council Member At Large,Nicholas,,Perkoski,12/31/2023,No,,,,,,,,,,,,,,,,,,,,,,,,,,,,,,,,,,,,,,,,,,,,,,,,,,,,,,,,,,,,,,,,,,,,,,,,,,,,,,,
2022-2023,Ashtabula,Geneva,Charter City,1866,6595,6215,5924,Ashtabula,Geneva,Charter,44 North Forest,,Geneva,44041,,,,(440) 466-4675,www.Genevaohio.gov,,,,,,Manager,Joseph,,Varckette,,,,,,,,,,,,Finance Director,Jennifer,,Cecil,,,,,,,,,,,,,,,,,,,,,,,,,,Solicitor,Gary,,Pasqualone,,,,,,,,,,,,,,,,,,,,,,,,,,,Council President,Mario,,Butera,12/1/2023,Council Vice Chair,Philip,,Cordova,12/1/2023,Yes,Council Member,Robert,,Rosebrugh,12/1/2023,Yes,Council Member,William,,Baker,12/1/2025,Yes,Council Member,James,,Baehr,12/1/2025,Yes,Council Member,John,,Barbo,12/1/2025,Yes,Council Member,Jeffrey,,Griffiths,12/1/2023,No,,,,,,,,,,,,,,,,,,,,,,,,,,,,,,,,,,,,,,,,,,,,,,,,,,,,,,,,,,,,,,,,,,,,,,,,,,,,,,,
2022-2023,Athens,Athens,Statutory City,1811,21342,23832,23849,Athens,Athens,Statutory,8 East Washington Street,,Athens,45701,,,,(740) 592-3338,www.ci.athens.oh.us,Mayor,Steve,,Patterson,12/31/2023,,,,,,,,,,,Auditor,Kathleen,,Hecht,12/31/2023,,,,,,,,,,,,,,,Treasurer,Josh,,Thomas,12/31/2023,,,,,,Law Director,Lisa,,Eliason,12/31/2023,,,,,,,,,,,,,,,,,,,,,,,,,,,,,,,Council President,Christine,,Knisely,12/31/2023,Council Member Ward 1,Solveig,,Spjeldnes,12/31/2023,Yes,Council Member Ward 2,Jeff,,Risner,12/31/2023,Yes,Council Member Ward 3,Samuel,Emerson,Crowl,12/31/2023,Yes,Council Member Ward 4,Alan,G.,Swank,12/31/2023,Yes,Council Member At Large,Micah,,McCarey,12/31/2023,Yes,Council Member At Large,Sarah,H.,Grace,12/31/2023,Yes,Council Member At Large,Matthew,Ben,Ziff,12/31/2023,No,,,,,,,,,,,,,,,,,,,,,,,,,,,,,,,,,,,,,,,,,,,,,,,,,,,,,,,,,,,,,,,,,,,,,,,,,
2022-2023,Athens,Nelsonville,Charter City,1871,5230,5392,5373,Athens,Nelsonville,Charter,211 Lake Hope Drive,,Nelsonville,45764,,,,(740) 753-1314,www.cityofnelsonville.com,,,,,,Manager,Scott,,Frank,,,,,,,Auditor,Taylor,,Sappington,11/30/2023,,,,,,,,,,,,,,,Treasurer,Micheal ,,Milane,11/30/2025,,,,,,,,,,,Solicitor,Bob ,,Toy,,,,,,,,,,,,,,,,,,,,,,,,,,,Council President,Tony,,Dunfee,12/3/2023,Council Vice Chair,Justin,,Booth,11/30/2025,Yes,Council Member,Gregg,,Clement,11/30/2025,Yes,Commission Member,Dan,,Sherman,11/30/2025,Yes,Commission Member,Cory,,Taylor,11/30/2025,Yes,Commission Member,Elizabeth,,Jones,11/30/2025,No,,,,,,,,,,,,,,,,,,,,,,,,,,,,,,,,,,,,,,,,,,,,,,,,,,,,,,,,,,,,,,,,,,,,,,,,,,,,,,,,,,,,,
2022-2023,Auglaize,Saint Marys,Statutory City,1823,8342,8332,8397,Auglaize,Saint Marys,Statutory,101 East Spring Street,,St. Marys,45885,,,,(419) 300-1241,cityofstmarys.net,Mayor,Patrick,,McGowan,12/31/2023,,,,,,Administrator,Gregory,,Foxhoven,,Auditor,Douglas,,Riesen,12/31/2023,,,,,,,,,,,,,,,,,,,,,,,,,Law Director,Zach,,Ferrall,12/31/2023,,,,,,,,,,,,,,,,,,,,,,,,,,,,,,,Council President,James,,Harris,12/31/2023,Council Member At Large,Robert,,Fitzgerald,12/31/2023,Yes,Council Member At Large,Daniel,,Uhlenhake,12/31/2023,Yes,Council Member Ward 1,John,,Bubp,12/23/2023,Yes,Council Member Ward 2,Ashley,,Randolph,12/31/2023,Yes,Council Member Ward 3,James,,Christman,12/31/2023,Yes,Council Member Ward 4,Robin,,Willoughby,12/31/2023,No,,,,,,,,,,,,,,,,,,,,,,,,,,,,,,,,,,,,,,,,,,,,,,,,,,,,,,,,,,,,,,,,,,,,,,,,,,,,,,,
2022-2023,Auglaize,Wapakoneta,Statutory City,1841,9474,9867,9957,Auglaize,Wapakoneta,Statutory,701 Parlette Court,,Wapakoneta,45895,PO Box 269,Wapakoneta,45895,(419) 738-3011,,Mayor,Thomas,,Stinebaugh,12/31/2023,,,,,,,,,,,Auditor,Wilbur,,Wells,12/31/2023,,,,,,,,,,,,,,,Treasurer,Barbara,,Steinke,12/31/2023,,,,,,Law Director,J. Grant,,Neal,12/31/2023,,,,,,,,,,,,,,,,,,,,,,,,,,,,,,,Council President,Stephen,,Henderson,12/31/2023,Council Member Ward 1,Ross,,Kantner,12/31/2023,Yes,Council Member Ward 2,Dan ,,Lee,12/31/2023,Yes,Council Member Ward 3,Brandon,,Miller,12/23/2023,Yes,Council Member Ward 4,Chad,A.,Doll,12/31/2023,Yes,Council Member At Large,Chad,,Dunlap,12/31/2023,Yes,Council Member At Large,Terry,,Campbell,12/31/2023,Yes,Council Member At Large,John,,Sheipline,12/31/2023,No,,,,,,,,,,,,,,,,,,,,,,,,,,,,,,,,,,,,,,,,,,,,,,,,,,,,,,,,,,,,,,,,,,,,,,,,,
2022-2023,Belmont,Martins Ferry,Statutory City,1865,7226,6915,6260,Belmont,Martins Ferry,Statutory,35 South 5th Street,,Martins Ferry,43935,PO Box 386,Martins Ferry,43935,(740) 366-9462,,Mayor,John ,,Davis,12/31/2023,,,,,,,,,,,Auditor,Rita,K.,Randall,,,,,,,,,,,Clerk,Kay,,McFarlan,12/31/2023,Treasurer,Susan,,Yeso,12/31/2023,,,,,,Law Director,Paul,M.,Stecker,12/31/2023,,,,,,,,,,,,,,,,,,,,,,,,,,,,,,,Council President,Kristy,,Davis,12/31/2023,Council Member At Large,Jack ,,Regis,12/31/2023,Yes,Council Member At Large,Jack ,,Schramm,12/31/2023,Yes,Council Member At Large,Thomas,,Burns,12/31/2023,Yes,Council Member Ward 1,Robert,,Hunker,12/31/2023,Yes,Council Member Ward 2,Bruce,,Schrodes,12/31/2023,Yes,Council Member Ward 3,Suzanne,,Hutter,12/31/2023,Yes,Council Member Ward 4,John,R.,Rodgers,12/31/2023,No,,,,,,,,,,,,,,,,,,,,,,,,,,,,,,,,,,,,,,,,,,,,,,,,,,,,,,,,,,,,,,,,,,,,,,,,,
2022-2023,Belmont,Saint Clairsville,Charter City,1807,5057,5184,5096,Belmont,Saint Clairsville,Charter,100 North Market Street,,St. Clairsville,43950,PO Box 537,St. Clairsville,43950,(740) 695-1324,stclairsville.com,Mayor,Kathryn,,Thalman,12/31/2024,Manager,Jeremy ,,Greenwood,,,,,,,,,,,,Finance Director,Annette,,Williams,,,,,,,,,,,,,,,,,,,,,Law Director,Elizabeth ,,Glick,,,,,,,,,,,,,,,,,,,,,,,,,,,,,,,,Council President,James,,Velas,12/31/2026,Council Member Ward 1,Donald ,,Vincenzo,12/31/2025,Yes,Council Member Ward 2,Jeffery ,,Thrash,12/31/2025,Yes,Council Member Ward 3,Mark ,,Thomas,12/31/2025,Yes,Council Member Ward 4,Terra ,,Butler,12/31/2025,Yes,Council Member At Large,Michael,,Smith,12/31/2023,Yes,Council Member At Large,Linda,,Jordan,12/31/2023,Yes,Council Member At Large,Beth,,Oprisch,12/31/2023,No,,,,,,,,,,,,,,,,,,,,,,,,,,,,,,,,,,,,,,,,,,,,,,,,,,,,,,,,,,,,,,,,,,,,,,,,,
2022-2023,Butler,Fairfield,Charter City,1955,42097,42510,44907,Butler,Fairfield,Charter,5350 Pleasant Ave,,Fairfield,45014,,,,(513) 867-5300,www.fairfield-city.org,Mayor,Mitch,,Rhodus,12/31/2025,Manager,Scott,W.,Timmer,,,,,,,,,,,,Finance Director,Jake,,Burton,,,,,,Clerk,Alisha,,Wilson,,,,,,,,,,,,Law Director,John,,Clemmons,,,,,,,,,,,,,,,,,,,,,,,,,,,,,,,,,,,,,Council Member Ward 1,Leslie,,Besl,12/31/2023,Yes,Council Member Ward 2,Dale,,Paullus,12/31/2023,Yes,Council Member Ward 3,Terry,,Senger,12/31/2023,Yes,Council Member Ward 4,Tim,,Abbott,12/31/2023,Yes,Council Member At Large,Gwen,,Brill,12/31/2025,Yes,Council Member At Large,Matthew,,Davidson,12/31/2025,Yes,Council Member At Large,Tim,,Meyers,12/31/2025,No,,,,,,,,,,,,,,,,,,,,,,,,,,,,,,,,,,,,,,,,,,,,,,,,,,,,,,,,,,,,,,,,,,,,,,,,,
2022-2023,Butler,Hamilton,Charter City,1810,60690,62477,63399,Butler,Hamilton,Charter,345 High Street,,Hamilton,45011,,,,(513) 785-7023,https://www.hamilton-oh.gov/,Mayor,Pat ,,Moeller ,12/31/2025,Manager,Joshua ,,Smith,,,,,,,,,,,,Finance Director,Dave ,,Jones,,,,,,Clerk,Daniel ,,Tidyman,,,,,,,,,,,,Law Director,Letitia ,,Block,,,,,,,,,,,,,,,,,,,,,,,,,,,,,,,,Council Chair,Pat ,,Moeller ,12/31/2025,Council Vice Chair,Michael ,,Ryan,12/31/2025,Yes,Council Member At Large,William ,,Lauer ,12/31/2025,Yes,Council Member At Large,Timothy ,,Naab,12/31/2025,Yes,Council Member At Large,Eric ,,Pohlman,12/31/2023,Yes,Council Member At Large,Susan,,Vaughn,12/31/2023,No,,,,,,,,,,,,,,,,,,,,,,,,,,,,,,,,,,,,,,,,,,,,,,,,,,,,,,,,,,,,,,,,,,,,,,,,,,,,,,,,,,,,,
2022-2023,Butler,Middletown,Charter City,1886,51605,48694,50987,Butler,Middletown,Charter,One Donham Plaza,,Middletown,45042,,,,(513) 425-7836,cityofmiddletown.org,Mayor,Nicole,,Condrey,12/31/2023,Manager,James,,Palenick,,,,,,,,,,,,Finance Director,Nathan,,Cahall,,,,,,Clerk,Amy,,Schenck,,,,,,,,,,,,Law Director,Benjamin,,Yoder,,,,,,,,,,,,,,,,,,,,,,,,,,,,,,,,,,,,,Council Member,Monica,,Nenni,12/31/2023,Yes,Council Member,Talbott,,Moon,12/31/2023,Yes,Council Member,Rodney,,Muterspaw,12/31/2025,Yes,Council Member,Zach,,Ferrell,12/31/2025,No,,,,,,,,,,,,,,,,,,,,,,,,,,,,,,,,,,,,,,,,,,,,,,,,,,,,,,,,,,,,,,,,,,,,,,,,,,,,,,,,,,,,,,,,,,,
2022-2023,Butler,Monroe,Charter City,1907,7133,12442,15412,Butler,Monroe,Charter,233 South Main Street,,Monroe,45050,PO Box 330,Monroe,45050-0330,(513) 360-2201,www.monroeohio.org,Mayor,Keith,M.,Funk,12/31/2023,Manager,William,J.,Brock,,,,,,,,,,,,,,,,,,,,,Clerk,Angela,S.,Wasson,,,,,,,,,,,,Law Director,K.,Philip,Callahan,,,,,,,,,,,,,,,,,,,,,,,,,,,,,,,,,,,,,Vice Mayor,Christina,,McElfresh,12/31/2023,Yes,Council Member At Large,Marc,,Bellapianta,12/31/2025,Yes,Council Member At Large,Tom,,Callahan,12/31/2023,Yes,Council Member At Large,Kelly,M.,Clark,12/31/2025,Yes,Council Member At Large,Jason,,Frentzel,12/31/2023,Yes,Council Member At Large,Ben,,Wagner,12/31/2025,No,,,,,,,,,,,,,,,,,,,,,,,,,,,,,,,,,,,,,,,,,,,,,,,,,,,,,,,,,,,,,,,,,,,,,,,,,,,,,,,
2022-2023,Butler,Oxford,Charter City,1830,21943,21371,23035,Butler,Oxford,Charter,15 South College Ave,,Oxford,45056,,,,(513) 524-5200,www.CityofOxford.org ,Mayor,William ,,Snavely,11/21/2023,Manager,Douglas ,,Elliott ,,,,,,,,,,,,Finance Director,Joe ,,Newlin,,,,,,Clerk,Heather,,Barbour ,,,,,,,,,,,,Law Director,Chris,,Conard ,,,,,,,,,,,,,,,,,,,,,,,,,,,,,,,,,,,,,Council Member,Jason,,Bracken,11/21/2023,Yes,Council Member,Glenn,,Ellerbe,11/21/2023,Yes,Council Member,David,,Prytherch,11/23/2025,Yes,Council Member,Chantel ,,Raghu,11/23/2025,Yes,Council Member,Amber,,Franklin,11/23/2025,Yes,Council Member,Alex,,French,11/23/2025,No,,,,,,,,,,,,,,,,,,,,,,,,,,,,,,,,,,,,,,,,,,,,,,,,,,,,,,,,,,,,,,,,,,,,,,,,,,,,,,,
2022-2023,Butler,Trenton,Charter City,1971,8746,11869,13021,Butler,Trenton,Charter,11 East State Street,,Trenton,45067,,,,(513) 428-0155,trentonoh.gov,Mayor,Calvin,,Woodrey,12/31/2024,Manager,Marcos,,Nichols,,,,,,,,,,,,Finance Director,Marcos,,Nichols,,,,,,Clerk,Laura,,Daley,,Treasurer,Marcos ,,Nichols,,,,,,,Law Director,Nicholas,,Ziepfel,,,,,,,,,,,,,,,,,,,,,,,,,,,,,,,,Council President,Calvin,,Woodrey,12/31/2024,Council Vice Chair,Ryan ,,Perry,12/31/2023,Yes,Council Member,Jennifer,,Combs,12/31/2024,Yes,Council Member,Sharon ,,Montgomery,12/31/2024,Yes,Council Member,Dale ,,Perry,12/31/2024,Yes,Council Member,Cody,,Agee,12/31/2023,Yes,Council Member,Jennifer,,Harris,12/31/2023,No,,,,,,,,,,,,,,,,,,,,,,,,,,,,,,,,,,,,,,,,,,,,,,,,,,,,,,,,,,,,,,,,,,,,,,,,,,,,,,,
2022-2023,Champaign,Urbana,Charter City,1868,11613,11793,11115,Champaign,Urbana,Charter,205 South Main Street,,Urbana,43078,,,,(937) 652-4300,urbanaohio.com,Mayor,Bill,,Bean,12/31/2023,,,,,,Administrator,Kerry,,Brugger,,,,,,,Finance Director,Christine,,Boettcher,,,,,,Clerk,Roger,,Steffan,,,,,,,,,,,,Law Director,Mark,,Feinstein,,,,,,,,,,,,,,,,,,,,,,,,,,,,,,,,Council President,Marty,,Hess,12/31/2023,Council Member Ward 1,Amy,,Jumper,12/31/2025,Yes,Council Member Ward 2,Cledis,,Scott,12/31/2023,Yes,Council Member Ward 3,Dwight,,Paul,12/31/2025,Yes,Council Member At Large,Mary,,Collier,12/31/2025,Yes,Council Member At Large,Audra,,Bean,12/31/2025,Yes,Council Member At Large,Patrick,,Thackery,12/31/2023,No,,,,,,,,,,,,,,,,,,,,,,,,,,,,,,,,,,,,,,,,,,,,,,,,,,,,,,,,,,,,,,,,,,,,,,,,,,,,,,,
2022-2023,Clark,New Carlisle,Charter City,1971,5735,5785,5559,Clark,New Carlisle,Charter,331 South Church Street,,New Carlisle,45344,PO Box 419,New Carlisle,45344,(937) 845-9492,www.newcarlisle.net,Mayor,Mike,,Lowrey,12/31/2023,Manager,Randy,,Bridge,,,,,,,,,,,,Finance Director,Colleen,,Harris,,,,,,,,,,,,,,,,,,,,,Law Director,Jake,,Jeffries,,,,,,,,,,,,,,,,,,,,,,,,,,,,,,,,Council President,Mike,,Lowrey,12/31/2023,Council Member,Dale,,Grimm,12/31/2023,Yes,Council Member,Bill,,Cook,12/31/2025,Yes,Council Member,Peggy,,Eggleston,12/31/2025,Yes,Council Member,Ben,,Bahun,12/31/2025,Yes,Council Member,William,,Lindsey,12/31/2025,Yes,Council Member,Dan,,Rodewald,12/31/2023,No,,,,,,,,,,,,,,,,,,,,,,,,,,,,,,,,,,,,,,,,,,,,,,,,,,,,,,,,,,,,,,,,,,,,,,,,,,,,,,,
2022-2023,Clark,Springfield,Charter City,1850,65358,60608,58662,Clark,Springfield,Charter,76 East High Street,,Springfield,45502,,,,(937) 324-7341,www.springfieldohio.gov,Mayor,Warren,,Copeland,12/31/2023,Manager,Bryan,,Heck,,,,,,,,,,,,Finance Director,Mark,,Beckdahl,,,,,,Clerk,Jill,,Pierce,,Treasurer,Andrew,,Luttrell,,,,,,,Law Director,Jill,,Allen,,,,,,,,,,,,,,,,,,,,,,,,,,,,,,,,Commission President,Warren,,Copeland,12/31/2023,Commission Member,Kevin,,O'Neill,12/31/2023,Yes,Commission Member,David,,Estrop,12/31/2025,Yes,Commission Member,Robert,,Rue,12/31/2025,Yes,Commission Member,Krystal,,Phillips,12/31/2025,No,,,,,,,,,,,,,,,,,,,,,,,,,,,,,,,,,,,,,,,,,,,,,,,,,,,,,,,,,,,,,,,,,,,,,,,,,,,,,,,,,,,,,,,,,,,
2022-2023,Clermont,Milford,Charter City,1888,6284,6709,6582,Clermont,Milford,Charter,745 Center Street ,Suite 200,Milford,45150,,,,(513) 831-4192,https://www.milfordohio.org/,Mayor,Lisa,,Evans,12/31/2026,Manager,Michael,,Doss,,,,,,,,,,,,Finance Director,Pat,,Wirthlin,,,,,,Clerk,Jackie,,Bain,,,,,,,,,,,,Law Director,Mike,,Minniear,,,,,,,,,,,,,,,,,,,,,,,,,,,,,,,,,,,,,Council Vice Chair,Sandy ,,Russell,12/31/2024,Yes,Council Member,Ted,,Haskins,7/16/1905,Yes,Council Member,Kyle,,Mitchell,12/31/2023,Yes,Council Member,Janet,,Cooper,12/31/2024,Yes,Council Member,Kim,,Chamberland,12/31/2024,Yes,Council Member,Benjamin,,Redman,12/31/2024,No,,,,,,,,,,,,,,,,,,,,,,,,,,,,,,,,,,,,,,,,,,,,,,,,,,,,,,,,,,,,,,,,,,,,,,,,,,,,,,,
2022-2023,Clinton,Wilmington,Statutory City,1828,11921,12520,12664,Clinton,Wilmington,Statutory,69 North South Street,,Wilmington,45177,,,,(937) 382-6509,www.wilmingtonoh.org,Mayor,John,,Stanforth,12/31/2023,,,,,,Administrator,Greg,,Muenchen,,Auditor,Mary Kay,,Vance,12/31/2023,,,,,,,,,,Clerk,Andrea,,Tacoronte,,Treasurer,Paul,,Fear,12/31/2025,,,,,,Law Director,Brett,,Rudduck,12/31/2023,,,,,,,,,,,,,,,,,,,,,,,,,,,,,,,Council President,Mark,,McKay,12/31/2023,Council Member Ward 1,Jonathan,,McKay,12/31/2023,Yes,Council Member Ward 2,Michael,,Snarr,12/31/2023,Yes,Council Member Ward 3,Bill,,Liermann,12/31/2023,Yes,Council Member At Large,Matthew,,Purkey,12/31/2023,Yes,Council Member At Large,Michael,,Allbright,12/31/2023,Yes,Council Member At Large,Clifford,,Eveland,12/31/2023,No,,,,,,,,,,,,,,,,,,,,,,,,,,,,,,,,,,,,,,,,,,,,,,,,,,,,,,,,,,,,,,,,,,,,,,,,,,,,,,,
2022-2023,Columbiana,Columbiana,Charter City,1856,5635,6384,6559,Columbiana,Columbiana,Charter,28 West Friend Street,,Columbiana,44408,,,,(330) 482-2173,columbianaohio.gov,Mayor,Rick,,Noel,12/31/2025,Manager,Lance ,,Willard,,,,,,,,,,,,Finance Director,Michael,,Harold,,,,,,,,,,,,,,,,,,,,,Law Director,Mark ,,Hutson,,,,,,,,,,,,,,,,,,,,,,,,,,,,,,,,Council President,Richard,,Liston,12/31/2023,Council Member,Richard,,McBane,12/23/2023,Yes,Council Member,Amanda,,Banner,12/31/2025,Yes,Council Member,Dan,,Bekar,12/31/2025,Yes,Council Member,Ted,,Souder,12/31/2025,Yes,Council Member,Dan,,Dattilio,12/31/2023,No,,,,,,,,,,,,,,,,,,,,,,,,,,,,,,,,,,,,,,,,,,,,,,,,,,,,,,,,,,,,,,,,,,,,,,,,,,,,,,,,,,,,,
2022-2023,Columbiana,East Liverpool,Statutory City,1833,13089,11195,9958,Columbiana,East Liverpool,Statutory,126 West 6th Street,,East Liverpool,43920,,,,(330) 385-3381,eastliverpool.com,Mayor,Gregory,,Bricker,12/31/2023,,,,,,,,,,,Auditor,Marilyn,,Bosco,12/31/2023,,,,,,,,,,,,,,,Treasurer,Deborah,,Fickes,12/31/2026,,,,,,Law Director,Charles,L.,Payne,12/31/2023,,,,,,,,,,,,,,,,,,,,,,,,,,,,,,,Council President,John,,Torma,12/31/2023,Council Member Ward 1,Tom,,Beagle,12/31/2023,Yes,Council Member Ward 2,Fred,,Rayl,12/31/2023,Yes,Council Member Ward 3,Jeffrey,,Kreefer,12/31/2022,Yes,Council Member Ward 4,Scott,,Barrett,12/31/2023,Yes,Council Member At Large,Brian,,Kerr,12/31/2023,Yes,Council Member At Large,John,,Mercer,12/31/2023,Yes,Council Member At Large,Robert,,Nizer,12/31/2023,No,,,,,,,,,,,,,,,,,,,,,,,,,,,,,,,,,,,,,,,,,,,,,,,,,,,,,,,,,,,,,,,,,,,,,,,,,
2022-2023,Columbiana,Salem,Statutory City,1806,12197,12303,11915,Columbiana,Salem,Statutory,231 South Broadway Avenue,,Salem,44460,,,,(330) 332-4241,www.cityofsalemohio.org,Mayor,John,C.,Berlin,12/31/2023,,,,,,,,,,,Auditor,Betty,,Brothers,12/31/2023,,,,,,,,,,,,,,,Treasurer,Tod,,Mumpire,12/31/2025,,,,,,Law Director,Brooke,,Zellers,12/31/2023,,,,,,,,,,,,,,,,,,,,,,,,,,,,,,,Council President,Tom,,Baker,12/31/2025,Council Member Ward 1,Steve,,Faber,12/31/2023,Yes,Council Member Ward 2,Ron,,Zellers,12/31/2023,Yes,Council Member Ward 3,Dennis,,Plegge,12/31/2023,Yes,Council Member Ward 4,Cyndi,,Dickey,12/31/2023,Yes,Council Member At Large,Andrew,,Null,12/31/2025,Yes,Council Member At Large,Jake,,Gano,12/31/2025,Yes,Council Member At Large,Sara,,Baronzzi,12/31/2025,No,,,,,,,,,,,,,,,,,,,,,,,,,,,,,,,,,,,,,,,,,,,,,,,,,,,,,,,,,,,,,,,,,,,,,,,,,
2022-2023,Coshocton,Coshocton,Statutory City,1833,11682,11216,11050,Coshocton,Coshocton,Statutory,760 Chestnut Street,,Coshocton,43812,,,,(740) 622-1673,cityofcoshocton.com,Mayor,Mark,,Mills,12/31/2023,,,,,,,,,,,Auditor,Sherry,,Kirkpatrick,12/31/2023,,,,,,,,,,,,,,,Treasurer,Denell,,Skelton,12/31/2024,,,,,,Law Director,Robert,,Skelton,12/31/2023,,,,,,,,,,,,,,,,,,,,,,,,,,,,,,,Council President,Thomas,,Hilgenberg,12/31/2023,Council Member Ward 1,P. Michael,,Gross,12/31/2023,Yes,Council Member Ward 2,Chad,,Johnson,12/31/2023,Yes,Council Member Ward 3,Roger,,Moore,12/31/2023,Yes,Council Member Ward 4,Kayley,,Andrews,12/31/2023,Yes,Council Member At Large,Michelle,,Turner,12/31/2023,Yes,Council Member At Large,Thomas,,Barcroft,12/31/2023,Yes,Council Member At Large,Glenn,,Mishler,12/31/2023,No,,,,,,,,,,,,,,,,,,,,,,,,,,,,,,,,,,,,,,,,,,,,,,,,,,,,,,,,,,,,,,,,,,,,,,,,,
2022-2023,Crawford,Bucyrus,Statutory City,1822,13224,12362,11684,Crawford,Bucyrus,Statutory,500 South Sandusky Avenue,,Bucyrus,44820,,,,(419) 562-6767,www.cityofbucyrusoh.us,Mayor,Jeff,,Reser,12/31/2023,,,,,,,,,,,Auditor,Joyce,,Schifer,12/31/2023,,,,,,,,,,,,,,,Treasurer,Angela ,,Miller,12/31/2023,,,,,,Law Director,Brian,,Gernert,12/31/2023,,,,,,,,,,,,,,,,,,,,,,,,,,,,,,,Council President,Jenny,,Vermillion,12/31/2023,Council Member At Large,Mark,,Makeever,12/31/2023,Yes,Council Member At Large,Kevin ,,Myers,12/31/2023,Yes,Council Member At Large,Daniel ,,Wirebaugh,12/31/2023,Yes,Council Member Ward 1,Brenton,,Potter,12/31/2023,Yes,Council Member Ward 2,C.,Aaron ,Sharrock,12/31/2023,Yes,Council Member Ward 3,Terry,,Spiegel,12/31/2023,Yes,Council Member Ward 4,Steven,,Young,12/31/2023,No,,,,,,,,,,,,,,,,,,,,,,,,,,,,,,,,,,,,,,,,,,,,,,,,,,,,,,,,,,,,,,,,,,,,,,,,,
2022-2023,Crawford,Galion,Statutory City,1842,11341,10512,10453,Crawford,Galion,Statutory,301 Harding Way East,,Galion,44833,PO Box 790,Galion,44833,(419) 468-1823,galion.city,Mayor,Tom,,O'Leary,12/31/2025,,,,,,,,,,,Auditor,Brian,C.,Saterfield,12/31/2025,,,,,,,,,,,,,,,Treasurer,Rodney,,Sparks,12/31/2023,,,,,,Law Director,Thomas,,Palmer,12/31/2025,,,,,,,,,,,,,,,,,,,,,,,,,,,,,,,Council President,Carl,W.,Watt,12/31/2023,Council Member,Ken,,Bodkins,12/31/2023,Yes,Council Member,"Richard ""Aaron""",,Ivy,12/31/2023,Yes,Council Member,Mike,,Richart,12/31/2023,Yes,Council Member,Carrie,,Zeger,12/31/2023,Yes,Council Member At Large,Thomas,G. ,Fellner,12/31/2023,Yes,Council Member At Large,Paula,,Durbin,12/31/2023,Yes,Council Member At Large,Kara,,Ault,12/31/2023,No,,,,,,,,,,,,,,,,,,,,,,,,,,,,,,,,,,,,,,,,,,,,,,,,,,,,,,,,,,,,,,,,,,,,,,,,,
2022-2023,Cuyahoga,Bay Village,Charter City,1950,16087,15651,16163,Cuyahoga,Bay Village,Charter,350 Dover Center Road,,Bay Village,44140,,,,(440) 899-3406,www.cityofbayvillage.com,Mayor,Paul,A.,Koomar,12/31/2025,,,,,,,,,,,,,,,,Finance Director,Renee,,Mahoney,,,,,,Clerk,Joan,Therese,Kemper,12/31/2025,,,,,,,,,,,Law Director,Mark,A.,Barbour,12/31/2025,,,,,,,,,,,,,,,,,,,,,,,,,,,,,,,Council President,Dwight,A.,Clark,12/31/2025,Council Member Ward 1,David,Lee,Tadych,12/31/2023,Yes,Council Member Ward 2,Lydia,,DeGeorge,12/31/2023,Yes,Council Member Ward 3,Michael,A.,Greco,12/31/2023,Yes,Council Member Ward 4,Peter,J.,Winzig,12/31/2023,Yes,Council Member At Large,Sara,Byrnes,Maier,12/31/2025,Yes,Council Member At Large,Thomas,,Kelly,12/31/2023,No,,,,,,,,,,,,,,,,,,,,,,,,,,,,,,,,,,,,,,,,,,,,,,,,,,,,,,,,,,,,,,,,,,,,,,,,,,,,,,,
2022-2023,Cuyahoga,Beachwood,Charter City,1915,12186,11953,14040,Cuyahoga,Beachwood,Charter,25325 Fairmount Boulevard,,Beachwood,44122,,,,(216) 292-1901,Beachwoodohio.com,Mayor,Justin,,Berns,12/31/2025,,,,,,,,,,,Auditor,Harvey,S.,Rose,,Finance Director,Larry,A.,Heiser,,,,,,Clerk,Whitney,R.,Crook,,,,,,,,,,,,Law Director,L,Stewart,Hastings,,,,,,,,,,,,,,,,,,,,,,,,,,,,,,,,Council President,Alec,D.,Isaacson,12/31/2025,Council Member,Eric,K.,Synenberg,12/31/2025,Yes,Council Member,Barbara,,Bellin Janovitz,12/31/2023,Yes,Council Member,Mike,,Burkons,12/31/2023,Yes,Council Member,June,E.,Taylor,12/31/2023,Yes,Council Member,Joshua,,Mintz,12/31/2025,Yes,Council Member,Danielle,J.,Shoykhet,12/31/2023,No,,,,,,,,,,,,,,,,,,,,,,,,,,,,,,,,,,,,,,,,,,,,,,,,,,,,,,,,,,,,,,,,,,,,,,,,,,,,,,,
2022-2023,Cuyahoga,Bedford,Charter City,1837,14214,13074,13149,Cuyahoga,Bedford,Charter,165 Center Road,,Bedford,44146,,,,(440) 232-1600,www.bedfordoh.gov,Mayor,Stanley ,C.,Koci,12/31/2025,Manager,Michael,S.,Mallis,,,,,,,,,,,,Finance Director,Frank,,Gambosi,,,,,,Clerk,Tracy,,Simons,,,,,,,,,,,,Law Director,John,,Montello,,,,,,,,,,,,,,,,,,,,,,,,,,,,,,,,Council President,Stanley,C.,Koci,12/31/2025,Council Member Ward 1,Sandy,,Spinks,12/31/2025,Yes,Council Member Ward 2,Walter ,,Genutis,12/31/2023,Yes,Council Member Ward 3,Victor,,Fluharty,12/31/2025,Yes,Council Member Ward 4,Paula,,Mizsak,12/31/2023,Yes,Council Member Ward 5,Jeff,,Asbury,12/31/2025,Yes,Council Member Ward 6,Donald,,Saunders,12/31/2023,No,,,,,,,,,,,,,,,,,,,,,,,,,,,,,,,,,,,,,,,,,,,,,,,,,,,,,,,,,,,,,,,,,,,,,,,,,,,,,,,
2022-2023,Cuyahoga,Bedford Heights,Charter City,1961,11375,10751,11020,Cuyahoga,Bedford Heights,Charter,5661 Perkins Road,,Bedford Heights,44146,,,,(440) 786-3214,www.bedfordheights.gov,Mayor,Fletcher,D.,Berger,12/31/2023,,,,,,,,,,,,,,,,Finance Director,Ted,,Gordon,,,,,,Clerk,Patricia,,Stahl,,,,,,,,,,,,Law Director,Ross,,Cirincione,,,,,,,,,,,,,,,,,,,,,,,,,,,,,,,,Council President Ward 1,Lloyd,,Anderson,12/31/2023,Council Member Ward 2,Harvey,L. ,Brown,12/31/2023,Yes,Council Member Ward 3,Michael,,Willis,12/31/2023,Yes,Council Member Ward 4,Kay,,Gary,12/31/2023,Yes,Council Member At Large,Alton ,A.,Tinker,12/31/2025,Yes,Council Member At Large,Kathie,,Kelso-Perez,12/31/2025,Yes,Council Member At Large,Phil,,Stevens,12/31/2025,No,,,,,,,,,,,,,,,,,,,,,,,,,,,,,,,,,,,,,,,,,,,,,,,,,,,,,,,,,,,,,,,,,,,,,,,,,,,,,,,
2022-2023,Cuyahoga,Berea,Charter City,1836,18970,19093,18545,Cuyahoga,Berea,Charter,11 Berea Commons,,Berea,44017,,,,(440) 826-5800,www.cityofberea.org,Mayor,Cyril,,Kleem,12/31/2023,,,,,,,,,,,,,,,,Finance Director,Andrea,,Morris,,,,,,,,,,,,,,,,,,,,,Law Director,Barb,,Jones,,,,,,,,,,,,,,,,,,,,,,,,,,,,,,,,Council President,Jim,,Maxwell,12/31/2023,Council Member At Large,Gene,,Zacharyasz,12/31/2023,Yes,Council Member At Large,Mary,,Brown,12/31/2023,Yes,Council Member Ward 1,Leon,,Dozier,12/31/2023,Yes,Council Member Ward 2,Chris,,McManis,12/31/2023,Yes,Council Member Ward 3,Lisa,,Weaver,12/31/2023,Yes,Council Member Ward 4,Erika,,Coble,12/31/2023,Yes,Council Member Ward 5,Rick,,Skoczen,12/31/2023,No,,,,,,,,,,,,,,,,,,,,,,,,,,,,,,,,,,,,,,,,,,,,,,,,,,,,,,,,,,,,,,,,,,,,,,,,,
2022-2023,Cuyahoga,Brecksville,Charter City,1960,13382,13656,13635,Cuyahoga,Brecksville,Charter,9069 Brecksville Road,,Brecksville,44141,,,,(440) 526-4351,brecksville.oh.us,Mayor,Jerry,N.,Hruby,1/1/2024,,,,,,,,,,,,,,,,Finance Director,Laura,,Starosta,,,,,,Clerk,Tammy,L.,Tabor,,,,,,,,,,,,Law Director,David ,,Matty,,,,,,,,,,,,,,,,,,,,,,,,,,,,,,,,Council President,Laura,,Redinger,1/1/2024,Council Vice Chair,Dominic,,Caruso,1/1/2024,Yes,Council Member At Large,Arthur (AJ),,Ganim,1/1/2026,Yes,Council Member,Brian,,Stucky,1/1/2026,Yes,Council Member At Large,Beth ,,Savage,1/1/2026,Yes,Council Member At Large,Ann,,Koepke,1/1/2024,Yes,Council Member At Large,Daryl,,Kingston,1/1/2024,No,,,,,,,,,,,,,,,,,,,,,,,,,,,,,,,,,,,,,,,,,,,,,,,,,,,,,,,,,,,,,,,,,,,,,,,,,,,,,,,
2022-2023,Cuyahoga,Broadview Heights,Charter City,1927,15967,19400,19936,Cuyahoga,Broadview Heights,Charter,9543 Broadview Road,,Broadview Heights,44147,,,,(440) 526-3865,www.broadview-heights.org,Mayor,Samuel,J.,Alai,12/4/2023,,,,,,,,,,,,,,,,Finance Director,David,,Pfaff,,,,,,Clerk,Helen,,Dunlap,,,,,,,,,,,,Law Director,Vince,,Ruffa,,,,,,,,,,,,,,,,,,,,,,,,,,,,,,,,Council President,Robert,,Boldt,12/4/2023,Council Member Ward 1,Tom,,Pavlica,12/4/2023,Yes,Council Member Ward 2,Brian,,Wolf,12/4/2023,Yes,Council Member Ward 3,George,,Stelmaschuk,12/4/2023,Yes,Council Member Ward 4,Robert,,Boldt,12/4/2023,Yes,Council Member At Large,Jennifer,,Mahnic,12/4/2023,Yes,Council Member At Large,Glenn,,Goodwin,12/4/2023,Yes,Council Member At Large,Joe,,Price,12/4/2023,No,,,,,,,,,,,,,,,,,,,,,,,,,,,,,,,,,,,,,,,,,,,,,,,,,,,,,,,,,,,,,,,,,,,,,,,,,
2022-2023,Cuyahoga,Brook Park,Charter City,1960,21218,19212,18595,Cuyahoga,Brook Park,Charter,6161 Engle Road,,Brook Park,44142,,,,(216) 433-1300,cityofbrookpark.com,Mayor,Edward,A.,Orcutt,12/31/2025,,,,,,,,,,,,,,,,Finance Director,Gregory,M.,Cingle,12/31/2025,,,,,,,,,,,,,,,,,,,,Law Director,Carol,D.,Horvath,12/31/2023,,,,,,,,,,,,,,,,,,,,,,,,,,,,,,,Council President,Michael,L.,Vecchio,12/31/2024,Council Member Ward 1,Tomas,,Troyer,12/31/2025,Yes,Council Member Ward 2,James,,Mencxini,12/31/2025,Yes,Council Member Ward 3,Steven,,Roberts,12/31/2025,Yes,Council Member Ward 4,Richard,D.,Scott,12/31/2025,Yes,Council Member At Large,Nora,,Coyne,12/31/2025,Yes,Council Member At Large,Brian,K.,Poindexter,12/31/2025,Yes,Council Member At Large,Richard,,Salvator,12/31/2025,No,,,,,,,,,,,,,,,,,,,,,,,,,,,,,,,,,,,,,,,,,,,,,,,,,,,,,,,,,,,,,,,,,,,,,,,,,
2022-2023,Cuyahoga,Brooklyn,Charter City,1951,11586,11169,11359,Cuyahoga,Brooklyn,Charter,7619 Memphis Avenue,,Brooklyn,44144,,,,(216) 635-4204,www.brooklynohio.gov,Mayor,Katherine ,,Gallagher,12/31/2023,,,,,,,,,,,,,,,,,,,,,,,,,,,,,,,,,,,,,,,,,,,,,,,,,,,,,,,,,,,,,,,,,,,,,,,,,,,Council President,Ron,,Van Kirk,12/31/2023,Council Member,Kathleen,,Pucci,12/31/2025,Yes,Council Member,Kevin,,Tanski,12/31/2025,Yes,Council Member,Andy,,Celcherts,12/31/2025,Yes,Council Member,Aaron,,Borowski,12/31/2025,Yes,Council Member,Sue,,Grodek,12/31/2023,Yes,Council Vice Chair,Meg,Ryan,Shockey,12/31/2023,No,,,,,,,,,,,,,,,,,,,,,,,,,,,,,,,,,,,,,,,,,,,,,,,,,,,,,,,,,,,,,,,,,,,,,,,,,,,,,,,
2022-2023,Cuyahoga,Cleveland,Charter City,1836,478403,396815,372624,Cuyahoga,Cleveland,Charter,601 Lakeside Avenue,,Cleveland,44114,,,,(216) 664-2000,https://www.clevelandohio.gov,Mayor,Justin,Morris,Bibb,1/5/2026,,,,,,,,,,,,,,,,Finance Director,Ahmed,A.,Abonamah,,Fiscal Officer,Ahmed,A.,Abonamah,,,,,,Treasurer,James,Trevor,Hartley,,,,,,,Law Director,Mark,Davies,Griffin,,,,,,,,,,,,,,,,,,,,,,,,,,,,,,,,Council President,Blaine,,Griffin,12/31/2026,Council Member Ward 1,Joseph,T.,Jones,12/31/2026,Yes,Council Member Ward 2,Kevin,L.,Bishop,12/31/2026,Yes,Council Member Ward 3,Kerry,,McCormack,12/31/2026,Yes,Council Member Ward 4,Deborah,A.,Gray,12/31/2026,Yes,Council Member Ward 5,Richard,A.,Starr,12/31/2026,Yes,Council Member Ward 6,Blaine,A.,Griffin,12/31/2026,Yes,Council Member Ward 7,Stephanie,D.,Howse,12/31/2026,Yes,Council Member Ward 8,Michael,D.,Polensek,12/31/2026,Yes,Council Member Ward 9,Kevin,,Conwell,12/31/2026,Yes,Council Member Ward 10,Anthony,T.,Hairston,12/31/2026,Yes,Council Member Ward 11,Brian,,Mooney,12/31/2026,Yes,Council Member Ward 12,Rebecca,,Maurer,12/31/2026,Yes,Council Member Ward 13,Kris,,Harsh,12/31/2026,Yes,Council Member Ward 14,Jasmin,,Santana,12/31/2026,Yes,Council Member Ward 15,Jenny,,Spencer,12/31/2026,Yes,Council Member Ward 16,Brian,,Kazy,12/31/2026,Yes,Council Member Ward 17,Charles,,Slife,12/31/2026,No,,,,,,,,,,,,,
2022-2023,Cuyahoga,Cleveland Heights,Charter City,1921,49958,46121,45312,Cuyahoga,Cleveland Heights,Charter,40 Severance Circle,,Cleveland Heights,44118,,,,(216) 291-4444,https://www.clevelandheights.com/,Mayor,Kahlil,,Seren,,,,,,,,,,,,,,,,,Finance Director,Amy,,Himmelein,,,,,,,,,,,,,,,,,,,,,Law Director,William,,Hanna,,,,,,,,,,,,,,,,,,,,,,,,,,,,,,,,Council President,Melody,,Hart,12/31/2023,Council Vice Chair,Craig,,Cobb,12/31/2025,Yes,Council Member,Tony,,Cuda,12/31/2025,Yes,Council Member,Anthony,,Mattox,12/31/2025,Yes,Council Member,Josephine,,Moore,12/31/2023,Yes,Council Member,Davida,,Russell,12/31/2025,Yes,Council Member,Gail,,Larson,12/31/2022,No,,,,,,,,,,,,,,,,,,,,,,,,,,,,,,,,,,,,,,,,,,,,,,,,,,,,,,,,,,,,,,,,,,,,,,,,,,,,,,,
2022-2023,Cuyahoga,East Cleveland,Charter City,1911,27217,17843,13792,Cuyahoga,East Cleveland,Charter,14340 Euclid Avenue,,East Cleveland,44112,,,,(216) 681-5020,www.eastcleveland.org,Mayor,Brandon,L.,King,12/31/2025,,,,,,Administrator,Michael,,Smedley,,,,,,,Finance Director,Charles,,Iyahen,,,,,,,,,,,,,,,,,,,,,Law Director,Willa ,,Hemmons,,,,,,,,,,,,,,,,,,,,,,,,,,,,,,,,Council President,Nathaniel,,Martin,12/31/2025,Council Member At Large,Patricia,,Blochowiak,12/31/2025,Yes,Council Member,Ernest,,Smith,12/31/2025,Yes,Council Member,Juanita,,Gowdy,12/31/2023,Yes,Council Member,Korean,,Stevenson,12/31/2023,No,,,,,,,,,,,,,,,,,,,,,,,,,,,,,,,,,,,,,,,,,,,,,,,,,,,,,,,,,,,,,,,,,,,,,,,,,,,,,,,,,,,,,,,,,,,
2022-2023,Cuyahoga,Euclid,Charter City,1931,52717,48920,49692,Cuyahoga,Euclid,Charter,585 East 222nd Street,,Euclid,44123,,,,(216) 289-2746,www.cityofeuclid.com,Mayor,Kirsten,,Holzheimer Gail,12/31/2023,,,,,,,,,,,,,,,,Finance Director,James,,Smith,,,,,,,,,,,,,,,,,,,,,Law Director,Kelley,A.,Sweeney,,,,,,,,,,,,,,,,,,,,,,,,,,,,,,,,Council President,Charlene,,Mancuso,12/31/2025,Council Member Ward 1,Stephana,,Caviness,12/31/2023,Yes,Council Member Ward 3,Marcus,,Epps,12/31/2023,Yes,Council Member Ward 5,Christine,,McIntosh,12/31/2023,Yes,Council Member Ward 7,Maria,,Jukic,12/31/2023,Yes,Council Member Ward 2,Richard,,Tolton,12/31/2025,Yes,Council Member Ward 4,Kristian,,Jarosz,12/31/2025,Yes,Council Member Ward 6,John,,Wojtila,12/31/2025,Yes,Council Member Ward 8,Angela,,Steele,12/31/2025,No,,,,,,,,,,,,,,,,,,,,,,,,,,,,,,,,,,,,,,,,,,,,,,,,,,,,,,,,,,,,,,,,,,,
2022-2023,Cuyahoga,Fairview Park,Charter City,1910,17572,16826,17291,Cuyahoga,Fairview Park,Charter,20777 Lorain Road,,Fairview Park,44126,,,,(440) 356-4414,fairviewpark.org,Mayor,Patrick ,J. ,Cooney,12/31/2023,,,,,,,,,,,,,,,,Finance Director,Greg,,Cingle,,,,,,Clerk,Liz,,Westbrooks,12/31/2023,,,,,,,,,,,Law Director,Tim,,Riley,,,,,,,,,,,,,,,,,,,,,,,,,,,,,,,,Council President,Michael,P. ,Kilbane,12/31/2023,Council Member Ward 1,Bryan,,Simmerly,12/31/2023,Yes,Council Member Ward 2,William (Bill) ,F.,Minek,12/31/2023,Yes,Council Member Ward 3,Daniel,,Jicha,12/31/2023,Yes,Council Member Ward 4,Sarah,,Wering,12/31/2023,Yes,Council Member Ward 5,Bridget,,King,12/31/2023,Yes,Council Member At Large,Greg,,Burger,12/31/2023,No,,,,,,,,,,,,,,,,,,,,,,,,,,,,,,,,,,,,,,,,,,,,,,,,,,,,,,,,,,,,,,,,,,,,,,,,,,,,,,,
2022-2023,Cuyahoga,Garfield Heights,Charter City,1932,30734,28849,29781,Cuyahoga,Garfield Heights,Charter,5407 Turney Road,,Garfield Heights,44125,,,,(216) 475-1100,www.garfieldhts.org,Mayor,Matthew ,A.,Burke,12/31/2025,,,,,,,,,,,,,,,,Finance Director,Barbara,,Biro,,Fiscal Officer,Barbara,,Biro,Clerk,Lottie,,Overby,,,,,,,,,,,,Law Director,Timothy,P.,Riley,,,,,,,,,,,,,,,,,,,,,,,,,,,,,,,,Council President Ward 7,Thomas,,Vaughn,11/10/2023,Council Member Ward 1,Stacey,,Collier,11/10/2023,Yes,Council Member Ward 2,Charles,,"Donahue, Jr.",11/10/2023,Yes,Council Member Ward 3,Jason,D.,Seither,11/10/2023,Yes,Council Member Ward 4,Avery,M. ,Johnson,11/10/2023,Yes,Council Member Ward 5,Jason,X.,Blake,11/10/2023,Yes,Council Member Ward 6,Clifford,,"Kelley, Jr.",11/10/2023,No,,,,,,,,,,,,,,,,,,,,,,,,,,,,,,,,,,,,,,,,,,,,,,,,,,,,,,,,,,,,,,,,,,,,,,,,,,,,,,,
2022-2023,Cuyahoga,Highland Heights,Charter City,1921,8082,8345,8719,Cuyahoga,Highland Heights,Charter,5827 Highland Road,,Highland Heights,44143,,,,(440) 461-2440,www.highlandhts.com,Mayor,Chuck,,"Brunello, Jr.",12/31/2023,,,,,,,,,,,,,,,,Finance Director,Joseph,,Filippo,,,,,,Clerk,Regina,,Cahill,12/31/2022,,,,,,,,,,,Law Director,Timothy,,Paluf,6/1/2022,,,,,,,,,,,,,,,,,,,,,,,,,,,,,,,Council President,Ann,M.,D'Amico,12/31/2025,Council Member Ward 1,Carol,,Ganser,12/31/2023,Yes,Council Member Ward 2,Frank,,DiLalla,12/31/2023,Yes,Council Member Ward 3,Anthony,,DeLisio,12/31/2023,Yes,Council Member Ward 4,Robert,E.,Goff,12/31/2023,Yes,Council Member At Large,Edwin,V.,Hargate,12/31/2025,Yes,Council Member At Large,Sean,,Milroy,12/31/2025,No,,,,,,,,,,,,,,,,,,,,,,,,,,,,,,,,,,,,,,,,,,,,,,,,,,,,,,,,,,,,,,,,,,,,,,,,,,,,,,,
2022-2023,Cuyahoga,Independence,Charter City,1960,7109,7133,7584,Cuyahoga,Independence,Charter,6800 Brecksville Road,,Independence,44131,,,,(216) 524-4131,www.independenceohio.org,Mayor,Gregory,P. ,Kurtz,12/31/2023,,,,,,,,,,,,,,,,Finance Director,Vern,A.,Blaze,,,,,,,,,,,,,,,,,,,,,Law Director,Gregory,J.,O'Brien,12/31/2023,,,,,,,,,,,,,,,,,,,,,,,,,,,,,,,Council President,David,,Grendel,12/31/2023,Council Member At Large,John,,DiGeronimo,12/31/2023,Yes,Council Member At Large,Tom,,Narduzzi,12/31/2023,Yes,Council Member At Large,Anthony,,Togliatti,12/31/2023,Yes,Council Member At Large,James,P.,Trakas,12/31/2023,Yes,Council Member At Large,Dale,,Veverka,12/31/2023,No,,,,,,,,,,,,,,,,,,,,,,,,,,,,,,,,,,,,,,,,,,,,,,,,,,,,,,,,,,,,,,,,,,,,,,,,,,,,,,,,,,,,,
2022-2023,Cuyahoga,Lakewood,Charter City,1911,56646,52131,50942,Cuyahoga,Lakewood,Charter,12650 Detroit Avenue,,Lakewood,44107,,,,(216) 521-7580,https://www.lakewoodoh.gov/,Mayor,Meghan,F.,George,12/31/2023,,,,,,,,,,,,,,,,Finance Director,Peter,M.,Rancatore,,,,,,,,,,,,,,,,,,,,,Law Director,Brian,T.,Corrigan,,,,,,,,,,,,,,,,,,,,,,,,,,,,,,,,Council President,Daniel,,O'Malley,12/31/2023,Council Member Ward 2,Jason,,Shachner,12/31/2023,Yes,Council Member Ward 3,John,,Litten,12/31/2023,Yes,Council Member At Large,Thomas,,Bullock,12/31/2025,Yes,Council Member At Large,Sarah,,Kepple,12/31/2025,Yes,Council Member At Large,Tristan,,Rader,12/31/2025,No,,,,,,,,,,,,,,,,,,,,,,,,,,,,,,,,,,,,,,,,,,,,,,,,,,,,,,,,,,,,,,,,,,,,,,,,,,,,,,,,,,,,,
2022-2023,Cuyahoga,Lyndhurst,Charter City,1951,15279,14001,14050,Cuyahoga,Lyndhurst,Charter,5301 Mayfield Road,,Lyndhurst,44124,,,,(440) 449-3747,https://www.lyndhurstohio.gov/,Mayor,Patrick,A.,Ward,12/31/2023,,,,,,,,,,,,,,,,Finance Director,Mary,A.,Kovalchik,,,,,,,,,,,,,,,,,,,,,Law Director,John,P.,Luskin,,,,,,,,,,,,,,,,,,,,,,,,,,,,,,,,Council Chair,Lane,A.,Schlessel,12/31/2022,Council Member Ward 1,David ,A,Frey,12/31/2025,Yes,Council Member Ward 2,Joseph,A.,Gambatese,12/31/2025,Yes,Council Member Ward 3,Lane,A.,Schlessel,12/31/2025,Yes,Council Member Ward 4,Stephen,C.,Grushetsky,12/31/2025,Yes,Council Member At Large,Jeff,,Price,12/31/2023,Yes,Council Member At Large,Joseph,A.,Marko,12/31/2023,Yes,Council Member At Large,Charles,A.,LoPresti,12/31/2023,No,,,,,,,,,,,,,,,,,,,,,,,,,,,,,,,,,,,,,,,,,,,,,,,,,,,,,,,,,,,,,,,,,,,,,,,,,
2022-2023,Cuyahoga,Maple Heights,Charter City,1932,26156,23138,23701,Cuyahoga,Maple Heights,Charter,5353 Lee Road,,Maple Heights,44137,,,,(216) 587-9020,https://citymapleheights.com/,Mayor,Annette,,Blackwell,12/31/2023,,,,,,,,,,,,,,,,Finance Director,Tinita,,Tillman,,,,,,Clerk,Leonette,,Cicirella,,,,,,,,,,,,Law Director,Frank,,Consolo,,,,,,,,,,,,,,,,,,,,,,,,,,,,,,,,Council President,Ron,,Jackson,12/31/2025,Council Member Ward 1,Stafford,,Shenett,12/31/2025,Yes,Council Member Ward 2,Toni,,Jones,12/31/2023,Yes,Council Member Ward 3,Timothy,,Tatum,12/31/2025,Yes,Council Member Ward 4,Dana,,Anderson,12/31/2023,Yes,Council Member Ward 5,Tanglyn,,Madden,12/31/2025,Yes,Council Member Ward 6,Richard,,Trojanski,12/31/2023,Yes,Council Member Ward 7,Edwina,,Agee,12/31/2025,No,,,,,,,,,,,,,,,,,,,,,,,,,,,,,,,,,,,,,,,,,,,,,,,,,,,,,,,,,,,,,,,,,,,,,,,,,
2022-2023,Cuyahoga,Mayfield Heights,Charter City,1951,19386,19155,20351,Cuyahoga,Mayfield Heights,Charter,6154 Mayfield Road,,Mayfield Heights,44124,,,,(440) 442-2626,www.mayfieldheights.org,Mayor,Anthony,,DiCicco,12/31/2025,,,,,,,,,,,,,,,,Finance Director,Karen,,Fegan,,,,,,Clerk,Karen,,Fegan,,,,,,,,,,,,Law Director,Paul ,,Murphy,,,,,,,,,,,,,,,,,,,,,,,,,,,,,,,,Council President,Diane,,Snider,12/31/2024,Council Member,Michael,,Ballistrea,12/31/2024,Yes,Council Member,Robert,,DeJohn,12/31/2024,Yes,Council Member,Donald ,,Manno,12/31/2024,Yes,Council Member,Nino,,Monaco,12/31/2023,Yes,Council Member,Susan,,Sabetta,12/31/2024,Yes,Council Member,Gayle,,Teresi,12/31/2023,No,,,,,,,,,,,,,,,,,,,,,,,,,,,,,,,,,,,,,,,,,,,,,,,,,,,,,,,,,,,,,,,,,,,,,,,,,,,,,,,
2022-2023,Cuyahoga,Middleburg Heights,Charter City,1961,15542,15946,16004,Cuyahoga,Middleburg Heights,Charter City,15700 Bagley Road,,Middleburg Heights,44130,,,,(440) 234-8811,middleburgheights.com,Mayor,Matthew ,,Castelli,12/31/2025,Manager,Bob,,Downey,,,,,,,,,,,,Finance Director,Jason,,Stewart,,,,,,,,,,,,,,,,,,,,,Law Director,Santo,,Incorvaia,,,,,,,,,,,,,,,,,,,,,,,,,,,,,,,,Council President,Dave,,Bortolotto,12/31/2023,Council Member,Bill,,Meany,12/31/2023,Yes,Council Member,Matt,,McGregor,12/31/2023,Yes,Council Member,Michael,,Ference,12/31/2023,Yes,Council Member,John,,Grech,12/31/2023,Yes,Council Member At Large,Tim,,Ali,12/31/2023,Yes,Council Member At Large,Dan,,Sage,12/31/2023,No,,,,,,,,,,,,,,,,,,,,,,,,,,,,,,,,,,,,,,,,,,,,,,,,,,,,,,,,,,,,,,,,,,,,,,,,,,,,,,,
2022-2023,Cuyahoga,North Olmsted,Charter City,1815,34113,32718,32442,Cuyahoga,North Olmsted,Charter City,5200 Dover Center Road,,North Olmsted,44070,,,,(440) 777-8000,www.north-olmsted.com,Mayor,Nicole,Dailey,Jones,12/31/2025,,,,,,,,,,,,,,,,Finance Director,Carrie,,Copfer,12/31/2025,,,,,,,,,,,,,,,,,,,,Law Director,Michael,,Gareau,12/31/2025,,,,,,,,,,,,,,,,,,,,,,,,,,,,,,,Council President,Louis,,Brossard,12/31/2025,Council Member Ward 1,Chris,,Scarl,12/31/2025,Yes,Council Member Ward 2,Chris,,Glassburn,12/31/2025,Yes,Council Member Ward 3,Mary,,Glichrist,12/31/2025,Yes,Council Member Ward 4,Mary Ellen,,Hemann,12/31/2025,Yes,Council Member At Large,Duane,,Limpert,12/31/2023,Yes,Council Member At Large,Angela,,Williamson,12/31/2023,Yes,Council Member At Large,Patrick,,Kelly,12/31/2023,No,,,,,,,,,,,,,,,,,,,,,,,,,,,,,,,,,,,,,,,,,,,,,,,,,,,,,,,,,,,,,,,,,,,,,,,,,
2022-2023,Cuyahoga,North Royalton,Charter City,1927,28648,30444,31322,Cuyahoga,North Royalton,Charter,14600 State Road,,North Royalton,44133,,,,(440) 237-5686,www.northroyalton.org,Mayor,Larry,,Antoskiewicz,12/31/2023,,,,,,,,,,,,,,,,Finance Director,Jenny,,Esarey,,,,,,Clerk,Dana,,Schroeder,,,,,,,,,,,,Law Director,Thomas,,Kelly,,,,,,,,,,,,,,,,,,,,,,,,,,,,,,,,Council President,Paul,,Marnecheck,12/31/2023,Council Member Ward 1,John,,Nickell,12/31/2023,Yes,Council Member Ward 2,Linda,,Barath,12/31/2023,Yes,Council Member Ward 4,Jeremy,,Dietrich,12/31/2023,Yes,Council Member Ward 5,Dawn,,Carbone-McDonald,12/31/2023,Yes,Council Member Ward 6,Michael,,Wos,12/31/2023,No,,,,,,,,,,,,,,,,,,,,,,,,,,,,,,,,,,,,,,,,,,,,,,,,,,,,,,,,,,,,,,,,,,,,,,,,,,,,,,,,,,,,,
2022-2023,Cuyahoga,Olmsted Falls,Charter City,1814,7962,9024,8582,Cuyahoga,Olmsted Falls,Charter,26100 Bagley Road,,Olmsted Falls,44138,,,,(440) 235-5550,olmstedfalls.org,Mayor,James,,Graven,12/31/2025,,,,,,,,,,,,,,,,Finance Director,Cory,,Swaisgood,12/31/2025,,,,,,,,,,,,,,,,,,,,Law Director,Andrew,,Bemer,12/31/2025,,,,,,,,,,,,,,,,,,,,,,,,,,,,,,,Council President,Cornel,,Munteanu,12/31/2023,Council Member Ward 1,Jay,,McFadden,12/31/2023,Yes,Council Member Ward 2,Sean,,Wolanin,12/31/2023,Yes,Council Member Ward 3,Yvonne,,Buchholz,12/31/2023,Yes,Council Member Ward 4,Scott,,Saari,12/31/2023,Yes,Council Member,Brian,,Chitester,12/31/2023,Yes,Council Member At Large,Lori,,Jones,12/1/2023,No,,,,,,,,,,,,,,,,,,,,,,,,,,,,,,,,,,,,,,,,,,,,,,,,,,,,,,,,,,,,,,,,,,,,,,,,,,,,,,,
2022-2023,Cuyahoga,Parma,Statutory City,1932,85655,81601,81146,Cuyahoga,Parma,Statutory,6611 Ridge Road,,Parma,44129,,,,,,Mayor,Timothy,,DeGeeter,12/31/2023,,,,,,,,,,,Auditor,Brian,,Day,12/31/2023,,,,,,,,,,,,,,,Treasurer,Thomas,,Mastroianni,12/31/2025,,,,,,Law Director,Timothy,,Dobeck,12/31/2023,,,,,,,,,,,,,,,,,,,,,,,,,,,,,,,Council President,Sean,,Brennan,12/31/2023,Council Member Ward 1,Vito,,Dipierro,12/31/2023,Yes,Council Member Ward 2,Deborah,,Lime,12/31/2023,Yes,Council Member Ward 3,Mark,,Casselberry,12/31/2023,Yes,Council Member Ward 4,Kristin,,Saban,12/31/2023,Yes,Council Member Ward 5,Allan,,Divis,12/31/2023,Yes,Council Member Ward 6,Kevin,,Kussmaul,12/31/2023,Yes,Council Member Ward 7,Kammy,,Shuman,12/31/2023,Yes,Council Member Ward 8,Linda,,Kohar,12/31/2023,Yes,Council Member Ward 9,Rob,,Euerle,12/31/2023,No,,,,,,,,,,,,,,,,,,,,,,,,,,,,,,,,,,,,,,,,,,,,,,,,,,,,,,,,,,,,,
2022-2023,Cuyahoga,Parma Heights,Charter City,1956,21659,20718,20863,Cuyahoga,Parma Heights,Charter,6281 Pearl Road,,Parma Heights,44130,,,,(440) 884-9600,parmaheightsoh.gov,Mayor,Marie,,Gallo,12/31/2025,,,,,,,,,,,,,,,,Finance Director,Katie,,Iaconis,,,,,,,,,,,,,,,,,,,,,Law Director,Mark,,Schneider,,,,,,,,,,,,,,,,,,,,,,,,,,,,,,,,Council President Ward 3,Thomas,,Rounds,12/31/2025,Council Member At Large,Sue,,Durichko,12/31/2023,Yes,Council Member Ward 1,Lisa,,Maruschak,12/31/2025,Yes,Council Member Ward 2,Lesley,,DeSouza,12/31/2025,Yes,Council Member Ward 4,Rick,,Haase,12/31/2025,Yes,Council Member At Large,Kathy,,Walsh,12/31/2023,Yes,Council Member At Large,Anthony,,Stavole,12/31/2023,No,,,,,,,,,,,,,,,,,,,,,,,,,,,,,,,,,,,,,,,,,,,,,,,,,,,,,,,,,,,,,,,,,,,,,,,,,,,,,,,
2022-2023,Cuyahoga,Pepper Pike,Charter City,1924,6040,5979,6796,Cuyahoga,Pepper Pike,Charter,28000 Shaker Boulevard,,Pepper Pike,44124,,,,(216) 896-6128,www.pepperpike.org,Mayor,Richard,,Bain,12/31/2023,,,,,,,,,,,,,,,,Finance Director,Joseph,,Brodzinski,,,,,,Clerk,Sheila,,Brett-O'Connor,,,,,,,,,,,,Law Director,Stephen,,Byron,,,,,,,,,,,,,,,,,,,,,,,,,,,,,,,,,,,,,Council Member,Manohar,,Daga,12/31/2023,Yes,Council Member,Anthony ,,Gentile,12/31/2023,Yes,Council Member,Cathy,,Hwang,12/31/2025,Yes,Council Member,James,,LeMay,12/31/2023,Yes,Council Member,Scott,,Newell,12/31/2025,Yes,Council Member,Melanie,,Weltman,12/31/2025,Yes,Council Member,Emmy,,Zatroch,12/31/2025,No,,,,,,,,,,,,,,,,,,,,,,,,,,,,,,,,,,,,,,,,,,,,,,,,,,,,,,,,,,,,,,,,,,,,,,,,,
2022-2023,Cuyahoga,Richmond Heights,Charter City,1917,10944,10546,10801,Cuyahoga,Richmond Heights,Charter,26789 Highland Road,,Richmond Heights,44143,,,,(216) 486-2474,RichmondHeightsOhio.org,Mayor,Kim,,Thomas,12/31/2025,,,,,,,,,,,,,,,,,,,,,,,,,Clerk,Betsy,,Traben,,,,,,,,,,,,Law Director,R. Todd,,Hunt,,,,,,,,,,,,,,,,,,,,,,,,,,,,,,,,Council President,Bobby,,Jordan,12/31/2025,Council Member Ward 1,Erron,,Bell,12/31/2023,Yes,Council Member Ward 2,Frank,,Lentine,12/31/2023,Yes,Council Member Ward 3,Cassandra,,Nelson,12/31/2023,Yes,Council Member Ward 4,Mark,,Alexander,12/31/2023,Yes,Council Member At Large,Dan,,Ursu,12/31/2025,Yes,Council Member At Large,Juanita,,Lewis,12/31/2025,No,,,,,,,,,,,,,,,,,,,,,,,,,,,,,,,,,,,,,,,,,,,,,,,,,,,,,,,,,,,,,,,,,,,,,,,,,,,,,,,
2022-2023,Cuyahoga,Rocky River,Charter City,1930,20735,20213,21755,Cuyahoga,Rocky River,Charter,21012 Hilliard Boulevard,,Rocky River,44116,,,,(440) 331-0600,www.rrcity.com,Mayor,Pamela,E.,Bobst,12/31/2023,,,,,,,,,,,,,,,,Finance Director,Michael,A.,Thomas,,,,,,,,,,,,,,,,,,,,,Law Director,Michael,J.,O'Shea,12/31/2023,,,,,,,,,,,,,,,,,,,,,,,,,,,,,,,Council President,James,W.,Moran,12/31/2023,Council Member Ward 1,Thomas,J. ,Hunt,12/31/2023,Yes,Council Member Ward 2,James,W.,Moran,12/31/2023,Yes,Council Member Ward 3,Jeanne,P.,Gallagher,12/31/2023,Yes,Council Member Ward 4,John,B.,Shepherd,12/31/2023,Yes,Council Member At Large,David,W.,Furry,12/31/2023,Yes,Council Member At Large,Brian,J.,Sindelar,12/31/2023,Yes,Council Member At Large,Christina,,Morris,12/31/2023,No,,,,,,,,,,,,,,,,,,,,,,,,,,,,,,,,,,,,,,,,,,,,,,,,,,,,,,,,,,,,,,,,,,,,,,,,,
2022-2023,Cuyahoga,Seven Hills,Charter City,1928,12080,11804,11720,Cuyahoga,Seven Hills,Charter,7325 Summitview Drive,,Seven Hills,44131,,,,(216) 525-6248,www.sevenhillsohio.org,Mayor,Anthony,D.,Biasiotta,12/9/2023,,,,,,,,,,,,,,,,Finance Director,Richard,,Petrunyak,,,,,,,,,,,,,,,,,,,,,Law Director,Richard,A.,Pignatiello,12/9/2023,,,,,,,,,,,,,,,,,,,,,,,,,,,,,,,Council President Ward 1,Philip,,Kiriazis,12/9/2023,Council Member Ward 2,Norman,,Martin,12/9/2023,Yes,Council Member Ward 3,Thomas,J.,Snitzky,12/9/2023,Yes,Council Member Ward 4,Richard,A.,Dell' Aquilla,12/9/2023,Yes,Council Member At Large,Patrick,,Elliott,12/9/2023,Yes,Council Member,Stacey,L. ,Kelly,12/9/2023,Yes,Council Member At Large,John,R.,Kulju,12/9/2023,No,,,,,,,,,,,,,,,,,,,,,,,,,,,,,,,,,,,,,,,,,,,,,,,,,,,,,,,,,,,,,,,,,,,,,,,,,,,,,,,
2022-2023,Cuyahoga,Shaker Heights,Charter City,1928,29405,28448,29439,Cuyahoga,Shaker Heights,Charter,3400 Lee Road,,Shaker Heights,44120,,,,(216) 491-1400,www.shakeronline.com,Mayor,David,,Weiss,12/31/2023,,,,,,Administrator,Jeri,,Chaikin,,,,,,,Finance Director,John,,Potts,,,,,,Clerk,Jeri,,Chaikin,,,,,,,,,,,,Law Director,William,,Gruber,,,,,,,,,,,,,,,,,,,,,,,,,,,,,,,,Council President,David,,Weiss,12/31/2023,Council Member At Large,Ifeolu,,Claytor,12/31/2025,Yes,Council Member At Large,Tres,,Roeder,12/31/2025,Yes,Council Member At Large,Earl,,Williams,12/31/2023,Yes,Council Member At Large,Anne,,Williams,12/31/2025,Yes,Council Member At Large,Carmella,,Williams,12/31/2023,Yes,Council Member At Large,Nancy,,Moore,12/31/2023,Yes,Council Member At Large,Sean,,Malone,12/31/2023,No,,,,,,,,,,,,,,,,,,,,,,,,,,,,,,,,,,,,,,,,,,,,,,,,,,,,,,,,,,,,,,,,,,,,,,,,,
2022-2023,Cuyahoga,Solon,Charter City,1820,21802,23348,24262,Cuyahoga,Solon,Charter,34200 Bainbridge Road,,Solon,44139,,,,(440) 248-1155,solonohio.org,Mayor,Edward,,Kraus,11/30/2025,,,,,,,,,,,,,,,,Finance Director,Matthew,,Rubino,,,,,,Clerk,Donna,,Letourneau,,,,,,,,,,,,Law Director,Thomas,,Lobe,,,,,,,,,,,,,,,,,,,,,,,,,,,,,,,,Council President,Nancy,,Meany,11/30/2023,Council Member,Macke,,Bentley,11/30/2023,Yes,Council Member,Robert,,Pelunis,11/30/2025,Yes,Council Member,Jeremy,,Zelwin,11/30/2023,Yes,Council Member,Michael,,Kan,11/30/2025,Yes,Council Member,Bob,,Shimits,11/30/2025,Yes,Council Member,William,,Russo,11/30/2023,No,,,,,,,,,,,,,,,,,,,,,,,,,,,,,,,,,,,,,,,,,,,,,,,,,,,,,,,,,,,,,,,,,,,,,,,,,,,,,,,
2022-2023,Cuyahoga,South Euclid,Charter City,1941,23537,22295,21883,Cuyahoga,South Euclid,Charter,1349 South Green Road,,South Euclid,44121,,,,(216) 691-4221,cityofsoutheuclid.com,Mayor,Georgine,,Welo,12/31/2023,,,,,,,,,,,,,,,,Finance Director,Brenda,,Wendt,,,,,,Clerk,Keith,,Benjamin,,,,,,,,,,,,Law Director,Michael,,Lograsso,,,,,,,,,,,,,,,,,,,,,,,,,,,,,,,,Council President,Ruth,,Gray,12/31/2023,Council Member Ward 1,Ruth,,Gray,12/31/2025,Yes,Council Member Ward 2,Joseph,,Frank,12/31/2025,Yes,Council Member Ward 3,Sara,,Continenza,12/31/2025,Yes,Council Member Ward 4,John,,Fahsbender,12/31/2023,Yes,Council Member At Large,Susan,,Hardy,12/31/2023,Yes,Council Member At Large,Chanell,,Elston,12/31/2023,Yes,Council Member At Large,Justin,,Tisdale,12/31/2023,No,,,,,,,,,,,,,,,,,,,,,,,,,,,,,,,,,,,,,,,,,,,,,,,,,,,,,,,,,,,,,,,,,,,,,,,,,
2022-2023,Cuyahoga,Strongsville,Charter City,1818,43858,44750,46491,Cuyahoga,Strongsville,Charter,16099 Foltz Parkway,,Strongsville,44149,,,,(440) 580-3100,https://www.strongsville.org/,Mayor,Thomas,P.,Perciak,12/31/2023,,,,,,,,,,,,,,,,Finance Director,Eric,R.,Dean,,,,,,,,,,,,,,,,,,,,,Law Director,Neal,M.,Jamison,,,,,,,,,,,,,,,,,,,,,,,,,,,,,,,,Council President,James,E.,Carbone,12/31/2026,Council Member At Large,Kelly,A.,Kosek,12/31/2026,Yes,Council Member At Large,Joseph,C.,DeMio,12/31/2026,Yes,Council Member Ward 1,James,A.,Kaminski,12/31/2023,Yes,Council Member Ward 2,Annmarie,P.,Roff,12/31/2023,Yes,Council Member Ward 3,Thomas,M.,Clark,12/31/2023,Yes,Council Member Ward 4,Gordon,C.,Short,12/31/2023,No,,,,,,,,,,,,,,,,,,,,,,,,,,,,,,,,,,,,,,,,,,,,,,,,,,,,,,,,,,,,,,,,,,,,,,,,,,,,,,,
2022-2023,Cuyahoga,University Heights,Charter City,1942,14146,13539,13914,Cuyahoga,University Heights,Charter City,2300 Warrensville Center Road,,University Heights,44118,,,,(216) 932-7800,www.universityheights.com,Mayor,Michael,Dylan,Brennan,12/31/2025,,,,,,,,,,,,,,,,Finance Director,Dennis,,Kennedy,,,,,,Clerk,Kelly,,Thomas,,,,,,,,,,,,Law Director,Luke,,McConville,,,,,,,,,,,,,,,,,,,,,,,,,,,,,,,,Council President,Michele,,Weiss,12/31/2023,Council Member,Barbara,,Blankfeld,12/31/2023,Yes,Council Member,Christopher,,Cooney,12/31/2025,Yes,Council Member,Justin,,Gould,12/31/2023,Yes,Council Member,Brian,J.,King,12/31/2025,Yes,Council Member,John,P.,Rach,12/31/2023,Yes,Council Member,Sheri,,Sax,12/31/2025,No,,,,,,,,,,,,,,,,,,,,,,,,,,,,,,,,,,,,,,,,,,,,,,,,,,,,,,,,,,,,,,,,,,,,,,,,,,,,,,,
2022-2023,Cuyahoga,Warrensville Heights,Charter City,1957,15109,13542,13789,Cuyahoga,Warrensville Heights,Charter,4743 Richmond Road,,Warrensville Heights,44128,,,,,https://www.cityofwarrensville.com/,Mayor,Brad,,Sellers,12/31/2023,,,,,,,,,,,,,,,,,,,,,,,,,,,,,,,,,,,,,,,,,,,,,,,,,,,,,,,,,,,,,,,,,,,,,,,,,,,,,,,,Council Member Ward 1,Dorise,,Hagwood,12/31/2025,Yes,Council Member Ward 2,Abdrea,,Mitchell,12/31/2023,Yes,Council Member Ward 3,Elona,,White,12/31/2025,Yes,Council Member Ward 4,Walter,,Stewart,12/31/2023,Yes,Council Member Ward 5,Matthew,,Howard,12/31/2025,Yes,Council Member Ward 6,Stanley,,Anderson,12/31/2025,Yes,Council Member Ward 7,Johnny,,Williams,12/31/2025,No,,,,,,,,,,,,,,,,,,,,,,,,,,,,,,,,,,,,,,,,,,,,,,,,,,,,,,,,,,,,,,,,,,,,,,,,,
2022-2023,Cuyahoga,Westlake,Charter City,1940,31719,32729,34228,Cuyahoga,Westlake,Charter,27700 Hilliard Boulevard,,Westlake,44145,,,,(440) 871-3300,cityofwestlake.org,Mayor,Dennis,M.,Clough,12/31/2025,,,,,,,,,,,,,,,,Finance Director,Prashant,,Shah,,,,,,Clerk,Denise,L.,Rosenbaum,,,,,,,,,,,,Law Director,Michael,P.,Maloney,12/31/2025,,,,,,,,,,,,,,,,,,,,,,,,,,,,,,,Council President,David,S.,Greenspan,12/31/2025,Council Member Ward 1,Duane,,Van Dyke,12/31/2025,Yes,Council Member Ward 2,Nick,C.,Nunnari,12/31/2025,Yes,Council Member Ward 3,Dennis,J.,Sullivan,12/31/2025,Yes,Council Member Ward 4,Michael,F.,O'Donnell,12/31/2025,Yes,Council Member Ward 5,Amy,G. ,Havelka,12/31/2025,Yes,Council Member Ward 6,Mark,R.,Getsay,12/31/2025,No,,,,,,,,,,,,,,,,,,,,,,,,,,,,,,,,,,,,,,,,,,,,,,,,,,,,,,,,,,,,,,,,,,,,,,,,,,,,,,,
2022-2023,Darke,Greenville,Statutory City,1832,13294,13227,12786,Darke,Greenville,Statutory,100 Public Square,,Greenville,45331,,,,(937) 548-1819,www.cityofgreenville.org,Mayor,Stephen,M.,Willman,12/31/2023,,,,,,Administrator,Ryan,,Delk,,Auditor,Roxanne,,Willman,12/31/2023,,,,,,,,,,Clerk,Jessica,,Swan,,Treasurer,Rebecca,,Strait,12/31/2025,,,,,,Law Director,Michael,,Rieman,12/31/2023,,,,,,,,,,,,,,,,,,,,,,,,,,,,,,,Council President,John,,Baumgardner,12/31/2025,Council Member Ward 1,Clarence,,Godwin,12/31/2023,Yes,Council Member Ward 2,Delores,,Ely,12/31/2023,Yes,Council Member Ward 3,Leon,,Rogers,12/31/2023,Yes,Council Member Ward 4,Chris,,Norris,12/31/2023,Yes,Council Member At Large,Doug,,Schmidt,12/31/2025,Yes,Council Member At Large,Jeff,,Whitaker,12/31/2025,Yes,Council Member At Large,Brian,,Brown,12/31/2025,No,,,,,,,,,,,,,,,,,,,,,,,,,,,,,,,,,,,,,,,,,,,,,,,,,,,,,,,,,,,,,,,,,,,,,,,,,
2022-2023,Defiance,Defiance,Charter City,1836,16465,16494,17066,Defiance,Defiance,Charter,631 Perry Street,,Defiance,43512,,,,(419) 782-3193,cityofdefiance.com,Mayor,Mike,,McCann,12/31/2023,,,,,,Administrator,Jeff,,Leonard,,,,,,,Finance Director,John,,Lehner,,,,,,Clerk,Lisa,,Elders,,,,,,,,,,,,Law Director,Sean,,O'Donnell,,,,,,,,,,,,,,,,,,,,,,,,,,,,,,,,Council President,David,,McMaster,12/31/2025,Council Member Ward 1,Steve,,Corbitt,12/31/2023,Yes,Council Member Ward 2,John,,Hancock,12/31/2023,Yes,Council Member Ward 3,Josh,,Mast,12/31/2023,Yes,Council Member Ward 4,Chris,,Engel,12/31/2023,Yes,Council Member At Large,Joe,,Eureste,12/31/2025,Yes,Council Member At Large,Steve,,Waxler,12/31/2025,Yes,Council Member At Large,Jill,,Krutsch,12/31/2025,No,,,,,,,,,,,,,,,,,,,,,,,,,,,,,,,,,,,,,,,,,,,,,,,,,,,,,,,,,,,,,,,,,,,,,,,,,
2022-2023,Delaware,Delaware,Charter City,1816,25243,34753,41302,Delaware,Delaware,Charter,1 South Sandusky Street,,Delaware,43015,,,,(740) 203-1011,www.delawareohio.net,Mayor,Carolyn,Kay,Riggle,11/17/2025,Manager,R. ,Thomas,Homan,,,,,,,,,,,,Finance Director,Justin ,,Nahvi,,,,,,Clerk,Elaine,Marie,McCloskey,,,,,,,,,,,,Law Director,Natalia,Simone,Harris,,,,,,,,,,,,,,,,,,,,,,,,,,,,,,,,,,,,,Council Member Ward 1,Stephen,,Tackett,11/20/2023,Yes,Council Member Ward 2,Lisa,,Keller,11/20/2023,Yes,Council Member Ward 3,Cory ,,Hoffman,11/20/2023,Yes,Council Member Ward 4,Drew,,Farrell,11/20/2023,Yes,Council Member At Large,Catlin,,Frasier,11/17/2025,Yes,Council Member At Large,Kent,,Shafer,11/17/2025,Yes,Council Member At Large,Carolyn,Kay,Riggle,11/17/2025,No,,,,,,,,,,,,,,,,,,,,,,,,,,,,,,,,,,,,,,,,,,,,,,,,,,,,,,,,,,,,,,,,,,,,,,,,,
2022-2023,Delaware,Powell,Charter City,1947,6247,11500,14163,Delaware,Powell,Charter,47 Hall Street,,Powell,43065,,,,(614) 885-5380,cityofpowell.us,Mayor,Daniel,,Swartwout,,Manager,Andrew,,White,,,,,,,,,,,,Finance Director,Rosa,,Ocheltree,,,,,,Clerk,Amy,,Deere,,,,,,,,,,,,Law Director,Yazan,,Ashrawi,,,,,,,,,,,,,,,,,,,,,,,,,,,,,,,,,,,,,Council Member At Large,Jon,,Bennehoof,12/31/2023,Yes,Council Member At Large,Frank,,Bertone,12/31/2025,Yes,Council Member At Large,Tom,,Counts,12/31/2025,Yes,Council Member At Large,Christina ,,Drummond,12/31/2025,Yes,Council Member At Large,Heather,,Karr,12/31/2023,Yes,Council Member At Large,Brian,,Lorenz,12/31/2025,Yes,Council Member,Daniel,,Swartwout,12/31/2023,No,,,,,,,,,,,,,,,,,,,,,,,,,,,,,,,,,,,,,,,,,,,,,,,,,,,,,,,,,,,,,,,,,,,,,,,,,
2022-2023,Delaware,Sunbury,Statutory City,1816,2630,4389,6614,Delaware,Sunbury,Statutory City,9 East Granville Street,,Sunbury,43074,PO Box 508,Sunbury,43074,(740) 965-2684,sunburyohio.org,Mayor,Joseph,,St. John,12/31/2023,,,,,,Administrator,Steven,R.,Pyles,,,,,,,Finance Director,Kathy,,Belcher,,,,,,Clerk,Olivia ,,Ballard,,,,,,,,,,,,,,,,,Solicitor,David,,Brehm,,,,,,,,,,,,,,,,,,,,,,,,,,,Council President,Timothy ,,Gose,12/31/2023,Council Member,Damin,,Cappel,12/31/2025,Yes,Council Member,David,,Martin,12/31/2025,Yes,Council Member,Murray,,Neff,12/31/2025,Yes,Council Member,John,,Grumney,12/31/2025,Yes,Council Member,Cindi,,Cooper,12/31/2023,No,,,,,,,,,,,,,,,,,,,,,,,,,,,,,,,,,,,,,,,,,,,,,,,,,,,,,,,,,,,,,,,,,,,,,,,,,,,,,,,,,,,,,
2022-2023,Erie,Huron,Charter City,1835,7958,7149,6922,Erie,Huron,Charter,417 Main Street,,Huron,44839,,,,(419) 433-5000,www.cityofhuron.org,,,,,,Manager,Matthew ,,Lasko,,,,,,,,,,,,Finance Director,Cory,,Swaisgood,,,,,,Clerk,Terri,,Welkener,11/30/2023,,,,,,,,,,,Law Director,Todd,,Schrader,,,,,,,,,,,,,,,,,,,,,,,,,,,,,,,,Council Chair,Monty,,Tapp,11/30/2023,Council Vice Chair,Mark,,Claus,11/30/2023,Yes,Council Member,Sam,,Artino,11/30/2025,Yes,Council Member,Joe,,Dike,11/30/2025,Yes,Council Member,Joel,,Hagy,11/30/2023,Yes,Council Member,William,,Biddlecombe,11/30/2025,Yes,Council Member,Matthew,,Grieves,11/30/2025,No,,,,,,,,,,,,,,,,,,,,,,,,,,,,,,,,,,,,,,,,,,,,,,,,,,,,,,,,,,,,,,,,,,,,,,,,,,,,,,,
2022-2023,Erie,Sandusky,Charter City,1824,27844,25793,25095,Erie,Sandusky,Charter,240 Columbus Avenue,,Sandusky,44870,,,,(419) 627-5850,cityofsandusky.com,Mayor,Richard,,Brady,12/31/2025,Manager,Eric,,Wobser,,,,,,,,,,,,Finance Director,Michelle,,Reeder,,,,,,Clerk,Cathy,A.,Myers,,,,,,,,,,,,Law Director,Brendan,,Heil,,,,,,,,,,,,,,,,,,,,,,,,,,,,,,,,Commission President,Richard,,Brady,12/31/2025,Commission Member,Dennis,,Murray,12/31/2025,Yes,Commission Member,Dave,,Waddington,12/31/2023,Yes,Commission Member,Blake,,Harris,12/31/2023,Yes,Commission Member,Michael,,Meinzer,12/31/2023,Yes,Commission Member,Stephen,,Poggiali,12/31/2025,Yes,Commission Member,Wes,,Poole,12/31/2023,No,,,,,,,,,,,,,,,,,,,,,,,,,,,,,,,,,,,,,,,,,,,,,,,,,,,,,,,,,,,,,,,,,,,,,,,,,,,,,,,
2022-2023,Fairfield,Lancaster,Statutory City,1831,35335,38780,40552,Fairfield,Lancaster,Statutory,104 East Main Street,,Lancaster,43130,,,,(740) 687-6611,https://www.ci.lancaster.oh.us,Mayor,David,,Scheffler,12/31/2023,,,,,,,,,,,Auditor,Patricia,,Nettles,12/31/2023,,,,,,,,,,,,,,,Treasurer,Robert,,Wolfinger,12/31/2025,,,,,,Law Director,Stephanie,,Hall,12/31/2023,,,,,,,,,,,,,,,,,,,,,,,,,,,,,,,Council President,David,,Uhl,12/31/2023,Council Member Ward 1,Presten,,Ahlers,12/31/2023,Yes,Council Member Ward 2,Thomas,,James,12/31/2023,Yes,Council Member Ward 3,Jack,,Mattlin Jr,12/31/2023,Yes,Council Member Ward 4,Thomas,,Stoughton,12/31/2023,Yes,Council Member Ward 5,Kristina,,Crites,12/31/2023,Yes,Council Member Ward 6,Mary,,Tener,12/31/2023,Yes,Council Member At Large,Donald,,McDaniel,12/31/2023,Yes,Council Member At Large,Corey,,Schoonover,12/31/2023,Yes,Council Member At Large,Jennifer,,Sitterley,12/31/2023,No,,,,,,,,,,,,,,,,,,,,,,,,,,,,,,,,,,,,,,,,,,,,,,,,,,,,,,,,,,,,,
2022-2023,Fairfield,Pickerington,Charter City,1815,9792,18291,23094,Fairfield,Pickerington,Charter,100 Lockville Road,,Pickerington,43147,,,,(614) 837-3974,ci.pickerington.oh.us,Mayor,Lee,A.,Gray,12/31/2023,Manager,Greg ,,Butcher,,,,,,,,,,,,Finance Director,Chris,,Schornack,,,,,,Clerk,Heather,,Moore,,,,,,,,,,,,Law Director,Phil ,,Hartmann,,,,,,,,,,,,,,,,,,,,,,,,,,,,,,,,Council President,Crystal,,Hicks,12/31/2023,Council Vice Chair,Jaclyn,,Rohaly,12/31/2025,Yes,Council Member,Tricia,,Sanders,12/31/2025,Yes,Council Member,Brian,,Wisniewski,12/31/2023,Yes,Council Member,Nick,,Derksen,12/31/2023,Yes,Council Member,Kevin,,Kemper,12/31/2025,Yes,Council Member,Bob,,McCracken,12/31/2025,No,,,,,,,,,,,,,,,,,,,,,,,,,,,,,,,,,,,,,,,,,,,,,,,,,,,,,,,,,,,,,,,,,,,,,,,,,,,,,,,
2022-2023,Fayette,Washington Court House,Charter City,1831,13524,14192,14401,Fayette,Washington Court House,Charter,105 North Main Street,,Washington,43160,,,,(740) 636-2340,www.cityofwch.com,,,,,,Manager,Joseph,,Denen,12/31/2022,,,,,,,,,,,,,,,,,,,,Clerk,Kelley,R.,Ford,,,,,,,,,,,,Law Director,Mark,,Pitstick,,,,,,,,,,,,,,,,,,,,,,,,,,,,,,,,Council Chair,Dale,,Lynch,12/31/2025,Council Member,Steve,,Shiltz,12/31/2025,Yes,Council Member,Jim,,Chrisman,12/31/2023,Yes,Council Member,Kendra,,Hernandez,12/31/2023,Yes,Council Member,Ted,,Hawk,12/31/2025,Yes,Council Member,Caleb,,Johnson,12/31/2025,Yes,Council Member,Jim,,Blair,12/31/2023,No,,,,,,,,,,,,,,,,,,,,,,,,,,,,,,,,,,,,,,,,,,,,,,,,,,,,,,,,,,,,,,,,,,,,,,,,,,,,,,,
2022-2023,Franklin,Bexley,Charter City,1931,13203,13057,13928,Franklin,Bexley,Charter,2242 East Main Street,,Bexley,43209,,,,(614) 559-4200,www.bexley.org,Mayor,Ben,,Kessler,12/31/2023,,,,,,,,,,,Auditor,Matt,,McPeek,12/31/2025,Finance Director,Beecher,,hale,,,,,,,,,,,,,,,,,,,,,Law Director,Marc,,Fishel,,,,,,,,,,,,,,,,,,,,,,,,,,,,,,,,,,,,,Council Member,Matthew,,Klingler,12/31/2023,Yes,Council Member,Troy,D.,Markham,12/31/2023,Yes,Council Member,Jennifer,,Mooreman Robinson,12/31/2023,Yes,Council Member,Jessica,,Saad,12/31/2023,Yes,Council Member,Loir,Ann,Feibel,12/31/2025,Yes,Council Member,Monique,,Lampke,12/31/2025,Yes,Council Member,Sam,,Marcellino,12/31/2025,No,,,,,,,,,,,,,,,,,,,,,,,,,,,,,,,,,,,,,,,,,,,,,,,,,,,,,,,,,,,,,,,,,,,,,,,,,
2022-2023,Franklin,Canal Winchester,Charter City,1866,4478,7101,9107,Franklin,Canal Winchester,Charter,36 South High Street,,Canal Winchester,43110,,,,(614) 837-7493,www.canalwinchesterohio.gov,Mayor,Michael,,Ebert,12/31/2023,,,,,,,,,,,,,,,,Finance Director,Amanda,,Jackson,,,,,,,,,,,,,,,,,,,,,Law Director,Thaddeus,,Boggs,,,,,,,,,,,,,,,,,,,,,,,,,,,,,,,,Council President,Chuck,,Milliken,12/31/2023,Council Member,Bob,,Clark,12/31/2023,Yes,Council Member,Mike,,Walker,12/31/2023,Yes,Council Member,Jill,,Amos,12/31/2025,Yes,Council Member,Patrick,,Shea,12/31/2025,Yes,Council Member,Ashley,,Ward,12/31/2025,Yes,Council Member,Laurie,,Amick,12/31/2025,No,,,,,,,,,,,,,,,,,,,,,,,,,,,,,,,,,,,,,,,,,,,,,,,,,,,,,,,,,,,,,,,,,,,,,,,,,,,,,,,
2022-2023,Franklin,Columbus,Charter City,1834,711470,787033,905748,Franklin,Columbus,Charter,90 West Broad Street,2nd Floor,Columbus,43215,,,,(614) 645-3377,Columbus.gov,Mayor,Andrew,J.,Ginther,12/31/2023,,,,,,,,,,,Auditor,Megan,,Kilgore,12/31/2025,Finance Director,Joseph,,Lombardi,,,,,,Clerk,Andrea,N.,Blevins,,Treasurer,Deborah,,Klie,,,,,,,Law Director,Zach,M.,Klein,12/31/2025,,,,,,,,,,,,,,,,,,,,,,,,,,,,,,,Council President,Shannon,G.,Hardin,12/31/2023,Council Vice Chair,Elizabeth,,Brown,12/31/2023,Yes,Council Member At Large,Nicholas,,Bankston,12/31/2023,Yes,Council Member At Large,Lourdes,,Barosso de Padilla,12/31/2023,Yes,Council Member At Large,Robert,,Dorans,12/31/2023,Yes,Council Member At Large,Shayla,,Favor,12/31/2023,Yes,Council Member At Large,Emmanuel,,Remy,12/31/2023,No,,,,,,,,,,,,,,,,,,,,,,,,,,,,,,,,,,,,,,,,,,,,,,,,,,,,,,,,,,,,,,,,,,,,,,,,,,,,,,,
2022-2023,Franklin,Dublin,Charter City,1881,31392,41751,49328,Franklin,Dublin,Charter,5555 Perimeter Drive,,Dublin,43017,,,,,dublinohiousa.gov,Mayor,Jane,,Fox,12/31/2023,Manager,Dana,,McDaniel,,,,,,,,,,,,Finance Director,Matthew,,Stiffler,,,,,,Clerk,Jennifer,,Delgado,,,,,,,,,,,,Law Director,Jennifer,,Readler,,,,,,,,,,,,,,,,,,,,,,,,,,,,,,,,,,,,,Council Member At Large,Christina,,Alutto,12/31/2023,Yes,Council Member At Large,Chris,,Amorose Groomes,12/31/2023,Yes,Council Member At Large,Andy,,Keeler,12/31/2023,Yes,Council Member Ward 1,Amy,,Kramb,12/31/2025,Yes,Council Member Ward 2,Jane,,Fox,12/31/2025,Yes,Council Member Ward 3,John,,Reiner,12/31/2025,Yes,Council Member Ward 4,Cathy,,De Rosa,12/31/2025,No,,,,,,,,,,,,,,,,,,,,,,,,,,,,,,,,,,,,,,,,,,,,,,,,,,,,,,,,,,,,,,,,,,,,,,,,,
2022-2023,Franklin,Gahanna,Charter City,1881,32636,33248,35726,Franklin,Gahanna,Charter,200 South Hamilton Road,,Gahanna,43230,,,,(614) 342-4000,www.Gahanna.gov,Mayor,Laurie,A.,Jadwin,1/1/2024,,,,,,,,,,,,,,,,Finance Director,Joann,,Bury,,,,,,,,,,,,,,,,,,,,,Law Director,Raymond,,Mularski,1/1/2024,,,,,,,,,,,,,,,,,,,,,,,,,,,,,,,Council President Ward 1,Stephen,A.,Renner,1/1/2026,Council Member Ward 2,Michael,,Schnetzer,1/1/2026,Yes,Council Member Ward 3,Kaylee,,Padova,1/1/2026,Yes,Council Member Ward 4,Trenton,I.,Weaver,1/1/2026,Yes,Council Member At Large,Karen,,Angelou,1/1/2024,Yes,Council Member At Large,Nancy,,McGregor,1/1/2024,Yes,Council Member At Large,Merisa,,Bowers,1/1/2024,No,,,,,,,,,,,,,,,,,,,,,,,,,,,,,,,,,,,,,,,,,,,,,,,,,,,,,,,,,,,,,,,,,,,,,,,,,,,,,,,
2022-2023,Franklin,Grandview Heights,Charter City,1906,6695,6536,8085,Franklin,Grandview Heights,Charter,1016 Grandview Avenue,,Columbus,43212,,,,(614) 488-3159,grandviewheights.gov,Mayor,Greta,M.,Kearns,12/31/2023,Manager,Robert,J.,Dvoraczky,,,,,,,,,,,,Finance Director,Megan,L.,Miller,,,,,,Clerk,Leilani,L.,Napier,,,,,,,,,,,,,,,,,,,,,,,,,,,,,,,,,,,,,,,,,,,,,,,Council President,Emily,,Keeler,12/31/2023,Council Member,Ryan ,E.,Edwards,12/31/2023,Yes,Council Member,Rebekah,G.,Hatzifotinos,12/31/2023,Yes,Council Member,Melanie,,Houston,12/31/2025,Yes,Council Member,Michelle,A.,Kozak,12/31/2025,Yes,Council Member,Anthony,S.,Panzera,12/31/2025,Yes,Council Member,Robin,Christopher,Smith,12/31/2025,No,,,,,,,,,,,,,,,,,,,,,,,,,,,,,,,,,,,,,,,,,,,,,,,,,,,,,,,,,,,,,,,,,,,,,,,,,,,,,,,
2022-2023,Franklin,Grove City,Charter City,1852,27075,35575,41252,Franklin,Grove City,Charter,4035 Broadway,,Grove City,43123,,,,(614) 277-3000,www.grovecityohio.gov,Mayor,Richard ,L.,Stage,12/31/2023,,,,,,Administrator,Charles,,Boso,,,,,,,,,,,,Fiscal Officer,Mike,,Turner,Clerk,Tami,,Kelly,,,,,,,,,,,,Law Director,Stephen,,Smith,,,,,,,,,,,,,,,,,,,,,,,,,,,,,,,,Council President Ward 1,Ted,,Berry,12/31/2025,Council Member Ward 2,Randy,,Holt,12/31/2023,Yes,Council Member Ward 3,Christine,,Houk,12/31/2025,Yes,Council Member Ward 4,Roby,,Schottke,12/31/2023,Yes,Council Member At Large,Mark,,Sigrist,12/31/2023,No,,,,,,,,,,,,,,,,,,,,,,,,,,,,,,,,,,,,,,,,,,,,,,,,,,,,,,,,,,,,,,,,,,,,,,,,,,,,,,,,,,,,,,,,,,,
2022-2023,Franklin,Groveport,Charter City,1847,3865,5363,6009,Franklin,Groveport,Charter,655 Blacklick Street,,Groveport,43125,,,,(614) 836-5301,www.groveport.org,Mayor,Lance,,Westcamp,12/31/2023,,,,,,Administrator,Benjamin,J.,King,,,,,,,Finance Director,Jason,A.,Carr,,,,,,Clerk,Ruthanne,,Sargus Ross,,,,,,,,,,,,Law Director,Kevin,C.,Shannon,,,,,,,,,,,,,,,,,,,,,,,,,,,,,,,,Council President Pro-Tem,Jean,Ann,Hilbert,12/31/2023,Council Member,Jack,,"Rupp, Jr.",12/31/2025,Yes,Council Member,Shawn,M.,Cleary,12/31/2023,Yes,Council Member,Edward,G.,Dildine,12/31/2025,Yes,Council Vice Chair,Rebecca,,Hutson,12/31/2025,Yes,Council Member,Harold,Scott,Lockett,12/31/2025,No,,,,,,,,,,,,,,,,,,,,,,,,,,,,,,,,,,,,,,,,,,,,,,,,,,,,,,,,,,,,,,,,,,,,,,,,,,,,,,,,,,,,,
2022-2023,Franklin,Hilliard,Charter City,1962,24230,28435,37114,Franklin,Hilliard,Charter,3800 Municipal Way,,Hilliard,43026,,,,(614) 334-2365,https://hilliardohio.gov/,,,,,,Manager,Michelle,,Crandall,,,,,,,,,,,,Finance Director,Dave,,Delande,,Fiscal Officer,Karrie,,Martin,Clerk,Diane,,Werbrich,,,,,,,,,,,,Law Director,Phil ,,Hartmann,,,,,,,,,,,,,,,,,,,,,,,,,,,,,,,,Council President,Andy,,Teater,12/31/2025,Council Vice Chair,Omar,,Tarazi,12/31/2023,Yes,Council Member,Cynthia ,,Vermillion,12/31/2023,Yes,Council Member,Pete,,Marsh,12/31/2023,Yes,Council Member,Les,,Carrier,12/31/2025,Yes,Council Member,Tina,,Cottone,12/31/2025,Yes,Council Member,Peggy,,Hale,12/31/2025,No,,,,,,,,,,,,,,,,,,,,,,,,,,,,,,,,,,,,,,,,,,,,,,,,,,,,,,,,,,,,,,,,,,,,,,,,,,,,,,,
2022-2023,Franklin,New Albany,Charter City,1837,3711,7724,10825,Franklin,New Albany,Charter,99 West Main Street,,New Albany,43054,,,,(614) 939-2237,newalbanyohio.org,Mayor,Sloan,,Spalding,,Manager,Joseph,,Stefanov,,,,,,,,,,,,Finance Director,Bethany,,Staats,,,,,,Clerk,Jennifer,,Mason,,,,,,,,,,,,,,,,,,,,,,,,,,,,,,,,,,,,,,,,,,,,,,,Council President,Sloan,,Spalding,12/31/2023,Council Member,Marlene,,Brisk,12/31/2023,Yes,Council Member,Mike,,Durik,12/31/2023,Yes,Council Member,Chip,,Fellows,12/31/2025,Yes,Council Member,Kasey,,Kist,12/31/2025,Yes,Council Member,Matt,,Shull,12/31/2025,Yes,Council Member,Andrea,,Wiltrout,12/31/2025,No,,,,,,,,,,,,,,,,,,,,,,,,,,,,,,,,,,,,,,,,,,,,,,,,,,,,,,,,,,,,,,,,,,,,,,,,,,,,,,,
2022-2023,Franklin,Obetz,Charter City,1928,3977,4532,5489,Franklin,Obetz,Charter,4175 Alum Creek Drive,,Obetz,43207,,,,(614) 491-1080,www.obetz.oh.us,Mayor,Angela,Marie,Kirk,12/31/2023,,,,,,Administrator,Rod,,Davisson,,,,,,,Finance Director,Matt,,Cramblit,,,,,,Clerk,Stacey,,Boumis,,,,,,,,,,,,Law Director,Eugene,,Hollins,,,,,,,,,,,,,,,,,,,,,,,,,,,,,,,,President Pro Tempore,Michael,,Flaherty,12/31/2023,Council Member,Todd,,Gibbs,12/31/2025,Yes,Council Member,Michael,,Kimbler,12/31/2025,Yes,Council Member,Guiles,,Richardson,12/31/2025,Yes,Council Member,Robert,,Kramer,12/31/2025,Yes,Council Member,Derek,,Varney,12/31/2023,No,,,,,,,,,,,,,,,,,,,,,,,,,,,,,,,,,,,,,,,,,,,,,,,,,,,,,,,,,,,,,,,,,,,,,,,,,,,,,,,,,,,,,
2022-2023,Franklin,Reynoldsburg,Charter City,1839,32069,35893,41076,Franklin,Reynoldsburg,Charter,7232 East Main Street,,Reynoldsburg,43068,,,,(614) 322-6800,ci.reynoldsburg.oh.us,Mayor,Joe,,Begeny,12/31/2023,,,,,,,,,,,Auditor,Stephen,,Cicak,,,,,,,,,,,Clerk,Leslie,,Clark,,,,,,,,,,,,Law Director,Chris,,Shook,,,,,,,,,,,,,,,,,,,,,,,,,,,,,,,,Council President,Angie,,Jenkins,12/31/2023,Council Member Ward 1,Shanette,,Stricklind,12/31/2023,Yes,Council Member Ward 2,Louis,,Salvati,12/31/2023,Yes,Council Member Ward 3,Bhuwan,,Pyakurel,12/31/2023,Yes,Council Member Ward 4,Meredith,,Lawson-Rowe,12/31/2023,Yes,Council Member At Large,Barth,,Cotner,12/31/2025,Yes,Council Member At Large,Stacie,,Baker,11/30/2025,Yes,Council Member At Large,Kristin,,Bryant,11/30/2025,No,,,,,,,,,,,,,,,,,,,,,,,,,,,,,,,,,,,,,,,,,,,,,,,,,,,,,,,,,,,,,,,,,,,,,,,,,
2022-2023,Franklin,Upper Arlington,Charter City,1918,33686,33771,36800,Franklin,Upper Arlington,Charter,3600 Tremont Road,,Upper Arlington,43221,,,,(614) 583-5033,upperarlingtonoh.gov,Mayor,Brendan,,King,1/8/2024,Manager,Steve,,Schoeny,,,,,,,,,,,,Finance Director,Brent,,Lewis,,,,,,Clerk,Krystal,,Gonchar,,,,,,,,,,,,Law Director,Darren,,Shulman,,,,,,,,,,,,,,,,,,,,,,,,,,,,,,,,Council President,Brendan,,King,1/8/2024,Council Vice Chair,Brian,,Close,1/12/2026,Yes,Council Member,Michaela,,Burriss,1/8/2024,Yes,Council Member,John,,Kulewicz,1/8/2024,Yes,Council Member,Jim,,Lynch,1/12/2026,Yes,Council Member,Kathy,,Adams,1/12/2026,Yes,Council Member,Ukeme,,Awakessien Jeter,1/12/2026,No,,,,,,,,,,,,,,,,,,,,,,,,,,,,,,,,,,,,,,,,,,,,,,,,,,,,,,,,,,,,,,,,,,,,,,,,,,,,,,,
2022-2023,Franklin,Westerville,Charter City,1858,35318,36120,39190,Franklin,Westerville,Charter,21 South State Street,,Westerville,43081,,,,(614) 901-6400,westerville.org,Mayor,Diane,,Conley,12/31/2023,Manager,Monica,,Irelan,,,,,,,,,,,,Finance Director,Lee Ann,,Shortland,,,,,,Clerk,Mary,,Johnston,,,,,,,,,,,,Law Director,Bruce,,Bailey,,,,,,,,,,,,,,,,,,,,,,,,,,,,,,,,Council Chair,Michael,,Heyeck,12/31/2025,Council Vice Chair,Craig,,Treneff,12/31/2023,Yes,Council Member,Kenneth,,Wright,12/31/2023,Yes,Council Member,Dennis,,Blair,12/31/2025,Yes,Council Member,Coutanya,,Coombs,12/31/2025,Yes,Council Member,Megan,,Reamsnyder,12/31/2025,No,,,,,,,,,,,,,,,,,,,,,,,,,,,,,,,,,,,,,,,,,,,,,,,,,,,,,,,,,,,,,,,,,,,,,,,,,,,,,,,,,,,,,
2022-2023,Franklin,Whitehall,Charter City,1947,19201,18062,20127,Franklin,Whitehall,Charter,360 South Yearling Road,,Whitehall,43213,,,,(614) 237-9803,whitehall-oh.us,Mayor,Kim,,Maggard,12/31/2023,,,,,,Administrator,Zachary,,Woodruff,,Auditor,Steven,,Quincel,12/31/2025,,,,,,,,,,,,,,,Treasurer,Shaquille,,Alexander,12/31/2023,,,,,,Law Director,Michael,,Bivens,12/31/2023,,,,,,,,,,,,,,,,,,,,,,,,,,,,,,,Council President,Thomas,,Potter,12/31/2023,Council Member Ward 1,Gerald,,Dixon,12/31/2025,Yes,Council Member Ward 2,Joanna,,Heck,12/31/2025,Yes,Council Member Ward 3,Amy,,Smith,12/31/2025,Yes,Council Member Ward 4,Lori,,Elmore,12/31/2025,Yes,Council Member At Large,Robert,,Bailey,12/31/2023,Yes,Council Member At Large,Wesley,,Kantor,12/31/2023,Yes,Council Member At Large,Karen,,Conison,12/31/2023,No,,,,,,,,,,,,,,,,,,,,,,,,,,,,,,,,,,,,,,,,,,,,,,,,,,,,,,,,,,,,,,,,,,,,,,,,,
2022-2023,Franklin,Worthington,Charter City,1835,14125,13575,14786,Franklin,Worthington,Charter,6550 North High Street,,Worthington,43085,PO Box 480,Worthington,43085,(614) 436-3100,worthington.org,Mayor,Scott,,Holmes,,Manager,Matthew,,Greeson,,,,,,,,,,,,Finance Director,Scott,,Bartter,,,,,,Clerk,D. Kay,,Thress,,,,,,,,,,,,Law Director,Tom,,Lindsey,,,,,,,,,,,,,,,,,,,,,,,,,,,,,,,,Council President,David,,Robinson,12/31/2025,Council Member,Katy,,Brewer,12/31/2025,Yes,Council Member,Peter,,Bucher,12/31/2023,Yes,Council Member,Rebecca,,Hermann,12/31/2025,Yes,Council Member,Bonnie,,Michael,12/31/2023,Yes,Council Member,Beth,,Kowalczyk,12/31/2025,Yes,Council Member,Doug,,Smith,12/31/2023,No,,,,,,,,,,,,,,,,,,,,,,,,,,,,,,,,,,,,,,,,,,,,,,,,,,,,,,,,,,,,,,,,,,,,,,,,,,,,,,,
2022-2023,Fulton,Wauseon,Charter City,1857,7091,7332,7568,Fulton,Wauseon,Charter,230 Clinton Street,,Wauseon,43567,,,,(419) 335-1511,https://www.cityofwauseon.com/,Mayor,Kathy ,,Huner,12/31/2023,,,,,,Administrator,Brooke,T.,Baumgartner,,,,,,,Finance Director,Jamie,,Giguere,,,,,,Clerk,Adrienne,,Baumgartner,1/31/2024,,,,,,,,,,,Law Director,Thomas,A.,Mcwatters III,,,,,,,,,,,,,,,,,,,,,,,,,,,,,,,,Council President,Scott ,,Stiriz,12/31/2023,Council Member,Shane,,Chamberlin,12/31/2023,Yes,Council Member,Sarah,,Heising,12/31/2025,Yes,Council Member,Steve,,Schneider,12/31/2025,Yes,Council Member,Harold ,,Stickley,12/31/2025,Yes,Council Member,Brandon ,,Tijerina,12/31/2023,No,,,,,,,,,,,,,,,,,,,,,,,,,,,,,,,,,,,,,,,,,,,,,,,,,,,,,,,,,,,,,,,,,,,,,,,,,,,,,,,,,,,,,
2022-2023,Geauga,Chardon,Charter City,1851,5156,5148,5242,Geauga,Chardon,Charter,111 Water Street,,Chardon,44024,,,,(440) 286-2600,www.chardon.cc,Mayor,Christopher ,,Grau,12/31/2025,Manager,Randal,B.,Sharpe,,,,,,,,,,,,Finance Director,Mark,,Iacofano,,,,,,Clerk,Amy,,Day,,,,,,,,,,,,Law Director,Benjamin,,Chojnacki,,,,,,,,,,,,,,,,,,,,,,,,,,,,,,,,Council President,Christopher,,Grau,12/31/2025,Council Member At Large,Andrew,,Blackley,12/31/2025,Yes,Council Member At Large,Deborah ,,Chuha,12/31/2023,Yes,Council Member At Large,David,,Lelko,12/31/2025,Yes,Council Member At Large,Heather,,Means,12/31/2023,Yes,Council Member At Large,Daniel,,Meleski,12/31/2025,Yes,Council Member At Large,Kyle,,Martin,12/31/2023,No,,,,,,,,,,,,,,,,,,,,,,,,,,,,,,,,,,,,,,,,,,,,,,,,,,,,,,,,,,,,,,,,,,,,,,,,,,,,,,,
2022-2023,Greene,Beavercreek,Charter City,1980,37984,45193,46549,Greene,Beavercreek,Charter,1368 Research Park Drive,,Beavercreek,45432,,,,(937) 427-5510,https://www.beavercreekohio.gov,Mayor,Bob,,Stone,12/31/2023,Manager,Pete,,Landrum,,,,,,,,,,,,Finance Director,Bill,,Kucera,,,,,,Clerk,Debbie,,Haines,,,,,,,,,,,,,,,,,Solicitor,Stephen,,McHugh,,,,,,,,,,,,,,,,,,,,,,,,,,,Council President,Bob,,Stone,12/31/2023,Council Vice Chair,Don,,Adams,12/31/2023,Yes,Council Member,Pete,,Bales,12/31/2023,Yes,Council Member,Charles,,Curren,12/31/2023,Yes,Council Member,Glen,,Duerr,12/31/2025,Yes,Council Member,Joanna,,Garcia,12/31/2025,Yes,Council Member,Tiffany,,Schwartz,12/31/2025,No,,,,,,,,,,,,,,,,,,,,,,,,,,,,,,,,,,,,,,,,,,,,,,,,,,,,,,,,,,,,,,,,,,,,,,,,,,,,,,,
2022-2023,Greene,Bellbrook,Charter City,1974,7009,6943,7317,Greene,Bellbrook,Charter,15 East Franklin Street,,Bellbrook,45305,,,,(937) 848-8466,cityofbellbrook.org,Mayor,Michael,,Shweller,12/31/2023,Manager,Rob,,Schommer,,,,,,,,,,,,Finance Director,Rob,,Schommer,,,,,,Clerk,Rob,,Schommer,,,,,,,,,,,,,,,,,,,,,,,,,,,,,,,,,,,,,,,,,,,,,,,,,,,,Council Member,Bradly,,Harding,12/31/2023,Yes,Council Member,Katherine,R.,Cyphers,12/31/2023,Yes,Council Member,Ernie,,Havens,12/31/2023,Yes,Council Member,Elaine,,Middlestetter,12/31/2025,Yes,Council Member,T.J.,,Hoke,12/31/2023,Yes,Council Member,Forrest,,Greenwood,12/31/2025,No,,,,,,,,,,,,,,,,,,,,,,,,,,,,,,,,,,,,,,,,,,,,,,,,,,,,,,,,,,,,,,,,,,,,,,,,,,,,,,,
2022-2023,Greene,Fairborn,Charter City,1950,32052,32352,34510,Greene,Fairborn,Charter,44 West Hebble Avenue,,Fairborn,45324,,,,(937) 754-3030,www.ci.fairborn.oh.us,Mayor,Paul,,Keller,12/3/2023,Manager,Rob,,Anderson,,,,,,,,,,,,Finance Director,Annetta,,Williams,,,,,,Clerk,Julie,,Taylor,,,,,,,,,,,,,,,,,Solicitor,Michael,,Mayer,,,,,,,,,,,,,,,,,,,,,,,,,,,,,,,,Council Member,Kevin,,Knepp,12/3/2023,Yes,Council Member,Clint,,Allen,12/3/2023,Yes,Council Member,Tana,,Stanton,12/3/2023,Yes,Council Member,Adam,,Fritzsche,12/1/2025,Yes,Council Member,Rodney,,McCubbins,12/1/2025,Yes,Council Member,Rodney,,McCubbins,12/1/2025,Yes,Council Member,Mary,,Reaster,12/1/2025,No,,,,,,,,,,,,,,,,,,,,,,,,,,,,,,,,,,,,,,,,,,,,,,,,,,,,,,,,,,,,,,,,,,,,,,,,,
2022-2023,Greene,Xenia,Charter City,1817,24164,25719,25441,Greene,Xenia,Charter,107 East Main Street,,Xenia,45385,,,,(937) 376-7235,www.ci.xenia.oh.us,Mayor,Sarah,,Mays,12/31/2025,Manager,Brent,,Merriman,,,,,,,,,,,,Finance Director,Ryan,,Duke,,,,,,Clerk,Michelle,,Johnson,,,,,,,,,,,,Law Director,Donnette,,Fisher,,,,,,,,,,,,,,,,,,,,,,,,,,,,,,,,Council President,Wesley,,Smith,12/31/2023,Council Vice Chair,William,,Urschel,12/31/2025,Yes,Council Member,Cody,,Brannum,12/31/2023,Yes,Council Member,Levi,,Dean,12/31/2025,Yes,Council Member,Rebekah,,Dean,12/31/2023,Yes,Council Member,Thomas,,Scrivens,12/31/2023,No,,,,,,,,,,,,,,,,,,,,,,,,,,,,,,,,,,,,,,,,,,,,,,,,,,,,,,,,,,,,,,,,,,,,,,,,,,,,,,,,,,,,,
2022-2023,Guernsey,Cambridge,Statutory City,1895,11520,10635,10089,Guernsey,Cambridge,Statutory,814 Wheeling Avenue,,Cambridge ,43725,,,,(740) 439-2640,www.cambridgeoh.org,Mayor,Thomas,D.,Orr,12/31/2023,,,,,,,,,,,Auditor,Suellen,,Johnson ,12/31/2023,,,,,,,,,,Clerk,Sharon,K.,Cassler ,,Treasurer,Michael,,Sikora,12/31/2024,,,,,,Law Director,William,,Ferguson,12/31/2023,,,,,,,,,,,,,,,,,,,,,,,,,,,,,,,Council President,William,,Cowgill ,12/31/2023,Council Member Ward 1,Jeff,,Leonard,12/31/2023,Yes,Council Member Ward 2,Kimberly,J.,McMillen,12/31/2023,Yes,Council Member Ward 3,John,,Wolverton,12/31/2023,Yes,Council Member Ward 4,Mike,,Zaleski,12/31/2023,Yes,Council Member At Large,Tim,,Evancho,12/31/2023,Yes,Council Member At Large,Tom,,Laughman,12/31/2023,Yes,Council Member At Large,Donna ,,Hill,12/31/2023,No,,,,,,,,,,,,,,,,,,,,,,,,,,,,,,,,,,,,,,,,,,,,,,,,,,,,,,,,,,,,,,,,,,,,,,,,,
2022-2023,Hamilton,Blue Ash,Charter City,1955,12513,12114,13394,Hamilton,Blue Ash,Charter,4343 Cooper Road,,Blue Ash,45242,,,,(513) 745-8500,https://www.blueash.com/,Mayor,Marc,,Sirkin,11/30/2023,Manager,David,,Waltz,,,,,,,,,,,,Finance Director,Natasha,,Dempsey,,,,,,Clerk,Jamie,,Eifert,,Treasurer,Sherry,,Poppe,,,,,,,,,,,,Solicitor,Bryan,,Pacheco,,,,,,,,,,,,,,,,,,,,,,,,,,,,,,,,Council Member Ward 5,Marc ,,Sirkin,11/30/2023,Yes,Council Member Ward 3,Pramod,,Jhaveri,11/30/2023,Yes,Council Member Ward 2,Brian,,Gath,11/30/2025,Yes,Council Member Ward 1,Katie,,Schneider,11/30/2023,Yes,Council Member Ward 4,Jeff,,Capell,11/30/2025,Yes,Council Member At Large,Lee ,,Czerwonka,11/30/2025,Yes,Council Member At Large,Jill,,Cole,11/30/2023,No,,,,,,,,,,,,,,,,,,,,,,,,,,,,,,,,,,,,,,,,,,,,,,,,,,,,,,,,,,,,,,,,,,,,,,,,,
2022-2023,Hamilton,Cheviot,Statutory City,1818,9015,8375,8658,Hamilton,Cheviot,Statutory,3814 Harrison Avenue,,Cheviot,45211,,,,(513) 661-2700,cheviot.org,Mayor,Sanuel ,D.,Keller ,12/31/2023,,,,,,,,,,,Auditor,Theresa,,Ciolino-Klein,12/31/2023,,,,,,,,,,,,,,,Treasurer,RaeJean,,Hardig,12/31/2025,,,,,,Law Director,Kimberlee,,Rohr,12/31/2023,,,,,,,,,,,,,,,,,,,,,,,,,,,,,,,Council President,Kerry,,Smyth,12/31/2025,Council Member Ward 4,Lindsay,,Jones,12/31/2025,Yes,Council Member Ward 3,Brian,,Smyth,12/31/2025,Yes,Council Member Ward 2,John,,Hardig,12/31/2025,Yes,Council Member Ward 1,David,,Voss,12/31/2025,Yes,Council Member At Large,Amy ,,Richter,12/31/2023,Yes,Council Member At Large,Stefanie,,Hawk,12/31/2023,Yes,Council Member At Large,Kathleen,,Zech,12/31/2023,No,,,,,,,,,,,,,,,,,,,,,,,,,,,,,,,,,,,,,,,,,,,,,,,,,,,,,,,,,,,,,,,,,,,,,,,,,
2022-2023,Hamilton,Cincinnati,Charter City,1819,331285,296943,309317,Hamilton,Cincinnati,Charter,801 Plum Street,,Cincinnati,45202,,,,(513) 352-3243,https://www.cincinnati-oh.gov/cityofcincinnati/,Mayor,Aftab,,Pureval,1/5/2026,Manager,Paula,,Boggs Muething,,,,,,,,,,,,,,,,,,,,,,,,,,,,,,,,,,,,,,,,,Solicitor,Andrew,,Garth,,,,,,,,,,,,,,,,,,,,,,,,,,,,,,,,Council Member,Jan-Michele,,Lemon Kearney,1/1/2024,Yes,Council Member,Greg,,Landsman,1/1/2024,Yes,Council Member,Reggie,,Harris,1/1/2024,Yes,Council Member,Meek,,Owens,1/1/2024,Yes,Council Member,Victoria,,Parks,1/1/2024,Yes,Council Member,Scotty,,Johnson,1/1/2024,Yes,Council Member,Jeff,,Cramerding,1/1/2024,Yes,Council Member,Mark,,Jeffreys,1/1/2024,Yes,Council Member,Liz,,Keating,1/1/2024,No,,,,,,,,,,,,,,,,,,,,,,,,,,,,,,,,,,,,,,,,,,,,,,,,,,,,,,,,,,,,,
2022-2023,Hamilton,Deer Park,Statutory City,1952,5982,5736,5432,Hamilton,Deer Park,Statutory City,7777 Blue Ash Road,,Deer Park,45236,,,,(513) 794-8860,www.deerpark-oh.gov,Mayor,John,,Donnellon,11/30/2023,Manager,William,,Jetter,,,,,,,,,,,,Finance Director,Sheena,,Johnson,,,,,,,,,,,,,,,,,,,,,,,,,,Solicitor,Bryan ,,Pacheco,,,,,,,,,,,,,,,,,,,,,,,,,,,,,,,,Council Member At Large,Shaughn,,Daily,11/30/2023,Yes,Council Member At Large,Kathy,,Downs,11/30/2025,Yes,Council Member At Large,Mark,,Feldhaus,11/30/2025,Yes,Council Member At Large,Neil,,Kelly,11/23/2023,Yes,Council Member At Large,Christine,,Westmark,11/30/2023,Yes,Council Member At Large,Thomas,,Camp,11/30/2025,No,,,,,,,,,,,,,,,,,,,,,,,,,,,,,,,,,,,,,,,,,,,,,,,,,,,,,,,,,,,,,,,,,,,,,,,,,,,,,,,
2022-2023,Hamilton,Forest Park,Charter City,1961,19463,18720,20189,Hamilton,Forest Park,Charter,1201 West Kemper Road,,Forest Park,45240,,,,(513) 595-5200,www.forestpark.org,Mayor,Aharon,,Brown,11/30/2023,Manager,Don,,Jones,,,,,,,,,,,,Finance Director,Harlita,,Tomlinson,,,,,,Clerk,Sally,,Boyd,,,,,,,,,,,,Law Director,John ,,Wykoff,,,,,,,,,,,,,,,,,,,,,,,,,,,,,,,,,,,,,Council Member,Denise,,Holt,11/30/2023,Yes,Council Member,Rosalind,,Moore,11/30/2025,Yes,Council Member,Chelsea,,Clark,11/30/2025,Yes,Council Member,Travina,,Adams,11/30/2025,Yes,Council Member,Terence,,Harrison,11/30/2025,Yes,Council Member,Reginald,,Sylvester,11/30/2023,No,,,,,,,,,,,,,,,,,,,,,,,,,,,,,,,,,,,,,,,,,,,,,,,,,,,,,,,,,,,,,,,,,,,,,,,,,,,,,,,
2022-2023,Hamilton,Harrison,Charter City,1850,7487,9897,12563,Hamilton,Harrison,Charter,300 George Street,,Harrison,45030,,,,(513) 367-2111,harrisonohio.gov,Mayor,William,,Neyer,12/31/2023,,,,,,,,,,,,,,,,Finance Director,Kim,,Downey,,,,,,Clerk,Risa ,,Dole,,,,,,,,,,,,Law Director,William,,Deters,,,,,,,,,,,,,,,,,,,,,,,,,,,,,,,,,,,,,Council Member,Lexis,,Dole,12/31/2025,Yes,Council Member,Anthoney,,Egner,12/31/2023,Yes,Council Member,Jerry,,Wilson,12/31/2025,Yes,Council Member,Ryan,,Grubbs,12/31/2025,Yes,Council Member,Ryan,,Samuels,12/31/2023,Yes,Council Member,Mike,,Mains,12/31/2025,Yes,Council Member,Jean,,Wilson,12/31/2023,No,,,,,,,,,,,,,,,,,,,,,,,,,,,,,,,,,,,,,,,,,,,,,,,,,,,,,,,,,,,,,,,,,,,,,,,,,
2022-2023,Hamilton,"Indian Hill, The Village of",Charter City,1941,11677,12081,13307,Hamilton,"Indian Hill, The Village of",Charter,6525 Drake Road,,Cincinnati,45243,,,,(513) 561-6500,indianhill.gov,Mayor,Donald,,McGraw,11/30/2023,Manager,Dina,,Minneci,,,,,,,,,,,,Finance Director,Scott,,Gully,,,,,,Clerk,Paul,,Riordan,,,,,,,Clerk-Treasurer,Paul,,Riordan,,Law Director,Scott,,Phillips,,,,,,,,,,,,,,,,,,,,,,,,,,,,,,,,,,,,,Council Member,Monique,,Sewell,11/30/2023,Yes,Council Member,Stephen,,Krehbiel,11/30/2023,Yes,Council Member,Richard,,Hidy,11/30/2023,Yes,Council Member,Elizabeth,,Isphording,11/30/2023,Yes,Council Member,Shayne,,Manning,11/30/2023,Yes,Council Member,Andrew,,Byer,11/30/2023,No,,,,,,,,,,,,,,,,,,,,,,,,,,,,,,,,,,,,,,,,,,,,,,,,,,,,,,,,,,,,,,,,,,,,,,,,,,,,,,,
2022-2023,Hamilton,Loveland,Charter City,1876,8923,8726,9487,Hamilton,Loveland,Charter,120 West Loveland Avenue,,Loveland,45140,,,,(513) 683-0150,www.lovelandoh.gov,Mayor,Kathy,,Bailey,12/31/2023,Manager,David,,Kennedy,,,,,,,,,,,,Finance Director,Mark,,Medlar,,,,,,Clerk,Misty,,Brents,,,,,,,,,,,,Law Director,Joseph,,Braun,,,,,,,,,,,,,,,,,,,,,,,,,,,,,,,,,,,,,Council Member,Ted,,Phelps,12/31/2025,Yes,Council Member,Andy,,Bateman,12/31/2023,Yes,Council Member,Kent,,Blair,12/31/2023,Yes,Council Member,Tim,,Butler,12/31/2025,Yes,Council Member,John,,Hart,12/31/2025,Yes,Council Member,Kip,,Ping,12/31/2025,No,,,,,,,,,,,,,,,,,,,,,,,,,,,,,,,,,,,,,,,,,,,,,,,,,,,,,,,,,,,,,,,,,,,,,,,,,,,,,,,
2022-2023,Hamilton,Madeira,Charter City,1959,10163,10251,10853,Hamilton,Madeira,Charter,7141 Miami Avenue,,Cincinnati,45243,,,,(513) 561-7228,madeiracity.com,Mayor,Chris ,,Hilberg,11/30/2023,Manager,Thomas,,Moeller,,,,,,,,,,,,Finance Director,Kristie,,Lowndes,,,,,,Clerk,Christine,,Doyle,,Treasurer,C. Robert,,Paul,,,,,,,Law Director,Brian,,Fox,,,,,,,,,,,,,,,,,,,,,,,,,,,,,,,,,,,,,Council Member,Doug,,Moormann,11/30/2025,Yes,Council Member,Scott,,Gehring,11/30/2023,Yes,Council Member,Tom,,Henning,11/30/2023,Yes,Council Member,Alicia,,Camper,11/30/2025,Yes,Council Member,Tim,,Brock,11/30/2025,Yes,Council Member,Anne,,Horne,11/30/2025,No,,,,,,,,,,,,,,,,,,,,,,,,,,,,,,,,,,,,,,,,,,,,,,,,,,,,,,,,,,,,,,,,,,,,,,,,,,,,,,,
2022-2023,Hamilton,Montgomery,Charter City,1910,7149,6098,6996,Hamilton,Montgomery,Charter,10101 Montgomery Road,,City of Montgomery,45242,,,,(513) 792-8314,montgomeryohio.gov,Mayor,Craig ,,Margolis,12/6/2023,Manager,Brian,,Riblet,,,,,,,,,,,,Finance Director,Katie,,Smiddy,,,,,,Clerk,Connie,M.,Gaylor,,,,,,,,,,,,Law Director,Terry,,Donnellon,,,,,,,,,,,,,,,,,,,,,,,,,,,,,,,,,,,,,Vice Mayor,Lee Ann,,Bissmeyer,12/3/2025,Yes,Council Member,Mike,,Cappel,12/6/2023,Yes,Council Member,Chris ,,Dobrozsi,12/3/2025,Yes,Council Member,Ron,,Messer,12/3/2025,Yes,Council Member,Sasha ,,Naiman,12/3/2025,Yes,Council Member,Ken,,Suer,12/6/2023,No,,,,,,,,,,,,,,,,,,,,,,,,,,,,,,,,,,,,,,,,,,,,,,,,,,,,,,,,,,,,,,,,,,,,,,,,,,,,,,,
2022-2023,Hamilton,Mount Healthy,Charter City,1817,10082,9397,9663,Hamilton,Mount Healthy,Charter,7700 Perry Street,,Cincinnati,45231,,,,,,Mayor,James ,,Wolf,12/31/2023,Manager,William,,Kocher,,,,,,,,,,,,Finance Director,Scott,,Bauer,,,,,,Clerk,Melanie,,Branditz,,,,,,,,,,,,Law Director,Scott,,Sollmann,,,,,,,,,,,,,,,,,,,,,,,,,,,,,,,,Council President,Ross,,Bittner,12/31/2025,Council Member At Large,Kisha,,Dosa,12/31/2025,Yes,Council Member At Large,Cordel,,George Jr.,12/31/2023,Yes,Council Member At Large,Denise,,Lingo,12/31/2025,Yes,Council Member At Large,Robert,,Parsons,12/31/2025,Yes,Council Member At Large,Joseph,,Roetting,12/31/2023,Yes,Council Member At Large,Daniel,,Mueller II,12/31/2023,Yes,Council Member At Large,Paul,,Young III,12/31/2025,No,,,,,,,,,,,,,,,,,,,,,,,,,,,,,,,,,,,,,,,,,,,,,,,,,,,,,,,,,,,,,,,,,,,,,,,,,
2022-2023,Hamilton,North College Hill,Charter City,1941,21675,19207,19043,Hamilton,North College Hill,Charter,1500 West Galbraith Road,,Cincinnati,45231,,,,(513) 521-7413,www.northcollegehill.org,Mayor,Tracie,,Nichols,12/31/2023,,,,,,Administrator,Ron,,Mosby,,,,,,,Finance Director,Kirsten,,VanderBurg,,,,,,,,,,,,,,,,,,,,,Law Director,Bill ,,Deters,,,,,,,,,,,,,,,,,,,,,,,,,,,,,,,,Council President,Michael,,Graver,12/31/2025,Council Member,Marjorie,,Anderson,12/31/2025,Yes,Council Member,Luree,,Blythe,12/31/2023,Yes,Council Member,Mary,,Dewald,12/31/2023,Yes,Council Member,Arious,,DukesDean,12/31/2025,Yes,Council Member,Matt,,Miller-Novak,12/31/2023,Yes,Council Member,Arica,,Underwood,12/31/2025,Yes,Council Member,Arica,,Underwood,12/31/2025,Yes,Council Member,Mary Jo,,Zorb,12/31/2025,No,,,,,,,,,,,,,,,,,,,,,,,,,,,,,,,,,,,,,,,,,,,,,,,,,,,,,,,,,,,,,,,,,,,
2022-2023,Hamilton,Norwood,Statutory City,1903,11292,10385,10600,Hamilton,Norwood,Statutory,4645 Montgomery Road,Suite 102,Norwood,45212,,,,,,Mayor,Victor,,Schneider,,Manager,Noah ,,Powers,,,,,,,Auditor,James,,Stith,,,,,,,Fiscal Officer,James,,Stith,,,,,,Treasurer,James ,,Bonsall,,,,,,,Law Director,Keith,,Moore,,,,,,,,,,,,,,,,,,,,,,,,,,,,,,,,Council President,Ken,,Miracle,12/31/2024,Council Member Ward 1,Chris ,,Kelsch,12/31/2024,Yes,Council Member Ward 2,Candace ,,Winterbauer,12/31/2024,Yes,Council Member Ward 3,Eric,,Thompson,12/31/2024,Yes,Council Member Ward 4,John,,Breadon,12/31/2024,Yes,Council Member At Large,Susan,,Hoover,12/31/2024,Yes,Council Member At Large,Emily,,Franzen,12/31/2024,Yes,Council Member At Large,Alexis,,Royse,12/31/2024,No,,,,,,,,,,,,,,,,,,,,,,,,,,,,,,,,,,,,,,,,,,,,,,,,,,,,,,,,,,,,,,,,,,,,,,,,,
2022-2023,Hamilton,Reading,Statutory City,1851,13804,13560,14117,Hamilton,Reading,Statutory,1000 Market Street,,Reading,45215,,,,(513) 733-3725,,Mayor,Robert,,Bemmes,12/31/2023,Manager,Patrick,,Ross,,,,,,,Auditor,Sabrina,,Smith,12/31/2023,,,,,,,,,,,,,,,Treasurer,Brenda,,Owens,12/31/2025,,,,,,Law Director,David,,Stevenson,12/31/2023,,,,,,,,,,,,,,,,,,,,,,,,,,,,,,,Council President,Dwight,,Daum,12/31/2023,Council Member Ward 1,David,,Powell,12/31/2023,Yes,Council Member Ward 2,Andrew,J.,Bronner,12/31/2023,Yes,Council Member Ward 3,Mark,A.,Bishop,12/31/2023,Yes,Council Member Ward 4,Robert,P.,Boehner,12/31/2023,Yes,Council Member At Large,Katie,,Eadicicco,12/31/2023,Yes,Council Member At Large,Shelly,,Kroeger,12/31/2023,Yes,Council Member At Large,Scott,V.,Thamann,12/31/2023,No,,,,,,,,,,,,,,,,,,,,,,,,,,,,,,,,,,,,,,,,,,,,,,,,,,,,,,,,,,,,,,,,,,,,,,,,,
2022-2023,Hamilton,Sharonville,Statutory City,1910,10563,11223,11007,Hamilton,Sharonville,Statutory,10900 Reading Road,,Cincinnati,45241,,,,(513) 563-1144,www.sharonville.org,Mayor,Kevin,,Hardman,12/31/2023,Manager,James,,Lukas,,,,,,,Auditor,Ed,,Cunningham,12/31/2023,Finance Director,Scott,,McKeehan,,,,,,Clerk,Teri,,Bucheit,,Treasurer,Kurt,,Irey,12/31/2025,,,,,,Law Director,Charles,,Lippert,12/31/2023,,,,,,,,,,,,,,,,,,,,,,,,,,,,,,,Council President,Vicki,,Hoppe,12/31/2023,Council Member Ward 1,Glen,,Lovitt,12/31/2023,Yes,Council Member Ward 2,David,,Koch,12/31/2023,Yes,Council Member Ward 3,Paul,,Schmidt,12/31/2023,Yes,Council Member Ward 4,Rob,,Tankersley,12/31/2023,Yes,Council Member At Large,Sue,,Knight,12/31/2023,Yes,Council Member At Large,Paul,,Culter,12/31/2023,Yes,Council Member At Large,Mike,,Wilson,12/31/2023,No,,,,,,,,,,,,,,,,,,,,,,,,,,,,,,,,,,,,,,,,,,,,,,,,,,,,,,,,,,,,,,,,,,,,,,,,,
2022-2023,Hamilton,Springdale,Charter City,1959,5907,5785,6087,Hamilton,Springdale,Charter,11700 Springfield Pike,,Springdale,45246,,,,(513) 346-5720,www.springdale.org,Mayor,Doyle,,Webster,11/30/2023,,,,,,Administrator,John,,Jones,,,,,,,Finance Director,Kathy ,,McNear,11/30/2023,Fiscal Officer,Jeff,,Williams,Clerk,Same as Finance Director,,,,,,,,,,,,,,Law Director,Joe,,Braun,,,,,,,,,,,,,,,,,,,,,,,,,,,,,,,,Council President,Tom,,Vanover,11/30/2025,Council Vice Chair,Lawrence ,,"Hawkins, III",11/30/2023,Yes,Council Member,Jeffrey,,Anderson,11/30/2025,Yes,Council Member,Dan,,Jacobs,11/30/2025,Yes,Council Member,Meghan ,,Sullivan-Wisecup,11/30/2025,Yes,Council Member At Large,Carolyn,,Ghantous,11/30/2023,Yes,Council Member At Large,Joe,,Ramirez,11/30/2023,No,,,,,,,,,,,,,,,,,,,,,,,,,,,,,,,,,,,,,,,,,,,,,,,,,,,,,,,,,,,,,,,,,,,,,,,,,,,,,,,
2022-2023,Hamilton,Wyoming,Charter City,1874,8261,8428,8756,Hamilton,Wyoming,Charter,800 Oak Avenue,,Wyoming,45215,,,,(513) 821-7600,wyomingohio.gov,Mayor,Melissa,,Monich,11/30/2023,Manager,Rusty,,Herzog,,,,,,,,,,,,Finance Director,Jeremiah,,Caudill,,,,,,Clerk,Karen,,Zeilman,,,,,,,,,,,,,,,,,Solicitor,Emily,,Supinger,,,,,,,,,,,,,,,,,,,,,,,,,,,,,,,,Council Member,Dan,,Driehaus,11/30/2023,Yes,Council Member,Nancy,,Averett,11/30/2023,Yes,Council Member,Grant,,Hoffman,11/30/2023,Yes,Council Member,Sarah,,Stankorb Taylor,11/30/2023,Yes,Council Member,April,,Robles,11/30/2023,Yes,Council Member,Chris,,Woodside,11/30/2023,No,,,,,,,,,,,,,,,,,,,,,,,,,,,,,,,,,,,,,,,,,,,,,,,,,,,,,,,,,,,,,,,,,,,,,,,,,,,,,,,
2022-2023,Hancock,Findlay,Statutory City,1838,38967,41202,40313,Hancock,Findlay,Statutory,313 Municipal Building,318 Dorney Plaza,Findlay,45840,,,,(419) 424-7101,www.Findlayohio.com,Mayor,Christina,M.,Muryn,12/31/2023,,,,,,,,,,,Auditor,James,D.,Staschiak II,12/31/2025,,,,,,,,,,,,,,,Treasurer,Susan,Jo,Hite,12/31/2025,,,,,,Law Director,Donald,J.,Rasmussen,,,,,,,,,,,,,,,,,,,,,,,,,,,,,,,,Council President,John,W.,Harrington,12/31/2023,Council Member Ward 1,Brad,A.,Wisener,12/31/2023,Yes,Council Member Ward 3,Beth,A.,Warnecke,12/31/2023,Yes,Council Member Ward 5,Brian,R.,Bauman,12/31/2023,Yes,Council Member Ward 2,Dennis,J.,Hellmann,12/31/2023,Yes,Council Member Ward 6,James,H.,Niemeyer,12/31/2023,Yes,Council Member Ward 7,Joshua,V.,Palmer,12/31/2023,Yes,Council Member Ward 4,James,P.,Slough,12/31/2023,Yes,Council Member At Large,Grant,C.,Russel,12/31/2023,Yes,Council Member At Large,Randy,,Greeno,12/31/2023,Yes,Council Member At Large,Jeffrey,D.,Wobser,12/31/2023,No,,,,,,,,,,,,,,,,,,,,,,,,,,,,,,,,,,,,,,,,,,,,,,,,,,,,,,,
2022-2023,Hardin,Kenton,Statutory City,1845,8336,8262,7947,Hardin,Kenton,Statutory,111 West Franklin Street,,Kenton,43326,,,,(419) 674-4850,,Mayor,Lynn,,Webb,12/31/2023,Manager,Cynthia,,Murray,,,,,,,Auditor,Brian,,Hattery,12/31/2023,,,,,,Fiscal Officer,Pamela,,Romanko,Clerk,Brenda,,Hanna,,Treasurer,Terri,,Downey,12/31/2025,,,,,,Law Director,John,,Schwemer,12/31/2023,,,,,,,,,,,,,,,,,,,,,,,,,,,,,,,Council President,Joel,,Althauser,12/31/2023,Council Member Ward 1,Sue,,Buroker,12/31/2023,Yes,Council Member Ward 2,David,,Beazley,12/31/2023,Yes,Council Member Ward 3,Antwilla,,Davis,12/31/2023,Yes,Council Member Ward 4,Ray,,Lawrence,12/31/2023,Yes,Council Member At Large,Pegg,,Wren,12/31/2023,Yes,Council Member At Large,Anda ,,Tudor,12/31/2023,Yes,Council Member At Large,Robin,,Jones,12/31/2023,No,,,,,,,,,,,,,,,,,,,,,,,,,,,,,,,,,,,,,,,,,,,,,,,,,,,,,,,,,,,,,,,,,,,,,,,,,
2022-2023,Henry,Napoleon,Charter City,1863,9318,8749,8862,Henry,Napoleon,Charter,255 West Riverview Avenue,,Napoleon,43545,PO Box 151,Napoleon,43545,(419) 592-4010,www.napoleonohio.com,Mayor,Jason,,Maassel,12/31/2023,Manager,Joel,,Mazur,,,,,,,,,,,,Finance Director,Kevin,,Garringer,,,,,,,,,,,,,,,,,,,,,Law Director,Billy,,Harmon,,,,,,,Member Board of Trustee,Rory,,Prigge,12/31/2023,Member Board of Trustee,Michael,J.,DeWit,12/31/2022,Member Board of Trustee,Jeffrey,,Comadoll,12/31/2024,,,,,,,,,,,Council President,Joe,,Bialorucki,12/31/2025,Council Member,Daniel,,Baer,12/31/2023,Yes,Council Member,Lori,,Siclair,12/31/2025,Yes,Council Member,Kenneth,,Haase,12/31/2025,Yes,Council Member,Ross,,Durham,12/31/2023,Yes,Council Member,Molly,,Knepley,12/31/2023,Yes,Council Member,David,,Cordes,12/31/2025,No,,,,,,,,,,,,,,,,,,,,,,,,,,,,,,,,,,,,,,,,,,,,,,,,,,,,,,,,,,,,,,,,,,,,,,,,,,,,,,,
2022-2023,Highland,Hillsboro,Statutory City,1951,6368,6605,6481,Highland,Hillsboro,Statutory,130 North High Street,,Hillsboro,45133,,,,(373) 939-5219,www.hillsboroohio.net,Mayor,Justin,,Harsha,12/31/2023,,,,,,Administrator,Brianne ,,Abbott,,Auditor,Alex,,Butler,12/31/2023,,,,,,,,,,,,,,,Treasurer,Steve ,,Conrad,12/31/2025,,,,,,Law Director,Fred,,Beery,12/31/2023,,,,,,,,,,,,,,,,,,,,,,,,,,,,,,,Council President,Thomas,,Eichinger,12/31/2025,Council Member At Large,Jason,,Brown,12/31/2025,Yes,Council Member At Large,Greg,,Maurer,12/31/2025,Yes,Council Member At Large,Patty,,Day,12/31/2025,Yes,Council Member Ward 4,Mary,,Stanforth,12/31/2025,Yes,Council Member Ward 1,Adam,,Wilkin,12/31/2025,Yes,Council Member Ward 2,Don,,Storer,12/31/2025,Yes,Council Member Ward 3,Dan,,Baucher,12/31/2025,No,,,,,,,,,,,,,,,,,,,,,,,,,,,,,,,,,,,,,,,,,,,,,,,,,,,,,,,,,,,,,,,,,,,,,,,,,
2022-2023,Hocking,Logan,Statutory City,1839,6704,7152,7296,Hocking,Logan,Statutory,10 South Mulberry Street,,Logan,43138,,,,(740) 385-2448,www.cityofloganohio.com,Mayor,Greg,,Fraunfelter,12/31/2023,Manager,Bruce,,Walker,,,,,,,Auditor,Chris,D.,Robers,12/31/2023,,,,,,,,,,Clerk,Merilee,,Carlson,12/31/2023,Treasurer,Jennifer ,,Fickel,12/31/2025,,,,,,Law Director,Abigal,,Saving,12/31/2023,,,,,,,,,,,,,,,,,,,,,,,,,,,,,,,Council President,Denise,,Whalen,12/31/2023,Council Member At Large,James,,Robinson,12/31/2023,Yes,Council Member At Large,Mike,,Berry,12/31/2023,Yes,Council Member At Large,James,,Martin,12/31/2023,Yes,Council Member Ward 1,Judie,,Henniger,12/31/2023,Yes,Council Member Ward 2,Shirley,,Chapman,12/31/2023,Yes,Council Member Ward 3,Dave ,,Driscoll,12/31/2023,Yes,Council Member Ward 4,Robert,L.,Salizzoni,12/23/2021,No,,,,,,,,,,,,,,,,,,,,,,,,,,,,,,,,,,,,,,,,,,,,,,,,,,,,,,,,,,,,,,,,,,,,,,,,,
2022-2023,Huron,Bellevue,Statutory City,1851,8193,8202,8249,Huron,Bellevue,Statutory,3000 Seneca Industrial Parkway,,Bellevue,44811,,,,(419) 484-8400,www.cityofbellevue.com,Mayor,Kevin,,Strecker,12/31/2023,,,,,,Administrator,Michael,,Lantz,,Auditor,Patrick,,Smith,12/31/2023,Finance Director,Courtney,M.,Evans,,,,,,,,,,,Treasurer,David,,Freitag,12/31/2025,,,,,,Law Director,David,,Wallingford,12/31/2023,,,,,,,,,,,,,,,,,,,,,,,,,,,,,,,Council President,Ronald,,Smith,12/31/2023,Council Member Ward 1,Duane,,Baker,12/31/2023,Yes,Council Member Ward 2,William,,Burgone,12/31/2023,Yes,Council Member Ward 3,Steve,,Hill,12/31/2023,Yes,Council Member Ward 4,Beverly,,Ommert,12/31/2023,Yes,Council Member At Large,Lee,,Waldrup,12/31/2023,Yes,Council Member At Large,Kendall,,Shepherd,12/31/2023,Yes,Council Member At Large,Erin,,Downing,12/31/2023,No,,,,,,,,,,,,,,,,,,,,,,,,,,,,,,,,,,,,,,,,,,,,,,,,,,,,,,,,,,,,,,,,,,,,,,,,,
2022-2023,Huron,Norwalk,Charter City,1828,16238,17012,17068,Huron,Norwalk,Charter,38 Whittlesey Avenue,,Norwalk,44857,,,,,,Mayor,Dave,,Light,,,,,,,,,,,,,,,,,Finance Director,Sandi,,Weltlin,,,,,,,,,,,,,,,,,,,,,Law Director,Stu,,O'Hara,,,,,,,,,,,,,,,,,,,,,,,,,,,,,,,,Council President,Stephen,,Euton,12/31/2025,Council Member At Large,Samantha,,Wilhelm,12/31/2025,Yes,Council Member At Large,Bryan,,Lamb,12/31/2025,Yes,Council Member At Large,Steve,,Schumm,12/31/2025,Yes,Council Member Ward 1,Deb,,Lucal,12/31/2023,Yes,Council Member Ward 2,Tom,,Dunlap,12/31/2023,Yes,Council Member Ward 3,Jordan ,,Duncan,12/31/2023,Yes,Council Member Ward 4,Matt,,Doughty,12/31/2023,No,,,,,,,,,,,,,,,,,,,,,,,,,,,,,,,,,,,,,,,,,,,,,,,,,,,,,,,,,,,,,,,,,,,,,,,,,
2022-2023,Huron,Willard,Charter City,1959,6806,6236,6197,Huron,Willard,Charter,631 Myrtle Avenue,,Willard,44890,PO Box 367,Willard,44890,(419) 933-2591,willardohio.us,Mayor,Joseph,,Daniel,12/31/2023,Manager,Bryson,,Hamons,,,,,,,,,,,,Finance Director,Lori,,Huff,,,,,,,,,,,,,,,,,,,,,Law Director,Heather,,Heyman Niedermeier,,,,,,,,,,,,,,,,,,,,,,,,,,,,,,,,Council President,Michael,,Elmlinger,12/31/2023,Council Member Ward 1,Joseph,,Daniel,12/31/2025,Yes,Council Member Ward 2,Jacob,,McKenzie,12/31/2025,Yes,Council Member Ward 3,David,,Sattig,12/31/2025,Yes,Council Member Ward 4,Michael,,Elmlinger,12/31/2025,Yes,Council Member At Large,R Alan,,Babcock,12/31/2023,Yes,Council Member At Large,James,,Johnson,12/31/2023,Yes,Council Member At Large,Diana,,Olson,12/31/2023,No,,,,,,,,,,,,,,,,,,,,,,,,,,,,,,,,,,,,,,,,,,,,,,,,,,,,,,,,,,,,,,,,,,,,,,,,,
2022-2023,Jackson,Jackson,Statutory City,1842,6184,6397,6252,Jackson,Jackson,Statutory,319 Walnut Street,,Jackson,45640,PO Box 1090,Jackson,45640,(740) 286-2423,jacksonohio.us,Mayor,Randall,,Evans,12/31/2023,,,,,,Administrator,David,,Swackhammer,,Auditor,Brett,E.,Reed,12/31/2023,,,,,,,,,,,,,,,Treasurer,John,T.,Evans,12/31/2023,,,,,,,,,,,Solicitor,Joe,,Kirby,,,,,,,,,,,,,,,,,,,,,,,,,,,Council President,Daniel,,Fulks,12/31/2024,Council Member,Robert,,Bopp,12/31/2024,Yes,Council Member,Paul ,,Foster,12/31/2024,Yes,Council Member,Marva ,,Colby,12/31/2024,Yes,Council Member,Cinthia,,Kuhn,12/31/2024,Yes,Council Member,Daniel,,Coll,12/31/2024,Yes,Council Member,Jonathan,,Ondera,12/31/2024,Yes,Council Member,Herman ,,Crabtree,12/31/2024,Yes,Council Member,Harold ,,Newkirk,12/31/2024,Yes,Council Member,John,,Peters,12/31/2024,No,,,,,,,,,,,,,,,,,,,,,,,,,,,,,,,,,,,,,,,,,,,,,,,,,,,,,,,,,,,,,
2022-2023,Jackson,Wellston,Statutory City,1873,6078,5663,5412,Jackson,Wellston,Statutory,203 East Broadway Street,,Wellston,45692,,,,(740) 384-2720,,Mayor,Charles,,Hudson,12/31/2023,,,,,,,,,,,Auditor,Gary,,Crabtree,12/31/2021,,,,,,,,,,Clerk,Mindy,,Eisnaugle,,Treasurer,Peg,,Barber,12/31/2025,,,,,,Law Director,Randy,,Dupree,12/31/2023,,,,,,,,,,,,,,,,,,,,,,,,,,,,,,,Council President,Paul,David,McWilliams,12/31/2023,Council Member Ward 1,Angela,,Spangler,12/31/2023,Yes,Council Member Ward 2,Mattison,,Vance,12/31/2023,Yes,Council Member Ward 3,Rick,,Hudson,12/31/2023,Yes,Council Member Ward 4,Lynley,,Carey,12/31/2023,Yes,Council Member At Large,Teresa,,Lemaster,12/31/2023,Yes,Council Member At Large,Roaby,,Browning,12/31/2023,Yes,Council Member At Large,Fred,,Duby,12/31/2023,No,,,,,,,,,,,,,,,,,,,,,,,,,,,,,,,,,,,,,,,,,,,,,,,,,,,,,,,,,,,,,,,,,,,,,,,,,
2022-2023,Jefferson,Steubenville,Charter City,1851,19015,18659,18161,Jefferson,Steubenville,Charter,115 South Third Street,,Steubenville,43952,,,,(740) 283-6000,www.cityofsteubenville.us,Mayor,Gerald,,Barilla,12/31/2025,Manager,James,,Mavromatis,3/29/2024,,,,,,,,,,,Finance Director,David,,Lewis,,,,,,,,,,,,,,,,,,,,,Law Director,Costa,,Mastros,,,,,,,,,,,,,,,,,,,,,,,,,,,,,,,,,,,,,Council Member Ward 1,Asantewa,,Anyabwile,12/31/2023,Yes,Council Member Ward 2,Tracy,,McManamon,12/31/2025,Yes,Council Member Ward 3,Eric,,Timmons,12/31/2023,Yes,Council Member Ward 4,Royal,,Mayo,12/31/2025,Yes,Council Member Ward 5,William,,Paul,12/31/2023,Yes,Council Member Ward 6,Michael,,Hernon,12/31/2025,Yes,Council Member At Large,Kimberly,,Hahn,12/31/2023,No,,,,,,,,,,,,,,,,,,,,,,,,,,,,,,,,,,,,,,,,,,,,,,,,,,,,,,,,,,,,,,,,,,,,,,,,,
2022-2023,Jefferson,Toronto,Statutory City,1887,5676,5091,5303,Jefferson,Toronto,Statutory,416 Clark Street,,Toronto,43964,PO Box 189,Toronto,43964,(740) 537-3743,,Mayor,John,C.,Parker,12/31/2023,,,,,,,,,,,,Lisa,Marie,Bauman,12/31/2023,,,,,,,,,,,,,,,Treasurer,James,W.,Orsini,12/31/2025,,,,,,Law Director,Craig,Joseph,Allen,12/31/2023,,,,,,,,,,,,,,,,,,,,,,,,,,,,,,,Council President,Frank,Eugene,Mcewen Jr,12/31/2025,Council Member Ward 1,Robert,L. ,Bertram,12/31/2023,Yes,Council Member Ward 2,Brian,D.,Burris,12/31/2023,Yes,Council Member Ward 3,Jason,Allen,Fogle,12/31/2023,Yes,Council Member Ward 4,Gregory,Michael,Herrick II,12/31/2023,Yes,Council Member At Large,Michael,T.,Burkey,12/31/2025,Yes,Council Member At Large,Lawrence,C.,Glenn,12/31/2025,Yes,Council Member At Large,Ronald,Lee,Holmes,12/31/2025,No,,,,,,,,,,,,,,,,,,,,,,,,,,,,,,,,,,,,,,,,,,,,,,,,,,,,,,,,,,,,,,,,,,,,,,,,,
2022-2023,Knox,Mount Vernon,Statutory City,1880,14375,16990,16956,Knox,Mount Vernon,Statutory,40 Public Square,,Mount Vernon,43050,,,,(740) 393-9520,mountvernonohio.org,Mayor,Matthew,,Starr,12/31/2023,,,,,,Administrator,Richard,,Dzik,,Auditor,Terry,,Scott,12/31/2023,,,,,,,,,,Clerk,Todd,,Hill,,Treasurer,David,,Stuller,12/31/2023,,,,,,Law Director,P. Robert,,"Broeren, Jr.",,,,,,,,,,,,,,,,,,,,,,,,,,,,,,,,Council President,Bruce,,Hawkins,12/31/2023,Council Member Ward 1,Josh,,Kirby,12/31/2023,Yes,Council Member Ward 2,John,,Francis,12/31/2023,Yes,Council Member Ward 3,Tammy,,Woods,12/31/2023,Yes,Council Member Ward 4,Mike,,Hillier,12/31/2023,Yes,Council Member At Large,Amber,,Keener,12/31/2023,Yes,Council Member At Large,Mel,,Severn,12/31/2023,Yes,Council Member At Large,Janice,,Seavolt,12/31/2023,No,,,,,,,,,,,,,,,,,,,,,,,,,,,,,,,,,,,,,,,,,,,,,,,,,,,,,,,,,,,,,,,,,,,,,,,,,
2022-2023,Lake,Eastlake,Charter City,1948,20255,18577,17670,Lake,Eastlake,Charter,35150 Lakeshore Boulevard,,Eastlake,44095,,,,(440) 951-2200,eastlakeohio.com,Mayor,Dennis,,Morley,12/31/2025,,,,,,,,,,,,,,,,Finance Director,Carol-Ann,,Schindel,,,,,,Clerk,Alyssa,,Moran,,,,,,,,,,,,Law Director,Joseph ,,Klammer,,,,,,,,,,,,,,,,,,,,,,,,,,,,,,,,Council President Ward 2,John,,Meyers,12/31/2023,Council Member Ward 1,James,,Overstreet,12/31/2023,Yes,Council Member Ward 3,Jason,,Kasunick,12/31/2023,Yes,Council Member Ward 4,David,,Spotton,12/31/2023,Yes,Council Member At Large,Angela,R.,Schmidt,12/31/2025,Yes,Council Member At Large,Chris,,Krajnyak,12/31/2025,Yes,Council Member At Large,Michael,D.,Semick,12/31/2025,No,,,,,,,,,,,,,,,,,,,,,,,,,,,,,,,,,,,,,,,,,,,,,,,,,,,,,,,,,,,,,,,,,,,,,,,,,,,,,,,
2022-2023,Lake,Kirtland,Charter City,1971,6670,6866,6937,Lake,Kirtland,Charter City,9301 Chillicothe Road,,Kirtland,44094,,,,(440) 256-3332,www.kirtlandohio.com,Mayor,Kevin,F.,Potter,11/30/2023,,,,,,,,,,,,,,,,Finance Director,Louis,,Slapnicker,,,,,,Clerk,Denise,,Roelle,,,,,,,,,,,,Law Director,Matthew,,Lallo,,,,,,,,,,,,,,,,,,,,,,,,,,,,,,,,Council President,Jeffrey,,Ruple,11/30/2022,Council Member At Large,Matthew,,Schulz,11/30/2025,Yes,Council Member At Large,Eric,,Ziegler,11/30/2025,Yes,Council Member At Large,Ronald,,Fenstermaker,11/30/2025,Yes,Council Vice Chair,Joseph,,Smolic,11/30/2023,Yes,Council Member Ward 1,Kelly,,Wolfe,11/30/2023,Yes,Council Member Ward 2,Scott,,Haymer,11/30/2023,No,,,,,,,,,,,,,,,,,,,,,,,,,,,,,,,,,,,,,,,,,,,,,,,,,,,,,,,,,,,,,,,,,,,,,,,,,,,,,,,
2022-2023,Lake,Mentor,Charter City,1963,50278,47159,47450,Lake,Mentor,Charter,8500 Civic Center Boulevard,Council Office,Mentor,44060,,,,(440) 974-5700,www.cityofmentor.com,,,,,,Manager,Kenneth,J.,Filipiak,,,,,,,,,,,,Finance Director,David,W.,Malinowski,,Fiscal Officer,David,W.,Malinowski,Clerk,Julie,A.,Schiavoni,,,,,,,,,,,,Law Director,Joseph,P.,Szeman,,,,,,,,,,,,,,,,,,,,,,,,,,,,,,,,Council President,Matthew,E.,Donovan,12/31/2023,Council Member At Large,Janet,A.,Dowling,1/1/2026,Yes,Council Member At Large,Ray,,Kirchner,1/3/2026,Yes,Council Member At Large,Scott,J.,Marn,1/2/2026,Yes,Council Member,Mark,T.,Freeman,12/31/2023,Yes,Council Member,John,A.,Krueger,12/31/2023,Yes,Council Member,Sean,P.,Blake,12/31/2023,No,,,,,,,,,,,,,,,,,,,,,,,,,,,,,,,,,,,,,,,,,,,,,,,,,,,,,,,,,,,,,,,,,,,,,,,,,,,,,,,
2022-2023,Lake,Mentor-On-The-Lake,Charter City,1924,8127,7443,7131,Lake,Mentor-On-The-Lake,Charter,5860 Andrews Road,,Mentor On The Lake,44060,,,,,,Mayor,David,R.,Eva,12/31/2023,,,,,,Administrator,Hollie,,Bartone,,,,,,,Finance Director,Hollie,,Bartone,,,,,,,,,,,,,,,,,,,,,Law Director,James,,Lyons,,Solicitor,Joseph,,Gurley,,,,,,,,,,,,,,,,,,,,,,,,,,,Council President,Robert,,Johnson,12/31/2023,Council Vice Chair,Kevin ,,Bittner,12/31/2025,Yes,Council Member Ward 4,Desirea,,Thompson,12/31/2023,Yes,Council Member At Large,James ,,Lunder,12/31/2025,Yes,Council Member Ward 1,David,,Chabut,12/31/2023,Yes,Council Member Ward 2,Paul,,Morris,12/31/2023,Yes,Council Member At Large,Michelle,,Moore,12/31/2023,No,,,,,,,,,,,,,,,,,,,,,,,,,,,,,,,,,,,,,,,,,,,,,,,,,,,,,,,,,,,,,,,,,,,,,,,,,,,,,,,
2022-2023,Lake,Painesville,Charter City,1832,17503,19563,20312,Lake,Painesville,Charter,7 Richmond Street,,Painesville,44077,PO Box 601,Painesville,44077,(440) 352-9301,www.painesville.com,,,,,,Manager,Douglas,L.,Lewis,,,,,,,,,,,,Finance Director,Andrew ,,Unetic,,,,,,,,,,,,,,,,,,,,,Law Director,Joseph,M.,Gurley,,,,,,,,,,,,,,,,,,,,,,,,,,,,,,,,Council President Ward 1,Christine ,,Shoop,12/31/2023,Council Member Ward 2,Katherine,,Jenkins,12/31/2023,Yes,Council Member Ward 4,Paul,,"Hach, II",12/31/2023,Yes,Council Member At Large,James,,Fodor,12/31/2025,Yes,Council Member At Large,Lori,,DiNallo,12/31/2025,Yes,Council Member Ward 3,Nicholas,,Augustine,12/31/2023,Yes,Council Member At Large,Derrick,,Abney,12/31/2025,No,,,,,,,,,,,,,,,,,,,,,,,,,,,,,,,,,,,,,,,,,,,,,,,,,,,,,,,,,,,,,,,,,,,,,,,,,,,,,,,
2022-2023,Lake,Wickliffe,Charter City,1953,13484,12750,12652,Lake,Wickliffe,Charter,28730 Ridge Road,,Wickliffe,44092,,,,(440) 943-7100,www.cityofwickliffe.com,Mayor,Joseph,D.,Sakacs,12/31/2024,,,,,,,,,,,,,,,,Finance Director,Debra,,Doles,,,,,,,,,,,,,,,,,,,,,Law Director,Scott,J.,Zele,,,,,,,,,,,,,,,,,,,,,,,,,,,,,,,,Council President,Edward,,Levon,12/31/2025,Council Member Ward 1,James,A.,Bala,12/31/2025,Yes,Council Member Ward 2,Randy,,Gerhardstein,12/31/2025,Yes,Council Member Ward 3,Thomas,,Thielman,12/31/2025,Yes,Council Member Ward 4,Sherry ,,Koski,12/31/2025,Yes,Council Member At Large,Maria,,Salotto,12/31/2025,Yes,Council Member At Large,Matthew,,Jaworski,12/31/2025,No,,,,,,,,,,,,,,,,,,,,,,,,,,,,,,,,,,,,,,,,,,,,,,,,,,,,,,,,,,,,,,,,,,,,,,,,,,,,,,,
2022-2023,Lake,Willoughby,Charter City,1853,22621,22268,23959,Lake,Willoughby,Charter,One Public Square,,Willoughby,44094,,,,(440) 951-2800,www.willoughbyohio.com,Mayor,Robert,,Fiala,12/31/2025,,,,,,,,,,,,,,,,Finance Director,Diane,,Bosley,,,,,,Clerk,Alisa,,Novak,,,,,,,,,,,,Law Director,Michael,,Lucas,,,,,,,,,,,,,,,,,,,,,,,,,,,,,,,,Council President,Robert,,Carr,12/31/2023,Council Vice Chair,John,,Tomaselli,12/31/2023,Yes,Council Member Ward 1,Christopher,,Woodin,12/31/2023,Yes,Council Member Ward 2,Ken,,Kary,12/31/2023,Yes,Council Member Ward 5,Michael,,Merhar,12/31/2023,Yes,Council Member Ward 6,Daniel,,Garry,12/31/2023,Yes,Council Member At Large,Daniel,,Anderson,12/31/2023,No,,,,,,,,,,,,,,,,,,,,,,,,,,,,,,,,,,,,,,,,,,,,,,,,,,,,,,,,,,,,,,,,,,,,,,,,,,,,,,,
2022-2023,Lake,Willoughby Hills,Charter City,1954,8595,9485,10019,Lake,Willoughby Hills,Charter,35405 Chardon Road,,Willoughby Hills,44094,,,,(440) 946-1234,www.willoughbyhills-oh.gov,Mayor,G. Andrew,,Gardner,12/31/2023,,,,,,,,,,,,,,,,Finance Director,Frank,,Brichacek,,,,,,Clerk,Karen,,Mehollin,,,,,,,,,,,,Law Director,Michael,,Lucas,,,,,,,,,,,,,,,,,,,,,,,,,,,,,,,,Council President,Christopher,,Hallum,12/31/2023,Council Vice Chair,Michael,,Kline,12/31/2023,Yes,Council Member Ward 2,Tanya,,Taylor Draper,12/23/2023,Yes,Council Member At Large,Joseph,,Jarmuszkiewicz,1/2/2027,Yes,Council Member At Large,Julie,,Belich,1/1/2027,Yes,Council Member At Large,Vicki,,Miller,1/1/2025,Yes,Council Member At Large,Daniel,,Knecht,1/3/2027,No,,,,,,,,,,,,,,,,,,,,,,,,,,,,,,,,,,,,,,,,,,,,,,,,,,,,,,,,,,,,,,,,,,,,,,,,,,,,,,,
2022-2023,Lake,Willowick,Charter City,1957,14361,14171,14204,Lake,Willowick,Charter,30435 Lakeshore Boulevard,,WIllowick,44095,,,,(440) 585-3700,www.cityofwillowick.com,Mayor,Richard,J.,Regovich,12/31/2023,,,,,,,,,,,,,,,,Finance Director,Cheryl,,Benedict,12/31/2023,,,,,Clerk,Angela,,Trend,12/31/2023,,,,,,,,,,,Law Director,Stephanie,,Landgraf,12/31/2023,,,,,,,,,,,,,,,,,,,,,,,,,,,,,,,Council President,Robert,,Patton,12/31/2023,Council Member Ward 1,Michael,,Vanni,12/31/2023,Yes,Council Member Ward 1,Monica,,Koudela,12/31/2023,Yes,Council Member Ward 2,Natalie,,Antosh,12/31/2023,Yes,Council Member Ward 2,Theresa,,Bisbee,12/31/2023,Yes,Council Member Ward 3,Charles,,Malta,12/31/2023,Yes,Council Member Ward 3,David,,Phares,12/31/2023,No,,,,,,,,,,,,,,,,,,,,,,,,,,,,,,,,,,,,,,,,,,,,,,,,,,,,,,,,,,,,,,,,,,,,,,,,,,,,,,,
2022-2023,Lawrence,Ironton,Charter City,1849,11211,11129,10571,Lawrence,Ironton,Charter,301 South 3rd Street,,Ironton,45638,PO Box 704,Ironton,45638,(740) 532-3833,https://irontonohio.org,Mayor,Samuel,,Cramblit,11/30/2023,,,,,,,,,,,,,,,,Finance Director,John,,Elam,,,,,,Clerk,Marta,,Leach,,,,,,,,,,,,,,,,,,,,,,,,,,,,,,,,,,,,,,,,,,,,,,,Council Chair,Chris,,Haney,11/30/2023,Council Member,Bob,,Cleary,11/30/2025,Yes,Council Member,Craig,,Harvey,11/30/2025,Yes,Council Member,Jacob,,Hock,11/30/2023,Yes,Council Member,Nate,,Kline,11/30/2025,Yes,Council Member,Chris ,,Perry,11/30/2025,Yes,Council Member,Mike,,Pierce,11/30/2023,No,,,,,,,,,,,,,,,,,,,,,,,,,,,,,,,,,,,,,,,,,,,,,,,,,,,,,,,,,,,,,,,,,,,,,,,,,,,,,,,
2022-2023,Licking,Heath,Charter City,1965,8527,10310,10412,Licking,Heath,Charter,1287 Hebron Road,,Heath,43056,,,,(740) 522-1420,Heathohio.gov,Mayor,Mark,D.,Johns,,,,,,,,,,,,Auditor,Jay,R.,Morrow ,,,,,,,,,,,Clerk,Tracy,,Dupps,,,,,,,,,,,,Law Director,David,,Morrison,,,,,,,,,,,,,,,,,,,,,,,,,,,,,,,,Council President,Tim,,Kelley,1/1/2024,Council Member Ward 3,Doug,,Heffley,12/31/2026,Yes,Council Member Ward 1,Adam,,Porter,12/31/2026,Yes,Council Member At Large,Deb,,Cole,12/31/2024,Yes,Council Member At Large,Jeff,,Crabill,12/31/2024,Yes,Council Member At Large,Chris,,Lawson,12/31/2024,Yes,Council Member Ward 2,Dick,,Morrow,12/31/2026,No,,,,,,,,,,,,,,,,,,,,,,,,,,,,,,,,,,,,,,,,,,,,,,,,,,,,,,,,,,,,,,,,,,,,,,,,,,,,,,,
2022-2023,Licking,Johnstown,Charter City,1813,3440,4632,5182,Licking,Johnstown,Charter,599 South Main Street,,Johnstown,43031,,,,(740) 967-3177,johnstownohio.org,Mayor,Charles,,Dutcher,12/31/2025,Manager,Jack,,Liggett,,,,,,,,,,,,Finance Director,Dana,,Steffan,,,,,,,,,,,,,,,,,,,,,Law Director,Yazan,,Ashrawi,,,,,,,,,,,,,,,,,,,,,,,,,,,,,,,,Council President,Cheryl,,Robertson,12/31/2023,Council Member,Marvin,,Block,12/31/2025,Yes,Council Member,Benjamin,,Lee,12/31/2023,Yes,Council Member,Doug,,Lehner,12/31/2025,Yes,Council Member,Sharon,,Hendren,12/31/2023,Yes,Council Member,Ryan,,Green,12/31/2025,No,,,,,,,,,,,,,,,,,,,,,,,,,,,,,,,,,,,,,,,,,,,,,,,,,,,,,,,,,,,,,,,,,,,,,,,,,,,,,,,,,,,,,
2022-2023,Licking,Newark,Charter City,1826,46279,47573,49934,Licking,Newark,Charter,40 West Main Street,,Newark,43055,,,,(740) 670-7510,newarkohio.net,Mayor,Jeff,,Hall,12/31/2023,,,,,,,,,,,Auditor,Ryan,,Bubb,12/31/2023,,,,,,,,,,,,,,,Treasurer,Brad,,Feightner,12/31/2025,,,,,,Law Director,Tricia,,Moore,12/31/2023,,,,,,,,,,,,,,,,,,,,,,,,,,,,,,,Council President,Don,,Ellington,12/31/2023,Council Member At Large,Jeff,,Harris,12/31/2023,Yes,Council Member At Large,Cheri,,Hottinger,12/31/2023,Yes,Council Member At Large,Spencer,,Barker,12/31/2023,Yes,Council Member Ward 1,Michael,,Houser,12/31/2025,Yes,Council Member Ward 2,Beth,,Bline,12/31/2025,Yes,Council Member Ward 3,Jeff,,Rath,12/31/2025,Yes,Council Member Ward 4,Mark,,Labutis,12/31/2025,Yes,Council Member Ward 5,Jonathan,,Lang,12/31/2025,Yes,Council Member Ward 6,Doug,,Marmie,12/31/2025,Yes,Council Member Ward 7,Colton,,Rine,12/31/2025,No,,,,,,,,,,,,,,,,,,,,,,,,,,,,,,,,,,,,,,,,,,,,,,,,,,,,,,,
2022-2023,Licking,Pataskala,Charter City,1892,10249,14962,17886,Licking,Pataskala,Charter,621 West Broad Street,,Pataskala,43062,,,,(740) 927-2021,cityofpataskalaohio.gov ,Mayor,Michael,,Compton,12/31/2025,,,,,,Administrator,Timothy,,Hickin,,,,,,,Finance Director,James,,Nicholson,,,,,,Clerk,Kathy,,Hoskinson,,,,,,,,,,,,Law Director,Brian,,Zets,,,,,,,,,,,,,,,,,,,,,,,,,,,,,,,,Council President,Thomas,,Lee,,Council Member Ward 1,Thomas,,Lee,12/31/2023,Yes,Council Member Ward 2,Melissa,,Carter,12/31/2023,Yes,Council Member Ward 3,Todd,,Barstow,12/31/2023,Yes,Council Member Ward 4,Brandon,,Galik,12/31/2023,Yes,Council Member At Large,Dustin,,Epperson,12/31/2025,Yes,Council Member At Large,Jude,,Hampshire,12/31/2025,Yes,Council Member At Large,Andrew,,Walther,12/31/2025,No,,,,,,,,,,,,,,,,,,,,,,,,,,,,,,,,,,,,,,,,,,,,,,,,,,,,,,,,,,,,,,,,,,,,,,,,,
2022-2023,Logan,Bellefontaine,Statutory City,1835,13069,13370,14115,Logan,Bellefontaine,Statutory,135 North Detroit Street,,Bellefontaine,43311,,,,(937) 592-4376,www.ci.bellefontaine.oh.us,Mayor,Ben,,Stahler,12/31/2023,,,,,,Administrator,Weston,,Dodds,,Auditor,Frederick,,Brentlinger,12/31/2023,,,,,,,,,,Clerk,Bonnie ,,Campbell,,Treasurer,Mark,,Fissel,12/31/2023,,,,,,Law Director,Joshua,,Stolly,12/31/2023,,,,,,,,,,,,,,,,,,,,,,,,,,,,,,,Council President,Zeb,,Wagner,12/31/2023,Council Member Ward 2,Jordan,,Reser,12/31/2023,Yes,Council Member Ward 3,Peter,,DeSomma,12/31/2023,Yes,Council Member Ward 4,Mick,,Lile,12/31/2023,Yes,Council Member At Large,Deborah,,Baker,12/31/2023,Yes,Council Member At Large,Jenna,,James,12/31/2023,Yes,Council Member At Large,Kyle,,Springs,12/31/2023,No,,,,,,,,,,,,,,,,,,,,,,,,,,,,,,,,,,,,,,,,,,,,,,,,,,,,,,,,,,,,,,,,,,,,,,,,,,,,,,,
2022-2023,Lorain,Amherst,Statutory City,1872,11797,12021,12681,Lorain,Amherst,Statutory,206 South Main Street,,Amherst,44001,,,,(440) 988-4380,amherstohio.org,Mayor,Mark,,Costilow,12/31/2023,,,,,,,,,,,Auditor,Derek,M. ,Pittak,12/31/2025,,,,,,,,,,,,,,,Treasurer,Richard,,Ramsey,12/31/2025,,,,,,Law Director,Anthony,R.,Pecora,12/31/2023,,,,,,,,,,,,,,,,,,,,,,,,,,,,,,,Council President,Jennifer,,Wasilk,12/31/2025,Council Member At Large,David,,Janik,12/31/2025,Yes,Council Member At Large,Martin ,M.,Heberling,12/31/2025,Yes,Council Member At Large,Chuck,,Winiarski III,12/31/2025,Yes,Council Member,Brian,J.,Dembinski,12/31/2023,Yes,Council Member,Edwin,,Cowger,12/31/2023,Yes,Council Member,Jake,,Wachholz,12/31/2023,Yes,Council Member,Stephanie,,Pinskey,12/31/2023,No,,,,,,,,,,,,,,,,,,,,,,,,,,,,,,,,,,,,,,,,,,,,,,,,,,,,,,,,,,,,,,,,,,,,,,,,,
2022-2023,Lorain,Avon,Charter City,1917,11446,21193,24847,Lorain,Avon,Charter,36080 Chester Road,,Avon,44011,,,,(440) 937-7806,cityofAvon.com,Mayor,Bryan,,Jensen,12/31/2025,,,,,,,,,,,,,,,,Finance Director,William,David,Logan,,,,,,Clerk,Barbara,J.,Brooks,,Treasurer,Kathy,M.,Grisa,,,,,,,Law Director,John,A. ,Gasior,,,,,,,,,,,,,,,,,,,,,,,,,,,,,,,,Council President,Brian,C.,Fischer,12/31/2023,Council Member Ward 1,Jennifer,,Demaline,12/31/2025,Yes,Council Member Ward 2,Dennis,M. ,McBride,12/31/2025,Yes,Council Member Ward 3,Anthony,F. ,Moore,12/31/2025,Yes,Council Member Ward 4,Scott,C.,Radcliffe,12/31/2025,Yes,Council Member At Large,Craig,L. ,Witherspoon,12/31/2023,Yes,Council Member At Large,Tammy,,Holtzmeier,12/31/2023,No,,,,,,,,,,,,,,,,,,,,,,,,,,,,,,,,,,,,,,,,,,,,,,,,,,,,,,,,,,,,,,,,,,,,,,,,,,,,,,,
2022-2023,Lorain,Avon Lake,Charter City,1917,18145,22581,25206,Lorain,Avon Lake,Charter,150 Avon Belden Road,,Avon Lake,44012,,,,(440) 933-6141,www.AvonLake.org,Mayor,Gregory ,J.,Zilka,12/31/2023,,,,,,,,,,,,,,,,Finance Director,Steven,,Presley,,,,,,Clerk,Valerie,E.,Rosmarin,,,,,,,,,,,,Law Director,Gary,A. ,Ebert,,,,,,,,,,,,,,,,,,,,,,,,,,,,,,,,Council President,Martin,E.,O'Donnell,12/31/2025,Council Member Ward 1,Billie Jo,,David,12/31/2023,Yes,Council Member Ward 2,Jennifer,,Fenderbosch,12/31/2023,Yes,Council Member Ward 3,Mark,,Spaetzel,12/31/2023,Yes,Council Member Ward 4,David ,,Kos,12/31/2023,Yes,Council Member At Large,Zach,,Arnold,12/31/2025,Yes,Council Member At Large,Karl,C.,Zuber,12/31/2025,No,,,,,,,,,,,,,,,,,,,,,,,,,,,,,,,,,,,,,,,,,,,,,,,,,,,,,,,,,,,,,,,,,,,,,,,,,,,,,,,
2022-2023,Lorain,Elyria,Charter City,1833,55953,54533,52656,Lorain,Elyria,Charter,131 Court Street,,Elyria,44035,,,,,,Mayor,Frank,,Whitfield,12/31/2023,,,,,,,,,,,,,,,,Finance Director,Ted,,Pileski,12/31/2023,,,,,,,,,,,,,,,,,,,,Law Director,Amanda,,Deery,12/31/2023,,,,,,,,,,,,,,,,,,,,,,,,,,,,,,,Council President,Victor,,Stewart III,12/31/2023,Council Member Ward 1,Andrew,,Lipian,12/31/2023,Yes,Council Member Ward 2,Brenda,,Davis,12/31/2023,Yes,Council Member Ward 3,Maurice,,"Corbin, III",12/31/2023,Yes,Council Member Ward 4,Kenny,,Oswald,12/31/2023,Yes,Council Member Ward 5,Diane ,,Simmons,12/31/2023,Yes,Council Member Ward 6,Donna,,Mitchell,12/31/2023,Yes,Council Member Ward 7,Jack,,Cerra,12/31/2023,Yes,Council Member At Large,Thomas,,Callahan,12/31/2023,Yes,Council Member At Large,Chad,,Schneider,12/31/2023,Yes,Council Member At Large,Phillip,,Tollett,12/31/2023,No,,,,,,,,,,,,,,,,,,,,,,,,,,,,,,,,,,,,,,,,,,,,,,,,,,,,,,,
2022-2023,Lorain,Lorain,Statutory City,1874,68652,64097,65211,Lorain,Lorain,Statutory,200 West Erie Avenue,,Lorain,44052,,,,(440) 204-2090,www.cityoflorain.org,Mayor,Jack,,Bradley,12/31/2023,,,,,,,,,,,Auditor,Karen,Ann,Shawver,12/31/2023,,,,,,,,,,,,,,,Treasurer,Terri,,Soto,12/31/2025,,,,,,Law Director,Patrick,,Riley,12/31/2023,,,,,,,,,,,,,,,,,,,,,,,,,,,,,,,Council President,Joel,,Arredondo,12/31/2023,Council Member Ward 1,Beth,,Henley,12/31/2023,Yes,Council Member Ward 2,Victoria,,Kempton,12/31/2023,Yes,Council Member Ward 3,Pam,,Carter,12/31/2023,Yes,Council Member Ward 4,Dan,,Nutt,12/31/2023,Yes,Council Member Ward 5,Joanne,,Moon,12/31/2023,Yes,Council Member Ward 6,Rey,,Carrion,12/31/2023,Yes,Council Member Ward 7,Cory,,Shawver,12/31/2023,Yes,Council Member Ward 8,Josh,,Thornsberry,12/31/2023,Yes,Council Member At Large,Mary,,Springowski,12/31/2023,Yes,Council Member At Large,Mitch,,Fallis,12/31/2023,Yes,Council Member At Large,Tony,,Dimacchia,12/31/2023,No,,,,,,,,,,,,,,,,,,,,,,,,,,,,,,,,,,,,,,,,,,,,,,,,,
2022-2023,Lorain,North Ridgeville,Charter City,1960,22338,29465,35280,Lorain,North Ridgeville,Charter,7307 Avon Belden Road,,North Ridgeville,44039,,,,(440) 353-1508,nridgeville.org,Mayor,Kevin,,Corcoran,12/31/2023,,,,,,,,,,,Auditor,April,,Wilkerson,,,,,,,,,,,,,,,,Treasurer,Brian,,Keller,,,,,,,Law Director,Brian,,Moriarty,,,,,,,,,,,,,,,,,,,,,,,,,,,,,,,,Council President,Jason,,Jacobs,12/31/2025,Council Member Ward 1,Holly,,Swenk,12/31/2023,Yes,Council Member Ward 2,Dennis,,Boose,12/31/2023,Yes,Council Member Ward 3,Bruce,,Abens,12/31/2023,Yes,Council Member Ward 4,Clifford,,Winkel,12/31/2023,Yes,Council Member At Large,Georgia,,Awig,12/31/2025,Yes,Council Member At Large,Martin,,Devries,12/31/2025,Yes,Council Member,Jason,,Jacobs,12/31/2025,No,,,,,,,,,,,,,,,,,,,,,,,,,,,,,,,,,,,,,,,,,,,,,,,,,,,,,,,,,,,,,,,,,,,,,,,,,
2022-2023,Lorain,Oberlin,Charter City,1846,8195,8286,8555,Lorain,Oberlin,Charter,85 South Main Street,,Oberlin,44074,,,,,www.cityofoberlin.com,Mayor,,,,,Manager,Robert,,Hillard,,,,,,,,,,,,Finance Director,Sal,,Talarico,,,,,,Clerk,Belinda,,Anderson,,Treasurer,Robert,,Hillard,,,,,,,Law Director,Jon,,Clark,,,,,,,,,,,,,,,,,,,,,,,,,,,,,,,,Council President,Heather,,Adelman,12/31/2023,Council Vice Chair,Kelley ,,Singleton,12/31/2023,Yes,Council Member,Bryan,,Burgess,12/31/2023,Yes,Council Member,Ray ,,English,12/31/2023,Yes,Council Member,Eboni ,,Johnson,12/31/2023,Yes,Council Member,Elizabeth,,Meadows,12/31/2023,Yes,Council Member,Kristin,,Peterson,12/31/2023,No,,,,,,,,,,,,,,,,,,,,,,,,,,,,,,,,,,,,,,,,,,,,,,,,,,,,,,,,,,,,,,,,,,,,,,,,,,,,,,,
2022-2023,Lorain,Sheffield Lake,Charter City,1920,9371,9137,8957,Lorain,Sheffield Lake,Charter,609 Harris Road,,Sheffield Lake,44054,,,,(440) 949-7141,www.sheffieldlake.net,Mayor,Dennis,,Bring,12/31/2023,,,,,,,,,,,,,,,,Finance Director,Tamara,,Smith,12/31/2023,,,,,,,,,,Treasurer,Tamara,,Smith,12/31/2023,,,,,,Law Director,David,M.,Graves,12/31/2023,,,,,,,,,,,,,,,,,,,,,,,,,,,,,,,Council President,Richard,,Rosso,12/31/2023,Council Member Ward 1,Leanna,,Stark,12/31/2025,Yes,Council Member Ward 2,Rocky,,Radeff,12/31/2025,Yes,Council Member Ward 3,Bill,,"Wtulich, Jr.",12/31/2025,Yes,Council Member Ward 4,Mark,J.,Erdei,12/31/2025,Yes,Council Member At Large,Mark,,Cizl,12/31/2023,Yes,Council Member At Large,Steve,,Kovach,12/31/2023,Yes,Council Member At Large,Rosa,,Gee,12/31/2023,No,,,,,,,,,,,,,,,,,,,,,,,,,,,,,,,,,,,,,,,,,,,,,,,,,,,,,,,,,,,,,,,,,,,,,,,,,
2022-2023,Lorain,Vermilion,Charter City,1961,10927,10594,10659,Lorain,Vermilion,Charter,5511 Liberty Avenue,,Vermilion,44089,,,,(440) 204-2400,www.vermilion.org,Mayor,James,,Forthofer,12/31/2025,,,,,,,,,,,,,,,,Finance Director,Amy,L.,Hendricks,,,,,,,,,,,,,,,,,,,,,Law Director,Susan,,Keating-Anderson,,,,,,,,,,,,,,,,,,,,,,,,,,,,,,,,Council President,Monica,,Stark,12/31/2023,Council Member At Large,Steve,,Herron,12/31/2023,Yes,Council Member Ward 1,Patricia,,Stein,12/31/2023,Yes,Council Member Ward 2,Greg,,Drew,12/31/2023,Yes,Council Member Ward 3,Teresa,,Mayle,12/31/2023,Yes,Council Member Ward 4,Barb,,Brady,12/31/2023,Yes,Council Member Ward 5,Brian,,Holmes,12/31/2023,No,,,,,,,,,,,,,,,,,,,,,,,,,,,,,,,,,,,,,,,,,,,,,,,,,,,,,,,,,,,,,,,,,,,,,,,,,,,,,,,
2022-2023,Lucas,Maumee,Charter City,1838,15237,14286,13896,Lucas,Maumee,Charter,400 Conant Street,,Maumee,43537,,,,(419) 897-7115,www.maumee.org,Mayor,Richard,H.,Carr,12/31/2023,,,,,,Administrator,Patrick,,Burtch,,,,,,,Finance Director,Jennifer,,Harkey,,,,,,Clerk,Lorrie,,Parry,,,,,,,,,,,,Law Director,Alan,,Lehenbauer,,,,,,,,,,,,,,,,,,,,,,,,,,,,,,,,Council President,James,,MacDonald,12/31/2023,Council Member,Gabriel ,,Barrow,12/31/2023,Yes,Council Member,Scott,,Noonan,12/31/2023,Yes,Council Member,Jonathan,,Fiscus,12/31/2025,Yes,Council Member,Joshua,,Harris,12/31/2025,Yes,Council Member,Philip,,Leinbach,12/31/2025,Yes,Council Member,Margo,,Puffenberger,12/31/2025,No,,,,,,,,,,,,,,,,,,,,,,,,,,,,,,,,,,,,,,,,,,,,,,,,,,,,,,,,,,,,,,,,,,,,,,,,,,,,,,,
2022-2023,Lucas,Oregon,Charter City,1957,19355,20291,19950,Lucas,Oregon,Charter City,5330 Seaman Road,,Oregon,43616,,,,(419) 698-7000,www.oregonohio.org,Mayor,Mike,,Seferian,,,,,,,,,,,,,,,,,,,,,,,,,,,,,,,,,,,,,,,,,,,,,,,,,,,,,,,,,,,,,,,,,,,,,,,,,,,,Council President,Tim,,Zale,11/30/2023,Council Member,Marvin,,Dabish,11/30/2023,Yes,Council Member,Steve,,Hornyak,11/30/2023,Yes,Council Member,Paul,R.,Drake III,11/30/2025,Yes,Council Member,Kathleen,,Pollauf,11/30/2023,Yes,Council Member,Terry,,Reeves,11/30/2025,Yes,Council Member,Dennis,,Walendzak,11/30/2025,No,,,,,,,,,,,,,,,,,,,,,,,,,,,,,,,,,,,,,,,,,,,,,,,,,,,,,,,,,,,,,,,,,,,,,,,,,,,,,,,
2022-2023,Lucas,Sylvania,Charter City,1961,18670,18965,19011,Lucas,Sylvania,Charter,6730 Monroe Street,,Sylvania,43560,,,,(419) 885-0463,cityofsylvania.com,Mayor,Craig,A.,Stough,12/31/2025,,,,,,,,,,,,,,,,Finance Director,Toby,,Schroyer,,,,,,Clerk,Sharon,,Bucher,,,,,,,,,,,,Law Director,Leslie,,Brinning,,,,,,,,,,,,,,,,,,,,,,,,,,,,,,,,Council President,Mark,,Frye,12/31/2023,Council Member,Marcus,,Hansen,12/31/2025,Yes,Council Member,Doug,,Haynam,12/31/2023,Yes,Council Member,Brian,,McCann,12/31/2023,Yes,Council Member,Patrick,,Richardson,12/31/2025,Yes,Council Member,Lyndsey,,Stough,12/31/2023,Yes,Council Member,Mary,,Westphal,12/31/2025,No,,,,,,,,,,,,,,,,,,,,,,,,,,,,,,,,,,,,,,,,,,,,,,,,,,,,,,,,,,,,,,,,,,,,,,,,,,,,,,,
2022-2023,Lucas,Toledo,Charter City,1837,313619,287208,270871,Lucas,Toledo,Charter,One Government Center,Suite 2020,Toledo,43604,,,,(419) 245-1602,https://toledo.oh.gov/,Mayor,Wade,,Kapszukiewicz ,1/2/2026,,,,,,,,,,,Auditor,John,,Jaksetic,,Finance Director,Melanie,,Campbell,,Fiscal Officer,Thomas,F.,Buckley,Clerk,Gerald,,Dendinger,,Treasurer,Bryan,,Benner,,,,,,,Law Director,Dale,,Emch,,,,,,,,,,,,,,,,,,,,,,,,,,,,,,,,Council President,Matt,,Cherry,1/2/2024,Council Member Ward 1,John,,Hobbs,1/2/2024,Yes,Council Member Ward 3,Theresa,,Gadus,1/2/2024,Yes,Council Member Ward 4,Vanice,S.,Williams,1/2/2024,Yes,Council Member Ward 5,Sam,,Melden,1/2/2024,Yes,Council Member Ward 6,Theresa,,Morris,1/2/2024,Yes,Council Member At Large,Michele,,Grim,1/2/2026,Yes,Council Member At Large,Nick,,Komives,1/2/2026,Yes,Council Member At Large,Cerssandra ,,McPherson,1/2/2026,Yes,Council Member At Large,Katie,,Moline,1/2/2026,Yes,Council Member At Large,George ,,Sarantou,1/2/2026,Yes,Council Member At Large,Tiffany,M.,Preston Whitman,1/2/2026,No,,,,,,,,,,,,,,,,,,,,,,,,,,,,,,,,,,,,,,,,,,,,,,,,,
2022-2023,Lucas,Waterville,Charter City,1832,4828,5523,6003,Lucas,Waterville,Charter,25 North Second Street,,Waterville,43566,,,,(419) 878-8100,Waterville.org,Mayor,Tim,,Pedro,12/31/2023,,,,,,Administrator,Jon,,Gochenour,,,,,,,Finance Director,Mark,,Williams,,,,,,Clerk,Jon,,Gochenour,,Treasurer,Steve,,Schult,,,,,,,Law Director,Phil,,Dombey,,,,,,,,,,,,,,,,,,,,,,,,,,,,,,,,Council Chair,Rod,,Frey,12/31/2023,Council Member,Todd,,Borowski,12/31/2023,Yes,Council Member,Mary,,Duncan,12/31/2025,Yes,Council Member,Anthony,,Bruno,12/31/2025,Yes,Council Member,Rod,,Frey,12/31/2023,Yes,Council Member,Barb,,Bruno,12/31/2023,Yes,Council Member,John,,Rozic,12/31/2025,No,,,,,,,,,,,,,,,,,,,,,,,,,,,,,,,,,,,,,,,,,,,,,,,,,,,,,,,,,,,,,,,,,,,,,,,,,,,,,,,
2022-2023,Madison,London,Statutory City,1811,8771,9904,10279,Madison,London,Statutory,20 South QWlnut Street Suite 101,,London,43140,,,,(740) 852-1263,https://www.londonohio.gov/,Mayor,Patrick,,Closser,12/31/2023,Manager,Rex,,Castle,,Administrator,Amy,,Rees,,Auditor,Kenna,,Combs,12/31/2023,,,,,,,,,,,,,,,Treasurer,Carmen,,Mosier,12/31/2025,,,,,,Law Director,Jennifer,,Hitt,12/31/2023,,,,,,,,,,,,,,,,,,,,,,,,,,,,,,,Council President,HENRY,,COMER,12/31/2023,Council Member At Large,GREGORY ,,EADES,12/31/2023,Yes,Council Member At Large,JOSHUA ,,PETERS,12/31/2023,Yes,Council Member At Large,JOHN,,STAHL,12/31/2023,Yes,Council Member Ward 1,ANDREW,,HITT,12/31/2023,Yes,Council Member Ward 2,RICHARD,,HAYS,12/31/2023,Yes,Council Member Ward 3,DAVID,,SMITH,12/31/2023,Yes,Council Member Ward 4,BRYAN,,ROBINSON,12/31/2023,No,,,,,,,,,,,,,,,,,,,,,,,,,,,,,,,,,,,,,,,,,,,,,,,,,,,,,,,,,,,,,,,,,,,,,,,,,
2022-2023,Mahoning,Campbell,Charter City,1926,9460,8235,7852,Mahoning,Campbell,Charter,351 Tenney Avenue ,,Campbell,44405,,,,(330) 755-1451,www.campbellohio.gov/,Mayor,Bryan,,Tedesco,11/30/2023,,,,,,,,,,,,,,,,,,,,,,,,,,,,,,,,,,,,,,,,Law Director,Brian,,Macala,11/30/2023,,,,,,,,,,,,,,,,,,,,,,,,,,,,,,,Council President,George,,Levendis,11/30/2023,Council Member Ward 1,Tim,,O'Bryan,11/30/2023,Yes,Council Member Ward 2,Steve,,Cappitte,11/30/2023,Yes,Council Member Ward 3,Joseph,,Mazzocca Jr.,11/30/2023,Yes,Council Member Ward 4,Robert,,Stanko,11/30/2023,No,,,,,,,,,,,,,,,,,,,,,,,,,,,,,,,,,,,,,,,,,,,,,,,,,,,,,,,,,,,,,,,,,,,,,,,,,,,,,,,,,,,,,,,,,,,
2022-2023,Mahoning,Canfield,Charter City,1846,7374,7515,7699,Mahoning,Canfield,Charter,104 Lisbon Street,,Canfield,44406,,,,(330) 533-1101,www.canfield.gov,Mayor,Don,,Dragish,12/31/2025,Manager,Wade,,Calhoun,,,,,,,,,,,,Finance Director,Christine,,Stack-Clayton,,,,,,Clerk,Patricia,,Bernat,,,,,,,,,,,,Law Director,Mark,,Fortunato,,,,,,,,,,,,,,,,,,,,,,,,,,,,,,,,Council President,John,,Morvay,12/31/2023,Council Member At Large,Charles,,Tieche,12/31/2023,Yes,Council Member At Large,Bruce,,Neff,12/31/2023,Yes,Council Member At Large,Anthony,,Nacarato,12/31/2023,Yes,Council Member At Large,Don,,Dragish,12/31/2025,No,,,,,,,,,,,,,,,,,,,,,,,,,,,,,,,,,,,,,,,,,,,,,,,,,,,,,,,,,,,,,,,,,,,,,,,,,,,,,,,,,,,,,,,,,,,
2022-2023,Mahoning,Struthers,Statutory City,1800,11756,10713,10063,Mahoning,Struthers,Statutory,6 Elm Street,,Struthers,44471,,,,(330) 755-2181,www.cityofstruthers.com,Mayor,Catherine,Cercone,Miller,12/31/2023,,,,,,,,,,,Auditor,Christina,S.,Bohl,12/31/2023,,,,,,,,,,,,,,,Treasurer,Mark,T.,Brenner,12/31/2025,,,,,,Law Director,John,N.,Zomoida Jr.,,,,,,,,,,,,,,,,,,,,,,,,,,,,,,,,Council President,Michael ,S.,Patrick,12/31/2023,Council Member Ward 1,Lori ,A.,Greenwood,12/31/2023,Yes,Council Member Ward 2,Ronald,A.,Carcelli,12/31/2023,Yes,Council Member Ward 3,Robert ,D.,Burnside,12/31/2023,Yes,Council Member Ward 4,Richard ,S.,Bayus,12/31/2023,Yes,Council Member At Large,James ,E.,Balieck,12/31/2023,No,,,,,,,,,,,,,,,,,,,,,,,,,,,,,,,,,,,,,,,,,,,,,,,,,,,,,,,,,,,,,,,,,,,,,,,,,,,,,,,,,,,,,
2022-2023,Mahoning,Youngstown,Charter City,1850,82026,66982,60068,Mahoning,Youngstown,Charter,26 South Phelps Street,,Youngstown,44503,,,,(330) 742-8707,,Mayor,Jamael,,Brown,12/31/2025,,,,,,,,,,,,,,,,,,,,,,,,,,,,,,,,,,,,,,,,,,,,,,,,,,,,,,,,,,,,,,,,,,,,,,,,,,,Council President,Thomas,,Hetrick,12/31/2025,Council Member Ward 1,Julius,,Oliver,12/31/2023,Yes,Council Member Ward 2,Jimmy,,Hughes,12/31/2023,Yes,Council Member,Samantha,,Turner,12/31/2023,Yes,Council Member Ward 4,Mike,,Ray,12/31/2023,Yes,Council Member Ward 5,Lauren,,McNally,12/31/2023,Yes,Council Member Ward 6,Anita,,Davis,12/31/2023,Yes,Council Member Ward 7,Basia,,Adamczak,12/31/2023,No,,,,,,,,,,,,,,,,,,,,,,,,,,,,,,,,,,,,,,,,,,,,,,,,,,,,,,,,,,,,,,,,,,,,,,,,,
2022-2023,Marion,Marion,Statutory City,1890,35318,36837,35999,Marion,Marion,Statutory,233 West Center Street,,Marion,43302,,,,(740) 387-2020,www.marionohio.us,Mayor,Scott,,Schertzer,12/31/2023,,,,,,,,,,,Auditor,Miranda,,Meginness,12/31/2023,,,,,,,,,,,,,,,Treasurer,Tommy,,Reese,12/31/2025,,,,,,Law Director,Mark,,Russell,12/31/2023,,,,,,,,,,,,,,,,,,,,,,,,,,,,,,,Council President,Todd,,Schneider,12/31/2023,Council Member Ward 1,Kai,,Meade,12/31/2023,Yes,Council Member Ward 2,Ayers,,Ratliff,12/31/2023,Yes,Council Member Ward 3,Jason,,Schaber,12/31/2023,Yes,Council Member Ward 4,Joshua,,Feliciano,12/31/2023,Yes,Council Member Ward 5,Karen,,Fosnaugh,12/31/2023,Yes,Council Member Ward 6,Michael,,Neff,12/31/2023,Yes,Council Member At Large,Michael,,Thomas,12/31/2023,Yes,Council Member At Large,Aaron,,Rollins,12/31/2023,Yes,Council Member At Large,Brett,,Cornelius,12/31/2023,No,,,,,,,,,,,,,,,,,,,,,,,,,,,,,,,,,,,,,,,,,,,,,,,,,,,,,,,,,,,,,
2022-2023,Medina,Brunswick,Charter City,1960,33388,34255,35426,Medina,Brunswick,Charter,4095 Center Road,,Brunswick,44212,,,,(330) 558-6860,https://www.brunswick.oh.us/,Mayor,Ron,,Falconi,,Manager,Carl,S.,DeForest,,,,,,,,,,,,Finance Director,Todd,,Fischer,,,,,,,,,,,,,,,,,,,,,Law Director,Kenneth,,Fisher,,,,,,,,,,,,,,,,,,,,,,,,,,,,,,,,Council President,Nick,,Hanek,12/31/2023,Council Member Ward 1,Michael,,Abella,12/31/2023,Yes,Council Member Ward 3,Brandon,,Lambert,12/31/2023,Yes,Council Member Ward 4,Anthony,,Compretta,12/31/2023,Yes,Council Member At Large,Joseph,,Delsanter,12/31/2023,Yes,Council Member At Large,Kristy,,Piper,12/31/2025,Yes,Council Member At Large,Tim,,Smith,12/31/2025,No,,,,,,,,,,,,,,,,,,,,,,,,,,,,,,,,,,,,,,,,,,,,,,,,,,,,,,,,,,,,,,,,,,,,,,,,,,,,,,,
2022-2023,Medina,Medina,Charter City,1952,25139,26678,26094,Medina,Medina,Charter,132 North Elmwood Avenue,,Medina,44256,,,,(330) 725-8861,https://medinaoh.org/,Mayor,Dennis,,Hanwell,12/31/2025,,,,,,,,,,,,,,,,Finance Director,Keith,,Dirham,12/31/2025,,,,,,,,,,,,,,,,,,,,Law Director,Greg,,Huber,,,,,,,,,,,,,,,,,,,,,,,,,,,,,,,,Council President,John,,Coyne,12/31/2023,Council Member Ward 1,Jessica,,Hazeltine,12/31/2025,Yes,Council Member Ward 2,Dennis,,Simpson,12/31/2023,Yes,Council Member Ward 3,Regi,,Haire,12/31/2025,Yes,Council Member Ward 4,Jim,,Shields,12/31/2023,Yes,Council Member At Large,Paul,,Rose,12/31/2025,Yes,Council Member At Large,Bill,,Lamb,12/31/2023,No,,,,,,,,,,,,,,,,,,,,,,,,,,,,,,,,,,,,,,,,,,,,,,,,,,,,,,,,,,,,,,,,,,,,,,,,,,,,,,,
2022-2023,Medina,Wadsworth,Statutory City,1931,18437,21567,24007,Medina,Wadsworth,Statutory,120 Maple,,Wadsworth,44281,,,,(330) 335-2705,www.wadsworthcity.com,Mayor,Robin,L.,Laubaugh,12/31/2023,,,,,,Administrator,Robert,,Patrick,Appointed by Mayor,Auditor,Catherine,,Fix,12/31/2023,,,,,,,,,,Clerk,Tammy,L.,Guenther,,Treasurer,Lisa,M.,Jones,12/31/2025,,,,,,Law Director,Tom,,Morris,12/31/2023,,,,,,,,,,,,,,,,,,,,,,,,,,,,,,,Council President,Bob,,Thurber,12/31/2023,Council Member Ward 1,Ralph,,Copley,12/31/2023,Yes,Council Member Ward 2,Jon,,Yurchiak,12/31/2023,Yes,Council Member Ward 3,Jeanne,,Hines,12/31/2023,Yes,Council Member Ward 4,Bruce,,Darlington,12/31/2023,Yes,Council Member At Large,David,,Williams,12/31/2023,Yes,Council Member At Large,Thomas,,Stugmyer,12/31/2023,Yes,Council Member At Large,Daniel,,Rospert,12/31/2023,No,,,,,,,,,,,,,,,,,,,,,,,,,,,,,,,,,,,,,,,,,,,,,,,,,,,,,,,,,,,,,,,,,,,,,,,,,
2022-2023,Mercer,Celina,Statutory City,1834,10303,10400,10935,Mercer,Celina,Statutory,225 North Main Street,,Celina,45822,,,,(419) 586-6464,www.ci.celina.oh.us,Mayor,Jeffrey ,,Hazel,12/31/2023,,,,,,,,,,,Auditor,Brooke,,Shinn,12/31/2023,,,,,,,,,,,,,,,Treasurer,Ryan,,Byers,12/31/2025,,,,,,Law Director,George,,Moore,12/31/2023,,,,,,,,,,,,,,,,,,,,,,,,,,,,,,,Council President,Jason,,King,12/31/2025,Council Member Ward 1,Myron ,,Buxton,12/31/2025,Yes,Council Member Ward 2,Eric,,Baltzell,12/31/2025,Yes,Council Member Ward 3,Mark,,Fleck,12/31/2025,Yes,Council Member Ward 4,Eric,,Clausen,12/31/2025,Yes,Council Member At Large,Calvin,June,Scott,12/31/2023,Yes,Council Member At Large,Mike,,Sovinski,12/31/2023,Yes,Council Member At Large,Eric,,Lochtefeld,12/31/2023,No,,,,,,,,,,,,,,,,,,,,,,,,,,,,,,,,,,,,,,,,,,,,,,,,,,,,,,,,,,,,,,,,,,,,,,,,,
2022-2023,Miami,Piqua,Charter City,1823,20738,20522,20354,Miami,Piqua,Charter,201 West Water Street,,Piqua,45356,,,,(937) 778-2070,www.piquaoh.org,Mayor,Thomas,,Fogt,12/31/2024,Manager,Paul,,Oberdorfer,,,,,,,,,,,,Finance Director,Benjamin,,Goodin,,,,,,Clerk,Karen,,Jenkins,,,,,,,,,,,,,,,,,,,,,,,,,,,,,,,,,,,,,,,,,,,,,,,Council President,Thomas,,Fogt,12/31/2024,Council Member Ward 3,Kris,,Lee,12/31/2025,Yes,Council Member Ward 4,Chris,,Grissom,12/31/2025,Yes,Council Member Ward 2,Cynthia,,Pearson,12/31/2023,Yes,Council Member Ward 5,Kathryn,,Hinds,12/31/2023,Yes,Council Member Ward 1,Thomas,,Fogt,12/31/2023,No,,,,,,,,,,,,,,,,,,,,,,,,,,,,,,,,,,,,,,,,,,,,,,,,,,,,,,,,,,,,,,,,,,,,,,,,,,,,,,,,,,,,,
2022-2023,Miami,Tipp City,Charter City,1841,9221,9689,10274,Miami,Tipp City,Charter,260 South Garber Drive,,Tipp City,45371,,,,(937) 667-8425,www.tippcity.gov,Mayor,Mike,,McFarland,12/31/2023,Manager,Timothy,,Eggleston,,,,,,,,,,,,Finance Director,John,,Green,,,,,,Clerk,Janice,,Bates,,,,,,,,,,,,Law Director,Jonathan,,Freeman,,,,,,,,,,,,,,,,,,,,,,,,,,,,,,,,Council President,Kathryn,,Huffman,12/31/2023,Council Member,Greg,,Enslen,12/31/2025,Yes,Council Member,Ryan,,Liddy,12/31/2025,Yes,Council Member,Joanna,,Pittenger,12/31/2025,Yes,Council Member,Robert,,Schwab,12/31/2023,Yes,Council Member,Douglas,,Slagel,12/31/2025,No,,,,,,,,,,,,,,,,,,,,,,,,,,,,,,,,,,,,,,,,,,,,,,,,,,,,,,,,,,,,,,,,,,,,,,,,,,,,,,,,,,,,,
2022-2023,Miami,Troy,Statutory City,1814,21999,25058,26305,Miami,Troy,Statutory,100 South Market Street,,Troy,45373,,,,(937) 335-1725,www.troyohio.gov,Mayor,Robin,I.,Oda,12/31/2023,Manager,Patrick ,E. J. ,Titterington,,,,,,,,,,,,Finance Director,John,,Frigge,12/31/2023,,,,,Clerk,Sue,G.,Knight,,Treasurer,Melvin,,Shane,12/31/2025,,,,,,Law Director,Grant,D.,Kerber,12/31/2023,,,,,,,,,,,,,,,,,,,,,,,,,,,,,,,Council President,William ,,Lutz,12/31/2023,Council Member Ward 1,Jeffrey,G.,Whidden,12/31/2023,Yes,Council Member Ward 2,Kristie,L.,Marshall,12/31/2023,Yes,Council Member Ward 3,Samuel ,J.,Pierce,12/31/3023,Yes,Council Member Ward 4,Bobby,W.,Phillips,12/31/2023,Yes,Council Member Ward 5,William,C.,Twiss,12/31/2023,Yes,Council Member Ward 6,Jeffrey,A.,Schilling,12/31/2023,Yes,Council Member At Large,William,G.,Rozell,12/31/2023,Yes,Council Member At Large,Todd,D.,Severt,12/31/2023,Yes,Council Member At Large,Lynne ,B.,Snee,12/31/2023,No,,,,,,,,,,,,,,,,,,,,,,,,,,,,,,,,,,,,,,,,,,,,,,,,,,,,,,,,,,,,,
2022-2023,Montgomery,Brookville,Charter City,1874,5289,5884,5989,Montgomery,Brookville,Charter,301 Sycamore Street,,Brookville,45309,PO Box 10,Brookville,45309,(937) 833-2135,www.brookvilleohio.com,Mayor,Chuck,,Letner,,Manager,Sonja,,Keaton,,,,,,,,,,,,Finance Director,Michelle,,Brandt,,,,,,Clerk,Kim,,Duncan,,,,,,,,,,,,Law Director,Rod,,Stephan,,,,,,,,,,,,,,,,,,,,,,,,,,,,,,,,Council President,Chuck,,Letner,12/31/2023,Council Vice Chair,James ,,Zimmerlin,12/31/2026,Yes,Council Member,Curt,,Schreier,12/31/2026,Yes,Council Member,Kim,,Wilder,12/31/2026,Yes,Council Member,Stephen,,Crane,12/31/2023,Yes,Council Member,JD,,Fowler,12/31/2023,Yes,Council Member,Jeff,,Requarth,12/31/2023,No,,,,,,,,,,,,,,,,,,,,,,,,,,,,,,,,,,,,,,,,,,,,,,,,,,,,,,,,,,,,,,,,,,,,,,,,,,,,,,,
2022-2023,Montgomery,Centerville,Charter City,1830,23024,23999,24240,Montgomery,Centerville,Charter,100 West Spring Valley,,Centerville,45458,,,,(937) 433-7151,centervilleohio.gov,Mayor,Brooks,,Compton,12/31/2023,Manager,Wayne,,Davis,,,,,,,,,,,,Finance Director,Tyler,,Roark,,,,,,Clerk,Teri,,Davis,,,,,,,,,,,,,,,,,,,,,,,,,,,,,,,,,,,,,,,,,,,,,,,,,,,,Council Member,JoAnne,,Rau,12/31/2025,Yes,Council Member,Mark,,Engert,12/31/2023,Yes,Council Member,Duke,,Lunsford,12/31/2023,Yes,Council Member,John,,Palcher,12/31/2025,Yes,Council Member,Belinda,,Kenley,12/31/2023,Yes,Council Member,Willis,,Serr,12/31/2025,No,,,,,,,,,,,,,,,,,,,,,,,,,,,,,,,,,,,,,,,,,,,,,,,,,,,,,,,,,,,,,,,,,,,,,,,,,,,,,,,
2022-2023,Montgomery,Clayton,Charter City,1942,13347,13209,13310,Montgomery,Clayton,Charter,6996 Taywood Road,,Englewood,45322,PO Box 280,Clayton,45315,(937) 836-3500,clayton.oh.us,Mayor,Mike,,Stevens,12/31/2025,Manager,Amanda,,Zimmerlin,,,,,,,,,,,,Finance Director,Kevin,,Schweitzer,,,,,,Clerk,Barbara,,Seim,,,,,,,,,,,,Law Director,Martina,,Dillon,,,,,,,,,,,,,,,,,,,,,,,,,,,,,,,,Council President,Mike,,Stevens,12/31/2025,Council Member Ward 1,Dennis,,Lieberman,12/31/2023,Yes,Council Member Ward 2,Kenneth,,Henning,12/31/2023,Yes,Council Member Ward 3,James,T.,Gorman,12/31/2023,Yes,Council Member At Large,Tina,,Kelly,12/31/2025,Yes,Council Member At Large,Brendan,,Bachman,12/31/2025,Yes,Council Member At Large,Greg,,Merkle,12/31/2025,No,,,,,,,,,,,,,,,,,,,,,,,,,,,,,,,,,,,,,,,,,,,,,,,,,,,,,,,,,,,,,,,,,,,,,,,,,,,,,,,
2022-2023,Montgomery,Dayton,Charter City,1805,166179,141527,137644,Montgomery,Dayton,Charter,101 West 3rd Street,,Dayton,45402,,,,(937) 333-3333,www.daytonohio.gov/,Mayor,Jeffrey,,Mims Jr.,12/31/2025,,,,,,,,,,,,,,,,,,,,,,,,,,,,,,,,,,,,,,,,,,,,,,,,,,,,,,,,,,,,,,,,,,,,,,,,,,,,,,,,Council Member,Darryl,,Fairchild,12/31/2025,Yes,Council Member,Shenise,,Turner-Sloss,12/31/2025,Yes,Council Member,Matt,,Joseph,12/31/2023,Yes,Council Member,Chris,,Shaw,12/31/2023,No,,,,,,,,,,,,,,,,,,,,,,,,,,,,,,,,,,,,,,,,,,,,,,,,,,,,,,,,,,,,,,,,,,,,,,,,,,,,,,,,,,,,,,,,,,,
2022-2023,Montgomery,Englewood,Charter City,1914,12235,13465,13463,Montgomery,Englewood,Charter,333 West National Road,,Englewood,45322,,,,(937) 836-5106,englewood.oh.us,Mayor,Thomas,,Franz,11/30/2023,Manager,Eric,A.,Smith,,,,,,,,,,,,Finance Director,Della,,Stearns,,,,,,Clerk,Kerry,,Norman,,,,,,,,,,,,Law Director,Michael,,McNamee,,,,,,,,,,,,,,,,,,,,,,,,,,,,,,,,,,,,,Council Member,Brad,,Daugherty,11/30/2023,Yes,Council Member,Adrienne,,Draper,11/30/2025,Yes,Council Member,Andrew,,Gough,11/30/2025,Yes,Council Member,Darren,,Sawmiller,11/30/2025,Yes,Council Member,Cathy,,McGrail,11/30/2023,Yes,Council Member,Steve,P.,Henne,11/30/2023,No,,,,,,,,,,,,,,,,,,,,,,,,,,,,,,,,,,,,,,,,,,,,,,,,,,,,,,,,,,,,,,,,,,,,,,,,,,,,,,,
2022-2023,Montgomery,Germantown,Charter City,1833,4884,5547,5796,Montgomery,Germantown,Charter,1 North Plum Street,,Germantown,45327,,,,(937) 855-7255,germantown.oh.us,Mayor,Terry,,Johnson,12/31/2025,Manager,Judity,,Gillenland,,,,,,,,,,,,Finance Director,Patricia,,Shively,,,,,,Clerk,Kelli,,Novak,,,,,,,,,,,,Law Director,Thomas,,Schiff,,,,,,,,,,,,,,,,,,,,,,,,,,,,,,,,Council President,Brian,,Wafzig,12/31/2025,Council Member,Jeff,,Jones,12/31/2023,Yes,Council Member,Bonnie,,Koogle,12/31/2023,Yes,Council Member,Michael,,Kuhn,12/31/2025,Yes,Council Member,Rick,,Reed,12/31/2023,Yes,Council Member,Robert,,Rettich IV,12/31/2025,No,,,,,,,,,,,,,,,,,,,,,,,,,,,,,,,,,,,,,,,,,,,,,,,,,,,,,,,,,,,,,,,,,,,,,,,,,,,,,,,,,,,,,
2022-2023,Montgomery,Huber Heights,Charter City,1981,38212,38101,43439,Montgomery,Huber Heights,Charter,6131 Taylorsville Road,City of Huber Heights,Huber Heights,45424,,,,(937) 233-1423,www.hhoh.org,Mayor,Jeff,,Gore,12/31/2025,Manager,Bryan,,Chodkowski,,,,,,,,,,,,Finance Director,Jim,,Bell,,,,,,Clerk,Anthony,C.,Rodgers,,,,,,,,,,,,Law Director,Gerald,,McDonald,,,,,,,,,,,,,,,,,,,,,,,,,,,,,,,,,,,,,Council Member Ward 1,Richard,,Shaw,12/31/2023,Yes,Council Member Ward 2,Don,,Webb,12/31/2023,Yes,Council Member Ward 3,Kathleen,,Baker,12/31/2025,Yes,Council Member Ward 4,Anita,,Kitchen,12/31/2025,Yes,Council Member Ward 5,Mark,,Campbell,12/31/2025,Yes,Council Member Ward 6,Ed,,Lyons,12/31/2023,Yes,Council Member At Large,Nancy,,Byrge,12/31/2025,Yes,Council Member At Large,Glenn,,Otto,12/31/2023,No,,,,,,,,,,,,,,,,,,,,,,,,,,,,,,,,,,,,,,,,,,,,,,,,,,,,,,,,,,,,,,,,,,,
2022-2023,Montgomery,Kettering,Charter City,1955,57502,56163,57862,Montgomery,Kettering,Charter,3600 Shroyer Road,,Kettering,45429,,,,(937) 296-2400,www.ketteringoh.org,Mayor,Peggy,,Lehner,12/31/2025,Manager,Mark ,,Schwieterman,,,,,,,,,,,,Finance Director,Nancy,,Gregory,,,,,,Clerk,Shauna,,Kaczynski,,,,,,,,,,,,Law Director,Ted,,Hamer,,,,,,,,,,,,,,,,,,,,,,,,,,,,,,,,,,,,,Council Member Ward 1,Lisa,,Duvall,12/31/2023,Yes,Council Member Ward 2,Bob,,Scott,12/31/2023,Yes,Council Member Ward 3,Tony,,Klepacz,12/31/2023,Yes,Council Member Ward 4,Bruce,,Duke,12/31/2023,Yes,Council Member At Large,Jacque,,Fisher,12/31/2025,Yes,Council Member At Large,Jyl,,Hall,12/31/2025,No,,,,,,,,,,,,,,,,,,,,,,,,,,,,,,,,,,,,,,,,,,,,,,,,,,,,,,,,,,,,,,,,,,,,,,,,,,,,,,,
2022-2023,Montgomery,Miamisburg,Charter City,1932,19489,20181,19923,Montgomery,Miamisburg,Charter,10 North First Street,,Miamisburg,45342,,,,(937) 847-6456,cityofmiamisburg.com,Mayor,Michelle,,Collins,12/21/2022,Manager,Keith,,Johnson,,,,,,,,,,,,Finance Director,Jennifer,,Johns,,,,,,Clerk,Kim,,Combs,,,,,,,,,,,,Law Director,Phil,,Callahan,,,,,,,,,,,,,,,,,,,,,,,,,,,,,,,,,,,,,Council Member At Large,Ryan,,Colvin,12/31/2023,Yes,Council Member At Large,Jeff ,,Nestor,12/31/2023,Yes,Council Member At Large,Greg,,Thompson,12/31/2023,Yes,Council Member Ward 1,John,,Stalder,12/31/2025,Yes,Council Member Ward 2,Sarah,,Thacker,12/31/2025,Yes,Council Member Ward 3,Tom,,Nicholas,12/31/2025,Yes,Council Member Ward 4,Mike,,McCabe,,No,,,,,,,,,,,,,,,,,,,,,,,,,,,,,,,,,,,,,,,,,,,,,,,,,,,,,,,,,,,,,,,,,,,,,,,,,
2022-2023,Montgomery,Moraine,Charter City,1957,6897,6307,6393,Montgomery,Moraine,Charter,4200 Dryden Road,,Moraine,45439,,,,(937) 535-1005,ci.moraine.oh.us,Mayor,Teri,,Murphy,12/31/2025,Manager,Michael,,Davis,,,,,,,,,,,,Finance Director,Don,,Buczek,,,,,,Clerk,Amy,,Brown,,,,,,,,,,,,Law Director,Martina,,Dillon,,,,,,,,,,,,,,,,,,,,,,,,,,,,,,,,Council Chair,Teri,,Murphy,12/31/2025,Council Member At Large,Don,,Burchett,12/31/2025,Yes,Council Member At Large,Ora,,Allen,12/31/2025,Yes,Council Vice Chair,Shirley,,Whitt,12/31/2023,Yes,Council Member Ward 1,Randy,,Daugherty,12/31/2023,Yes,Council Member Ward 2,Dave,,Miller,12/31/2023,Yes,Council Member Ward 4,Jeanette,,Marcus,12/31/2023,No,,,,,,,,,,,,,,,,,,,,,,,,,,,,,,,,,,,,,,,,,,,,,,,,,,,,,,,,,,,,,,,,,,,,,,,,,,,,,,,
2022-2023,Montgomery,Oakwood,Charter City,1908,9215,9202,9572,Montgomery,Oakwood,Charter,30 Park Avenue,,Oakwood,45419,,,,(937) 298-0600,www.oakwoodohio.gov,Mayor,William,D. ,Duncan,12/31/2023,Manager,Norbert,S.,Klopsch,,,,,,,,,,,,Finance Director,Cindy,,Stafford,,,,,,Clerk,Lori,,Stacel,,,,,,,,,,,,Law Director,Robert,F. ,Jacques,,,,,,,,,,,,,,,,,,,,,,,,,,,,,,,,,,,,,Council Member,Steve,,Byington,12/31/2023,Yes,Council Member,Robert,,Stephens,12/31/2025,Yes,Council Member,Anne,,Hilton,12/31/2023,Yes,Council Member,Leigh,,Turben,12/31/2025,No,,,,,,,,,,,,,,,,,,,,,,,,,,,,,,,,,,,,,,,,,,,,,,,,,,,,,,,,,,,,,,,,,,,,,,,,,,,,,,,,,,,,,,,,,,,
2022-2023,Montgomery,Riverside,Charter City,1994,23545,25201,24474,Montgomery,Riverside,Charter,5200 Springfield Street,Suite 100,Riverside,45431,,,,(937) 233-1801,www.riversideoh.gov,Mayor,Peter,,Williams,12/31/2023,Manager,Joshua,,Rauch,,,,,,,,,,,,Finance Director,Tom,,Garrett,,,,,,Clerk,Katie,,Lewallen,,,,,,,,,,,,Law Director,Dalma,,Grandjean,,,,,,,,,,,,,,,,,,,,,,,,,,,,,,,,Council Chair,Peter,,Williams,12/31/2023,Council Vice Chair,Mike,,Denning,12/31/2025,Yes,Council Member,April ,,Franklin,12/31/2023,Yes,Council Member,Sara,,Lommatzsch,12/31/2025,Yes,Council Member,Brenda,,Fry,12/31/2025,Yes,Council Member,Jesse,,Maxfield,12/31/2023,Yes,Council Member,Zachary,,Joseph,12/31/2025,No,,,,,,,,,,,,,,,,,,,,,,,,,,,,,,,,,,,,,,,,,,,,,,,,,,,,,,,,,,,,,,,,,,,,,,,,,,,,,,,
2022-2023,Montgomery,Trotwood,Charter City,1901,27420,24431,23070,Montgomery,Trotwood,Charter,3035 Olive Road,Floor 2,Trotwood,45426,,,,(937) 837-7771,https://trotwood.org/,Mayor,Mary,,McDonald,12/31/2023,Manager,Quincy,,Pope,,,,,,,,,,,,Finance Director,Chris,,Peeples,,,,,,Clerk,Kara ,,Landis,,,,,,,,,,,,Law Director,Stephen,M.,McHugh,,,,,,,,,,,,,,,,,,,,,,,,,,,,,,,,Council President,Mary,,McDonald,12/31/2023,Council Vice Chair,Yvette,,Page,12/31/2025,Yes,Council Member Ward 1,Bettye,,Gales,12/31/2025,Yes,Council Member Ward 2,Yvette,,Page,12/31/2025,Yes,Council Member Ward 3,"Charles ""Ron""",,Vaughn,12/31/2025,Yes,Council Member Ward 4,Tyna,,Brown,12/31/2025,Yes,Council Member At Large,Rhonda,,Finley,12/31/2023,Yes,Council Member At Large,Robert,,Kelley Jr.,12/31/2023,No,,,,,,,,,,,,,,,,,,,,,,,,,,,,,,,,,,,,,,,,,,,,,,,,,,,,,,,,,,,,,,,,,,,,,,,,,
2022-2023,Montgomery,Union,Charter City,1982,5574,6419,6859,Montgomery,Union,Charter,118 North Main Sreet,,Union,45322,,,,(937) 836-8624,unionoh.org,Mayor,Robert,Michael,O'Callaghan,12/31/2023,Manager,John,P.,Applegate,,Administrator,John,P.,Applegate,Appointed,,,,,,Finance Director,Denise,A.,Winemiller,Appointed,,,,,Clerk,Denise,A.,Winemiller,12/31/2023,,,,,,,,,,,Law Director,Joseph ,,Moore,,,,,,,,,,,,,,,,,,,,,,,,,,,,,,,,,,,,,Council Member,John,,Bruns,12/31/2023,Yes,Council Member,Jean,,Kyle,12/31/2023,Yes,Council Member,Lynne,,Thomas-Roth,12/31/2023,Yes,Council Member,Helen,,Oberer,12/31/2025,Yes,Council Member,Robert,Jay,Niemann,12/31/2025,Yes,Council Member,Ken,,Prunier,12/31/2025,No,,,,,,,,,,,,,,,,,,,,,,,,,,,,,,,,,,,,,,,,,,,,,,,,,,,,,,,,,,,,,,,,,,,,,,,,,,,,,,,
2022-2023,Montgomery,Vandalia,Charter City,1848,14603,15246,15209,Montgomery,Vandalia,Charter,333 Bohanan Drive,,Vandalia,45377,,,,(937) 415-2258,www.vandaliaohio.org,Mayor,Richard,,Herbst,12/31/2023,Manager,Daniel,D.,Wendt,,,,,,,,,,,,Finance Director,Bridgette,,Leiter,,,,,,,,,,,,,,,,,,,,,,,,,,Solicitor,Jerry,,McDonald,,,,,,,,,,,,,,,,,,,,,,,,,,,Council President,Richard,,Herbst,12/31/2022,Council Member,Robert ,,Ahlers,12/31/2023,Yes,Council Member,Michael,,Blakesly,12/31/2025,Yes,Council Member,Corey,M.,Follick,12/31/2023,Yes,Council Member,Candicce ,,Farst,12/31/2025,Yes,Council Member,Constance ,,Woods,12/31/2023,Yes,Vice Mayor,David,M. ,Lewis,12/31/2025,No,,,,,,,,,,,,,,,,,,,,,,,,,,,,,,,,,,,,,,,,,,,,,,,,,,,,,,,,,,,,,,,,,,,,,,,,,,,,,,,
2022-2023,Montgomery,West Carrollton,Charter City,1967,13818,13143,13129,Montgomery,West Carrollton,Charter,300 East Central Ave,,West Carrollton,45449,,,,(937) 859-5183,westcarrollton.org,Mayor,Jeffery,,Sanner,12/31/2023,Manager,Brad,,Townsend,,Administrator,Brad,,Townsend,,Auditor,Tom,,Reilly,,Finance Director,Tom,,Reilly,,Fiscal Officer,Tom,,Reilly,Clerk,Tom,,Reilly,,Treasurer,Tom,,Reilly,,Clerk-Treasurer,Tom,,Reilly,,Law Director,Lori,,Denlinger,,,,,,,,,,,,,,,,,,,,,,,,,,,,,,,,Council President,Angie,,Fryman,12/31/2023,Council Member,Richard,,Barnhart,12/31/2025,Yes,Council Member,Richard,,Dobson,12/31/2025,Yes,Council Member,Keith,,Tilton,12/31/2025,Yes,Council Member,Jill,,Tomlin,12/31/2023,Yes,Council Member,Amanda,,Zennie,12/31/2025,No,,,,,,,,,,,,,,,,,,,,,,,,,,,,,,,,,,,,,,,,,,,,,,,,,,,,,,,,,,,,,,,,,,,,,,,,,,,,,,,,,,,,,
2022-2023,Muskingum,Zanesville,Statutory City,1797,25586,25487,24765,Muskingum,Zanesville,Statutory,401 Market Street,,Zanesville,43701,,,,(740) 455-0601,www.coz.org,Mayor,Donald,L.,Mason,12/31/2023,,,,,,,,,,,Auditor,Andrew,Harrison,Body,12/31/2023,Finance Director,Kade,,Haddox,,,,,,Clerk,Sue,,Culbertson,,Treasurer,David,,Wolfe,12/31/2023,,,,,,Law Director,David,James,Tarbert,12/31/2023,,,,,,,,,,,,,,,,,,,,,,,,,,,,,,,Council President,Daniel,Marshall,Vincent,12/31/2023,Council Member At Large,Ann,,Gildow,12/31/2023,Yes,Council Member At Large,Joey,Lei,Osborn,12/31/2023,Yes,Council Member At Large,James,Robert,Sharrer II,12/31/2023,Yes,Council Member Ward 1,Mark,,Baker,12/31/2023,Yes,Council Member Ward 2,Jan,,Bradshaw,12/31/2023,Yes,Council Member Ward 3,Todd,,Ware,12/31/2023,Yes,Council Member Ward 4,Brad,,Wolfe,12/31/2023,Yes,Council Member Ward 5,Steven,,Foreman,12/31/2023,Yes,Council Member Ward 6,Andy,,Roberts,12/31/2023,No,,,,,,,,,,,,,,,,,,,,,,,,,,,,,,,,,,,,,,,,,,,,,,,,,,,,,,,,,,,,,
2022-2023,Ottawa,Port Clinton,Statutory City,1828,6391,6056,6025,Ottawa,Port Clinton,Statutory,1868 E Perry Street,,Port Clinton,43452,,,,(419) 734-5522,portclinton.com,Mayor,Michael,,Snider,12/31/2023,,,,,,Administrator,Tracy,,Colston,,Auditor,Gabe ,,Below,12/31/2023,,,,,,,,,,,,,,,Treasurer,Joe ,,Brenner,12/31/2025,,,,,,Law Director,Dina ,,Shenker,12/31/2023,,,,,,,,,,,,,,,,,,,,,,,,,,,,,,,Council President,Lisa,,Sarty,12/31/2023,Council Member Ward 1,Beth,,Gillman,12/31/2025,Yes,Council Member Ward 2,Richard ,,Morgan,12/31/2025,Yes,Council Member Ward 3,Margaret,,Phillips,12/31/2025,Yes,Council Member At Large,Roseann,,Hickman,12/31/2023,Yes,Council Member At Large,Jerry,,Tarolli,12/31/2023,Yes,Council Member At Large,Pat,,Hovis,12/31/2023,No,,,,,,,,,,,,,,,,,,,,,,,,,,,,,,,,,,,,,,,,,,,,,,,,,,,,,,,,,,,,,,,,,,,,,,,,,,,,,,,
2022-2023,Pickaway,Circleville,Statutory City,1836,13485,13314,13927,Pickaway,Circleville,Statutory,133 South Court Street,,Circleville,43113,,,,(740) 477-8251,ci.circleville.oh.us,Mayor,Don,,McIlroy,12/31/2023,,,,,,,,,,,Auditor,Mark,,Bidwell,12/31/2023,,,,,,,,,,,,,,,Treasurer,Dodie,,Radcliff,12/31/2025,,,,,,Law Director,Gary,,Kenworthy,12/31/2023,,,,,,,,,,,,,,,,,,,,,,,,,,,,,,,Council President,Barry,,Keller,12/31/2023,Council Member At Large,Michelle,,Blanton,12/31/2023,Yes,Council Member At Large,Katie,,Logan Hedges,12/31/2023,Yes,Council Member At Large,Tom,,Duvall,12/31/2023,Yes,Council Member Ward 1,Jeff,,Hallinin,12/31/2023,Yes,Council Member Ward 2,Caryn,,Koch-Esterline,12/31/2023,Yes,Council Member Ward 3,Todd,,Brady,12/31/2023,Yes,Council Member Ward 4,Sheri,,Theis,12/31/2023,No,,,,,,,,,,,,,,,,,,,,,,,,,,,,,,,,,,,,,,,,,,,,,,,,,,,,,,,,,,,,,,,,,,,,,,,,,
2022-2023,Portage,Aurora,Charter City,1961,13556,15548,17239,Portage,Aurora,Charter,130 South Chillicothe Road,,Aurora,44202,,,,(330) 562-6131,www.auroraoh.com,Mayor,Ann,,Womer Benjamin,12/31/2026,,,,,,,,,,,,,,,,Finance Director,Timothy,,Clymer,12/31/2026,,,,,Clerk,Donna,,Hawks,,,,,,,,,,,,Law Director,Dean,,DePiero,,,,,,,,,,,,,,,,,,,,,,,,,,,,,,,,Council President,George,,Horvat,12/31/2023,Council Member At Large,Peter,,French,12/31/2025,Yes,Council Member Ward 1,Brad,,Duguay,12/31/2025,Yes,Council Member Ward 2,Dennis,,Kovach,12/31/2023,Yes,Council Member Ward 3,Reva,,Barner,12/31/2025,Yes,Council Member Ward 6, Harold,,Hatridge,12/31/2023,Yes,Council Member At Large,John,,"Kudley, Jr.",12/31/2023,Yes,Council Member At Large,Scott,,Wolf,12/31/2023,No,,,,,,,,,,,,,,,,,,,,,,,,,,,,,,,,,,,,,,,,,,,,,,,,,,,,,,,,,,,,,,,,,,,,,,,,,
2022-2023,Portage,Kent,Charter City,1920,27906,28904,28215,Portage,Kent,Charter,320 South Depeyster,,Kent,44240,,,,(330) 678-8007,www.kentohio.org,Mayor,Jerome,T.,Fiala,12/31/2025,Manager,David,,Ruller,,,,,,,,,,,,Finance Director,Rhonda ,,Hall,,,,,,Clerk,Amy,,Wilkens,,,,,,,,,,,,Law Director,Hope,,Jones,,,,,,,,,,,,,,,,,,,,,,,,,,,,,,,,Council President,Jerry,T.,Fiala,12/31/2025,Council Member Ward 1,Garret,M. ,Ferrara,12/31/2023,Yes,Council Member Ward 2,Jack,,Amrhein,12/31/2023,Yes,Council Member Ward 3,Robin,G.,Turner,12/31/2023,Yes,Council Member Ward 4,John,M. ,Kuhar,12/31/2023,Yes,Council Member Ward 5,Heidi,,Shaffer Bish,12/31/2023,Yes,Council Member Ward 6,Tracy,,Wallach,12/31/2023,Yes,Council Member At Large,Michael,A.,DeLeone,12/31/2025,Yes,Council Member At Large,Gwen,,Rosenberg,12/31/2025,Yes,Council Member At Large,Roger,,Sidoti,12/31/2025,No,,,,,,,,,,,,,,,,,,,,,,,,,,,,,,,,,,,,,,,,,,,,,,,,,,,,,,,,,,,,,
2022-2023,Portage,Ravenna,Charter City,1853,11771,11724,11323,Portage,Ravenna,Charter,210 Park Way,,Ravenna,44266,,,,(330) 297-2155,ravennaoh.gov,Mayor,Frank ,,Seman,12/31/2023,,,,,,,,,,,,,,,,Finance Director,Brian,,Huff,3/31/2024,,,,,,,,,,,,,,,,,,,,Law Director,Frank,,Cimino,12/31/2023,,,,,,,,,,,,,,,,,,,,,,,,,,,,,,,Council President,Richard,Andrew,Kluge,12/31/2023,Council Member At Large,Amy,,Michael,12/31/2025,Yes,Council Member At Large,Cheryl,,Wood,12/31/2025,Yes,Council Member At Large,Christina,,West,12/31/2023,Yes,Council Member Ward 1,Paul,,Moskun,12/31/2025,Yes,Council Member Ward 2,Robert,,Kairis,12/31/2025,Yes,Council Member Ward 3,Matt,,Harper,12/31/2023,Yes,Council Member Ward 4,Tim,,Calfee,12/31/2023,No,,,,,,,,,,,,,,,,,,,,,,,,,,,,,,,,,,,,,,,,,,,,,,,,,,,,,,,,,,,,,,,,,,,,,,,,,
2022-2023,Portage,Streetsboro,Charter City,1971,12311,16028,17260,Portage,Streetsboro,Charter,9185 State Route 43,,Streetsboro,44241,,,,(330) 626-4942,www.cityofstreetsboro.com,Mayor,Glenn,,Broska,12/3/2023,,,,,,,,,,,,,,,,Finance Director,Matt,,Miller,,,,,,Clerk,Caroline,,Kremer,,,,,,,,,,,,Law Director,Franklin,,Beni,,,,,,,,,,,,,,,,,,,,,,,,,,,,,,,,Council President,Julie,,Field,12/3/2023,Council Member Ward 1,Michael,,Lampa,12/3/2023,Yes,Council Member Ward 2,Anthony,,Lombardo,12/3/2023,Yes,Council Member Ward 3,Jennifer,,Wagner,12/3/2023,Yes,Council Member Ward 4,Julie,,Fiedl,12/2/2023,Yes,Council Member At Large,Jon,,Hannan,11/30/2025,Yes,Council Member At Large,Justin,,Ring,11/30/2025,Yes,Council Member At Large,Steve,,Michniak,11/30/2025,No,,,,,,,,,,,,,,,,,,,,,,,,,,,,,,,,,,,,,,,,,,,,,,,,,,,,,,,,,,,,,,,,,,,,,,,,,
2022-2023,Preble,Eaton,Charter City,1836,8133,8407,8375,Preble,Eaton,Charter,328 North Maple Street,,Eaton,45320,PO Box 27,Eaton,45320,(937) 456-4125,https://www.cityofeaton.org/,Mayor,Joseph,,Renner,12/5/2022,Manager,Bradley,,Collins,,,,,,,,,,,,Finance Director,Stephanie,,Hurd,,,,,,,,,,,,,,,,,,,,,Law Director,Ryan,,Brunk,,,,,,,,,,,,,,,,,,,,,,,,,,,,,,,,,,,,,Council Member,Brad,,Moore,12/1/2025,Yes,Council Member,Christopher,,Carr,12/1/2025,Yes,Council Member,David,,Kirsch,12/1/2023,Yes,Council Member,Matthew,,Venable,12/1/2025,Yes,Council Member,Joseph,,Renner,12/1/2023,No,,,,,,,,,,,,,,,,,,,,,,,,,,,,,,,,,,,,,,,,,,,,,,,,,,,,,,,,,,,,,,,,,,,,,,,,,,,,,,,,,,,,,
2022-2023,Richland,Mansfield,Charter City,1828,49346,47821,47534,Richland,Mansfield,Charter,30 North Diamond Street,,Mansfield,44902,,,,(419) 755-9420,ci.Mansfield.oh.us,Mayor,Timothy,,Theaker,12/31/2022,,,,,,,,,,,,,,,,Finance Director,Linn,,Steward,12/31/2022,,,,,,,,,,,,,,,,,,,,Law Director,John,,Spon,12/31/2022,,,,,,,,,,,,,,,,,,,,,,,,,,,,,,,Council President,David,,Falquette,12/31/2023,Council Member Ward 1,Laura,,Burns,12/31/2023,Yes,Council Member Ward 2,Cheryl,,Meier,12/31/2023,Yes,Council Member Ward 3,Eleazor,,Akuchie,12/31/2025,Yes,Council Member Ward 4,Alomar,,Davenport,12/31/2023,Yes,Council Member Ward 5,Aurelio,,Diaz,12/31/2025,Yes,Council Member Ward 6,Kimberly,,Moton,12/31/2023,Yes,Council Member At Large,Phillip,,Scott,12/31/2023,Yes,Council Member At Large,Stephanie,,Zader,12/31/2025,No,,,,,,,,,,,,,,,,,,,,,,,,,,,,,,,,,,,,,,,,,,,,,,,,,,,,,,,,,,,,,,,,,,,
2022-2023,Richland,Ontario,Statutory City,1958,5303,6225,6656,Richland,Ontario,Statutory,555 Stumbo Road,,Ontario,44906,,,,(419) 529-3818,www.ontarioohio.org,Mayor,Randy,,Hutchinson,12/31/2025,,,,,,Administrator,Kris,,Knapp,,Auditor,Mary Ann,,Hellinger,12/31/2025,,,,,,,,,,,,,,,Treasurer,Jim,,Hairston,12/31/2025,,,,,,Law Director,Andrew ,,Medwid,12/31/2025,,,,,,,,,,,,,,,,,,,,,,,,,,,,,,,Council President,Edward,,Gallo,12/31/2023,Council Member At Large,Chad,,Wilford,12/31/2025,Yes,Council Member At Large,David,,Rehfeldt,12/31/2025,Yes,Council Member At Large,Troy,,Sapp,12/31/2025,Yes,Council Member Ward 2,Rose,,Feagin,12/31/2023,Yes,Council Member Ward 1,Nathan,,Sunderland,12/31/2023,Yes,Council Member Ward 3,Sherry,,Branham,12/31/2023,Yes,Council Member Ward 4,Joshua,,Bradley,12/31/2023,No,,,,,,,,,,,,,,,,,,,,,,,,,,,,,,,,,,,,,,,,,,,,,,,,,,,,,,,,,,,,,,,,,,,,,,,,,
2022-2023,Richland,Shelby,Charter City,1834,9821,9317,9282,Richland,Shelby,Charter,43 West Main Street,,Shelby,44875,,,,(419) 347-5131,www.shelbycity.oh.gov,Mayor,Steven,L.,Schag,12/31/2023,,,,,,,,,,,,,,,,Finance Director,Brian,Allen,Crum,,,,,,Clerk,Brian,Allen,Crum,,,,,,,,,,,,Law Director,Gordon,,Eyster,,,,,,,,,,,,,,,,,,,,,,,,,,,,,,,,Council President,Steve,,Schag,12/31/2023,Council Member At Large,Steve,,McLaughlin,12/31/2023,Yes,Council Member Ward 1,Charles,,Roub Jr.,12/31/2023,Yes,Council Member Ward 2,Derrin,,Roberts,12/31/2023,Yes,Council Member Ward 3,Garland John,,Gates,12/31/2023,Yes,Council Member Ward 4,Nathan,,Martin,12/31/2023,No,,,,,,,,,,,,,,,,,,,,,,,,,,,,,,,,,,,,,,,,,,,,,,,,,,,,,,,,,,,,,,,,,,,,,,,,,,,,,,,,,,,,,
2022-2023,Ross,Chillicothe,Statutory City,1838,21796,21901,22059,Ross,Chillicothe,Statutory City,35 South Paint Street,,Chillicothe,45601,PO Box 457,Chillicothe,45601,(740) 775-3955,https://www.chillicothe.com/,Mayor,Luke,M. ,Feeney,12/31/2023,,,,,,,,,,,Auditor,Kristal ,M. ,Spetnagel,12/31/2025,,,,,,,,,,,,,,,Treasurer,Jeremy,,Siberell,12/31/2025,,,,,,Law Director,Anna,,Villarreal,12/31/2023,,,,,,,,,,,,,,,,,,,,,,,,,,,,,,,Council President,Joseph,R.,Gieringer,12/31/2023,Council Member At Large,Anthony,D. ,Phillips,12/31/2023,Yes,Council Member At Large,Dustin,E. ,Proehl,12/31/2023,Yes,Council Member At Large,Julie, A. ,Preston,12/31/2023,Yes,Council Member Ward 2,Kathleen,,Payne,12/31/2023,Yes,Council Member Ward 3,Deidra, M. ,Nickerson,12/31/2023,Yes,Council Member Ward 4,Terrell,A. ,Fairrow,12/31/2023,Yes,Council Member Ward 5,Allison,A. ,Henderson,12/31/2023,Yes,Council Member Ward 6,Tara,M., Gillum,12/31/2023,No,,,,,,,,,,,,,,,,,,,,,,,,,,,,,,,,,,,,,,,,,,,,,,,,,,,,,,,,,,,,,,,,,,,
2022-2023,Sandusky,Clyde,Charter City,1866,6064,6325,6294,Sandusky,Clyde,Charter,222 North Main Street,,Clyde,43410,,,,(419) 547-6898,clydeohio.org,Mayor,Brent,,Stanley,12/31/2023,Manager,Paul,H.,Fiser,,,,,,,,,,,,Finance Director,Craig,,Davis,,,,,,Clerk,Janet,R.,Dickman,,,,,,,,,,,,,,,,,Solicitor,Zachary,J.,Selvey,,,,,,,,,,,,,,,,,,,,,,,,,,,,,,,,Council Member,Scott,,Black,12/31/2025,Yes,Council Member,Steve,,Keegan,12/31/2023,Yes,Council Member,Doug,,McCauley,12/31/2025,Yes,Council Member,James,Chris,Shay,12/31/2025,No,,,,,,,,,,,,,,,,,,,,,,,,,,,,,,,,,,,,,,,,,,,,,,,,,,,,,,,,,,,,,,,,,,,,,,,,,,,,,,,,,,,,,,,,,,,
2022-2023,Sandusky,Fremont,Statutory City,1866,17375,16734,15930,Sandusky,Fremont,Statutory,323 South Front Street,,Fremont,43420,,,,(419) 334-3867,www.fremontohio.org,Mayor,Daniel,,Sanchez,12/31/2023,Manager,Kenneth,,Frost,,,,,,,Auditor,Paul,,Grahl,12/31/2023,,,,,,,,,,,,,,,Treasurer,Holly,,Elder,12/31/2025,,,,,,Law Director,James,,Melle,12/31/2023,,,,,,,,,,,,,,,,,,,,,,,,,,,,,,,Council President,Jamie,,Hafford,12/31/2023,Council Member Ward 1,Justin,,Smith,12/31/2025,Yes,Council Member Ward 2,James,,Sleek,12/31/2025,Yes,Council Member Ward 3,Evangelina (Angie),,Ruiz,12/31/2025,Yes,Council Member Ward 4,Christopher,,Liebold,12/31/2025,Yes,Council Member At Large,John,,Elder,12/31/2023,Yes,Council Member At Large,Denis,,Otte,12/31/2023,Yes,Council Member At Large,Kristine,,Weiss,12/31/2023,No,,,,,,,,,,,,,,,,,,,,,,,,,,,,,,,,,,,,,,,,,,,,,,,,,,,,,,,,,,,,,,,,,,,,,,,,,
2022-2023,Scioto,Portsmouth,Charter City,1803,20909,20226,18252,Scioto,Portsmouth,Charter,728 2nd Street,Suite 24,Portsmouth,45662,,,,(740) 354-4706,www.portsmouthohio.org,Mayor,Sean,,Dunne,12/31/2025,Manager,Sam,,Sutherland,,Administrator,Sam,,Sutherland,,Auditor,M.,Trent,Williams,12/31/2023,,,,,,,,,,Clerk,Diana,Lynn,Ratliff,,,,,,,,,,,,,,,,,Solicitor,John,,Haas,12/31/2023,,,,,,,,,,,,,,,,,,,,,,,,,,Council President,Sean,,Dunne,12/31/2025,Council Member Ward 1,Sean,,Dunne,12/31/2025,Yes,Council Member Ward 2,Charlotte,,Gordon,12/23/2023,Yes,Council Member Ward 3,Andy,,Cole,12/31/2025,Yes,Council Member Ward 4,Lyvette,,Mosley,12/31/2023,Yes,Council Member Ward 5,Joey,,Sandlin,12/31/2025,Yes,Council Member Ward 6,Dennis,,Packard,12/31/2023,No,,,,,,,,,,,,,,,,,,,,,,,,,,,,,,,,,,,,,,,,,,,,,,,,,,,,,,,,,,,,,,,,,,,,,,,,,,,,,,,
2022-2023,Seneca,Fostoria,Statutory City,1854,13931,13441,13046,Seneca,Fostoria,Statutory City,213 South Main Street,,Fostoria,44830,,,,(419) 435-8282,www.fostoriaohio.gov,Mayor,Eric,,Keckler,12/31/2023,,,,,,,,,,,,,,,,Finance Director,Heidi,R.,Kauffman,12/31/2023,,,,,,,,,,,,,,,,,,,,Law Director,Stephanie,,Kiser,,,,,,,,,,,,,,,,,,,,,,,,,,,,,,,,Council President,Steve,,Kauffman,12/31/2023,Council Member Ward 1,Amy,,Mendoza,12/31/2025,Yes,Council Member Ward 3,Donald,,Mennel,12/23/2023,Yes,Council Member Ward 4,Thomas,,Lake,12/31/2025,Yes,Council Member At Large,Greg,,Cassidy,12/31/2023,Yes,Council Member At Large,Edward,,Logsdon,12/31/2023,Yes,Council Member At Large,Brian,,Shaver,12/31/2023,No,,,,,,,,,,,,,,,,,,,,,,,,,,,,,,,,,,,,,,,,,,,,,,,,,,,,,,,,,,,,,,,,,,,,,,,,,,,,,,,
2022-2023,Seneca,Tiffin,Charter City,1817,18135,17963,17953,Seneca,Tiffin,Charter,51 East Market Street,,Tiffin,44883,,,,(419) 448-5401,www.tiffinohio.gov/departments/city-council,Mayor,Dawn,,Iannantuono,12/31/2023,,,,,,,,,,,,,,,,,,,,,,,,,,,,,,,,,,,,,,,,,Brent,,Howard,12/31/2023,,,,,,,,,,,,,,,,,,,,,,,,,,,,,,,Council President,Bridget,,Boyle,12/31/2025,Council Member At Large,John,,Spahr Jr.,12/31/2025,Yes,Council Member At Large,Cheyane,,Thacker,12/31/2025,Yes,Council Member At Large,Victoria,,Wilkins,12/31/2025,No,,,,,,,,,,,,,,,,,,,,,,,,,,,,,,,,,,,,,,,,,,,,,,,,,,,,,,,,,,,,,,,,,,,,,,,,,,,,,,,,,,,,,,,,,,,,,,,,,
2022-2023,Shelby,Sidney,Charter City,1834,20211,21229,20589,Shelby,Sidney,Charter,201 West Poplar Street,,Sidney,45365,,,,(937) 498-2335,www.sidneyoh.com,Mayor,Mardie,,Milligan,11/30/2025,Manager,Andrew,,Bowsher,,,,,,,,,,,,Finance Director,Renee,,DuLaney,,,,,,Clerk,Kari ,,Egbert,,,,,,,,,,,,Law Director,David,,Busick,,,,,,,,,,,,,,,,,,,,,,,,,,,,,,,,,,,,,Council Vice Chair,Steve,,Wagner,11/30/2025,Yes,Council Member Ward 2,Joe,,Moniaci,11/30/2025,Yes,Council Member Ward 3,Scott,,Roddy,11/30/2025,Yes,Council Member At Large,Mike,,Barhorst,11/30/2023,Yes,Council Member At Large,Steve,,Klingler,11/30/2023,Yes,Council Member At Large,Jenny,,VanMatre,11/30/2023,No,,,,,,,,,,,,,,,,,,,,,,,,,,,,,,,,,,,,,,,,,,,,,,,,,,,,,,,,,,,,,,,,,,,,,,,,,,,,,,,
2022-2023,Stark,Alliance,Statutory City,1854,23253,22322,21672,Stark,Alliance,Statutory,504 East Main Street,,Alliance,44601,,,,(330) 821-3110,cityofalliance.com  ,Mayor,Alan,,Andreani,12/31/2023,,,,,,,,,,,Auditor,Kevin,,Knowles,12/31/2023,,,,,,,,,,,,,,,Treasurer,Dennis,,Clunk,,Clerk-Treasurer,Dennis,,Clunk,12/31/2023,Law Director,Caitlyn,,Weyer,12/31/2023,,,,,,,,,,,,,,,,,,,,,,,,,,,,,,,Council President,Art,,Garnes,12/31/2023,Council Member At Large,Kristopher,,Bugara,12/31/2023,Yes,Council Member At Large,Phillip,,Mastroianni,12/31/2023,Yes,Council Member At Large,Jack,,Madison,12/31/2023,Yes,Council Member Ward 1,Sheila,,Cherry,12/31/2023,Yes,Council Member Ward 2,Cindy,,King,12/31/2023,Yes,Council Member Ward 3,Edward,,Lohnes,12/31/2023,Yes,Council Member Ward 4,James,,Edwards,12/31/2023,No,,,,,,,,,,,,,,,,,,,,,,,,,,,,,,,,,,,,,,,,,,,,,,,,,,,,,,,,,,,,,,,,,,,,,,,,,
2022-2023,Stark,Canal Fulton,Charter City,1840,5061,5479,5325,Stark,Canal Fulton,Charter,155 Market Street East,,Canal Fulton,44614,,,,(330) 854-2225,cityofcanalfulton-oh.gov,Mayor,Joseph,,Schultz,,Manager,Dan,,Bucher,,Administrator,Alyssa,,Bettis,,,,,,,Finance Director,William,,Rouse,,Fiscal Officer,William,,Rouse,Clerk,Alyssa,,Bettis,,,,,,,,,,,,Law Director,,,,,,,,,,,,,,,,,,,,,,,,,,,,,,,,,,,President Pro Tempore,Eric ,,Whittington,1/1/2026,Council Vice Chair,Doug,,Morgan,1/1/2026,Yes,Council Member,Sue,,Mayberry,1/1/2026,Yes,Council Member,Mark,,Cozy,1/1/2026,Yes,Council Member,Scott,,Svab,12/31/2023,Yes,Council Member,Jeanann,,VanDenberg,12/31/2023,No,,,,,,,,,,,,,,,,,,,,,,,,,,,,,,,,,,,,,,,,,,,,,,,,,,,,,,,,,,,,,,,,,,,,,,,,,,,,,,,,,,,,,
2022-2023,Stark,Canton,Statutory City,1854,80806,73007,70872,Stark,Canton,Statutory,218 Cleveland Avenue SW,,Canton,44701,PO Box 24218,Canton,44701,(330) 438-4307,www.cantonohio.gov/,Mayor,Thomas,,Bernabei,12/31/2023,,,,,,,,,,,Auditor,Richard,,Mallonn,12/31/2023,,,,,,,,,,,,,,,Treasurer,Kim,,Perez,12/31/2025,,,,,,Law Director,Kristen,,Aytward,12/31/2023,,,,,,,,,,,,,,,,,,,,,,,,,,,,,,,Council President,William,,Sherer II,12/31/2023,Council Member At Large,James,,Babcock,12/31/2023,Yes,Council Member At Large,Louis,,Giavasis,12/31/2023,Yes,Council Member At Large,Bill,,Smuckler,12/31/2023,Yes,Council Member Ward 1,Gregory,,Hawk,12/31/2023,Yes,Council Member Ward 2,Brenda,,Kimbrough,12/31/2023,Yes,Council Member Ward 3,Jason,,Scaglione,12/31/2023,Yes,Council Member Ward 4,Chris,,Smith,12/31/2023,Yes,Council Member Ward 5,Robert,,Fisher Jr.,12/31/2023,Yes,Council Member Ward 6,Kevin,,Hall,12/31/2023,Yes,Council Member Ward 7,John,,Mariol,12/31/2023,Yes,Council Member Ward 8,Peter,,Ferguson,12/31/2023,Yes,Council Member Ward 9,Frank,,Morris,12/31/2023,No,,,,,,,,,,,,,,,,,,,,,,,,,,,,,,,,,,,,,,,,,,,
2022-2023,Stark,Louisville,Charter City,1872,8904,9186,9521,Stark,Louisville,Charter,215 South Mill Street,,Louisville,44641,,,,(330) 875-3321,louisvilleohio.com,Mayor,Patricia,,Fallot,12/31/2025,Manager,Thomas,,Pukys,,,,,,,,,,,,Finance Director,Sonja,,Herwick,,,,,,Clerk,Tiffany,,Justice,,,,,,,,,,,,Law Director,Robert,,Duffrin,,,,,,,,,,,,,,,,,,,,,,,,,,,,,,,,,,,,,Council Member,Corey ,,Street,12/31/2025,Yes,Council Member,Joanie,,Aljancic,12/31/2023,Yes,Council Member,Richard,,Slackford,12/31/2023,Yes,Council Member,Jim,,Taylor,12/31/2025,No,,,,,,,,,,,,,,,,,,,,,,,,,,,,,,,,,,,,,,,,,,,,,,,,,,,,,,,,,,,,,,,,,,,,,,,,,,,,,,,,,,,,,,,,,,,
2022-2023,Stark,Massillon,Statutory City,1868,31325,32149,32146,Stark,Massillon,Statutory,One James Duncan Plaza SE,,Massillon,44646,,,,(330) 830-1706,https://massillonohio.gov/,Mayor,Kathy,,Catazaro-Perry,12/31/2023,,,,,,,,,,,Auditor,Jayne,,Ferrero,12/31/2023,,,,,,Fiscal Officer,Jayne,,Ferrero,,,,,,Treasurer,Linda,,Litman,12/31/2025,,,,,,Law Director,Justin,,Richard,12/31/2023,,,,,,,,,,,,,,,,,,,,,,,,,,,,,,,Council President,Claudette ,,Istnick,12/31/2023,Council Member,Mark,,Lombardi,12/31/2023,Yes,Council Member,Jim,,Thieret,12/31/2023,Yes,Council Member,Michael,L.,Gregg,12/31/2023,Yes,Council Member,Jill,,Creamer,12/31/2023,Yes,Council Member,Julie,Harwig,Smith,12/31/2023,Yes,Council Member,Michael,,Snee,12/31/2023,Yes,Council Member At Large,Ted,,Herncane,12/31/2023,Yes,Council Member At Large,Jamie,,Slutz,12/31/2023,Yes,Council Member At Large,Ed,,Lewis IV,12/31/2023,No,,,,,,,,,,,,,,,,,,,,,,,,,,,,,,,,,,,,,,,,,,,,,,,,,,,,,,,,,,,,,
2022-2023,Stark,North Canton,Charter City,1960,16369,17488,17842,Stark,North Canton,Charter,145 North Main Street,,North Canton,44720,,,,(330) 499-8223,northcantonohio.gov,Mayor,Stephan,,Wilder,11/30/2023,,,,,,Administrator,Patrick,,De Orio,,,,,,,Finance Director,Jina,,Alaback,,,,,,,,,,,,,,,,,,,,,Law Director,Wayne,,Boyer,,,,,,,,,,,,,,,,,,,,,,,,,,,,,,,,Council President,Matthew,,Stroia,11/30/2023,Council Member Ward 3,Stephanie,,Werren,11/30/2023,Yes,Council Member Ward 1,Jamie,,McCleaster,11/30/2023,Yes,Council Member Ward 2,David,,Metheney,11/30/2023,Yes,Council Member Ward 4,John,,Orr,11/30/2023,Yes,Council Member At Large,Daryl,,Revoldt,11/30/2023,Yes,Council Member At Large,Christina,,Weyrick,11/30/2023,No,,,,,,,,,,,,,,,,,,,,,,,,,,,,,,,,,,,,,,,,,,,,,,,,,,,,,,,,,,,,,,,,,,,,,,,,,,,,,,,
2022-2023,Summit,Akron,Charter City,1865,217074,199110,190469,Summit,Akron,Charter,166 South High Street,Suite 100,Akron,44308,,,,(330) 375-2345,www.akronohio.gov,Mayor,Daniel,,Horrigan,12/31/2023,,,,,,,,,,,,,,,,Finance Director,Stephen,F.,Fricker,,,,,,Clerk,Sara,,Biviano,,Treasurer,Sherrill,L.,Bryson,,,,,,,Law Director,Eve,V.,Belfance,,,,,,,,,,,,,,,,,,,,,,,,,,,,,,,,Council President,Margo,,Sommerville,12/31/2023,Council Member Ward 1,Nancy,,Holland,12/31/2023,Yes,Council Member Ward 2,Phil,,Lombardo,12/31/2023,Yes,Council Member Ward 3,Margo,,Sommerville,12/31/2023,Yes,Council Member Ward 4,Russel,C.,"Neal, Jr.",12/31/2023,Yes,Council Member Ward 5,Tara,,Mosley,12/31/2023,Yes,Council Member Ward 6,Brad,,McKitrick,12/31/2023,Yes,Council Member Ward 7,Donnie,,Kammer,12/31/2023,Yes,Council Member Ward 8,Shammas,,Malik,12/31/2023,Yes,Council Member Ward 9,Mike,,Freeman,12/31/2023,Yes,Council Member Ward 10,Sharon,,Connor,12/31/2023,Yes,Council Vice Chair,Jeff,,Fusco,12/31/2023,Yes,Council Member At Large,Linda,,Omobien,12/31/2023,Yes,Council Member At Large,Ginger,,Baylor,12/31/2023,No,,,,,,,,,,,,,,,,,,,,,,,,,,,,,,,,,,,,,
2022-2023,Summit,Barberton,Charter City,1891,27899,26550,25191,Summit,Barberton,Charter,576 West Park Avenue,,Barberton,44203,,,,(330) 848-6775,www.cityofbarberton.com,Mayor,William,,Judge,12/31/2023,,,,,,,,,,,,,,,,Finance Director,Jeremy,,Flaker,12/31/2023,,,,,,,,,,,,,,,,,,,,Law Director,Lisa,,Miller,12/31/2023,,,,,,,,,,,,,,,,,,,,,,,,,,,,,,,Council President,Justin,,Greer,12/31/2025,Council Member Ward 1,Erika,,Bailey,12/31/2023,Yes,Council Member Ward 2,Adelina,,Angeloff,12/31/2023,Yes,Council Member Ward 3,Shorter,,Griffin,12/31/2023,Yes,Council Member Ward 4,Shaun,,Jaber,12/31/2023,Yes,Council Member Ward 5,Barbara,,Coburn,12/31/2023,Yes,Council Member Ward 6,Carol,,Frey,12/31/2023,Yes,Council Member At Large,Tayler,,Thompson,12/31/2025,Yes,Council Member At Large,Thomas,,Heitic,12/31/2025,No,,,,,,,,,,,,,,,,,,,,,,,,,,,,,,,,,,,,,,,,,,,,,,,,,,,,,,,,,,,,,,,,,,,
2022-2023,Summit,Cuyahoga Falls,Charter City,1920,49374,49652,51114,Summit,Cuyahoga Falls,Charter,2310 2ND Street,,Cuyahoga Falls,44221,,,,(330) 971-8000,CITYOFCF.COM,Mayor,Don,,Walters,12/31/2025,,,,,,,,,,,,,,,,Finance Director,Bryan,,Hoffman,,,,,,,,,,,Treasurer,Paul,,Novelli,,,,,,,Law Director,Janet,,Ciotola,,,,,,,,,,,,,,,,,,,,,,,,,,,,,,,,Council President,Russ,,Balthis,12/31/2023,Council Member Ward 1,Rachel,,Loza,12/31/2023,Yes,Council Member Ward 2,Susan,,Spinner,12/31/2023,Yes,Council Member Ward 3,Meika,,Penta,12/31/2023,Yes,Council Member Ward 4,Mary,,Nichols-Rhodes,12/31/2023,Yes,Council Member Ward 5,Michael,,Brillhart,12/31/2023,Yes,Council Member Ward 6,Adam,,Miller,12/31/2023,Yes,Council Member Ward 7,Jerry,,James,12/31/2023,Yes,Council Member Ward 8,Frank,,Stams,12/31/2023,Yes,Council Member At Large,Russ,,Balthis,12/31/2023,Yes,Council Member At Large,Tim,,Gorbach,12/31/2023,Yes,Council Member At Large,Brian,,Ashton,12/31/2023,No,,,,,,,,,,,,,,,,,,,,,,,,,,,,,,,,,,,,,,,,,,,,,,,,,
2022-2023,Summit,Fairlawn,Charter City,1971,7307,7437,7710,Summit,Fairlawn,Charter,3487 South Smith Road,,Fairlawn,44333,,,,(330) 668-9500,https://www.Fairlawn.us/,Mayor,William,J.,Roth,12/31/2023,,,,,,,,,,,,,,,,Finance Director,Mark,L.,Ludwig,12/31/2023,,,,,Clerk,Tonja,K.,Caldwell,,,,,,,,,,,,Law Director,R. Bryan,,Nace,,,,,,,,,,,,,,,,,,,,,,,,,,,,,,,,Council President,Russell,,Sharnsky,12/31/2023,Council Member Ward 6,Kathleen,,Baum,12/31/2023,Yes,Council Member Ward 5,Michael,,Detorakis,12/31/2025,Yes,Council Member Ward 4,Philip,,Brillhart,12/31/2023,Yes,Council Member Ward 3,Todd,,Stock,12/31/2025,Yes,Council Member Ward 2,Barbara,,Potts,12/31/2023,Yes,Council Member Ward 1,Joseph,,Gentile,12/31/2025,No,,,,,,,,,,,,,,,,,,,,,,,,,,,,,,,,,,,,,,,,,,,,,,,,,,,,,,,,,,,,,,,,,,,,,,,,,,,,,,,
2022-2023,Summit,Green,Charter City,1988,22817,25699,27475,Summit,Green,Charter,1755 Town Park Boulevard,,Uniontown,44685,PO Box 278,Green,44232-0278,(330) 896-5500,cityofgreen.org,Mayor,Gerard,,Neugebauer,12/31/2023,,,,,,,,,,,,,,,,Finance Director,Steven ,,Schmidt,,,,,,,,,,,,,,,,,,,,,Law Director,Lisa ,Carey,Dean,12/31/2023,,,,,,,,,,,,,,,,,,,,,,,,,,,,,,,Council President  (At Large) ,Dave,,France,12/31/2023,Council Member Ward 1,Barb ,,Babbitt,12/31/2025,Yes,Council Member At Large,Richard,,Brandenburg,12/31/2023,Yes,Council Member At Large,Clark ,Anthony ,De Vitis,12/31/2023,Yes,Council Member At Large,Clark ,Anthony ,De Vitis ,12/31/2023,Yes,Council Member Ward 2,Christopher ,,Meager ,12/31/2025,Yes,Council Member Ward 4,Jeff,,Noble ,12/31/2025,Yes,Council Member Ward 3,Rocco,,Yeargin,12/31/2025,No,,,,,,,,,,,,,,,,,,,,,,,,,,,,,,,,,,,,,,,,,,,,,,,,,,,,,,,,,,,,,,,,,,,,,,,,,
2022-2023,Summit,Hudson,Charter City,1837,22439,22262,23110,Summit,Hudson,Charter,1140 Terex Road,,Hudson,44236,,,,(330) 342-1700,www.hudson.oh.us,Mayor,Craig,,Shubert,2/5/2023,Manager,Jane,,Howington,NA,,,,,,,,,,,Finance Director,Jeff,,Knoblauch,,,,,,Clerk,Aparna,,Wheeler,,,,,,,,,,,,,,,,,Solicitor,Todd,,Hunt,,,,,,,,,,,,,,,,,,,,,,,,,,,Council President Ward 2,Christopher,,Foster,12/5/2023,Council Member Ward 1,Katherine,,Schlademan,12/5/2023,Yes,Council Member Ward 3,Skylar,,Sutton,12/5/2023,Yes,Council Member Ward 4,Beth,,Bigham,12/5/2023,Yes,Council Member At Large,Christopher,,Banweg,12/2/2025,Yes,Council Member At Large,Karen,,Heater,12/2/2025,Yes,Council Member At Large,Nicole,,Kowalski,12/2/2025,No,,,,,,,,,,,,,,,,,,,,,,,,,,,,,,,,,,,,,,,,,,,,,,,,,,,,,,,,,,,,,,,,,,,,,,,,,,,,,,,
2022-2023,Summit,Macedonia,Charter City,1905,9224,11188,12168,Summit,Macedonia,Charter,9691 Valley View Road,,Macedonia,44056,,,,(330) 468-8322,www.macedonia.oh.us,Mayor,Nick,,Molnar,12/31/2023,,,,,,,,,,,,,,,,Finance Director,John,,Veres,12/31/2023,,,,,,,,,,,,,,,,,,,,Law Director,Mark,,Guidetti,12/31/2023,,,,,,,,,,,,,,,,,,,,,,,,,,,,,,,Council President,Jessica,,Brandt,12/31/2025,Council Vice Chair,Jeff,,Garvas,12/31/2023,Yes,Council Member,Dave,,Finley,12/31/2023,Yes,Council Member,Janet,,Tulley,12/31/2025,Yes,Council Member,Vini,,Ventura,12/31/2025,No,,,,,,,,,,,,,,,,,,,,,,,,,,,,,,,,,,,,,,,,,,,,,,,,,,,,,,,,,,,,,,,,,,,,,,,,,,,,,,,,,,,,,,,,,,,
2022-2023,Summit,Munroe Falls,Charter City,1921,5314,5012,5044,Summit,Munroe Falls,Charter,43 Munroe Falls Avenue,,Munroe Falls,44262,,,,(330) 688-7491,www.munroefalls.com,Mayor,Allen,P.,Mavrides,12/31/2023,,,,,,,,,,,,,,,,Finance Director,Karen,,Reynolds,,,,,,,,,,,,,,,,,,,,,Law Director,Thomas,W.,Kostoff,,,,,,,,,,,,,,,,,,,,,,,,,,,,,,,,Council President Ward 2,Chris,,Ritzinger,12/31/2023,Council Member Ward 1,Ross,,Widenor,12/31/2025,Yes,Council Member Ward 3,Al,,Prince,12/31/2023,Yes,Council Vice Chair,Jim,,Iona,12/31/2025,Yes,Council Member At Large,John,,Impellizzeri,12/31/2025,Yes,Council Member At Large,John,,Hegnauer,12/31/2023,Yes,Council Member At Large,Frank,,Larson,12/31/2023,No,,,,,,,,,,,,,,,,,,,,,,,,,,,,,,,,,,,,,,,,,,,,,,,,,,,,,,,,,,,,,,,,,,,,,,,,,,,,,,,
2022-2023,Summit,New Franklin,Charter City,2005,2191,14227,13877,Summit,New Franklin,Charter,5611 Manchester Road,,New Franklin,44319,,,,(330) 882-4324,newfranklin.org,Mayor,Paul,F.,Adamson,12/31/2025,,,,,,,,,,,,,,,,Finance Director,Susan ,M.,Cooke,,,,,,Clerk,Kelly,,Kepler,,,,,,,,,,,,Law Director,Irving,,Sugerman,,,,,,,,,,,,,,,,,,,,,,,,,,,,,,,,Council President,Judy,,Jones,12/31/2022,Council Member Ward 1,James,,Cotts,12/31/2023,Yes,Council Member Ward 2,Terry ,,Harget,12/31/2023,Yes,Council Member Ward 3,David,,Stock,12/31/2023,Yes,Council Member Ward 4,Andrew,,Fetterman,12/31/2023,Yes,Council Member At Large,Judy,,Jones,12/31/2025,Yes,Council Member At Large,w230,,Daniels,12/31/2025,Yes,Council Member At Large,Kevin,,Powell,12/31/2025,No,,,,,,,,,,,,,,,,,,,,,,,,,,,,,,,,,,,,,,,,,,,,,,,,,,,,,,,,,,,,,,,,,,,,,,,,,
2022-2023,Summit,Norton,Charter City,1961,11523,12085,11673,Summit,Norton,Charter,4060 Columbia Woods Drive,,Norton,44203,,,,,cityofnorton.org,Mayor,Mike,,Zita ,12/31/2023,,,,,,Administrator,Robert,M.,Fowler,,,,,,,Finance Director,Pamela ,,Keener,,,,,,Clerk,Kerry ,,Macomber ,,,,,,,,,,,,,,,,,Solicitor,Justin,,Markey ,,,,,,,,,,,,,,,,,,,,,,,,,,,Council President,Paul ,,Tousley ,12/31/2025,Council Member Ward 1,DOug ,,DeHarpart ,12/31/2025,Yes,Council Member Ward 2,Jamie ,,Lukens,12/31/2025,Yes,Council Member Ward 3,Ben ,,Bates,12/31/2025,Yes,Council Member,Joe,,Kernan,12/31/2023,Yes,Council Member,Scot ,,Pelot,12/31/2023,Yes,Council Member,Charlotte ,,WHipkey ,12/31/2023,No,,,,,,,,,,,,,,,,,,,,,,,,,,,,,,,,,,,,,,,,,,,,,,,,,,,,,,,,,,,,,,,,,,,,,,,,,,,,,,,
2022-2023,Summit,Reminderville,Statutory City,1955,2347,3404,5412,Summit,Reminderville,Statutory City,3382 Glenwood Boulevard,,Reminderville,44202,,,,(330) 562-1234,reminderville.com,Mayor,Sam,,Alonso,12/31/2023,,,,,,,,,,,,,,,,Finance Director,Deborah,,Wordell,,,,,,Clerk,Stacey,,Task,,,,,,,,,,,,Law Director,Angela,,Lohan,,,,,,,,,,,,,,,,,,,,,,,,,,,,,,,,Council President,Walter,,Hoffmann,12/31/2023,Council Member,Mark,,Kondik,12/31/2023,Yes,Council Member,Rodney,,Wiggins,12/31/2022,Yes,Council Member,Becki,,Kovach,12/31/2023,Yes,Council Member,Vicki,,Jeromos-Blayney,12/31/2023,Yes,Council Member,Thomas,,DiCarlo,12/31/2022,No,,,,,,,,,,,,,,,,,,,,,,,,,,,,,,,,,,,,,,,,,,,,,,,,,,,,,,,,,,,,,,,,,,,,,,,,,,,,,,,,,,,,,
2022-2023,Summit,Stow,Charter City,1960,32139,34837,34483,Summit,Stow,Charter,3760 Darrow Road,,Stow,44224,,,,(330) 689-2700,www.stowohio.org,Mayor,John,,Pribonic,12/31/2023,,,,,,,,,,,,,,,,Finance Director,James,,Costello,12/31/2023,,,,,,,,,,,,,,,,,,,,Law Director,Jaime,,Syx,12/31/2023,,,,,,,,,,,,,,,,,,,,,,,,,,,,,,,Council President,Jeremy,,McIntire,12/31/2023,Council Member At Large,Cyle,,Feldman,12/31/2023,Yes,Council Member Ward 4,Mario,,Fiocca,12/31/2023,Yes,Council Member Ward 2,Sindi,,Harrison,12/31/2023,Yes,Council Member At Large,David,,Licate,12/31/2023,Yes,Council Member Ward 3,Brian,,Lowdermilk,12/31/2023,No,,,,,,,,,,,,,,,,,,,,,,,,,,,,,,,,,,,,,,,,,,,,,,,,,,,,,,,,,,,,,,,,,,,,,,,,,,,,,,,,,,,,,
2022-2023,Summit,Tallmadge,Charter City,1951,16390,17537,18394,Summit,Tallmadge,Charter,46 North Avenue,,Tallmadge,44278,,,,(330) 633-0857,www.tallmadge-ohio.org,Mayor,David,G.,Kline,12/31/2023,,,,,,,,,,,,,,,,Finance Director,Mollie,,Gilbride,12/31/2023,,,,,,,,,,,,,,,,,,,,Law Director,Megan,,Raber,12/31/2023,,,,,,,,,,,,,,,,,,,,,,,,,,,,,,,Council President,Dennis,,Loughry,12/31/2025,Council Member Ward 1,Craig,,Sisak,12/31/2023,Yes,Council Member Ward 2,Rebecca,,Allman,12/31/2023,Yes,Council Member Ward 3,Jonathon,,Bollas,12/31/2023,Yes,Council Member Ward 4,Mary,,Gutman,12/31/2023,Yes,Council Member At Large,Adam,,Bozic,12/31/2025,Yes,Council Member At Large,Carol,,Kilway,12/31/2025,No,,,,,,,,,,,,,,,,,,,,,,,,,,,,,,,,,,,,,,,,,,,,,,,,,,,,,,,,,,,,,,,,,,,,,,,,,,,,,,,
2022-2023,Summit,Twinsburg,Charter City,1955,17006,18795,19248,Summit,Twinsburg,Charter,10075 Ravenna Road,,Twinsburg,44087,,,,(330) 425-7161,www.mytwinsburg.com,Mayor,Ted,,Yates,11/30/2023,,,,,,,,,,,,,,,,Finance Director,Sarah,,Buccigross,,,,,,Clerk,Shannon,,Collins,,,,,,,,,,,,Law Director,Matthew,,Vazanna,,,,,,,,,,,,,,,,,,,,,,,,,,,,,,,,Council President,Sam,,Scaffide,11/30/2023,Council Member Ward 2,Daisy,,Walker,11/30/2023,Yes,Council Member Ward 3,Karen,,Labbe,11/30/2025,Yes,Council Member Ward 4,David,,Post,11/30/2025,Yes,Council Member Ward 5,Greg,,Bellan,11/30/2025,Yes,Council Member At Large,Scott,,Barr,11/30/2025,Yes,Council Member At Large,William ,,Furey,11/30/2023,No,,,,,,,,,,,,,,,,,,,,,,,,,,,,,,,,,,,,,,,,,,,,,,,,,,,,,,,,,,,,,,,,,,,,,,,,,,,,,,,
2022-2023,Trumbull,Cortland,Charter City,1980,6830,7104,7105,Trumbull,Cortland,Charter,400 North High Street,,Cortland,44410,,,,(330) 637-3916,cityofcortland.org,Mayor,Deidre,,Petrosky,,,,,,,,,,,,,,,,,Finance Director,Patricia,,Gibson,,,,,,Clerk,Rhonda,,Horn,,,,,,,,,,,,Law Director,Patrick,,Wilson,,,,,,,,,,,,,,,,,,,,,,,,,,,,,,,,Council President,Kevin,,Piros,12/31/2025,Council Member,Scott,,Rowley,12/31/2023,Yes,Council Member,Jim,,Bradley,12/31/2023,Yes,Council Member,Kathy,,Fleischer,12/31/2025,Yes,Council Member,Richard,,McClain,12/31/2025,Yes,Council Member,Don,,Moore,12/31/2025,Yes,Council Member,John,,Picuri,12/31/2023,No,,,,,,,,,,,,,,,,,,,,,,,,,,,,,,,,,,,,,,,,,,,,,,,,,,,,,,,,,,,,,,,,,,,,,,,,,,,,,,,
2022-2023,Trumbull,Girard,Statutory City,1922,10902,9958,9603,Trumbull,Girard,Statutory,100 West Main Street,,Girard,44420,,,,(330) 545-3306,www.cityofgirard.com,Mayor,James,J.,Melfi,12/31/2023,,,,,,,,,,,Auditor,Julie,,Coleman,12/31/2023,,,,,,,,,,Clerk,Monica,,Urbanic,,Treasurer,Mark,,"Zuppo, Sr.",12/31/2025,,,,,,Law Director,Brian,,Kren,12/31/2023,,,,,,,,,,,,,,,,,,,,,,,,,,,,,,,Council President,Reynald,,Paolone,12/31/2023,Council Member Ward 1,Keith,,Schubert,12/31/2023,Yes,Council Member Ward 2,Mark,,Standohar,12/31/2023,Yes,Council Member Ward 3,Jeff,,Kay,12/31/2023,Yes,Council Member Ward 4,Thomas,,Grumley,12/31/2023,Yes,Council Member At Large,John,,Moliterno,12/31/2023,Yes,Council Member At Large,Samuel,,Zirafi,12/31/2023,Yes,Council Member At Large,Lily,,Martuccio,12/31/2023,No,,,,,,,,,,,,,,,,,,,,,,,,,,,,,,,,,,,,,,,,,,,,,,,,,,,,,,,,,,,,,,,,,,,,,,,,,
2022-2023,Trumbull,Hubbard,Statutory City,1960,8284,7874,7636,Trumbull,Hubbard,Statutory,220 West Liberty Street,,Hubbard,44425,PO Box 307,Hubbard,44425,(330) 534-1067,CityofHubbard.com,Mayor,Benjamin,A.,Kyle,12/31/2023,,,,,,,,,,,Auditor,Michael,C.,Villano,12/31/2025,,,,,,,,,,Clerk,,,,,Treasurer,Marsha,,Ruha,12/31/2025,,,,,,Law Director,Mark,,Villano,12/31/2023,,,,,,,,,,,,,,,,,,,,,,,,,,,,,,,Council President,William,,Williams,12/31/2023,Council Member Ward 1,Bonita,,Viele,12/31/2023,Yes,Council Member Ward 2,Robin,,Zambrini,12/31/2023,Yes,Council Member Ward 3,Michael,,"Mogg, Sr.",12/31/2023,Yes,Council Member Ward 4,Cathy,,Cummings,12/31/2023,Yes,Council Member At Large,Michael,,Kerr,12/31/2023,Yes,Council Member At Large,Ryan,,Hallapy,12/31/2023,Yes,Council Member At Large,Jerome,,Crowe,12/31/2023,No,,,,,,,,,,,,,,,,,,,,,,,,,,,,,,,,,,,,,,,,,,,,,,,,,,,,,,,,,,,,,,,,,,,,,,,,,
2022-2023,Trumbull,Niles,Statutory City,1894,20932,19266,18443,Trumbull,Niles,Statutory,34 West State Street,,Niles,44446,,,,(330) 544-9000,www.thecityofniles.com,Mayor,Steven,,Mientkiewicz,12/31/2023,,,,,,,,,,,Auditor,Giovanne,,Merlo,12/31/2023,,,,,,,,,,Clerk,Nicole,,Bacak,12/31/2023,Treasurer,Stephen,,Telego Sr.,12/31/2025,,,,,,Law Director,Phil,,Zuzolo,12/31/2023,,,,,,,,,,,,,,,,,,,,,,,,,,,,,,,Council President,Robert,,Marino Jr.,12/31/2023,Council Member Ward 1,Doug,,Sollitto,12/31/2021,Yes,Council Member Ward 2,Sheri,,Smith,12/31/2023,Yes,Council Member Ward 3,Linda,,Marchese,12/31/2023,Yes,Council Member Ward 4,Melinda,,Devorich,12/31/2023,Yes,Council Member At Large,James,,Depasquale,12/31/2023,Yes,Council Member At Large,James,,Julian II,12/31/2023,Yes,Council Member At Large,Michael,,Lastic,12/31/2023,No,,,,,,,,,,,,,,,,,,,,,,,,,,,,,,,,,,,,,,,,,,,,,,,,,,,,,,,,,,,,,,,,,,,,,,,,,
2022-2023,Trumbull,Warren,Statutory City,1869,46832,41557,39201,Trumbull,Warren,Statutory,391 Mahoning Avenue NW,,Warren,44483,,,,(330) 841-2586,www.Warren.org,Mayor,William,,Franklin,12/31/2023,,,,,,,,,,,Auditor,Vincent ,S.,Flask,12/31/2023,,,,,,,,,,,,,,,Treasurer,Tom,,Letson,12/31/2025,,,,,,Law Director,Enzo,,Cantalamessa,12/31/2023,,,,,,,,,,,,,,,,,,,,,,,,,,,,,,,Council President,John,,Brown,12/31/2023,Council Member At Large,Helen,,Rucker,12/31/2023,Yes,Council Member At Large,Gary,,Steinbeck,12/31/2023,Yes,Council Member At Large,Ken,,Macpherson,12/31/2023,Yes,Council Member Ward 1,Todd,,Johnson,12/31/2023,Yes,Council Member Ward 2,Andrew,,Herman,12/31/2023,Yes,Council Member Ward 3,Greg,,Greathouse,12/31/2023,Yes,Council Member Ward 4,Mark,,Forte,12/31/2023,Yes,Council Member Ward 5,Ashley,,Miner,12/31/2023,Yes,Council Member Ward 6,Cheryl,,Saffold,12/31/2023,Yes,Council Member Ward 7,Ronald,,White Sr,12/31/2023,No,,,,,,,,,,,,,,,,,,,,,,,,,,,,,,,,,,,,,,,,,,,,,,,,,,,,,,,
2022-2023,Tuscarawas,Dover,Statutory City,1901,12210,12826,13112,Tuscarawas,Dover,Statutory,110 East Third Street,,Dover,44622,,,,(330) 343-6726,www.doverohio.com,Mayor,Richard,,Homrighausen,12/31/2023,,,,,,,,,,,Auditor,Nicole,,Stoldt,12/31/2023,,,,,,,,,,,,,,,Treasurer,Susan,,Solvey,12/31/2025,,,,,,Law Director,Douglas,,O'Meara,12/31/2023,,,,,,,,,,,,,,,,,,,,,,,,,,,,,,,Council President,Shane,,Gunnoe,12/31/2025,Council Member At Large,Gina,,Space,12/31/2025,Yes,Council Member At Large,John,,Correll,12/31/2025,Yes,Council Member At Large,Justin,,Perkowski,12/31/2025,Yes,Council Member Ward 1,Gregory,,Bair,12/31/2023,Yes,Council Member Ward 1,Kevin,,Korns,12/31/2023,Yes,Council Member Ward 3,Sandy ,,Moss,12/31/2023,Yes,Council Member Ward 4,Robert,,Mueller,12/31/2023,No,,,,,,,,,,,,,,,,,,,,,,,,,,,,,,,,,,,,,,,,,,,,,,,,,,,,,,,,,,,,,,,,,,,,,,,,,
2022-2023,Tuscarawas,New Philadelphia,Statutory City,1833,17056,17288,17677,Tuscarawas,New Philadelphia,Statutory,150 East High Avenue,,New Philadelphia,44663,,,,(330) 364-4491,,Mayor,Joel,B.,Day,12/31/2023,,,,,,,,,,,Auditor,Beth,,Gundy,12/31/2023,,,,,,,,,,,,,,,Treasurer,Tom,,Gerber,12/31/2025,,,,,,Law Director,Marvin,,Fete,12/31/2023,,,,,,,,,,,,,,,,,,,,,,,,,,,,,,,Council President,Don,,Kemp,12/31/2023,Council Member At Large,Kelly,,Ricklic,12/31/2023,Yes,Council Member At Large,Dean,,Holland,12/23/2023,Yes,Council Member At Large,Aimee,,May,12/31/2023,Yes,Council Member Ward 1,Cheryl,,Ramos,12/31/2025,Yes,Council Member Ward 2,Mitchell,,Pace,12/31/2025,Yes,Council Member Ward 3,Dan,,Lanzer,12/31/2025,Yes,Council Member Ward 4,James,,Seldenright,12/31/2025,No,,,,,,,,,,,,,,,,,,,,,,,,,,,,,,,,,,,,,,,,,,,,,,,,,,,,,,,,,,,,,,,,,,,,,,,,,
2022-2023,Tuscarawas,Uhrichsville,Statutory City,1890,5662,5413,5272,Tuscarawas,Uhrichsville,Statutory City,305 East 2ND Street,,Uhrichsville,44683,PO Box 288,Uhrichsville,44683,(740) 922-1242,,Mayor,Mark,,Haney,12/31/2023,,,,,,,,,,,Auditor,Rebecca,L.,Carpenter,12/31/2023,,,,,,,,,,,,,,,Treasurer,Robert,Frankl,Michels,12/31/2025,,,,,,Law Director,James,Joseph,Ong,12/31/2023,,,,,,,,,,,,,,,,,,,,,,,,,,,,,,,Council President,Robert,Ray,Cottrell,12/31/2025,Council Member Ward 4,Amy,L.,Myers,12/31/2023,Yes,Council Member Ward 3,Michael,R.,Huff,12/31/2023,Yes,Council Member Ward 1,Matt,,Fox,12/31/2023,Yes,Council Member Ward 2,Ronald,D.,Miller,12/31/2023,Yes,Council Member At Large,William,Earl,Goshorn,12/31/2025,Yes,Council Member At Large,Wendy,Lee,Mann,12/31/2025,Yes,Council Member At Large,James,Francis,Zucal,12/31/2025,No,,,,,,,,,,,,,,,,,,,,,,,,,,,,,,,,,,,,,,,,,,,,,,,,,,,,,,,,,,,,,,,,,,,,,,,,,
2022-2023,Union,Marysville,Charter City,1838,15942,22094,25571,Union,Marysville,Charter,209 South Main Street,,Marysville,43040,,,,(740) 937-7350,https://www.marysvilleohio.org/,,,,,,Manager,Terry,,Emery,,,,,,,,,,,,Finance Director,Brad,,Lutz,,,,,,Clerk,Rebecca,,Dible,,,,,,,,,,,,Law Director,Timur,,Aslaner,,,,,,,,,,,,,,,,,,,,,,,,,,,,,,,,Council President,Mark,,Reams,12/31/2025,Council Member At Large,Bernard,,Rausch,12/31/2025,Yes,Council Member At Large,Hendrickus,,Berbee,12/31/2025,Yes,Council Member Ward 1,Aaron,,Carpenter,12/31/2023,Yes,Council Member Ward 2,Alan,,Seymour,12/31/2023,Yes,Council Member Ward 3,Deborah,,Groat,12/31/2023,Yes,Council Member Ward 4,Donald,,Boerger,12/31/2023,No,,,,,,,,,,,,,,,,,,,,,,,,,,,,,,,,,,,,,,,,,,,,,,,,,,,,,,,,,,,,,,,,,,,,,,,,,,,,,,,
2022-2023,Van Wert,Van Wert,Statutory City,1835,5121,4915,5501,Van Wert,Van Wert,Statutory City,515 East Main Street,,Van Wert,45891,,,,(419) 238-1237,vanwert.org,Mayor,Kenneth,J.,Markward,12/31/2023,,,,,,,,,,,Auditor,Martha,W.,Balyeat,12/31/2023,,,,,,,,,,Clerk,Andrew,M.,Bittner,12/31/2023,Treasurer,Charles,A. ,White,12/31/2025,,,,,,Law Director,John,E.,Hatcher,12/31/2023,,,,,,,,,,,,,,,,,,,,,,,,,,,,,,,Council President,Gerald,T.,Mazur,12/31/2023,Council Member Ward 1,Jeff,,Agler,12/31/2023,Yes,Council Member Ward 2,David ,,Stinnett,12/31/2023,Yes,Council Member Ward 3,Julie,,Moore,12/31/2023,Yes,Council Member Ward 4,Andrew,M.,Bittner,12/31/2023,Yes,Council Member At Large,Jeff ,,Kallas,12/31/2023,Yes,Council Member At Large,Bill,,Marshall,12/31/2023,No,,,,,,,,,,,,,,,,,,,,,,,,,,,,,,,,,,,,,,,,,,,,,,,,,,,,,,,,,,,,,,,,,,,,,,,,,,,,,,,
2022-2023,Warren,Carlisle,Charter City,1958,10690,10846,11092,Warren,Carlisle,Charter,760 Central Avenue,,Carlisle,45005,,,,(937) 746-0555,carlisleoh.org,Mayor,Randy,,Winkler,12/31/2023,Manager,Julie,,Duffy,,,,,,,,,,,,Finance Director,Ryan,,Rushing,,,,,,,,,,,,,,,,,,,,,Law Director,David,,Chicarelli,,,,,,,,,,,,,,,,,,,,,,,,,,,,,,,,,,,,,Council Member,William,,Bicknell,12/31/2025,Yes,Council Member,Kim,,Bilbrey,12/31/2025,Yes,Council Member,Tim,,Humphries,12/31/2025,Yes,Council Member,Michael,,Kilpatrick,12/31/2025,Yes,Council Member,Chris,,Stivers,12/31/2023,Yes,Council Member,Debbie,,Kemper,12/31/2023,No,,,,,,,,,,,,,,,,,,,,,,,,,,,,,,,,,,,,,,,,,,,,,,,,,,,,,,,,,,,,,,,,,,,,,,,,,,,,,,,
2022-2023,Warren,Franklin,Charter City,1814,11396,11771,11690,Warren,Franklin,Charter,1 Benjamin Franklin Way,,Franklin,45005,,,,(937) 746-9921,www.FranklinOhio.org,Mayor,Brent,,Centers,12/31/2023,Manager,Jonathan,,Westendorf,,,,,,,,,,,,Finance Director,Cindy,,Ryan,,,,,,Clerk,Khristi,,Dunn,,,,,,,,,,,,Law Director,Ben,,Yoder,,,,,,,,,,,,,,,,,,,,,,,,,,,,,,,,Council President,Brent,,Centers,12/31/2023,Council Vice Chair,Todd,,Hall,12/31/2023,Yes,Council Member,Michael,,Aldridge,12/31/2025,Yes,Council Member,Denny,,Centers,12/31/2025,Yes,Council Member,Paul,,Ruppert,12/31/2023,Yes,Council Member,Debbie,,Fouts,12/31/2023,Yes,Council Member,Matt,,Wilcher,12/31/2025,No,,,,,,,,,,,,,,,,,,,,,,,,,,,,,,,,,,,,,,,,,,,,,,,,,,,,,,,,,,,,,,,,,,,,,,,,,,,,,,,
2022-2023,Warren,Lebanon,Charter City,1962,16962,20033,20841,Warren,Lebanon,Charter,50 South Broadway,,Lebanon,45036,,,,(513) 933-7200,www.lebanonohio.gov,Mayor,Mark,,Messer,11/30/2025,Manager,Scott,,Brunka,,,,,,,Auditor,Daniel,,Burke,,,,,,,,,,,,,,,,,,,,,,,,,,Law Director,Mark,,Yurick,,,,,,,,,,,,,,,,,,,,,,,,,,,,,,,,,,,,,Council Vice Chair,Adam,,Mathews,11/30/2023,Yes,Council Member At Large,Michael ,,Cope,11/30/2025,Yes,Council Member At Large,Kristen,,Eggers,11/30/2023,Yes,Council Member At Large,Brad,,Lamoreaux,11/30/2025,Yes,Council Member At Large,Scott,,Norris,11/30/2025,Yes,Council Member At Large,Matthew,,Sellers,11/30/2025,No,,,,,,,,,,,,,,,,,,,,,,,,,,,,,,,,,,,,,,,,,,,,,,,,,,,,,,,,,,,,,,,,,,,,,,,,,,,,,,,
2022-2023,Warren,Mason,Charter City,1815,22016,30712,34792,Warren,Mason,Charter,6000 Mason-Montgomery Road,,Mason,45040,,,,(513) 229-8500,www.imaginemason.org,Mayor,Barbara,J.,Spaeth,12/1/2025,Manager,Eric,,Hansen,,Administrator,Jennifer,L.,Heft,,,,,,,Finance Director,Joseph,,Reigelsperger,n/a,,,,,Clerk,Lisa,,Ahr,,,,,,,,,,,,Law Director,Jeffrey,D.,Forbes,,,,,,,,,,,,,,,,,,,,,,,,,,,,,,,,Council Chair,Barbara,J.,Spaeth,12/1/2025,Council Member,Ashley,,Chance,12/1/2025,Yes,Council Member,Tony,,Bradburn,12/1/2023,Yes,Council Member,Mark,,Haake,12/1/2025,Yes,Council Member,Joshua,,Styrcula,12/1/2023,Yes,Council Member,Kathy,,Grossmann,12/1/2023,No,,,,,,,,,,,,,,,,,,,,,,,,,,,,,,,,,,,,,,,,,,,,,,,,,,,,,,,,,,,,,,,,,,,,,,,,,,,,,,,,,,,,,
2022-2023,Warren,South Lebanon,Statutory City,1847,2538,4115,6384,Warren,South Lebanon,Statutory City,10 North High Street,,South Lebanon,45065,,,,(513) 494-2296,southlebanonohio.org,Mayor,James,D.,Smith,12/31/2023,,,,,,Administrator,Jerry,,Haddix,,,,,,,,,,,,Fiscal Officer,Tina,,Williams,Clerk,Tina,,Williams,,,,,,,,,,,,,,,,,Solicitor,Andrew,,Meier,,,,,,,,,,,,,,,,,,,,,,,,,,,,,,,,Council Member,Linda,,Allen,12/31/2025,Yes,Council Member,Linda,,Burke,12/31/2025,Yes,Council Member,Brenda,,Combs,12/31/2025,Yes,Council Member,Maryan,,Harrison,12/31/2023,Yes,Council Member,William,,Madison,12/31/2023,Yes,Council Member,Rolin,,Spicer,12/31/2025,No,,,,,,,,,,,,,,,,,,,,,,,,,,,,,,,,,,,,,,,,,,,,,,,,,,,,,,,,,,,,,,,,,,,,,,,,,,,,,,,
2022-2023,Warren,Springboro,Charter City,1815,12380,17409,19062,Warren,Springboro,Charter,320 West Central Avenue,,Springboro,45066,,,,(937) 748-4343,www.ci.Springboro.oh.us,Mayor,John,,Agenbroad,12/31/2023,Manager,,,Pozzuto,,,,,,,,,,,,Finance Director,Jonathan,,Hudson,,,,,,Clerk,Lori,,Martin,,,,,,,,,,,,Law Director,Gerald,,McDonald,,,,,,,,,,,,,,,,,,,,,,,,,,,,,,,,Council President,John,,Agenbroad,12/31/2023,Council Member Ward 1,Janie,,Ridd,12/31/2025,Yes,Council Member Ward 2,Dale,,Brunner,12/31/2025,Yes,Council Member Ward 3,Jack,,Hanson,12/31/2025,Yes,Council Member Ward 4,Jim,,Chmiel,12/31/2025,Yes,Council Member At Large,Becky,,Iverson,12/31/2023,Yes,Council Member At Large,Stephen,,Harding,12/31/2023,Yes,Council Vice Chair,Becky,,Iverson,,No,,,,,,,,,,,,,,,,,,,,,,,,,,,,,,,,,,,,,,,,,,,,,,,,,,,,,,,,,,,,,,,,,,,,,,,,,
2022-2023,Washington,Belpre,Statutory City,1961,6660,6441,6728,Washington,Belpre,Statutory,715 Park Drive,,Belpre,45714,PO Box 160,Belpre,45714,(740) 423-7592,https://www.cityofbelpre.com/administration,Mayor,Michael,,Lorentz,12/31/2023,,,,,,,,,,,Auditor,Tina,M. ,Nolan,12/31/2025,Finance Director,David,,Ferguson,12/31/2022,Fiscal Officer,Tina,M.,Nolan,Clerk,Kimberly,,Meredith,,Treasurer,Jacqueline,,Cassady,12/31/2023,,,,,,Law Director,Thomas,,Webster,,Solicitor,Andrew,,Webster,,,,,,,,,,,,,,,,,,,,,,,,,,,Council President,Larry,,Martin,12/31/2023,Council Member Ward 1,Alan,,Milhone,12/31/2023,Yes,Council Member Ward 2,John,,McClead,12/31/2023,Yes,Council Member Ward 3,Lyndsay,,Dennis,12/31/2023,Yes,Council Member Ward 4,Steve,,Null,12/23/2023,Yes,Council Member At Large,John,,Ruth,12/31/2023,Yes,Council Member At Large,David ,,Ferguson,12/31/2023,Yes,Council Member At Large,Paul,,Wallace,12/31/2023,No,,,,,,,,,,,,,,,,,,,,,,,,,,,,,,,,,,,,,,,,,,,,,,,,,,,,,,,,,,,,,,,,,,,,,,,,,
2022-2023,Washington,Marietta,Statutory City,1851,14515,14085,13385,Washington,Marietta,Statutory City,301 Putnam Street,,"Marietta, OH",45750,,,,(740) 373-1387,mariettaoh.net,Mayor,Joshua,D.,Schlicher,12/31/2024,,,,,,,,,,,Auditor,Sherri ,J.,Hess,12/31/2024,,,,,,,,,,Clerk,,,,,Treasurer,Cathy ,,Harper,12/31/2026,,,,,,Law Director,Paul ,G.,Bertram III,12/31/2024,,,,,,,,,,,,,,,,,,,,,,,,,,,,,,,Council President,Susan,,Vessels,12/31/2023,Council Member Ward 1,Michael,,Scales,12/31/2023,Yes,Council Member Ward 2,Bret,,Alphin,12/31/2023,Yes,Council Member Ward 3,Bill,,Gossett,12/31/2023,Yes,Council Member Ward 4,Geoff,,Schenkel,12/31/2023,Yes,Council Member At Large,Susan,,Boyer,12/31/2023,Yes,Council Member At Large,Bill,,Farnsworth,12/31/2023,Yes,Council Member At Large,Cassidi,,Shoaf,12/31/2023,No,,,,,,,,,,,,,,,,,,,,,,,,,,,,,,,,,,,,,,,,,,,,,,,,,,,,,,,,,,,,,,,,,,,,,,,,,
2022-2023,Wayne,Orrville,Charter City,1864,8551,8380,8452,Wayne,Orrville,Charter,207 North Main Street,,Orrville,44667,PO Box 61,Orrville,44667,(330) 684-5001,www.orrville.com,Mayor,David,T.,Handwerk,12/31/2023,,,,,,Administrator,Steven,, Wheeler,,,,,,,Finance Director,Janet,,Strimlan,,,,,,Clerk,Jeanne,,Gault,,,,,,,,,,,,Law Director,Cheryl,,Kirkbride,,,,,,,,,,,,,,,,,,,,,,,,,,,,,,,,Council President,Paul,,Vance,12/31/2023,Council Member Ward 1,CJ,,Handwerk,12/31/2023,Yes,Council Member Ward 2,Kyle,,Shanklin,12/31/2025,Yes,Council Member Ward 3,Patty,,Carr,12/31/2023,Yes,Council Member Ward 4,Travis,,Wilson,12/31/2025,Yes,Council Member At Large,Rick,,Aspiras Jr,12/31/2025,Yes,Council Member At Large,Darrell,,Mosley,12/31/2023,Yes,Council Member At Large,John,,Lorson,12/31/2023,No,,,,,,,,,,,,,,,,,,,,,,,,,,,,,,,,,,,,,,,,,,,,,,,,,,,,,,,,,,,,,,,,,,,,,,,,,
2022-2023,Wayne,Rittman,Charter City,1960,6314,6491,6131,Wayne,Rittman,Charter,30 North Main Street,,Rittman,44270,,,,(330) 925-2045,rittman.com,Mayor,William,,Robertson,12/7/2026,Manager,Bobbie,,Beshara,,,,,,,,,,,,Finance Director,Matthew,,Bubp,,,,,,Clerk,Joan,,Challinor,,,,,,,,,,,,Law Director,Matthew,,Simpson,,,,,,,,,,,,,,,,,,,,,,,,,,,,,,,,Council President,Melissa,,Shows,12/4/2023,Council Member,David,,Williams,12/4/2023,Yes,Council Member,Amanda,,Nelson,12/4/2023,Yes,Council Member,Ken,,Park,12/7/2026,Yes,Council Member,Chuck,,Wyatt,12/7/2026,Yes,Council Member,Josh,,Carey,12/7/2026,No,,,,,,,,,,,,,,,,,,,,,,,,,,,,,,,,,,,,,,,,,,,,,,,,,,,,,,,,,,,,,,,,,,,,,,,,,,,,,,,,,,,,,
2022-2023,Wayne,Wooster,Charter City,1808,24811,26119,27232,Wayne,Wooster,Charter,538 North Market Street,,Wooster,44691,,,,(330) 263-5242,woosteroh.com,Mayor,Robert,F.,Breneman,12/31/2023,,,,,,Administrator,Joel,,Montgomery,,,,,,,Finance Director,Andrei,,Dordea,,,,,,Clerk,Lynne,,DePaulo,,,,,,,,,,,,Law Director,John,,Scavelli,,,,,,,,,,,,,,,,,,,,,,,,,,,,,,,,Council President,Michael,,Buytendyk,12/31/2023,Council Member Ward 1,Mark,,Cavin,12/31/2023,Yes,Council Member Ward 2,Jennifer,,Warden,12/31/2025,Yes,Council Member Ward 3,David,,Silvestri,12/31/2023,Yes,Council Member Ward 4,Scott,,Myers,12/31/2025,Yes,Council Member At Large,Craig,,Sanders,12/31/2023,Yes,Council Member At Large,Barbara,,Knapic,12/31/2025,Yes,Council Member At Large,Robert,,Reynolds,12/31/2025,No,,,,,,,,,,,,,,,,,,,,,,,,,,,,,,,,,,,,,,,,,,,,,,,,,,,,,,,,,,,,,,,,,,,,,,,,,
2022-2023,Williams,Bryan,Charter City,1941,8333,8545,8729,Williams,Bryan,Charter,1399 East High Street,,Bryan,43506,PO Box 190,Bryan,43506,(419) 633-6000,www.cityofbryan.com,Mayor,Carrie,M. ,Schlade,12/31/2025,,,,,,,,,,,,,,,,,,,,,,,,,,,,,,,,,,,Clerk-Treasurer,Laura,I.,Rode,,Law Director,Rhonda,L.,Fisher,12/31/2022,,,,,,Member Board of Trustee,James,,Salisbury,12/31/2025,Member Board of Trustee,Richard,,Long,12/31/2025,Member Board of Trustee,Thomas,,Sprow,12/31/2023,Member Board of Trustee,Karen ,,Ford,12/31/2025,Member Board of Trustee,Annette,,Schreiner ,12/31/2023,Council President,Jim,,Kozumplik,12/31/2023,Council Member Ward 1,Mary,,Leatherman,12/31/2025,Yes,Council Member Ward 2,Richard,,Hupe,12/31/2025,Yes,Council Member Ward 3,F John,,Betts,12/31/2025,Yes,Council Member Ward 4,Judith,,Yahraus,12/31/2023,No,,,,,,,,,,,,,,,,,,,,,,,,,,,,,,,,,,,,,,,,,,,,,,,,,,,,,,,,,,,,,,,,,,,,,,,,,,,,,,,,,,,,,,,,,,,
2022-2023,Wood,Bowling Green,Charter City,1855,29636,30028,30808,Wood,Bowling Green,Charter,304 North Church Street,,Bowling Green,43402,,,,(419) 354-6204,www.bgohio.org,Mayor,Mike,,Aspacher,12/31/2023,,,,,,Administrator,Lori,,Tretter,,,,,,,Finance Director,Dana,,Pinkert,,,,,,Clerk,Kay,,Scherreik,,,,,,,,,,,,Law Director,Michael,,Marsh,,,,,,,,,,,,,,,,,,,,,,,,,,,,,,,,Council President,Mark,,Hollenbaugh,12/31/2025,Council Member At Large,Greg ,,Robinette,12/31/2025,Yes,Council Member At Large,Jeff,,Dennis,12/31/2023,Yes,Council Member Ward 1,Nick,,Rubando,12/31/2023,Yes,Council Member Ward 2,Joel,,O'Dorisio,12/31/2023,Yes,Council Member Ward 3,Rachel,,Phipps,12/31/2023,Yes,Council Member Ward 4,Bill,,Herald,12/31/2023,No,,,,,,,,,,,,,,,,,,,,,,,,,,,,,,,,,,,,,,,,,,,,,,,,,,,,,,,,,,,,,,,,,,,,,,,,,,,,,,,
2022-2023,Wood,Northwood,Charter City,1981,5471,5265,5160,Wood,Northwood,Charter,6000 Wales Road,,Northwood,43619,,,,(419) 690-1621,ci.northwood.oh.us,Mayor,Edward ,,Schimmel,12/31/2023,,,,,,Administrator,Robert,,Anderson,,,,,,,Finance Director,Kenneth,,Yant,,,,,,Clerk,Emily,,Popovitch,,,,,,,,,,,,Law Director,Brian,,Ballenger,,,,,,,,,,,,,,,,,,,,,,,,,,,,,,,,Council President,Mark,,Stoner,12/31/2025,Council Member,Jim ,,Barton,12/31/2023,Yes,Council Member,Dean,,Edwards,12/31/2023,Yes,Council Member,Louis ,,Fahrbach,12/31/2025,Yes,Council Member,Pat,,Huntermark,12/31/2025,Yes,Council Member,Randy ,,Kozina,12/31/2025,Yes,Council Member,Michael,,Melnyk,12/31/2023,No,,,,,,,,,,,,,,,,,,,,,,,,,,,,,,,,,,,,,,,,,,,,,,,,,,,,,,,,,,,,,,,,,,,,,,,,,,,,,,,
2022-2023,Wood,Perrysburg,Charter City,1833,16949,20623,25041,Wood,Perrysburg,Charter,201 West Indiana Avenue,,Perrysburg,43551,,,,(419) 872-8076,https://www.ci.perrysburg.oh.us/,Mayor,Tom,,Mackin,12/31/2025,,,,,,Administrator,Bridgette ,,Kabat,,,,,,,Finance Director,Amber,,Rathburn,,,,,,,,,,,,,,,,,,,,,Law Director,Kathryn,,Sandretto,,,,,,,,,,,,,,,,,,,,,,,,,,,,,,,,Council President,Jonathan,,Smith,12/31/2023,Council Member,Kevin,,Fuller,12/31/2025,Yes,Council Member,Cory,,Kuhlman,12/31/2023,Yes,Council Member,Jan,,Materni,12/31/2023,Yes,Council Member,Tim,,McCarthy,12/31/2023,Yes,Council Member,Barry,,VanHoozen,12/31/2025,Yes,Council Member,Mark,,Weber,12/31/2025,No,,,,,,,,,,,,,,,,,,,,,,,,,,,,,,,,,,,,,,,,,,,,,,,,,,,,,,,,,,,,,,,,,,,,,,,,,,,,,,,
2022-2023,Wood,Rossford,Charter City,1939,6406,6293,6299,Wood,Rossford,Charter,133 Osborn Street,,Rossford,43460,,,,(419) 666-0210,www.rossfordohio.com,Mayor,Neil,A.,Mackinnon III,11/30/2023,,,,,,Administrator,Allyson,,Murray,,,,,,,Finance Director,Kelly,,O'Boyle,,,,,,Clerk,Robert,P.,Watrol,,,,,,,,,,,,Law Director,Kevin,,Heban,,,,,,,,,,,,,,,,,,,,,,,,,,,,,,,,Council President,Caroline,,Zuchowski-Eckel,11/30/2025,Council Member At Large,Christopher,,Heban,11/30/2025,Yes,Council Member At Large,Gregory,,Marquette,11/30/2023,Yes,Council Member At Large,Larry,,Oberdorf Sr.,11/30/2023,Yes,Council Member At Large,Brenna,,Reynolds,11/30/2025,Yes,Council Member At Large,Robert,,Ruse,11/30/2023,Yes,Council Member At Large,Robert,,Toth,11/30/2025,No,,,,,,,,,,,,,,,,,,,,,,,,,,,,,,,,,,,,,,,,,,,,,,,,,,,,,,,,,,,,,,,,,,,,,,,,,,,,,,,
2022-2023,Wyandot,Upper Sandusky,Charter City,1848,6533,6596,6698,Wyandot,Upper Sandusky,Charter,119 North Seventh Street,,Upper Sandusky,43351,,,,,,Mayor,Kyle,,McColly,12/31/2023,,,,,,,,,,,Auditor,Mark,,Droll,,,,,,,,,,,Clerk,Sarah,,Bennett,,Treasurer,Eric,,Troiano,,,,,,,Law Director,Ben,,Buckland,,Solicitor,Ben,,Buckland,,,,,,,,,,,,,,,,,,,,,,,,,,,Council President,Rick,,Roberts,12/31/2023,Council Member,Tom,,Karcher,12/31/2025,Yes,Council Member,Aaron,,Korte,12/31/2025,Yes,Council Member,Kate,,Niederkohr,12/31/2023,Yes,Council Member,John,,Walker,12/31/2025,Yes,Council Member,Kenneth,,Wessler,12/31/2025,No,,,,,,,,,,,,,,,,,,,,,,,,,,,,,,,,,,,,,,,,,,,,,,,,,,,,,,,,,,,,,,,,,,,,,,,,,,,,,,,,,,,,,
