County Name,Precinct Name,Precinct Code,Region Name,Media Market,Registered Voters,Ballots Counted,Official Voter Turnout
Adams,BRATTON TOWNSHIP,AAA,Southwest,Cincinnati,988,573,58.00%
Adams,BRUSH CREEK TOWNSHIP,AAB,Southwest,Cincinnati,768,367,47.79%
Adams,LOCUST GROVE,AAD,Southwest,Cincinnati,776,424,54.64%
Adams,GREEN TOWNSHIP,AAE,Southwest,Cincinnati,381,197,51.71%
Adams,JEFFERSON TOWNSHIP,AAG,Southwest,Cincinnati,496,244,49.19%
Adams,LIBERTY TOWNSHIP,AAI,Southwest,Cincinnati,"1,257",708,56.32%
Adams,MANCHESTER UNITED TOWNSHIP,AAK,Southwest,Cincinnati,"1,068",391,36.61%
Adams,MEIGS TOWNSHIP,AAN,Southwest,Cincinnati,"1,245",672,53.98%
Adams,PEEBLES VILLAGE,AAP,Southwest,Cincinnati,"1,151",504,43.79%
Adams,MONROE TOWNSHIP,AAR,Southwest,Cincinnati,415,247,59.52%
Adams,OLIVER TOWNSHIP,AAS,Southwest,Cincinnati,704,349,49.57%
Adams,SCOTT TOWNSHIP,AAT,Southwest,Cincinnati,759,440,57.97%
Adams,SEAMAN VILLAGE,AAU,Southwest,Cincinnati,636,295,46.38%
Adams,SPRIGG TOWNSHIP,AAW,Southwest,Cincinnati,"1,170",624,53.33%
Adams,TIFFIN EAST,AAY,Southwest,Cincinnati,745,434,58.26%
Adams,TIFFIN WEST,AAZ,Southwest,Cincinnati,748,447,59.76%
Adams,WEST UNION A,ABA,Southwest,Cincinnati,869,418,48.10%
Adams,WEST UNION B,ABC,Southwest,Cincinnati,871,398,45.69%
Adams,WAYNE TOWNSHIP,ABE,Southwest,Cincinnati,837,481,57.47%
Adams,WINCHESTER TOWNSHIP,ABG,Southwest,Cincinnati,808,517,63.99%
Adams,WINCHESTER VILLAGE,ABH,Southwest,Cincinnati,610,308,50.49%
Allen,DELPHOS 1A,AAA,West,Lima,720,400,55.56%
Allen,DELPHOS 1B,AAC,West,Lima,581,393,67.64%
Allen,DELPHOS 2A,AAE,West,Lima,736,356,48.37%
Allen,DELPHOS 2B,AAG,West,Lima,385,131,34.03%
Allen,LIMA 1A,AAH,West,Lima,892,325,36.43%
Allen,LIMA 1B,AAJ,West,Lima,938,331,35.29%
Allen,LIMA 1C,AAK,West,Lima,816,182,22.30%
Allen,LIMA 2A,AAO,West,Lima,"1,097",415,37.83%
Allen,LIMA 2B,AAP,West,Lima,978,407,41.62%
Allen,LIMA 2C,AAQ,West,Lima,"1,061",420,39.59%
Allen,LIMA 3A,AAW,West,Lima,960,187,19.48%
Allen,LIMA 3B,AAX,West,Lima,"1,058",203,19.19%
Allen,LIMA 3C,AAY,West,Lima,869,270,31.07%
Allen,LIMA 4A,ABE,West,Lima,861,492,57.14%
Allen,LIMA 4B,ABF,West,Lima,870,268,30.80%
Allen,LIMA 4C,ABH,West,Lima,750,346,46.13%
Allen,LIMA 4D,ABI,West,Lima,972,456,46.91%
Allen,LIMA 5A,ABP,West,Lima,608,136,22.37%
Allen,LIMA 5B,ABQ,West,Lima,642,109,16.98%
Allen,LIMA 5C,ABR,West,Lima,716,170,23.74%
Allen,LIMA 5D,ABT,West,Lima,753,215,28.55%
Allen,LIMA 6A,ABW,West,Lima,926,281,30.35%
Allen,LIMA 6B,ABX,West,Lima,934,189,20.24%
Allen,LIMA 6C,ABZ,West,Lima,981,193,19.67%
Allen,LIMA 7A,ACD,West,Lima,"1,176",517,43.96%
Allen,LIMA 7B,ACE,West,Lima,992,362,36.49%
Allen,LIMA 7C,ACG,West,Lima,"1,021",443,43.39%
Allen,AMANDA E,ACT,West,Lima,965,630,65.28%
Allen,AMANDA N,ACU,West,Lima,500,321,64.20%
Allen,AMERICAN A,ACW,West,Lima,770,472,61.30%
Allen,AMERICAN B,ACX,West,Lima,696,335,48.13%
Allen,AMERICAN C,ACY,West,Lima,691,330,47.76%
Allen,AMERICAN D,ACZ,West,Lima,790,275,34.81%
Allen,AMERICAN E,ADA,West,Lima,645,298,46.20%
Allen,AMERICAN F,ADB,West,Lima,596,318,53.36%
Allen,AMERICAN G,ADC,West,Lima,919,553,60.17%
Allen,AMERICAN H,ADD,West,Lima,779,474,60.85%
Allen,AMERICAN I,ADE,West,Lima,756,491,64.95%
Allen,AMERICAN J,ADF,West,Lima,762,489,64.17%
Allen,AMERICAN K,ADG,West,Lima,734,356,48.50%
Allen,AMERICAN L,ADI,West,Lima,741,361,48.72%
Allen,ELIDA A,ADQ,West,Lima,681,379,55.65%
Allen,ELIDA B,ADR,West,Lima,670,445,66.42%
Allen,AUGLAIZE A,ADT,West,Lima,686,393,57.29%
Allen,HARROD,ADU,West,Lima,270,135,50.00%
Allen,AUGLAIZE B,ADW,West,Lima,883,545,61.72%
Allen,BATH A,ADY,West,Lima,660,411,62.27%
Allen,BATH B,ADZ,West,Lima,723,451,62.38%
Allen,BATH C,AEA,West,Lima,600,398,66.33%
Allen,BATH D,AEB,West,Lima,770,361,46.88%
Allen,BATH E,AEC,West,Lima,698,195,27.94%
Allen,BATH F,AED,West,Lima,577,370,64.12%
Allen,BATH G,AEE,West,Lima,790,424,53.67%
Allen,BATH H,AEF,West,Lima,770,462,60.00%
Allen,BATH I,AEG,West,Lima,665,232,34.89%
Allen,JACKSON A,AEN,West,Lima,"1,014",657,64.79%
Allen,LAFAYETTE,AEO,West,Lima,225,117,52.00%
Allen,JACKSON B,AEQ,West,Lima,990,610,61.62%
Allen,MARION A,AES,West,Lima,984,633,64.33%
Allen,MARION B,AET,West,Lima,892,599,67.15%
Allen,CAIRO,AEW,West,Lima,327,155,47.40%
Allen,MONROE E,AEX,West,Lima,587,383,65.25%
Allen,MONROE W,AEY,West,Lima,538,341,63.38%
Allen,PERRY C,AEZ,West,Lima,810,461,56.91%
Allen,PERRY A,AFB,West,Lima,746,390,52.28%
Allen,PERRY B,AFC,West,Lima,659,253,38.39%
Allen,BEAVERDAM,AFE,West,Lima,199,74,37.19%
Allen,RICHLAND A,AFF,West,Lima,652,451,69.17%
Allen,RICHLAND B,AFG,West,Lima,641,429,66.93%
Allen,BLUFFTON A,AFI,West,Lima,889,574,64.57%
Allen,BLUFFTON B,AFJ,West,Lima,775,484,62.45%
Allen,BLUFFTON C,AFK,West,Lima,800,457,57.13%
Allen,SHAWNEE A,AFN,West,Lima,693,434,62.63%
Allen,SHAWNEE B,AFO,West,Lima,697,451,64.71%
Allen,SHAWNEE C,AFP,West,Lima,626,285,45.53%
Allen,SHAWNEE D,AFQ,West,Lima,826,543,65.74%
Allen,SHAWNEE E,AFR,West,Lima,691,408,59.04%
Allen,SHAWNEE F,AFS,West,Lima,804,514,63.93%
Allen,SHAWNEE G,AFT,West,Lima,839,501,59.71%
Allen,SHAWNEE H,AFU,West,Lima,737,421,57.12%
Allen,SHAWNEE I,AFV,West,Lima,746,472,63.27%
Allen,SHAWNEE J,AGB,West,Lima,888,499,56.19%
Allen,SHAWNEE K,AGC,West,Lima,851,445,52.29%
Allen,SHAWNEE L,AGD,West,Lima,771,406,52.66%
Allen,SPENCER A,AGI,West,Lima,607,362,59.64%
Allen,SPENCERVILLE A,AGK,West,Lima,646,329,50.93%
Allen,SPENCERVILLE B,AGL,West,Lima,603,280,46.43%
Allen,SUGAR CREEK,AGN,West,Lima,817,512,62.67%
Ashland,PRECINCT ASHLAND CITY 1-A,AAA,Northeast,Cleveland,920,564,61.30%
Ashland,PRECINCT ASHLAND CITY 1-B,AAB,Northeast,Cleveland,"1,097",610,55.61%
Ashland,PRECINCT ASHLAND CITY 1-C,AAD,Northeast,Cleveland,"1,102",647,58.71%
Ashland,PRECINCT ASHLAND CITY 1-D,AAF,Northeast,Cleveland,682,469,68.77%
Ashland,PRECINCT ASHLAND CITY 2-A,AAG,Northeast,Cleveland,945,455,48.15%
Ashland,PRECINCT ASHLAND CITY 2-B,AAH,Northeast,Cleveland,"1,145",503,43.93%
Ashland,PRECINCT ASHLAND CITY 2-C,AAJ,Northeast,Cleveland,951,526,55.31%
Ashland,PRECINCT ASHLAND CITY 3-A,AAQ,Northeast,Cleveland,766,334,43.60%
Ashland,PRECINCT ASHLAND CITY 3-B,AAS,Northeast,Cleveland,959,469,48.91%
Ashland,PRECINCT ASHLAND CITY 3-C,AAU,Northeast,Cleveland,"1,012",575,56.82%
Ashland,PRECINCT ASHLAND CITY 3-D,AAV,Northeast,Cleveland,659,207,31.41%
Ashland,PRECINCT ASHLAND CITY 4-A,AAZ,Northeast,Cleveland,878,305,34.74%
Ashland,PRECINCT ASHLAND CITY 4-B,ABB,Northeast,Cleveland,612,180,29.41%
Ashland,PRECINCT ASHLAND CITY 4-C,ABC,Northeast,Cleveland,916,375,40.94%
Ashland,PRECINCT CLEAR CREEK,ABG,Northeast,Cleveland,"1,294",706,54.56%
Ashland,PRECINCT GREEN 1,ABI,Northeast,Cleveland,"1,114",610,54.76%
Ashland,PRECINCT GREEN 2,ABJ,Northeast,Cleveland,613,359,58.56%
Ashland,PRECINCT LOUDONVILLE 2,ABN,Northeast,Cleveland,"1,110",627,56.49%
Ashland,PRECINCT LOUDONVILLE 1,ABO,Northeast,Cleveland,"1,324",729,55.06%
Ashland,PRECINCT JACKSON 1,ABS,Northeast,Cleveland,"1,098",573,52.19%
Ashland,PRECINCT JACKSON 2,ABT,Northeast,Cleveland,"1,255",713,56.81%
Ashland,PRECINCT LAKE,ABV,Northeast,Cleveland,419,273,65.16%
Ashland,PRECINCT MILTON 1,ABZ,Northeast,Cleveland,"1,053",630,59.83%
Ashland,PRECINCT MILTON 3,ACA,Northeast,Cleveland,507,299,58.97%
Ashland,PRECINCT JEROMESVILLE,ACB,Northeast,Cleveland,329,144,43.77%
Ashland,PRECINCT MOHICAN,ACC,Northeast,Cleveland,"1,060",654,61.70%
Ashland,PRECINCT MONTGOMERY 1,ACE,Northeast,Cleveland,638,366,57.37%
Ashland,PRECINCT MONTGOMERY 2,ACF,Northeast,Cleveland,827,494,59.73%
Ashland,PRECINCT MONTGOMERY 3,ACH,Northeast,Cleveland,588,357,60.71%
Ashland,PRECINCT ORANGE 1,ACI,Northeast,Cleveland,"1,053",622,59.07%
Ashland,PRECINCT ORANGE 2,ACJ,Northeast,Cleveland,616,350,56.82%
Ashland,PRECINCT PERRY,ACM,Northeast,Cleveland,"1,290",768,59.53%
Ashland,PRECINCT RUGGLES,ACN,Northeast,Cleveland,641,361,56.32%
Ashland,PRECINCT SULLIVAN 1,ACO,Northeast,Cleveland,876,453,51.71%
Ashland,PRECINCT SULLIVAN 2,ACP,Northeast,Cleveland,766,398,51.96%
Ashland,PRECINCT TROY,ACQ,Northeast,Cleveland,793,437,55.11%
Ashland,PRECINCT VERMILLION 1,ACS,Northeast,Cleveland,836,501,59.93%
Ashland,PRECINCT VERMILLION 2,ACT,Northeast,Cleveland,"1,056",659,62.41%
Ashland,PRECINCT MIFFLIN,ACV,Northeast,Cleveland,899,525,58.40%
Ashtabula,PRECINCT ASHTABULA 1-A,AAA,Northeast,Cleveland,767,443,57.76%
Ashtabula,PRECINCT ASHTABULA 1-B,AAB,Northeast,Cleveland,602,357,59.30%
Ashtabula,PRECINCT ASHTABULA 1-C,AAC,Northeast,Cleveland,690,307,44.49%
Ashtabula,PRECINCT ASHTABULA 1-D,AAE,Northeast,Cleveland,503,224,44.53%
Ashtabula,PRECINCT ASHTABULA 2-A,AAH,Northeast,Cleveland,811,328,40.44%
Ashtabula,PRECINCT ASHTABULA 2-B,AAI,Northeast,Cleveland,669,312,46.64%
Ashtabula,PRECINCT ASHTABULA 2-C,AAJ,Northeast,Cleveland,374,170,45.45%
Ashtabula,PRECINCT ASHTABULA 2-D,AAM,Northeast,Cleveland,339,134,39.53%
Ashtabula,PRECINCT ASHTABULA 3-A,AAN,Northeast,Cleveland,303,53,17.49%
Ashtabula,PRECINCT ASHTABULA 3-B,AAO,Northeast,Cleveland,492,90,18.29%
Ashtabula,PRECINCT ASHTABULA 3-C,AAP,Northeast,Cleveland,394,111,28.17%
Ashtabula,PRECINCT ASHTABULA 3-D,AAQ,Northeast,Cleveland,508,109,21.46%
Ashtabula,PRECINCT ASHTABULA 4-A,AAR,Northeast,Cleveland,401,96,23.94%
Ashtabula,PRECINCT ASHTABULA 4-B,AAS,Northeast,Cleveland,474,96,20.25%
Ashtabula,PRECINCT ASHTABULA 4-C,AAT,Northeast,Cleveland,356,190,53.37%
Ashtabula,PRECINCT ASHTABULA 4-D,AAU,Northeast,Cleveland,874,304,34.78%
Ashtabula,PRECINCT ASHTABULA 5-A,AAW,Northeast,Cleveland,364,97,26.65%
Ashtabula,PRECINCT ASHTABULA 5-B,AAX,Northeast,Cleveland,338,97,28.70%
Ashtabula,PRECINCT ASHTABULA 5-C,AAY,Northeast,Cleveland,696,270,38.79%
Ashtabula,PRECINCT ASHTABULA 5-D,ABA,Northeast,Cleveland,462,115,24.89%
Ashtabula,PRECINCT CONNEAUT 1-A,ABB,Northeast,Cleveland,353,157,44.48%
Ashtabula,PRECINCT CONNEAUT 1-B,ABC,Northeast,Cleveland,353,191,54.11%
Ashtabula,PRECINCT CONNEAUT 1-C,ABD,Northeast,Cleveland,757,306,40.42%
Ashtabula,PRECINCT CONNEAUT 2-A,ABF,Northeast,Cleveland,696,328,47.13%
Ashtabula,PRECINCT CONNEAUT 2-B,ABG,Northeast,Cleveland,824,412,50.00%
Ashtabula,PRECINCT CONNEAUT 2-C,ABI,Northeast,Cleveland,627,382,60.93%
Ashtabula,PRECINCT CONNEAUT 3-A,ABJ,Northeast,Cleveland,339,211,62.24%
Ashtabula,PRECINCT CONNEAUT 3-B,ABK,Northeast,Cleveland,493,288,58.42%
Ashtabula,PRECINCT CONNEAUT 3-C,ABL,Northeast,Cleveland,410,259,63.17%
Ashtabula,PRECINCT CONNEAUT 3-D,ABM,Northeast,Cleveland,533,238,44.65%
Ashtabula,PRECINCT CONNEAUT 4-A,ABN,Northeast,Cleveland,410,143,34.88%
Ashtabula,PRECINCT CONNEAUT 4-B,ABO,Northeast,Cleveland,628,290,46.18%
Ashtabula,PRECINCT CONNEAUT 4-C,ABQ,Northeast,Cleveland,353,101,28.61%
Ashtabula,PRECINCT GENEVA 1,ABR,Northeast,Cleveland,459,272,59.26%
Ashtabula,PRECINCT GENEVA 2,ABS,Northeast,Cleveland,895,430,48.04%
Ashtabula,PRECINCT GENEVA 3,ABT,Northeast,Cleveland,495,209,42.22%
Ashtabula,PRECINCT GENEVA 4,ABV,Northeast,Cleveland,475,172,36.21%
Ashtabula,PRECINCT GENEVA 5,ABW,Northeast,Cleveland,401,153,38.15%
Ashtabula,PRECINCT GENEVA 6,ABX,Northeast,Cleveland,532,293,55.08%
Ashtabula,PRECINCT GENEVA 7,ABY,Northeast,Cleveland,477,312,65.41%
Ashtabula,PRECINCT ANDOVER TWP. 1,ABZ,Northeast,Cleveland,723,342,47.30%
Ashtabula,PRECINCT ANDOVER TWP. 2,ACA,Northeast,Cleveland,466,298,63.95%
Ashtabula,PRECINCT ANDOVER VILLAGE,ACB,Northeast,Cleveland,596,313,52.52%
Ashtabula,PRECINCT ASHTABULA TWP. 1,ACD,Northeast,Cleveland,536,248,46.27%
Ashtabula,PRECINCT ASHTABULA TWP. 2,ACG,Northeast,Cleveland,800,435,54.38%
Ashtabula,PRECINCT ASHTABULA TWP. 3,ACH,Northeast,Cleveland,412,159,38.59%
Ashtabula,PRECINCT ASHTABULA TWP. 4,ACI,Northeast,Cleveland,816,358,43.87%
Ashtabula,PRECINCT ASHTABULA TWP. 5,ACJ,Northeast,Cleveland,531,280,52.73%
Ashtabula,PRECINCT ASHTABULA TWP. 6,ACM,Northeast,Cleveland,480,239,49.79%
Ashtabula,PRECINCT AUSTINBURG TWP. 1,ACO,Northeast,Cleveland,867,556,64.13%
Ashtabula,PRECINCT AUSTINBURG TWP. 2,ACP,Northeast,Cleveland,798,472,59.15%
Ashtabula,PRECINCT CHERRY VALLEY,ACQ,Northeast,Cleveland,490,269,54.90%
Ashtabula,PRECINCT COLEBROOK TWP.,ACR,Northeast,Cleveland,529,303,57.28%
Ashtabula,PRECINCT DENMARK TWP.,ACS,Northeast,Cleveland,528,266,50.38%
Ashtabula,PRECINCT DORSET TWP.,ACT,Northeast,Cleveland,508,291,57.28%
Ashtabula,PRECINCT GENEVA TWP. 1,ACU,Northeast,Cleveland,"1,133",524,46.25%
Ashtabula,PRECINCT GENEVA TWP. 2,ACW,Northeast,Cleveland,557,290,52.06%
Ashtabula,PRECINCT GENEVA TWP. 3,ACX,Northeast,Cleveland,415,201,48.43%
Ashtabula,PRECINCT GEN ON LAKE VILL,ACY,Northeast,Cleveland,671,308,45.90%
Ashtabula,PRECINCT HARPERSFLD TWP 1,ADA,Northeast,Cleveland,599,366,61.10%
Ashtabula,PRECINCT HARPERSFLD TWP 2,ADB,Northeast,Cleveland,806,472,58.56%
Ashtabula,PRECINCT HARPERSFLD TWP 3,ADC,Northeast,Cleveland,601,348,57.90%
Ashtabula,PRECINCT HARTSGROVE TWP,ADD,Northeast,Cleveland,950,525,55.26%
Ashtabula,PRECINCT JEFFERSON TWP. 1,ADF,Northeast,Cleveland,502,268,53.39%
Ashtabula,PRECINCT JEFFERSON TWP. 2,ADG,Northeast,Cleveland,436,250,57.34%
Ashtabula,PRECINCT JEFFERSON TWP 3,ADH,Northeast,Cleveland,534,305,57.12%
Ashtabula,PRECINCT JEFF VILL 1,ADI,Northeast,Cleveland,458,245,53.49%
Ashtabula,PRECINCT JEFF VILL 2,ADJ,Northeast,Cleveland,"1,008",513,50.89%
Ashtabula,PRECINCT JEFF VILL 3,ADL,Northeast,Cleveland,581,351,60.41%
Ashtabula,PRECINCT KINGSVILLE TWP. 1,ADM,Northeast,Cleveland,630,362,57.46%
Ashtabula,PRECINCT KINGSVILLE TWP. 2,ADN,Northeast,Cleveland,614,354,57.65%
Ashtabula,PRECINCT LENOX TWP. 1,ADO,Northeast,Cleveland,504,295,58.53%
Ashtabula,PRECINCT LENOX TWP. 2,ADP,Northeast,Cleveland,496,275,55.44%
Ashtabula,PRECINCT MONROE TWP. 1,ADQ,Northeast,Cleveland,723,413,57.12%
Ashtabula,PRECINCT MONROE TWP. 2,ADR,Northeast,Cleveland,636,370,58.18%
Ashtabula,PRECINCT ROCK CREEK VILLAGE,ADS,Northeast,Cleveland,437,193,44.16%
Ashtabula,PRECINCT MORGAN TWP.,ADT,Northeast,Cleveland,572,338,59.09%
Ashtabula,PRECINCT NEW LYME TWP.,ADU,Northeast,Cleveland,658,385,58.51%
Ashtabula,PRECINCT N KINGS VILL 1,ADV,Northeast,Cleveland,707,426,60.25%
Ashtabula,PRECINCT N KINGS VILL 2,ADW,Northeast,Cleveland,941,518,55.05%
Ashtabula,PRECINCT N KINGS VILL 3,ADX,Northeast,Cleveland,321,183,57.01%
Ashtabula,PRECINCT ORWELL TWP.,ADZ,Northeast,Cleveland,724,365,50.41%
Ashtabula,PRECINCT ORWELL VILLAGE,AEA,Northeast,Cleveland,872,397,45.53%
Ashtabula,PRECINCT PIERPONT TWP.,AEB,Northeast,Cleveland,664,402,60.54%
Ashtabula,PRECINCT PLYMOUTH TWP. 1,AEC,Northeast,Cleveland,535,335,62.62%
Ashtabula,PRECINCT PLYMOUTH TWP. 2,AED,Northeast,Cleveland,922,554,60.09%
Ashtabula,PRECINCT RICHMOND TWP.,AEF,Northeast,Cleveland,560,306,54.64%
Ashtabula,PRECINCT ROME TWP.,AEG,Northeast,Cleveland,578,311,53.81%
Ashtabula,PRECINCT SAYBROOK TWP. 1,AEH,Northeast,Cleveland,450,267,59.33%
Ashtabula,PRECINCT SAYBROOK TWP. 2,AEI,Northeast,Cleveland,538,267,49.63%
Ashtabula,PRECINCT SAYBROOK TWP. 3,AEJ,Northeast,Cleveland,589,340,57.72%
Ashtabula,PRECINCT SAYBROOK TWP. 4,AEK,Northeast,Cleveland,565,349,61.77%
Ashtabula,PRECINCT SAYBROOK TWP. 5,AEL,Northeast,Cleveland,671,411,61.25%
Ashtabula,PRECINCT SAYBROOK TWP. 6,AEM,Northeast,Cleveland,732,489,66.80%
Ashtabula,PRECINCT SAYBROOK TWP. 7,AEO,Northeast,Cleveland,444,235,52.93%
Ashtabula,PRECINCT SAYBROOK TWP. 8,AEP,Northeast,Cleveland,425,210,49.41%
Ashtabula,PRECINCT SHEFFIELD TWP. 1,AEQ,Northeast,Cleveland,424,251,59.20%
Ashtabula,PRECINCT SHEFFIELD TWP. 2,AER,Northeast,Cleveland,621,346,55.72%
Ashtabula,PRECINCT TRUMBULL TWP.,AES,Northeast,Cleveland,967,606,62.67%
Ashtabula,PRECINCT WAYNE TWP.,AEU,Northeast,Cleveland,369,224,60.70%
Ashtabula,PRECINCT WMSFLD TWP 1,AEV,Northeast,Cleveland,362,221,61.05%
Ashtabula,PRECINCT WMSFLD TWP 2,AEW,Northeast,Cleveland,554,288,51.99%
Ashtabula,PRECINCT WINDSOR TWP.,AEX,Northeast,Cleveland,818,444,54.28%
Ashtabula,PRECINCT ROAMING SHORES VILLAGE,AEZ,Northeast,Cleveland,"1,210",735,60.74%
Athens,ATHENS 1-1,AAA,Southeast,Charleston,"1,163",399,34.31%
Athens,ATHENS 1-2,AAB,Southeast,Charleston,535,297,55.51%
Athens,ATHENS 1-3,AAD,Southeast,Charleston,884,203,22.96%
Athens,ATHENS 1-4,AAE,Southeast,Charleston,570,112,19.65%
Athens,ATHENS 1-5,AAF,Southeast,Charleston,183,53,28.96%
Athens,ATHENS 2-1,AAG,Southeast,Charleston,530,137,25.85%
Athens,ATHENS 2-2,AAH,Southeast,Charleston,508,98,19.29%
Athens,ATHENS 2-3,AAI,Southeast,Charleston,674,453,67.21%
Athens,ATHENS 2-4,AAJ,Southeast,Charleston,893,549,61.48%
Athens,ATHENS 3-1,AAK,Southeast,Charleston,389,87,22.37%
Athens,ATHENS 3-2,AAL,Southeast,Charleston,589,82,13.92%
Athens,ATHENS 3-3,AAM,Southeast,Charleston,425,74,17.41%
Athens,ATHENS 3-4,AAN,Southeast,Charleston,787,309,39.26%
Athens,ATHENS 3-5,AAP,Southeast,Charleston,866,439,50.69%
Athens,ATHENS 3-6,AAQ,Southeast,Charleston,531,383,72.13%
Athens,ATHENS 4-1,AAS,Southeast,Charleston,778,468,60.15%
Athens,ATHENS 4-2,AAU,Southeast,Charleston,607,372,61.29%
Athens,ATHENS 4-3,AAV,Southeast,Charleston,511,209,40.90%
Athens,ATHENS 4-4,AAW,Southeast,Charleston,606,120,19.80%
Athens,NELSONVILLE 1,AAX,Southeast,Charleston,591,245,41.46%
Athens,NELSONVILLE 2,AAZ,Southeast,Charleston,453,185,40.84%
Athens,NELSONVILLE 3,ABB,Southeast,Charleston,723,243,33.61%
Athens,NELSONVILLE 4,ABD,Southeast,Charleston,825,256,31.03%
Athens,ALEXANDER EAST,ABF,Southeast,Charleston,"1,217",731,60.07%
Athens,ALEXANDER WEST,ABG,Southeast,Charleston,731,412,56.36%
Athens,AMES TOWNSHIP,ABH,Southeast,Charleston,733,470,64.12%
Athens,AMESVILLE VLG,ABI,Southeast,Charleston,124,85,68.55%
Athens,ATHENS BAKER,ABJ,Southeast,Charleston,"1,275",810,63.53%
Athens,ATHENS EAST,ABK,Southeast,Charleston,440,294,66.82%
Athens,ATHENS SOUTH,ABL,Southeast,Charleston,836,498,59.57%
Athens,PLAINS 1,ABM,Southeast,Charleston,985,460,46.70%
Athens,PLAINS 2,ABN,Southeast,Charleston,"1,182",668,56.51%
Athens,BERN TOWNSHIP,ABO,Southeast,Charleston,350,196,56.00%
Athens,CANAAN TOWNSHIP,ABP,Southeast,Charleston,"1,069",703,65.76%
Athens,CARTHAGE TOWNSHIP,ABR,Southeast,Charleston,"1,009",576,57.09%
Athens,CHAUNCEY VLG,ABS,Southeast,Charleston,513,211,41.13%
Athens,CIRCLE HILL,ABT,Southeast,Charleston,685,402,58.69%
Athens,MILLFIELD,ABU,Southeast,Charleston,654,343,52.45%
Athens,SUGAR CREEK,ABV,Southeast,Charleston,387,215,55.56%
Athens,ALBANY VILLAGE,ABW,Southeast,Charleston,598,322,53.85%
Athens,LEE TOWNSHIP,ABX,Southeast,Charleston,"1,421",892,62.77%
Athens,LODI TOWNSHIP,ABY,Southeast,Charleston,"1,006",633,62.92%
Athens,ROME TOWNSHIP,ABZ,Southeast,Charleston,826,463,56.05%
Athens,JACKSONVILLE,ACB,Southeast,Charleston,291,152,52.23%
Athens,TRIMBLE TOWNSHIP,ACC,Southeast,Charleston,"1,090",566,51.93%
Athens,TRIMBLE VILLAGE,ACD,Southeast,Charleston,176,79,44.89%
Athens,GLOUSTER VILLAGE,ACE,Southeast,Charleston,"1,016",430,42.32%
Athens,COOLVILLE VILLAGE,ACI,Southeast,Charleston,339,213,62.83%
Athens,TROY EAST,ACJ,Southeast,Charleston,854,474,55.50%
Athens,TROY WEST,ACK,Southeast,Charleston,576,313,54.34%
Athens,NEW MARSHFIELD,ACL,Southeast,Charleston,719,449,62.45%
Athens,WATERLOO,ACM,Southeast,Charleston,860,430,50.00%
Athens,BUCHTEL VLG,ACO,Southeast,Charleston,334,200,59.88%
Athens,YORK TOWNSHIP,ACP,Southeast,Charleston,"1,179",629,53.35%
Athens,ATHENS 2-5,ACR,Southeast,Charleston,343,81,23.62%
Athens,ATHENS 4-5,ACS,Southeast,Charleston,550,158,28.73%
Auglaize,PRECINCT ST. MARYS 1A,AAA,West,Dayton,969,524,54.08%
Auglaize,PRECINCT ST. MARYS 1B,AAB,West,Dayton,602,270,44.85%
Auglaize,PRECINCT ST. MARYS 2A,AAC,West,Dayton,676,358,52.96%
Auglaize,PRECINCT ST. MARYS 2B,AAD,West,Dayton,"1,082",641,59.24%
Auglaize,PRECINCT ST. MARYS 3A,AAE,West,Dayton,"1,171",533,45.52%
Auglaize,PRECINCT ST. MARYS 4A,AAF,West,Dayton,964,372,38.59%
Auglaize,PRECINCT WAPAKONETA 1A,AAG,West,Dayton,"1,151",694,60.30%
Auglaize,PRECINCT WAPAKONETA 1B,AAH,West,Dayton,"1,017",633,62.24%
Auglaize,PRECINCT WAPAKONETA 2A,AAI,West,Dayton,665,288,43.31%
Auglaize,PRECINCT WAPAKONETA 2B,AAJ,West,Dayton,808,393,48.64%
Auglaize,PRECINCT WAPAKONETA 3A,AAK,West,Dayton,655,249,38.02%
Auglaize,PRECINCT WAPAKONETA 3B,AAL,West,Dayton,671,320,47.69%
Auglaize,PRECINCT WAPAKONETA 4A,AAM,West,Dayton,522,261,50.00%
Auglaize,PRECINCT WAPAKONETA 4B,AAN,West,Dayton,"1,100",515,46.82%
Auglaize,PRECINCT CLAY,AAO,West,Dayton,549,373,67.94%
Auglaize,PRECINCT DUCHOUQUET E,AAP,West,Dayton,"1,262",751,59.51%
Auglaize,PRECINCT DUCHOUQUET W,AAR,West,Dayton,882,568,64.40%
Auglaize,PRECINCT CRIDERSVILLE E,AAS,West,Dayton,510,217,42.55%
Auglaize,PRECINCT GERMAN,AAU,West,Dayton,573,409,71.38%
Auglaize,PRECINCT NEW BREMEN E,AAV,West,Dayton,"1,384",908,65.61%
Auglaize,PRECINCT NEW BREMEN W,AAW,West,Dayton,836,517,61.84%
Auglaize,PRECINCT GOSHEN,AAX,West,Dayton,342,192,56.14%
Auglaize,PRECINCT JACKSON,AAY,West,Dayton,637,453,71.11%
Auglaize,PRECINCT MINSTER N,AAZ,West,Dayton,"1,219",782,64.15%
Auglaize,PRECINCT MINSTER S,ABA,West,Dayton,987,652,66.06%
Auglaize,PRECINCT BUCKLAND,ABB,West,Dayton,152,68,44.74%
Auglaize,PRECINCT LOGAN,ABC,West,Dayton,679,474,69.81%
Auglaize,PRECINCT MOULTON,ABD,West,Dayton,"1,239",834,67.31%
Auglaize,PRECINCT NOBLE,ABF,West,Dayton,877,602,68.64%
Auglaize,PRECINCT PUSHETA,ABG,West,Dayton,900,574,63.78%
Auglaize,PRECINCT ST. MARYS E,ABH,West,Dayton,"1,102",763,69.24%
Auglaize,PRECINCT ST. MARYS W,ABJ,West,Dayton,"1,380",760,55.07%
Auglaize,PRECINCT SALEM,ABK,West,Dayton,330,199,60.30%
Auglaize,PRECINCT UNION,ABL,West,Dayton,"1,264",837,66.22%
Auglaize,PRECINCT NEW KNOXVILLE,ABN,West,Dayton,650,424,65.23%
Auglaize,PRECINCT WASHINGTON,ABO,West,Dayton,752,534,71.01%
Auglaize,PRECINCT WAYNE,ABP,West,Dayton,548,316,57.66%
Auglaize,PRECINCT WAYNESFIELD,ABQ,West,Dayton,495,208,42.02%
Auglaize,PRECINCT CRIDERSVILLE W,ABR,West,Dayton,717,431,60.11%
Belmont,PRECINCT BELLAIRE VILLAGE 1,AAA,Southeast,Wheeling,892,339,38.00%
Belmont,PRECINCT BELLAIRE VILLAGE 2,AAB,Southeast,Wheeling,800,233,29.13%
Belmont,PRECINCT BELLAIRE VILLAGE 3,AAE,Southeast,Wheeling,750,210,28.00%
Belmont,PRECINCT MARTINS FERRY 1-A,AAF,Southeast,Wheeling,"1,065",466,43.76%
Belmont,PRECINCT MARTINS FERRY 2-A,AAH,Southeast,Wheeling,"1,234",377,30.55%
Belmont,PRECINCT MARTINS FERRY 3-A,AAJ,Southeast,Wheeling,362,118,32.60%
Belmont,PRECINCT MARTINS FERRY 3-B,AAK,Southeast,Wheeling,533,231,43.34%
Belmont,PRECINCT MARTINS FERRY 4-A,AAL,Southeast,Wheeling,"1,106",348,31.46%
Belmont,PRECINCT ST CLAIRSVILLE 1-A,AAN,Southeast,Wheeling,608,387,63.65%
Belmont,PRECINCT ST CLAIRSVILLE 2-A,AAO,Southeast,Wheeling,557,246,44.17%
Belmont,PRECINCT ST CLAIRSVILLE 2-B,AAP,Southeast,Wheeling,771,404,52.40%
Belmont,PRECINCT ST CLAIRSVILLE 3-A,AAQ,Southeast,Wheeling,425,244,57.41%
Belmont,PRECINCT ST CLAIRSVILLE 3-B,AAR,Southeast,Wheeling,553,308,55.70%
Belmont,PRECINCT ST CLAIRSVILLE 4-A,AAS,Southeast,Wheeling,496,250,50.40%
Belmont,PRECINCT ST CLAIRSVILLE 4-B,AAT,Southeast,Wheeling,458,253,55.24%
Belmont,PRECINCT COLERAIN TWP 2,AAU,Southeast,Wheeling,339,206,60.77%
Belmont,PRECINCT COLERAIN TWP 1,AAV,Southeast,Wheeling,282,179,63.48%
Belmont,PRECINCT COLERAIN TWP 3,AAW,Southeast,Wheeling,836,534,63.88%
Belmont,PRECINCT COLERAIN TWP 4,AAX,Southeast,Wheeling,541,311,57.49%
Belmont,PRECINCT COLERAIN TWP 5,AAY,Southeast,Wheeling,530,333,62.83%
Belmont,PRECINCT COLERAIN TWP 6,AAZ,Southeast,Wheeling,472,234,49.58%
Belmont,PRECINCT FLUSHING VILLAGE,ABA,Southeast,Wheeling,556,263,47.30%
Belmont,PRECINCT HOLLOWAY VILLAGE,ABB,Southeast,Wheeling,186,74,39.78%
Belmont,PRECINCT FLUSHING TWP 1,ABC,Southeast,Wheeling,404,225,55.69%
Belmont,PRECINCT BELMONT VILLAGE,ABD,Southeast,Wheeling,315,160,50.79%
Belmont,PRECINCT BETHESDA VILLAGE,ABE,Southeast,Wheeling,814,404,49.63%
Belmont,PRECINCT GOSHEN TWP,ABF,Southeast,Wheeling,"1,021",598,58.57%
Belmont,PRECINCT KIRKWOOD TWP,ABG,Southeast,Wheeling,252,132,52.38%
Belmont,PRECINCT SHADYSIDE VILLAGE 1,ABH,Southeast,Wheeling,816,446,54.66%
Belmont,PRECINCT SHADYSIDE VILLAGE 2,ABI,Southeast,Wheeling,963,514,53.37%
Belmont,PRECINCT SHADYSIDE VILLAGE 3,ABL,Southeast,Wheeling,701,362,51.64%
Belmont,PRECINCT MEAD TWP 1,ABN,Southeast,Wheeling,941,512,54.41%
Belmont,PRECINCT MEAD TWP 2,ABP,Southeast,Wheeling,529,288,54.44%
Belmont,PRECINCT BRIDGEPORT VILLAGE 1,ABQ,Southeast,Wheeling,663,224,33.79%
Belmont,PRECINCT BRIDGEPORT VILLAGE 2,ABS,Southeast,Wheeling,481,218,45.32%
Belmont,PRECINCT BROOKSIDE VILLAGE,ABU,Southeast,Wheeling,418,209,50.00%
Belmont,PRECINCT PEASE TWP 1,ABV,Southeast,Wheeling,952,463,48.63%
Belmont,PRECINCT PEASE TWP 2,ABW,Southeast,Wheeling,842,340,40.38%
Belmont,PRECINCT PEASE TWP 3,ABX,Southeast,Wheeling,300,147,49.00%
Belmont,PRECINCT YORKVILLE VILLAGE,ABY,Southeast,Wheeling,283,133,47.00%
Belmont,PRECINCT PEASE TWP 4,ABZ,Southeast,Wheeling,582,283,48.63%
Belmont,PRECINCT PULTNEY TWP 1,ACD,Southeast,Wheeling,265,159,60.00%
Belmont,PRECINCT PULTNEY TWP 2,ACE,Southeast,Wheeling,"1,115",494,44.30%
Belmont,PRECINCT PULTNEY TWP 3,ACF,Southeast,Wheeling,796,451,56.66%
Belmont,PRECINCT PULTNEY TWP 4,ACH,Southeast,Wheeling,799,477,59.70%
Belmont,PRECINCT RICHLAND TWP 1,ACJ,Southeast,Wheeling,688,409,59.45%
Belmont,PRECINCT RICHLAND TWP 2,ACK,Southeast,Wheeling,770,461,59.87%
Belmont,PRECINCT RICHLAND TWP 3,ACL,Southeast,Wheeling,637,306,48.04%
Belmont,PRECINCT RICHLAND TWP 4,ACM,Southeast,Wheeling,830,489,58.92%
Belmont,PRECINCT RICHLAND TWP 5,ACN,Southeast,Wheeling,776,522,67.27%
Belmont,PRECINCT RICHLAND TWP 6,ACO,Southeast,Wheeling,957,580,60.61%
Belmont,PRECINCT RICHLAND TWP 7,ACP,Southeast,Wheeling,526,261,49.62%
Belmont,PRECINCT SMITH TWP,ACQ,Southeast,Wheeling,983,596,60.63%
Belmont,PRECINCT SOMERSET TWP 1,ACS,Southeast,Wheeling,486,272,55.97%
Belmont,PRECINCT SOMERSET TWP 2,ACT,Southeast,Wheeling,238,134,56.30%
Belmont,PRECINCT MORRISTOWN VILLAGE,ACU,Southeast,Wheeling,180,85,47.22%
Belmont,PRECINCT UNION TWP 1,ACV,Southeast,Wheeling,391,230,58.82%
Belmont,PRECINCT UNION TWP 2,ACW,Southeast,Wheeling,"1,087",647,59.52%
Belmont,PRECINCT BARNESVILLE VILLAGE 1,ACX,Southeast,Wheeling,"1,218",585,48.03%
Belmont,PRECINCT BARNESVILLE VILLAGE 2,ACZ,Southeast,Wheeling,741,333,44.94%
Belmont,PRECINCT WARREN TWP,ADB,Southeast,Wheeling,"1,250",775,62.00%
Belmont,PRECINCT WASHINGTON TWP,ADD,Southeast,Wheeling,343,187,54.52%
Belmont,PRECINCT WAYNE TWP,ADE,Southeast,Wheeling,473,293,61.95%
Belmont,PRECINCT WHEELING TWP 1,ADF,Southeast,Wheeling,580,332,57.24%
Belmont,PRECINCT WHEELING TWP 2,ADH,Southeast,Wheeling,617,330,53.48%
Belmont,PRECINCT POWHATAN POINT VILLAGE,ADI,Southeast,Wheeling,957,453,47.34%
Belmont,PRECINCT YORK TWP,ADK,Southeast,Wheeling,613,349,56.93%
Belmont,PRECINCT FLUSHING TWP 2,ADL,Southeast,Wheeling,95,68,71.58%
Belmont,PRECINCT PEASE TWP 5,ADW,Southeast,Wheeling,198,126,63.64%
Belmont,PRECINCT BARNESVILLE VILLAGE 3,ADX,Southeast,Wheeling,591,265,44.84%
Brown,BYRD TWP,AAA,Southwest,Cincinnati,470,257,54.68%
Brown,FRANKLIN TWP,AAF,Southwest,Cincinnati,"1,141",658,57.67%
Brown,GREEN TWP NORTH,AAG,Southwest,Cincinnati,457,247,54.05%
Brown,GREEN TWP SOUTH,AAH,Southwest,Cincinnati,658,327,49.70%
Brown,MT ORAB SOUTH,AAJ,Southwest,Cincinnati,913,500,54.76%
Brown,ABERDEEN VILLAGE,AAK,Southwest,Cincinnati,"1,043",437,41.90%
Brown,HUNTINGTON TWP,AAM,Southwest,Cincinnati,598,308,51.51%
Brown,PERRY / LAKE LORELEI,AAV,Southwest,Cincinnati,860,486,56.51%
Brown,PERRY TWP SOUTH,AAW,Southwest,Cincinnati,722,437,60.53%
Brown,PERRY TWP WEST,AAY,Southwest,Cincinnati,854,454,53.16%
Brown,GEORGETOWN SW,ABI,Southwest,Cincinnati,703,374,53.20%
Brown,SARDINIA VILLAGE,ABP,Southwest,Cincinnati,688,269,39.10%
Brown,CLARK HAMERSVILLE,ACD,Southwest,Cincinnati,901,441,48.95%
Brown,CLARK TWP WEST,ACE,Southwest,Cincinnati,928,496,53.45%
Brown,EAGLE TWP,ACF,Southwest,Cincinnati,866,435,50.23%
Brown,MT ORAB NORTH,ACG,Southwest,Cincinnati,"1,132",407,35.95%
Brown,JACKSON TWP,ACH,Southwest,Cincinnati,"1,246",743,59.63%
Brown,JEFFERSON RUSS,ACI,Southwest,Cincinnati,914,501,54.81%
Brown,LEWIS TWP NORTH,ACJ,Southwest,Cincinnati,"1,162",591,50.86%
Brown,LEWIS/HIGGINSPORT,ACK,Southwest,Cincinnati,485,212,43.71%
Brown,PERRY TWP-VILLAGES,ACL,Southwest,Cincinnati,773,454,58.73%
Brown,PIKE TWP EAST,ACM,Southwest,Cincinnati,852,442,51.88%
Brown,PIKE TWP WEST,ACN,Southwest,Cincinnati,881,404,45.86%
Brown,GEORGETOWN EAST,ACO,Southwest,Cincinnati,"1,117",397,35.54%
Brown,GEORGETOWN NORTH,ACP,Southwest,Cincinnati,997,379,38.01%
Brown,PLEASANT TWP,ACQ,Southwest,Cincinnati,889,503,56.58%
Brown,SCOTT TWP,ACR,Southwest,Cincinnati,860,431,50.12%
Brown,STERLING TWP NORTH,ACS,Southwest,Cincinnati,"1,257",581,46.22%
Brown,STERLING TWP SOUTH,ACT,Southwest,Cincinnati,"1,106",541,48.92%
Brown,RIPLEY VILLAGE,ACU,Southwest,Cincinnati,"1,122",470,41.89%
Brown,UNION TWP,ACV,Southwest,Cincinnati,788,395,50.13%
Brown,WASHINGTON TWP,ACW,Southwest,Cincinnati,831,471,56.68%
Brown,MOUNT ORAB VILLAGE WEST,ACX,Southwest,Cincinnati,726,337,46.42%
Butler,FAIR2WD1,AAB,Southwest,Cincinnati,"1,179",460,39.02%
Butler,FAIR11WD3,AAC,Southwest,Cincinnati,774,502,64.86%
Butler,FAIR4WD1,AAD,Southwest,Cincinnati,807,297,36.80%
Butler,FAIR5WD1,AAE,Southwest,Cincinnati,674,282,41.84%
Butler,FAIR6WD1,AAF,Southwest,Cincinnati,"1,116",339,30.38%
Butler,FAIR7WD1,AAG,Southwest,Cincinnati,712,377,52.95%
Butler,FAIR8WD1,AAH,Southwest,Cincinnati,683,213,31.19%
Butler,FAIR9WD1,AAI,Southwest,Cincinnati,528,281,53.22%
Butler,FAIR3WD1,AAK,Southwest,Cincinnati,945,308,32.59%
Butler,FAIR1WD2,AAL,Southwest,Cincinnati,793,426,53.72%
Butler,FAIR2WD2,AAM,Southwest,Cincinnati,708,340,48.02%
Butler,FAIR3WD2,AAN,Southwest,Cincinnati,821,324,39.46%
Butler,FAIR4WD2,AAO,Southwest,Cincinnati,794,180,22.67%
Butler,FAIR5WD2,AAP,Southwest,Cincinnati,720,337,46.81%
Butler,FAIR6WD2,AAQ,Southwest,Cincinnati,771,355,46.04%
Butler,FAIR7WD2,AAR,Southwest,Cincinnati,912,318,34.87%
Butler,FAIR8WD2,AAS,Southwest,Cincinnati,391,93,23.79%
Butler,FAIR1WD3,AAT,Southwest,Cincinnati,660,382,57.88%
Butler,FAIR2WD3,AAU,Southwest,Cincinnati,890,384,43.15%
Butler,FAIR3WD3,AAV,Southwest,Cincinnati,656,419,63.87%
Butler,FAIR4WD3,AAW,Southwest,Cincinnati,624,391,62.66%
Butler,FAIR5WD3,AAX,Southwest,Cincinnati,876,487,55.59%
Butler,FAIR6WD3,AAY,Southwest,Cincinnati,707,386,54.60%
Butler,FAIR7WD3,AAZ,Southwest,Cincinnati,769,420,54.62%
Butler,FAIR8WD3,ABA,Southwest,Cincinnati,644,314,48.76%
Butler,FAIR10WD3,ABC,Southwest,Cincinnati,712,381,53.51%
Butler,FAIR10WD4,ABD,Southwest,Cincinnati,751,464,61.78%
Butler,FAIR2WD4,ABH,Southwest,Cincinnati,"1,108",616,55.60%
Butler,FAIR3WD4,ABI,Southwest,Cincinnati,839,463,55.18%
Butler,FAIR4WD4,ABJ,Southwest,Cincinnati,"1,034",441,42.65%
Butler,FAIR5WD4,ABK,Southwest,Cincinnati,768,437,56.90%
Butler,FAIR6WD4,ABL,Southwest,Cincinnati,862,525,60.90%
Butler,FAIR7WD4,ABM,Southwest,Cincinnati,768,398,51.82%
Butler,FAIR8WD4,ABN,Southwest,Cincinnati,774,492,63.57%
Butler,FAIR9WD4,ABO,Southwest,Cincinnati,703,423,60.17%
Butler,HAM1WD1,ABQ,Southwest,Cincinnati,818,450,55.01%
Butler,HAM2WD1,ABR,Southwest,Cincinnati,982,486,49.49%
Butler,HAM3WD1,ABS,Southwest,Cincinnati,786,292,37.15%
Butler,HAM4WD1,ABT,Southwest,Cincinnati,888,215,24.21%
Butler,HAM5WD1,ABU,Southwest,Cincinnati,905,279,30.83%
Butler,HAM6WD1,ABV,Southwest,Cincinnati,693,376,54.26%
Butler,HAM7WD1,ABW,Southwest,Cincinnati,"1,476",881,59.69%
Butler,HAM8WD1,ABX,Southwest,Cincinnati,922,346,37.53%
Butler,HAM9WD1,ABY,Southwest,Cincinnati,910,374,41.10%
Butler,HAM10WD1,ABZ,Southwest,Cincinnati,791,355,44.88%
Butler,HAM11WD1,ACA,Southwest,Cincinnati,849,380,44.76%
Butler,HAM12WD1,ACB,Southwest,Cincinnati,822,346,42.09%
Butler,HAM13WD1,ACC,Southwest,Cincinnati,643,251,39.04%
Butler,HAM14WD1,ACD,Southwest,Cincinnati,581,249,42.86%
Butler,HAM15WD1,ACE,Southwest,Cincinnati,"1,027",637,62.03%
Butler,HAM16WD1,ACF,Southwest,Cincinnati,358,240,67.04%
Butler,HAM17WD1,ACG,Southwest,Cincinnati,966,406,42.03%
Butler,HAM18WD1,ACH,Southwest,Cincinnati,"1,452","1,014",69.83%
Butler,HAM19WD1,ACI,Southwest,Cincinnati,815,242,29.69%
Butler,HAM20WD1,ACJ,Southwest,Cincinnati,932,491,52.68%
Butler,HAM21WD1,ACK,Southwest,Cincinnati,978,352,35.99%
Butler,HAM22WD1,ACL,Southwest,Cincinnati,912,516,56.58%
Butler,HAM23WD1,ACM,Southwest,Cincinnati,484,304,62.81%
Butler,HAM1WD2,ACN,Southwest,Cincinnati,787,201,25.54%
Butler,HAM2WD2,ACO,Southwest,Cincinnati,747,182,24.36%
Butler,HAM1WD3,ACQ,Southwest,Cincinnati,"1,063",357,33.58%
Butler,HAM2WD3,ACR,Southwest,Cincinnati,"1,315",311,23.65%
Butler,HAM1WD4,ACT,Southwest,Cincinnati,"1,311",233,17.77%
Butler,HAM2WD4,ACU,Southwest,Cincinnati,"1,284",380,29.60%
Butler,HAM1WD5,ACX,Southwest,Cincinnati,"1,006",197,19.58%
Butler,HAM2WD5,ACY,Southwest,Cincinnati,864,207,23.96%
Butler,HAM3WD5,ACZ,Southwest,Cincinnati,"1,341",461,34.38%
Butler,HAM1WD6,ADA,Southwest,Cincinnati,790,202,25.57%
Butler,HAM2WD6,ADB,Southwest,Cincinnati,926,335,36.18%
Butler,HAM3WD6,ADC,Southwest,Cincinnati,724,241,33.29%
Butler,HAM4WD6,ADD,Southwest,Cincinnati,933,372,39.87%
Butler,HAM5WD6,ADE,Southwest,Cincinnati,778,322,41.39%
Butler,HAM6WD6,ADF,Southwest,Cincinnati,355,71,20.00%
Butler,HAM7WD6,ADG,Southwest,Cincinnati,732,368,50.27%
Butler,MIDD1WD1,ADH,Southwest,Cincinnati,848,253,29.83%
Butler,MIDD2WD1,ADI,Southwest,Cincinnati,827,334,40.39%
Butler,MIDD3WD1,ADJ,Southwest,Cincinnati,636,474,74.53%
Butler,MIDD4WD1,ADK,Southwest,Cincinnati,699,446,63.81%
Butler,MIDD5WD1,ADL,Southwest,Cincinnati,"1,142",570,49.91%
Butler,MIDD6WD1,ADM,Southwest,Cincinnati,729,177,24.28%
Butler,MIDD7WD1,ADN,Southwest,Cincinnati,"1,110",299,26.94%
Butler,MIDD8WD1,ADO,Southwest,Cincinnati,600,285,47.50%
Butler,MIDD9WD1,ADP,Southwest,Cincinnati,873,194,22.22%
Butler,MIDD2WD2,ADR,Southwest,Cincinnati,746,252,33.78%
Butler,MIDD3WD2,ADS,Southwest,Cincinnati,650,168,25.85%
Butler,MIDD4WD2,ADT,Southwest,Cincinnati,692,184,26.59%
Butler,MIDD5WD2,ADU,Southwest,Cincinnati,778,203,26.09%
Butler,MIDD6WD2,ADV,Southwest,Cincinnati,781,192,24.58%
Butler,MIDD7WD2,ADW,Southwest,Cincinnati,516,127,24.61%
Butler,MIDD8WD2,ADX,Southwest,Cincinnati,738,210,28.46%
Butler,MIDD1WD3,ADY,Southwest,Cincinnati,647,456,70.48%
Butler,MIDD2WD3,ADZ,Southwest,Cincinnati,691,338,48.91%
Butler,MIDD3WD3,AEA,Southwest,Cincinnati,647,345,53.32%
Butler,MIDD4WD3,AEB,Southwest,Cincinnati,579,264,45.60%
Butler,MIDD5WD3,AEC,Southwest,Cincinnati,770,418,54.29%
Butler,MIDD6WD3,AED,Southwest,Cincinnati,901,598,66.37%
Butler,MIDD7WD3,AEE,Southwest,Cincinnati,899,487,54.17%
Butler,MIDD8WD3,AEF,Southwest,Cincinnati,848,308,36.32%
Butler,MIDD9WD3,AEG,Southwest,Cincinnati,595,358,60.17%
Butler,MIDD10WD3,AEH,Southwest,Cincinnati,787,291,36.98%
Butler,MIDD11WD3,AEI,Southwest,Cincinnati,809,438,54.14%
Butler,MIDD1WD4,AEK,Southwest,Cincinnati,"1,030",298,28.93%
Butler,MIDD2WD4,AEL,Southwest,Cincinnati,902,297,32.93%
Butler,MIDD3WD4,AEM,Southwest,Cincinnati,813,341,41.94%
Butler,MIDD4WD4,AEN,Southwest,Cincinnati,553,276,49.91%
Butler,MIDD5WD4,AEO,Southwest,Cincinnati,759,300,39.53%
Butler,MIDD6WD4,AEP,Southwest,Cincinnati,"1,248",437,35.02%
Butler,MIDD7WD4,AEQ,Southwest,Cincinnati,"1,067",307,28.77%
Butler,MIDD8WD4,AER,Southwest,Cincinnati,916,359,39.19%
Butler,OXFORD 1,AET,Southwest,Cincinnati,886,275,31.04%
Butler,OXFORD 2,AEU,Southwest,Cincinnati,699,149,21.32%
Butler,OXFORD 3,AEV,Southwest,Cincinnati,982,744,75.76%
Butler,OXFORD 4,AEW,Southwest,Cincinnati,956,300,31.38%
Butler,OXFORD 5,AEX,Southwest,Cincinnati,604,299,49.50%
Butler,OXFORD 6,AEY,Southwest,Cincinnati,492,41,8.33%
Butler,OXFORD 7,AEZ,Southwest,Cincinnati,679,56,8.25%
Butler,OXFORD 8,AFA,Southwest,Cincinnati,872,194,22.25%
Butler,OXFORD 9,AFB,Southwest,Cincinnati,"1,049",393,37.46%
Butler,OXFORD 10,AFC,Southwest,Cincinnati,750,527,70.27%
Butler,OXFORD 11,AFD,Southwest,Cincinnati,845,84,9.94%
Butler,OXFORD 12,AFE,Southwest,Cincinnati,539,36,6.68%
Butler,OXFORD 13,AFF,Southwest,Cincinnati,790,458,57.97%
Butler,TRENTON 1,AFH,Southwest,Cincinnati,235,106,45.11%
Butler,TRENTON 2,AFI,Southwest,Cincinnati,"1,127",587,52.09%
Butler,TRENTON 3,AFJ,Southwest,Cincinnati,"1,063",542,50.99%
Butler,TRENTON 4,AFK,Southwest,Cincinnati,"1,171",619,52.86%
Butler,TRENTON 5,AFL,Southwest,Cincinnati,554,163,29.42%
Butler,TRENTON 6,AFM,Southwest,Cincinnati,"1,310",450,34.35%
Butler,TRENTON 7,AFN,Southwest,Cincinnati,"1,237",536,43.33%
Butler,FAIRFIELD TWP 1,AFO,Southwest,Cincinnati,726,432,59.50%
Butler,FAIRFIELD TWP 2,AFP,Southwest,Cincinnati,657,195,29.68%
Butler,FAIRFIELD TWP 3,AFQ,Southwest,Cincinnati,755,339,44.90%
Butler,FAIRFIELD TWP 4,AFR,Southwest,Cincinnati,"1,123",650,57.88%
Butler,FAIRFIELD TWP 5,AFS,Southwest,Cincinnati,654,298,45.57%
Butler,FAIRFIELD TWP 6,AFT,Southwest,Cincinnati,"1,104",637,57.70%
Butler,FAIRFIELD TWP 7,AFU,Southwest,Cincinnati,848,521,61.44%
Butler,FAIRFIELD TWP 8,AFV,Southwest,Cincinnati,779,460,59.05%
Butler,FAIRFIELD TWP 9,AFW,Southwest,Cincinnati,801,468,58.43%
Butler,FAIRFIELD TWP 10,AFX,Southwest,Cincinnati,790,455,57.59%
Butler,FAIRFIELD TWP 11,AFY,Southwest,Cincinnati,"1,167",689,59.04%
Butler,FAIRFIELD TWP 12,AFZ,Southwest,Cincinnati,"1,396",796,57.02%
Butler,FAIRFIELD TWP 13,AGA,Southwest,Cincinnati,485,271,55.88%
Butler,HANOVER TWP 1,AGB,Southwest,Cincinnati,237,146,61.60%
Butler,HANOVER TWP 2,AGC,Southwest,Cincinnati,811,536,66.09%
Butler,HANOVER TWP 3,AGD,Southwest,Cincinnati,582,398,68.38%
Butler,HANOVER TWP 4,AGE,Southwest,Cincinnati,852,585,68.66%
Butler,HANOVER TWP 5,AGF,Southwest,Cincinnati,"1,042",624,59.88%
Butler,HANOVER TWP 6,AGG,Southwest,Cincinnati,127,77,60.63%
Butler,HANOVER TWP 7,AGH,Southwest,Cincinnati,970,527,54.33%
Butler,LEMON TWP 1,AGJ,Southwest,Cincinnati,430,127,29.53%
Butler,LEMON TWP 2,AGK,Southwest,Cincinnati,741,179,24.16%
Butler,LIBERTY TWP 1,AGL,Southwest,Cincinnati,898,419,46.66%
Butler,LIBERTY TWP 2,AGM,Southwest,Cincinnati,578,313,54.15%
Butler,LIBERTY TWP 3,AGN,Southwest,Cincinnati,"1,044",627,60.06%
Butler,LIBERTY TWP 4,AGO,Southwest,Cincinnati,"1,115",650,58.30%
Butler,LIBERTY TWP 5,AGP,Southwest,Cincinnati,"1,081",575,53.19%
Butler,LIBERTY TWP 6,AGQ,Southwest,Cincinnati,"1,343",703,52.35%
Butler,LIBERTY TWP 7,AGR,Southwest,Cincinnati,"1,344",861,64.06%
Butler,LIBERTY TWP 8,AGS,Southwest,Cincinnati,"1,552","1,003",64.63%
Butler,LIBERTY TWP 9,AGT,Southwest,Cincinnati,"1,055",616,58.39%
Butler,LIBERTY TWP 10,AGU,Southwest,Cincinnati,992,489,49.29%
Butler,LIBERTY TWP 11,AGV,Southwest,Cincinnati,650,434,66.77%
Butler,LIBERTY TWP 12,AGW,Southwest,Cincinnati,862,547,63.46%
Butler,LIBERTY TWP 13,AGX,Southwest,Cincinnati,"1,035",616,59.52%
Butler,MADISON TWP 1,AGY,Southwest,Cincinnati,"1,330",844,63.46%
Butler,MADISON TWP 2,AGZ,Southwest,Cincinnati,"1,236",582,47.09%
Butler,MADISON TWP 3,AHA,Southwest,Cincinnati,"1,315",802,60.99%
Butler,MADISON TWP 4,AHB,Southwest,Cincinnati,"1,051",646,61.47%
Butler,MADISON TWP 5,AHC,Southwest,Cincinnati,270,114,42.22%
Butler,MADISON TWP 7,AHE,Southwest,Cincinnati,483,281,58.18%
Butler,MILFORD TWP 1,AHF,Southwest,Cincinnati,"1,128",689,61.08%
Butler,MILFORD TWP 2,AHH,Southwest,Cincinnati,"1,472",944,64.13%
Butler,MORGAN TWP 1,AHJ,Southwest,Cincinnati,552,374,67.75%
Butler,MORGAN TWP 2,AHK,Southwest,Cincinnati,723,482,66.67%
Butler,MORGAN TWP 3,AHL,Southwest,Cincinnati,"1,051",701,66.70%
Butler,MORGAN TWP 4,AHM,Southwest,Cincinnati,942,694,73.67%
Butler,MORGAN TWP 5,AHN,Southwest,Cincinnati,809,525,64.89%
Butler,OXFORD TWP 1,AHO,Southwest,Cincinnati,834,560,67.15%
Butler,OXFORD TWP 2,AHP,Southwest,Cincinnati,118,48,40.68%
Butler,OXFORD TWP 3,AHQ,Southwest,Cincinnati,987,712,72.14%
Butler,REILY TWP 1,AHS,Southwest,Cincinnati,891,632,70.93%
Butler,REILY TWP 2,AHT,Southwest,Cincinnati,"1,182",814,68.87%
Butler,ROSS TWP 1,AHU,Southwest,Cincinnati,723,488,67.50%
Butler,ROSS TWP 2,AHV,Southwest,Cincinnati,"1,196",891,74.50%
Butler,ROSS TWP 3,AHW,Southwest,Cincinnati,"1,368",982,71.78%
Butler,ROSS TWP 4,AHX,Southwest,Cincinnati,"1,027",695,67.67%
Butler,ROSS TWP 5,AHY,Southwest,Cincinnati,297,195,65.66%
Butler,ROSS TWP 6,AHZ,Southwest,Cincinnati,857,412,48.07%
Butler,ROSS TWP 7,AIA,Southwest,Cincinnati,776,542,69.85%
Butler,ST CLAIR TWP 1,AIB,Southwest,Cincinnati,"1,087",632,58.14%
Butler,ST CLAIR TWP 2,AIC,Southwest,Cincinnati,350,189,54.00%
Butler,ST CLAIR TWP 3,AID,Southwest,Cincinnati,"1,049",435,41.47%
Butler,ST CLAIR TWP 4,AIE,Southwest,Cincinnati,"1,250",432,34.56%
Butler,ST CLAIR TWP 5,AIF,Southwest,Cincinnati,549,216,39.34%
Butler,WEST CHESTER TWP 1,AIJ,Southwest,Cincinnati,"1,332",816,61.26%
Butler,WEST CHESTER TWP 2,AIK,Southwest,Cincinnati,"1,178",740,62.82%
Butler,WEST CHESTER TWP 3,AIL,Southwest,Cincinnati,962,626,65.07%
Butler,WEST CHESTER TWP 4,AIM,Southwest,Cincinnati,"1,136",686,60.39%
Butler,WEST CHESTER TWP 5,AIN,Southwest,Cincinnati,848,491,57.90%
Butler,WEST CHESTER TWP 6,AIO,Southwest,Cincinnati,820,510,62.20%
Butler,WEST CHESTER TWP 7,AIP,Southwest,Cincinnati,"1,001",598,59.74%
Butler,WEST CHESTER TWP 8,AIQ,Southwest,Cincinnati,812,467,57.51%
Butler,WEST CHESTER TWP 10,AIS,Southwest,Cincinnati,997,667,66.90%
Butler,WEST CHESTER TWP 11,AIT,Southwest,Cincinnati,"1,420",699,49.23%
Butler,WEST CHESTER TWP 12,AIU,Southwest,Cincinnati,"1,032",618,59.88%
Butler,WEST CHESTER TWP 13,AIV,Southwest,Cincinnati,"1,069",587,54.91%
Butler,WEST CHESTER TWP 14,AIW,Southwest,Cincinnati,"1,104",677,61.32%
Butler,WEST CHESTER TWP 15,AIX,Southwest,Cincinnati,"1,050",547,52.10%
Butler,WEST CHESTER TWP 16,AIY,Southwest,Cincinnati,948,444,46.84%
Butler,WEST CHESTER TWP 17,AIZ,Southwest,Cincinnati,854,476,55.74%
Butler,WEST CHESTER TWP 18,AJA,Southwest,Cincinnati,728,467,64.15%
Butler,WEST CHESTER TWP 19,AJB,Southwest,Cincinnati,"1,045",649,62.11%
Butler,WEST CHESTER TWP 20,AJC,Southwest,Cincinnati,"1,212",768,63.37%
Butler,WEST CHESTER TWP 21,AJD,Southwest,Cincinnati,"1,292",725,56.11%
Butler,WEST CHESTER TWP 22,AJE,Southwest,Cincinnati,"1,087",411,37.81%
Butler,WEST CHESTER TWP 23,AJF,Southwest,Cincinnati,907,401,44.21%
Butler,WEST CHESTER TWP 24,AJG,Southwest,Cincinnati,937,527,56.24%
Butler,WEST CHESTER TWP 25,AJH,Southwest,Cincinnati,948,613,64.66%
Butler,WEST CHESTER TWP 26,AJI,Southwest,Cincinnati,"1,045",615,58.85%
Butler,WEST CHESTER TWP 27,AJJ,Southwest,Cincinnati,"1,083",309,28.53%
Butler,WEST CHESTER TWP 28,AJK,Southwest,Cincinnati,"1,143",492,43.04%
Butler,WEST CHESTER TWP 29,AJL,Southwest,Cincinnati,"1,354",701,51.77%
Butler,WEST CHESTER TWP 30,AJM,Southwest,Cincinnati,"1,217",689,56.61%
Butler,WEST CHESTER TWP 31,AJN,Southwest,Cincinnati,"1,041",643,61.77%
Butler,WEST CHESTER TWP 32,AJO,Southwest,Cincinnati,"1,039",682,65.64%
Butler,WEST CHESTER TWP 33,AJP,Southwest,Cincinnati,818,529,64.67%
Butler,WEST CHESTER TWP 34,AJQ,Southwest,Cincinnati,882,535,60.66%
Butler,WEST CHESTER TWP 35,AJR,Southwest,Cincinnati,"1,354",718,53.03%
Butler,WEST CHESTER TWP 36,AJS,Southwest,Cincinnati,"1,047",624,59.60%
Butler,WEST CHESTER TWP 37,AJT,Southwest,Cincinnati,398,252,63.32%
Butler,WEST CHESTER TWP 38,AJU,Southwest,Cincinnati,747,414,55.42%
Butler,WEST CHESTER TWP 39,AJV,Southwest,Cincinnati,813,175,21.53%
Butler,WEST CHESTER TWP 40,AJW,Southwest,Cincinnati,"1,038",691,66.57%
Butler,WEST CHESTER TWP 41,AJX,Southwest,Cincinnati,982,652,66.40%
Butler,WEST CHESTER TWP 42,AJY,Southwest,Cincinnati,829,540,65.14%
Butler,WEST CHESTER TWP 43,AJZ,Southwest,Cincinnati,956,579,60.56%
Butler,WEST CHESTER TWP 44,AKA,Southwest,Cincinnati,"1,018",704,69.16%
Butler,WAYNE TWP 1,AKC,Southwest,Cincinnati,449,278,61.92%
Butler,WAYNE TWP 2,AKD,Southwest,Cincinnati,846,471,55.67%
Butler,WAYNE TWP 3,AKE,Southwest,Cincinnati,468,297,63.46%
Butler,WAYNE TWP 4,AKF,Southwest,Cincinnati,862,538,62.41%
Butler,WAYNE TWP 5,AKG,Southwest,Cincinnati,625,317,50.72%
Butler,SHARON 1,AKI,Southwest,Cincinnati,817,372,45.53%
Butler,SHARON 2,AKJ,Southwest,Cincinnati,594,410,69.02%
Butler,MONROE 4,AKK,Southwest,Cincinnati,"1,335",637,47.72%
Butler,MONROE 5,AKL,Southwest,Cincinnati,841,475,56.48%
Butler,MONROE 1,AKM,Southwest,Cincinnati,"1,244",606,48.71%
Butler,MONROE 2,AKN,Southwest,Cincinnati,"1,425",758,53.19%
Butler,MONROE 3,AKO,Southwest,Cincinnati,981,580,59.12%
Butler,MONROE 6,AKP,Southwest,Cincinnati,504,255,50.60%
Butler,MONROE 7,AKQ,Southwest,Cincinnati,"1,120",627,55.98%
Butler,HAM8WD6,AKT,Southwest,Cincinnati,822,350,42.58%
Butler,MIDD1WD2,AKU,Southwest,Cincinnati,921,184,19.98%
Butler,FAIRFIELD TWP 14,AKW,Southwest,Cincinnati,67,49,73.13%
Butler,LIBERTY TWP 14,AKX,Southwest,Cincinnati,"1,114",709,63.64%
Butler,LIBERTY TWP 15,AKY,Southwest,Cincinnati,982,598,60.90%
Butler,LIBERTY TWP 16,AKZ,Southwest,Cincinnati,871,517,59.36%
Butler,LIBERTY TWP 17,ALA,Southwest,Cincinnati,976,615,63.01%
Butler,LIBERTY TWP 18,ALB,Southwest,Cincinnati,"1,078",699,64.84%
Butler,LIBERTY TWP 19,ALC,Southwest,Cincinnati,"1,220",736,60.33%
Butler,FAIR1WD1,ALD,Southwest,Cincinnati,454,213,46.92%
Butler,FAIR9WD3,ALE,Southwest,Cincinnati,875,351,40.11%
Butler,FAIR1WD4,ALF,Southwest,Cincinnati,620,328,52.90%
Butler,FAIRFIELD TWP 15,ALG,Southwest,Cincinnati,"1,119",660,58.98%
Butler,FAIRFIELD TWP 16,ALH,Southwest,Cincinnati,799,454,56.82%
Butler,FAIRFIELD TWP 17,ALI,Southwest,Cincinnati,675,489,72.44%
Butler,LIBERTY TWP 20,ALJ,Southwest,Cincinnati,956,556,58.16%
Butler,WEST CHESTER TWP 9,ALK,Southwest,Cincinnati,704,420,59.66%
Butler,HANOVER TWP 8,ALM,Southwest,Cincinnati,554,380,68.59%
Butler,HANOVER TWP 9,ALN,Southwest,Cincinnati,361,245,67.87%
Butler,HANOVER TWP 10,ALO,Southwest,Cincinnati,488,331,67.83%
Butler,FAIRFIELD TWP 18,ALP,Southwest,Cincinnati,"1,381",684,49.53%
Butler,LIBERTY TWP  21,ALS,Southwest,Cincinnati,"1,325",734,55.40%
Butler,LIBERTY TWP 22,ALT,Southwest,Cincinnati,"1,045",687,65.74%
Butler,LIBERTY TWP 23,ALU,Southwest,Cincinnati,"1,133",682,60.19%
Butler,HAM24WD1,ALV,Southwest,Cincinnati,513,304,59.26%
Butler,MONROE 8,ALW,Southwest,Cincinnati,982,534,54.38%
Butler,MONROE 9,ALX,Southwest,Cincinnati,866,572,66.05%
Butler,TRENTON 8,ALY,Southwest,Cincinnati,"1,459",603,41.33%
Butler,LIBERTY TWP 24,AMA,Southwest,Cincinnati,"1,372",692,50.44%
Butler,LIBERTY TWP 25,AMB,Southwest,Cincinnati,614,346,56.35%
Butler,LIBERTY TWP 26,AMC,Southwest,Cincinnati,633,371,58.61%
Butler,FAIRFIELD TWP 19,AME,Southwest,Cincinnati,873,486,55.67%
Butler,HAM25WD1,AMF,Southwest,Cincinnati,"1,426",588,41.23%
Butler,LIBERTY TWP 27,AMH,Southwest,Cincinnati,"1,419",877,61.80%
Butler,LIBERTY TWP 28,AMI,Southwest,Cincinnati,"1,054",714,67.74%
Butler,LIBERTY TWP 29,AMJ,Southwest,Cincinnati,792,568,71.72%
Butler,LIBERTY TWP 30,AMK,Southwest,Cincinnati,721,421,58.39%
Butler,LIBERTY TWP 31,AML,Southwest,Cincinnati,840,469,55.83%
Butler,MONROE 10,AMM,Southwest,Cincinnati,802,451,56.23%
Butler,MADISON TWP 6,AMN,Southwest,Cincinnati,350,170,48.57%
Carroll,AUGUSTA,AAA,Northeast,Cleveland,891,530,59.48%
Carroll,MOHAWK,AAC,Northeast,Cleveland,"1,120",738,65.89%
Carroll,BROWN A,AAE,Northeast,Cleveland,666,351,52.70%
Carroll,BROWN B,AAF,Northeast,Cleveland,628,320,50.96%
Carroll,BROWN C,AAG,Northeast,Cleveland,687,394,57.35%
Carroll,MALVERN,AAJ,Northeast,Cleveland,721,356,49.38%
Carroll,MINERVA,AAL,Northeast,Cleveland,"1,101",486,44.14%
Carroll,CENTER,AAO,Northeast,Cleveland,852,479,56.22%
Carroll,CARROLLTON A,AAQ,Northeast,Cleveland,898,496,55.23%
Carroll,CARROLLTON B,AAR,Northeast,Cleveland,"1,257",629,50.04%
Carroll,EAST,AAV,Northeast,Cleveland,494,308,62.35%
Carroll,FOX,AAW,Northeast,Cleveland,628,344,54.78%
Carroll,HARRISON A,AAX,Northeast,Cleveland,985,614,62.34%
Carroll,HARRISON B,AAY,Northeast,Cleveland,745,415,55.70%
Carroll,LEE,AAZ,Northeast,Cleveland,690,374,54.20%
Carroll,LOUDON,ABB,Northeast,Cleveland,613,341,55.63%
Carroll,LEAVITTSVILLE,ABD,Northeast,Cleveland,565,356,63.01%
Carroll,MONROE,ABE,Northeast,Cleveland,830,501,60.36%
Carroll,ORANGE,ABG,Northeast,Cleveland,905,471,52.04%
Carroll,PERRY,ABH,Northeast,Cleveland,656,372,56.71%
Carroll,ROSE,ABJ,Northeast,Cleveland,"1,057",648,61.31%
Carroll,UNION,ABK,Northeast,Cleveland,636,396,62.26%
Carroll,WASHINGTON,ABL,Northeast,Cleveland,693,412,59.45%
Champaign,PRECINCT URBANA 1-A,AAA,West,Dayton,759,264,34.78%
Champaign,PRECINCT URBANA 1-B,AAB,West,Dayton,818,343,41.93%
Champaign,PRECINCT URBANA 2-A,AAE,West,Dayton,"1,193",535,44.84%
Champaign,PRECINCT URBANA 2-B,AAH,West,Dayton,970,651,67.11%
Champaign,PRECINCT URBANA 3-A,AAK,West,Dayton,"1,021",488,47.80%
Champaign,PRECINCT URBANA 3-B,AAN,West,Dayton,924,468,50.65%
Champaign,PRECINCT URBANA 4-A,AAP,West,Dayton,799,372,46.56%
Champaign,PRECINCT URBANA 4-B,AAR,West,Dayton,889,273,30.71%
Champaign,PRECINCT ADAMS,AAT,West,Dayton,715,453,63.36%
Champaign,PRECINCT GOSHEN,AAW,West,Dayton,"1,361",779,57.24%
Champaign,PRECINCT MECHANICSBURG,AAY,West,Dayton,"1,002",465,46.41%
Champaign,PRECINCT HARRISON,ABA,West,Dayton,603,380,63.02%
Champaign,PRECINCT JACKSON WEST,ABB,West,Dayton,857,525,61.26%
Champaign,PRECINCT JACKSON EAST,ABD,West,Dayton,766,514,67.10%
Champaign,PRECINCT JOHNSON,ABF,West,Dayton,"1,139",706,61.98%
Champaign,PRECINCT ST PARIS,ABH,West,Dayton,"1,229",627,51.02%
Champaign,PRECINCT MAD RIVER B,ABK,West,Dayton,"1,338",842,62.93%
Champaign,PRECINCT RUSH,ABM,West,Dayton,760,379,49.87%
Champaign,PRECINCT NORTH LEWISBURG,ABO,West,Dayton,"1,053",507,48.15%
Champaign,PRECINCT SALEM NORTH,ABQ,West,Dayton,820,538,65.61%
Champaign,PRECINCT SALEM SOUTH,ABR,West,Dayton,798,498,62.41%
Champaign,PRECINCT UNION NORTH,ABS,West,Dayton,805,536,66.58%
Champaign,PRECINCT UNION SOUTH,ABT,West,Dayton,649,407,62.71%
Champaign,PRECINCT URBANA NORTH,ABU,West,Dayton,908,542,59.69%
Champaign,PRECINCT URBANA SOUTH,ABV,West,Dayton,"1,208",639,52.90%
Champaign,PRECINCT WAYNE,ABW,West,Dayton,"1,288",809,62.81%
Champaign,PRECINCT CONCORD,ABY,West,Dayton,"1,068",688,64.42%
Champaign,PRECINCT MAD RIVER A,ACA,West,Dayton,772,493,63.86%
Clark,PRECINCT CARL 1,AAA,West,Dayton,"1,209",562,46.48%
Clark,PRECINCT CARL 2,AAB,West,Dayton,"1,073",549,51.16%
Clark,PRECINCT CARL 3,AAE,West,Dayton,"1,092",478,43.77%
Clark,PRECINCT CITY 18,AAG,West,Dayton,"1,215",577,47.49%
Clark,PRECINCT CITY 19,AAH,West,Dayton,"1,018",625,61.39%
Clark,PRECINCT CITY 20,AAI,West,Dayton,"1,394",656,47.06%
Clark,PRECINCT CITY 21,AAJ,West,Dayton,"1,181",801,67.82%
Clark,PRECINCT CITY 22,AAK,West,Dayton,"1,396",793,56.81%
Clark,PRECINCT CITY 23,AAL,West,Dayton,"1,500",723,48.20%
Clark,PRECINCT CITY 5,AAO,West,Dayton,"1,882",386,20.51%
Clark,PRECINCT CITY 4,AAP,West,Dayton,"1,370",449,32.77%
Clark,PRECINCT CITY 6,AAQ,West,Dayton,"1,475",275,18.64%
Clark,PRECINCT CITY 3,AAR,West,Dayton,"1,170",467,39.91%
Clark,PRECINCT CITY 2,AAS,West,Dayton,404,159,39.36%
Clark,PRECINCT CITY 1,AAT,West,Dayton,"1,433",612,42.71%
Clark,PRECINCT CITY 26,ABC,West,Dayton,629,290,46.10%
Clark,PRECINCT CITY 25,ABD,West,Dayton,"1,596",508,31.83%
Clark,PRECINCT CITY 24,ABE,West,Dayton,"1,609",543,33.75%
Clark,PRECINCT CITY 27,ABH,West,Dayton,254,162,63.78%
Clark,PRECINCT CITY 9,ACG,West,Dayton,"1,382",357,25.83%
Clark,PRECINCT CITY 8,ACH,West,Dayton,"1,523",588,38.61%
Clark,PRECINCT CITY 7,ACI,West,Dayton,"1,296",495,38.19%
Clark,PRECINCT CITY 17,ACM,West,Dayton,"1,014",688,67.85%
Clark,PRECINCT CITY 16,ACN,West,Dayton,"1,101",657,59.67%
Clark,PRECINCT CITY 15,ACO,West,Dayton,"1,296",719,55.48%
Clark,PRECINCT CITY 14,ACR,West,Dayton,"1,469",488,33.22%
Clark,PRECINCT CITY 13,ACT,West,Dayton,"1,570",362,23.06%
Clark,PRECINCT CITY 10,ACU,West,Dayton,"1,190",391,32.86%
Clark,PRECINCT CITY 12,ACV,West,Dayton,"1,763",505,28.64%
Clark,PRECINCT BETH 1,ADF,West,Dayton,"1,367",729,53.33%
Clark,PRECINCT BETH 2,ADG,West,Dayton,"1,434",596,41.56%
Clark,PRECINCT BETH 3,ADH,West,Dayton,"1,473",612,41.55%
Clark,PRECINCT BETH 4,ADI,West,Dayton,"1,302",854,65.59%
Clark,PRECINCT BETH 5,ADJ,West,Dayton,"1,202",750,62.40%
Clark,PRECINCT BETH 6,ADK,West,Dayton,"1,316",867,65.88%
Clark,PRECINCT GERM 1,ADM,West,Dayton,"1,053",699,66.38%
Clark,PRECINCT GERM 2,ADN,West,Dayton,"1,161",657,56.59%
Clark,PRECINCT GERM 3,ADP,West,Dayton,"1,125",676,60.09%
Clark,PRECINCT GERM 4,ADQ,West,Dayton,977,513,52.51%
Clark,PRECINCT GERM 5,ADS,West,Dayton,892,519,58.18%
Clark,PRECINCT GREE 1,ADV,West,Dayton,830,518,62.41%
Clark,PRECINCT GREE 2,ADW,West,Dayton,"1,183",762,64.41%
Clark,PRECINCT HARM 1,ADZ,West,Dayton,"1,316",713,54.18%
Clark,PRECINCT HARM 2,AEB,West,Dayton,"1,254",807,64.35%
Clark,PRECINCT CHAS 1,AED,West,Dayton,"1,040",548,52.69%
Clark,PRECINCT CHAS TWP,AEF,West,Dayton,590,399,67.63%
Clark,PRECINCT ENON 1,AEG,West,Dayton,927,596,64.29%
Clark,PRECINCT ENON 2,AEI,West,Dayton,987,610,61.80%
Clark,PRECINCT MR-1,AEK,West,Dayton,"1,336",695,52.02%
Clark,PRECINCT MR-2,AEM,West,Dayton,"1,068",710,66.48%
Clark,PRECINCT MR-3,AEN,West,Dayton,590,347,58.81%
Clark,PRECINCT MR-4,AEP,West,Dayton,"1,065",625,58.69%
Clark,PRECINCT MR-5,AEQ,West,Dayton,"1,080",753,69.72%
Clark,PRECINCT MR-6,AER,West,Dayton,979,596,60.88%
Clark,PRECINCT MFLD 4,AEU,West,Dayton,"1,061",730,68.80%
Clark,PRECINCT MFLD 1,AEV,West,Dayton,632,467,73.89%
Clark,PRECINCT MFLD 9,AEW,West,Dayton,275,173,62.91%
Clark,PRECINCT MFLD 2,AFA,West,Dayton,"1,331",830,62.36%
Clark,PRECINCT MFLD 3,AFB,West,Dayton,"1,143",640,55.99%
Clark,PRECINCT MFLD 5,AFD,West,Dayton,"1,191",754,63.31%
Clark,PRECINCT MFLD 6,AFE,West,Dayton,"1,086",688,63.35%
Clark,PRECINCT MFLD 7,AFF,West,Dayton,"1,111",659,59.32%
Clark,PRECINCT MFLD 8,AFG,West,Dayton,"1,435",777,54.15%
Clark,PRECINCT PIKE 1,AFH,West,Dayton,"1,349",797,59.08%
Clark,PRECINCT PLES 1,AFL,West,Dayton,"1,103",604,54.76%
Clark,PRECINCT PLES 2,AFM,West,Dayton,"1,061",660,62.21%
Clark,PRECINCT T-1,AFO,West,Dayton,847,541,63.87%
Clark,PRECINCT T-7,AFP,West,Dayton,"1,165",536,46.01%
Clark,PRECINCT T-8,AFQ,West,Dayton,"1,099",669,60.87%
Clark,PRECINCT T-2,AFW,West,Dayton,889,567,63.78%
Clark,PRECINCT T-4,AFX,West,Dayton,"1,228",742,60.42%
Clark,PRECINCT T-5,AGA,West,Dayton,"1,148",711,61.93%
Clark,PRECINCT T-6,AGB,West,Dayton,981,580,59.12%
Clark,PRECINCT T-3,AGD,West,Dayton,"1,309",739,56.46%
Clark,PRECINCT CITY 11,AGE,West,Dayton,"1,673",343,20.50%
Clark,PRECINCT PIKE 2,UAF,West,Dayton,"1,286",811,63.06%
Clermont,LOVELAND CITY A,AAA,Southwest,Cincinnati,617,371,60.13%
Clermont,LOVELAND CITY B,AAB,Southwest,Cincinnati,665,398,59.85%
Clermont,BATAVIA TOWNSHIP A,AAC,Southwest,Cincinnati,"1,393",913,65.54%
Clermont,BATAVIA TOWNSHIP B,AAD,Southwest,Cincinnati,"1,204",669,55.56%
Clermont,BATAVIA TOWNSHIP C,AAE,Southwest,Cincinnati,596,146,24.50%
Clermont,BATAVIA TOWNSHIP D,AAF,Southwest,Cincinnati,"1,306",722,55.28%
Clermont,BATAVIA TOWNSHIP E,AAG,Southwest,Cincinnati,"1,070",477,44.58%
Clermont,BATAVIA TOWNSHIP F,AAH,Southwest,Cincinnati,"1,129",605,53.59%
Clermont,BATAVIA TOWNSHIP G,AAI,Southwest,Cincinnati,906,496,54.75%
Clermont,BATAVIA TOWNSHIP H,AAJ,Southwest,Cincinnati,732,469,64.07%
Clermont,BATAVIA TOWNSHIP I,AAK,Southwest,Cincinnati,"1,190",443,37.23%
Clermont,BATAVIA TOWNSHIP J,AAL,Southwest,Cincinnati,"1,081",567,52.45%
Clermont,BATAVIA TOWNSHIP K,AAM,Southwest,Cincinnati,751,366,48.74%
Clermont,BATAVIA TOWNSHIP L,AAN,Southwest,Cincinnati,"1,144",534,46.68%
Clermont,BATAVIA TOWNSHIP O,AAO,Southwest,Cincinnati,"1,186",560,47.22%
Clermont,BATAVIA VILLAGE A,AAP,Southwest,Cincinnati,"1,161",571,49.18%
Clermont,FRANKLIN TOWNSHIP A,AAS,Southwest,Cincinnati,867,506,58.36%
Clermont,FRANKLIN TOWNSHIP B,AAT,Southwest,Cincinnati,448,265,59.15%
Clermont,FRANKLIN TOWNSHIP D,AAV,Southwest,Cincinnati,717,362,50.49%
Clermont,GOSHEN TOWNSHIP A,AAZ,Southwest,Cincinnati,896,500,55.80%
Clermont,GOSHEN TOWNSHIP B,ABA,Southwest,Cincinnati,"1,117",644,57.65%
Clermont,GOSHEN TOWNSHIP D,ABC,Southwest,Cincinnati,774,482,62.27%
Clermont,GOSHEN TOWNSHIP E,ABD,Southwest,Cincinnati,"1,093",627,57.37%
Clermont,GOSHEN TOWNSHIP F,ABE,Southwest,Cincinnati,460,216,46.96%
Clermont,GOSHEN TOWNSHIP G,ABF,Southwest,Cincinnati,916,410,44.76%
Clermont,GOSHEN TOWNSHIP I,ABH,Southwest,Cincinnati,867,244,28.14%
Clermont,GOSHEN TOWNSHIP J,ABI,Southwest,Cincinnati,588,374,63.61%
Clermont,GOSHEN TOWNSHIP K,ABJ,Southwest,Cincinnati,648,365,56.33%
Clermont,GOSHEN TOWNSHIP L,ABK,Southwest,Cincinnati,945,559,59.15%
Clermont,GOSHEN TOWNSHIP M,ABL,Southwest,Cincinnati,829,353,42.58%
Clermont,GOSHEN TOWNSHIP N,ABM,Southwest,Cincinnati,"1,235",829,67.13%
Clermont,JACKSON TOWNSHIP A,ABN,Southwest,Cincinnati,707,408,57.71%
Clermont,JACKSON TOWNSHIP B,ABO,Southwest,Cincinnati,478,307,64.23%
Clermont,JACKSON TOWNSHIP C,ABP,Southwest,Cincinnati,883,512,57.98%
Clermont,MIAMI TOWNSHIP A,ABQ,Southwest,Cincinnati,"1,170",646,55.21%
Clermont,MIAMI TOWNSHIP A1A,ABR,Southwest,Cincinnati,569,390,68.54%
Clermont,MIAMI TOWNSHIP B1B,ABT,Southwest,Cincinnati,809,516,63.78%
Clermont,MIAMI TOWNSHIP C,ABU,Southwest,Cincinnati,847,632,74.62%
Clermont,MIAMI TOWNSHIP C1C,ABV,Southwest,Cincinnati,725,419,57.79%
Clermont,MIAMI TOWNSHIP D,ABW,Southwest,Cincinnati,897,514,57.30%
Clermont,MIAMI TOWNSHIP D1D,ABX,Southwest,Cincinnati,744,439,59.01%
Clermont,MIAMI TOWNSHIP E,ABY,Southwest,Cincinnati,454,337,74.23%
Clermont,MIAMI TOWNSHIP F,ACA,Southwest,Cincinnati,"1,210",790,65.29%
Clermont,MIAMI TOWNSHIP F1F,ACB,Southwest,Cincinnati,"1,045",582,55.69%
Clermont,MIAMI TOWNSHIP G,ACC,Southwest,Cincinnati,625,323,51.68%
Clermont,MIAMI TOWNSHIP G1G,ACD,Southwest,Cincinnati,758,542,71.50%
Clermont,MIAMI TOWNSHIP H,ACE,Southwest,Cincinnati,"1,004",453,45.12%
Clermont,MIAMI TOWNSHIP H1H,ACF,Southwest,Cincinnati,"1,127",763,67.70%
Clermont,MIAMI TOWNSHIP I,ACG,Southwest,Cincinnati,958,619,64.61%
Clermont,MIAMI TOWNSHIP J,ACI,Southwest,Cincinnati,610,414,67.87%
Clermont,MIAMI TOWNSHIP K,ACK,Southwest,Cincinnati,998,709,71.04%
Clermont,MIAMI TOWNSHIP K1K,ACL,Southwest,Cincinnati,817,537,65.73%
Clermont,MIAMI TOWNSHIP L,ACM,Southwest,Cincinnati,660,463,70.15%
Clermont,MIAMI TOWNSHIP M,ACN,Southwest,Cincinnati,814,516,63.39%
Clermont,MIAMI TOWNSHIP N,ACO,Southwest,Cincinnati,703,433,61.59%
Clermont,MIAMI TOWNSHIP P,ACQ,Southwest,Cincinnati,514,302,58.75%
Clermont,MIAMI TOWNSHIP Q,ACR,Southwest,Cincinnati,687,437,63.61%
Clermont,MIAMI TOWNSHIP R,ACS,Southwest,Cincinnati,788,475,60.28%
Clermont,MIAMI TOWNSHIP S,ACT,Southwest,Cincinnati,549,264,48.09%
Clermont,MIAMI TOWNSHIP T,ACU,Southwest,Cincinnati,"1,079",411,38.09%
Clermont,MIAMI TOWNSHIP U,ACV,Southwest,Cincinnati,677,440,64.99%
Clermont,MIAMI TOWNSHIP V,ACW,Southwest,Cincinnati,706,313,44.33%
Clermont,MIAMI TOWNSHIP X,ACY,Southwest,Cincinnati,"1,093",775,70.91%
Clermont,MIAMI TOWNSHIP Y,ACZ,Southwest,Cincinnati,"1,147",795,69.31%
Clermont,MIAMI TOWNSHIP Z,ADA,Southwest,Cincinnati,"1,328",942,70.93%
Clermont,MONROE TOWNSHIP A,ADB,Southwest,Cincinnati,678,261,38.50%
Clermont,MONROE TOWNSHIP B,ADC,Southwest,Cincinnati,985,495,50.25%
Clermont,MONROE TOWNSHIP C,ADD,Southwest,Cincinnati,922,590,63.99%
Clermont,MONROE TOWNSHIP D,ADE,Southwest,Cincinnati,802,441,54.99%
Clermont,MONROE TOWNSHIP E,ADF,Southwest,Cincinnati,"1,028",574,55.84%
Clermont,MONROE TOWNSHIP I,ADJ,Southwest,Cincinnati,504,141,27.98%
Clermont,OHIO TOWNSHIP A,ADL,Southwest,Cincinnati,680,299,43.97%
Clermont,OHIO TOWNSHIP B,ADM,Southwest,Cincinnati,421,276,65.56%
Clermont,OHIO TOWNSHIP C,ADN,Southwest,Cincinnati,599,308,51.42%
Clermont,NEW RICHMOND VILLAGE A,ADO,Southwest,Cincinnati,770,338,43.90%
Clermont,NEW RICHMOND VILLAGE B,ADP,Southwest,Cincinnati,"1,186",563,47.47%
Clermont,PIERCE TOWNSHIP A,ADR,Southwest,Cincinnati,858,566,65.97%
Clermont,PIERCE TOWNSHIP B,ADS,Southwest,Cincinnati,582,390,67.01%
Clermont,PIERCE TOWNSHIP C,ADT,Southwest,Cincinnati,595,320,53.78%
Clermont,PIERCE TOWNSHIP D,ADU,Southwest,Cincinnati,"1,014",495,48.82%
Clermont,PIERCE TOWNSHIP E,ADV,Southwest,Cincinnati,"1,019",686,67.32%
Clermont,PIERCE TOWNSHIP G,ADX,Southwest,Cincinnati,"1,070",702,65.61%
Clermont,PIERCE TOWNSHIP I,ADZ,Southwest,Cincinnati,977,623,63.77%
Clermont,PIERCE TOWNSHIP J,AEA,Southwest,Cincinnati,883,375,42.47%
Clermont,PIERCE TOWNSHIP K,AEB,Southwest,Cincinnati,"1,047",614,58.64%
Clermont,PIERCE TOWNSHIP N,AED,Southwest,Cincinnati,"1,318",592,44.92%
Clermont,OWENSVILLE VILLAGE,AEE,Southwest,Cincinnati,480,206,42.92%
Clermont,STONELICK TOWNSHIP A,AEF,Southwest,Cincinnati,960,608,63.33%
Clermont,STONELICK TOWNSHIP B,AEG,Southwest,Cincinnati,598,402,67.22%
Clermont,STONELICK TOWNSHIP C,AEH,Southwest,Cincinnati,668,426,63.77%
Clermont,STONELICK TOWNSHIP D,AEI,Southwest,Cincinnati,789,435,55.13%
Clermont,STONELICK TOWNSHIP E,AEJ,Southwest,Cincinnati,682,440,64.52%
Clermont,TATE TOWNSHIP A,AEM,Southwest,Cincinnati,954,537,56.29%
Clermont,TATE TOWNSHIP B,AEN,Southwest,Cincinnati,916,435,47.49%
Clermont,TATE TOWNSHIP D,AEP,Southwest,Cincinnati,"1,095",640,58.45%
Clermont,TATE TOWNSHIP F,AER,Southwest,Cincinnati,833,477,57.26%
Clermont,TATE TOWNSHIP H,AET,Southwest,Cincinnati,817,500,61.20%
Clermont,BETHEL VILLAGE A,AEV,Southwest,Cincinnati,715,307,42.94%
Clermont,BETHEL VILLAGE B,AEW,Southwest,Cincinnati,931,361,38.78%
Clermont,UNION TOWNSHIP A,AEY,Southwest,Cincinnati,"1,002",681,67.96%
Clermont,UNION TOWNSHIP B,AFA,Southwest,Cincinnati,902,410,45.45%
Clermont,UNION TOWNSHIP B1B,AFB,Southwest,Cincinnati,997,581,58.27%
Clermont,UNION TOWNSHIP C,AFC,Southwest,Cincinnati,808,412,50.99%
Clermont,UNION TOWNSHIP C1C,AFD,Southwest,Cincinnati,831,473,56.92%
Clermont,UNION TOWNSHIP D,AFE,Southwest,Cincinnati,939,519,55.27%
Clermont,UNION TOWNSHIP D1D,AFF,Southwest,Cincinnati,739,352,47.63%
Clermont,UNION TOWNSHIP E,AFG,Southwest,Cincinnati,"1,516",917,60.49%
Clermont,UNION TOWNSHIP E1E,AFH,Southwest,Cincinnati,"1,151",684,59.43%
Clermont,UNION TOWNSHIP F,AFI,Southwest,Cincinnati,"1,185",600,50.63%
Clermont,UNION TOWNSHIP F1F,AFJ,Southwest,Cincinnati,"1,357",894,65.88%
Clermont,UNION TOWNSHIP G,AFK,Southwest,Cincinnati,"1,097",497,45.31%
Clermont,UNION TOWNSHIP H,AFM,Southwest,Cincinnati,"1,291",469,36.33%
Clermont,UNION TOWNSHIP I,AFO,Southwest,Cincinnati,897,410,45.71%
Clermont,UNION TOWNSHIP J,AFQ,Southwest,Cincinnati,791,411,51.96%
Clermont,UNION TOWNSHIP J1J,AFR,Southwest,Cincinnati,562,292,51.96%
Clermont,UNION TOWNSHIP K,AFS,Southwest,Cincinnati,"1,112",403,36.24%
Clermont,UNION TOWNSHIP K1K,AFT,Southwest,Cincinnati,734,374,50.95%
Clermont,UNION TOWNSHIP L,AFU,Southwest,Cincinnati,"1,028",378,36.77%
Clermont,UNION TOWNSHIP L1L,AFV,Southwest,Cincinnati,"1,089",585,53.72%
Clermont,UNION TOWNSHIP M,AFW,Southwest,Cincinnati,586,291,49.66%
Clermont,UNION TOWNSHIP M1M,AFX,Southwest,Cincinnati,839,274,32.66%
Clermont,UNION TOWNSHIP N,AFY,Southwest,Cincinnati,538,262,48.70%
Clermont,UNION TOWNSHIP O,AGA,Southwest,Cincinnati,"1,173",577,49.19%
Clermont,UNION TOWNSHIP P,AGC,Southwest,Cincinnati,995,356,35.78%
Clermont,UNION TOWNSHIP P1P,AGD,Southwest,Cincinnati,961,546,56.82%
Clermont,UNION TOWNSHIP Q,AGE,Southwest,Cincinnati,635,401,63.15%
Clermont,UNION TOWNSHIP R,AGG,Southwest,Cincinnati,880,445,50.57%
Clermont,UNION TOWNSHIP T,AGI,Southwest,Cincinnati,"1,121",610,54.42%
Clermont,UNION TOWNSHIP U,AGJ,Southwest,Cincinnati,996,672,67.47%
Clermont,UNION TOWNSHIP W,AGL,Southwest,Cincinnati,806,447,55.46%
Clermont,UNION TOWNSHIP X,AGM,Southwest,Cincinnati,618,358,57.93%
Clermont,UNION TOWNSHIP Y,AGN,Southwest,Cincinnati,839,415,49.46%
Clermont,UNION TOWNSHIP Z,AGO,Southwest,Cincinnati,567,383,67.55%
Clermont,WASHINGTON TOWNSHIP A,AGQ,Southwest,Cincinnati,554,301,54.33%
Clermont,WASHINGTON TOWNSHIP B,AGR,Southwest,Cincinnati,543,302,55.62%
Clermont,WASHINGTON TOWNSHIP C,AGS,Southwest,Cincinnati,392,261,66.58%
Clermont,WAYNE TOWNSHIP A,AGU,Southwest,Cincinnati,"1,042",596,57.20%
Clermont,WAYNE TOWNSHIP B,AGV,Southwest,Cincinnati,832,443,53.25%
Clermont,WAYNE TOWNSHIP C,AGW,Southwest,Cincinnati,"1,189",663,55.76%
Clermont,WILLIAMSBURG TOWNSHIP A,AGZ,Southwest,Cincinnati,704,460,65.34%
Clermont,WILLIAMSBURG TOWNSHIP B,AHA,Southwest,Cincinnati,914,562,61.49%
Clermont,WILLIAMSBURG TOWNSHIP C,AHB,Southwest,Cincinnati,551,312,56.62%
Clermont,WILLIAMSBURG VILLAGE A,AHD,Southwest,Cincinnati,822,377,45.86%
Clermont,WILLIAMSBURG VILLAGE C,AHF,Southwest,Cincinnati,808,419,51.86%
Clermont,MILFORD CITY A,AHG,Southwest,Cincinnati,525,293,55.81%
Clermont,MILFORD CITY B,AHH,Southwest,Cincinnati,990,511,51.62%
Clermont,MILFORD CITY D,AHJ,Southwest,Cincinnati,344,192,55.81%
Clermont,MILFORD CITY E,AHK,Southwest,Cincinnati,591,382,64.64%
Clermont,MILFORD CITY F,AHL,Southwest,Cincinnati,740,273,36.89%
Clermont,MILFORD CITY G,AHM,Southwest,Cincinnati,773,474,61.32%
Clermont,MILFORD CITY H,AHN,Southwest,Cincinnati,935,621,66.42%
Clermont,FELICITY VILLAGE,AHO,Southwest,Cincinnati,384,135,35.16%
Clermont,UNION TOWNSHIP R1R,AHP,Southwest,Cincinnati,876,524,59.82%
Clermont,PIERCE TOWNSHIP O,AHQ,Southwest,Cincinnati,"1,189",541,45.50%
Clermont,BATAVIA TOWNSHIP M,AHR,Southwest,Cincinnati,"1,147",641,55.88%
Clermont,MIAMI TOWNSHIP L1L,AHS,Southwest,Cincinnati,969,682,70.38%
Clermont,MIAMI TOWNSHIP M1M,AHT,Southwest,Cincinnati,985,690,70.05%
Clermont,MIAMI TOWNSHIP N1N,AHU,Southwest,Cincinnati,"1,381",987,71.47%
Clermont,MIAMI TOWNSHIP O1O,AHV,Southwest,Cincinnati,"1,042",609,58.45%
Clermont,MIAMI TOWNSHIP P1P,AHW,Southwest,Cincinnati,915,594,64.92%
Clermont,UNION TOWNSHIP S1S,AHX,Southwest,Cincinnati,967,641,66.29%
Clermont,UNION TOWNSHIP U1U,AHY,Southwest,Cincinnati,732,437,59.70%
Clermont,MIAMI TOWNSHIP Q1Q,AHZ,Southwest,Cincinnati,739,503,68.06%
Clermont,PIERCE TOWNSHIP M,AIA,Southwest,Cincinnati,836,610,72.97%
Clermont,BATAVIA TOWNSHIP N,AIB,Southwest,Cincinnati,"1,250",629,50.32%
Clermont,UNION TOWNSHIP V1V,AIC,Southwest,Cincinnati,607,374,61.61%
Clermont,BATAVIA TOWNSHIP P,AID,Southwest,Cincinnati,833,314,37.70%
Clermont,LOVELAND CITY C,AIE,Southwest,Cincinnati,760,562,73.95%
Clinton,WILMINGTON 1-A,AAA,Southwest,Cincinnati,691,305,44.14%
Clinton,WILMINGTON 1-B,AAB,Southwest,Cincinnati,810,456,56.30%
Clinton,WILMINGTON 2-A,AAE,Southwest,Cincinnati,581,206,35.46%
Clinton,WILMINGTON 2-B,AAF,Southwest,Cincinnati,812,254,31.28%
Clinton,WILMINGTON 3-A,AAI,Southwest,Cincinnati,756,304,40.21%
Clinton,WILMINGTON 3-B,AAJ,Southwest,Cincinnati,784,270,34.44%
Clinton,WILMINGTON 4-A,AAM,Southwest,Cincinnati,815,282,34.60%
Clinton,WILMINGTON 4-B,AAN,Southwest,Cincinnati,970,457,47.11%
Clinton,ADAMS A,AAQ,Southwest,Cincinnati,664,452,68.07%
Clinton,CHESTER A,AAS,Southwest,Cincinnati,913,589,64.51%
Clinton,CLARK,AAU,Southwest,Cincinnati,"1,332",697,52.33%
Clinton,NEW VIENNA,AAY,Southwest,Cincinnati,687,274,39.88%
Clinton,JEFFERSON,ABA,Southwest,Cincinnati,857,475,55.43%
Clinton,LIBERTY,ABC,Southwest,Cincinnati,740,448,60.54%
Clinton,MARION,ABE,Southwest,Cincinnati,912,595,65.24%
Clinton,BLANCHESTER A,ABG,Southwest,Cincinnati,883,370,41.90%
Clinton,BLANCHESTER B,ABI,Southwest,Cincinnati,486,265,54.53%
Clinton,BLANCHESTER C,ABJ,Southwest,Cincinnati,"1,218",632,51.89%
Clinton,RICHLAND,ABK,Southwest,Cincinnati,635,359,56.54%
Clinton,SABINA A,ABM,Southwest,Cincinnati,894,380,42.51%
Clinton,SABINA B,ABN,Southwest,Cincinnati,547,241,44.06%
Clinton,UNION NORTH A,ABQ,Southwest,Cincinnati,659,436,66.16%
Clinton,UNION SOUTH A,ABR,Southwest,Cincinnati,419,266,63.48%
Clinton,VERNON A,ABT,Southwest,Cincinnati,"1,064",540,50.75%
Clinton,WASHINGTON A,ABU,Southwest,Cincinnati,633,378,59.72%
Clinton,WAYNE,ABW,Southwest,Cincinnati,450,256,56.89%
Clinton,WILSON,ABX,Southwest,Cincinnati,344,175,50.87%
Clinton,GREEN,ABY,Southwest,Cincinnati,931,524,56.28%
Clinton,VERNON B,ABZ,Southwest,Cincinnati,"1,019",531,52.11%
Clinton,WILMINGTON 4-C,ACA,Southwest,Cincinnati,650,411,63.23%
Clinton,CHESTER B,ACB,Southwest,Cincinnati,656,398,60.67%
Clinton,WASHINGTON B,ACC,Southwest,Cincinnati,849,484,57.01%
Clinton,ADAMS B,ACD,Southwest,Cincinnati,851,493,57.93%
Clinton,UNION NORTH B,ACE,Southwest,Cincinnati,628,417,66.40%
Clinton,UNION SOUTH B,ACF,Southwest,Cincinnati,631,409,64.82%
Clinton,WILMINGTON 3-C,ACG,Southwest,Cincinnati,597,296,49.58%
Columbiana,PRECINCT E LIVERPOOL 1-A,AAA,Northeast,Youngstown,658,241,36.63%
Columbiana,PRECINCT E LIVERPOOL 1-B,AAB,Northeast,Youngstown,866,251,28.98%
Columbiana,PRECINCT E LIVERPOOL 2-A,AAF,Northeast,Youngstown,"1,372",473,34.48%
Columbiana,PRECINCT E LIVERPOOL 3-A,AAK,Northeast,Youngstown,624,332,53.21%
Columbiana,PRECINCT E LIVERPOOL 3-B,AAL,Northeast,Youngstown,"1,017",298,29.30%
Columbiana,PRECINCT E LIVERPOOL 4-A,AAP,Northeast,Youngstown,"1,196",440,36.79%
Columbiana,PRECINCT E PALESTINE VIL 1,AAS,Northeast,Youngstown,"1,378",687,49.85%
Columbiana,PRECINCT E PALESTINE VIL 2,AAW,Northeast,Youngstown,735,332,45.17%
Columbiana,PRECINCT E PALESTINE VIL 3,AAX,Northeast,Youngstown,874,488,55.84%
Columbiana,PRECINCT SALEM CITY 1-A,ABA,Northeast,Youngstown,"1,371",727,53.03%
Columbiana,PRECINCT SALEM CITY 1-B,ABC,Northeast,Youngstown,731,428,58.55%
Columbiana,PRECINCT SALEM CITY 2-A,ABE,Northeast,Youngstown,"1,158",458,39.55%
Columbiana,PRECINCT SALEM CITY 2-B,ABF,Northeast,Youngstown,577,288,49.91%
Columbiana,PRECINCT SALEM CITY 3-A,ABI,Northeast,Youngstown,452,187,41.37%
Columbiana,PRECINCT SALEM CITY 3-B,ABJ,Northeast,Youngstown,936,503,53.74%
Columbiana,PRECINCT SALEM CITY 3-C,ABL,Northeast,Youngstown,594,327,55.05%
Columbiana,PRECINCT SALEM CITY 4-A,ABM,Northeast,Youngstown,493,319,64.71%
Columbiana,PRECINCT SALEM CITY 4-B,ABN,Northeast,Youngstown,"1,173",638,54.39%
Columbiana,PRECINCT WELLSVILLE  1,ABQ,Northeast,Youngstown,"1,073",380,35.41%
Columbiana,PRECINCT WELLSVILLE  2,ABR,Northeast,Youngstown,775,328,42.32%
Columbiana,PRECINCT BUTLER TWP EAST,ABX,Northeast,Youngstown,675,473,70.07%
Columbiana,PRECINCT BUTLER TWP NORTH,ABY,Northeast,Youngstown,"1,028",656,63.81%
Columbiana,PRECINCT BUTLER TWP SOUTH,ABZ,Northeast,Youngstown,798,512,64.16%
Columbiana,PRECINCT CENTER TWP NORTH,ACB,Northeast,Youngstown,"1,340",758,56.57%
Columbiana,PRECINCT CENTER TWP SOUTH,ACD,Northeast,Youngstown,801,389,48.56%
Columbiana,PRECINCT LISBON VIL NORTH,ACE,Northeast,Youngstown,746,391,52.41%
Columbiana,PRECINCT LISBON VIL SOUTH,ACH,Northeast,Youngstown,852,374,43.90%
Columbiana,PRECINCT ELKRUN TWP,ACJ,Northeast,Youngstown,"1,313",737,56.13%
Columbiana,PRECINCT FAIRFIELD TWP CENTER,ACM,Northeast,Youngstown,599,416,69.45%
Columbiana,PRECINCT FAIRFIELD TWP NORTH,ACN,Northeast,Youngstown,716,491,68.58%
Columbiana,PRECINCT FAIRFIELD TWP SOUTH,ACP,Northeast,Youngstown,"1,311",840,64.07%
Columbiana,PRECINCT COLUMBIANA CITY A,ACR,Northeast,Youngstown,662,433,65.41%
Columbiana,PRECINCT COLUMBIANA CITY B,ACS,Northeast,Youngstown,953,513,53.83%
Columbiana,PRECINCT COLUMBIANA CITY C,ACT,Northeast,Youngstown,594,322,54.21%
Columbiana,PRECINCT COLUMBIANA CITY D,ACU,Northeast,Youngstown,"1,101",811,73.66%
Columbiana,PRECINCT COLUMBIANA CITY E,ACV,Northeast,Youngstown,798,509,63.78%
Columbiana,PRECINCT FRANKLIN TWP,ACZ,Northeast,Youngstown,505,306,60.59%
Columbiana,PRECINCT HANOVER TWP NORTH,ADB,Northeast,Youngstown,766,440,57.44%
Columbiana,PRECINCT HANOVER TWP NE,ADC,Northeast,Youngstown,"1,017",617,60.67%
Columbiana,PRECINCT HANOVER TWP SOUTH,ADD,Northeast,Youngstown,635,355,55.91%
Columbiana,PRECINCT KNOX TWP NE,ADF,Northeast,Youngstown,682,458,67.16%
Columbiana,PRECINCT KNOX TWP NW,ADG,Northeast,Youngstown,781,509,65.17%
Columbiana,PRECINCT KNOX TWP SOUTH,ADH,Northeast,Youngstown,"1,245",818,65.70%
Columbiana,PRECINCT LIVERPOOL TWP EAST,ADJ,Northeast,Youngstown,"1,391",781,56.15%
Columbiana,PRECINCT LIVERPOOL TWP WEST,ADN,Northeast,Youngstown,"1,359",693,50.99%
Columbiana,PRECINCT MADISON TWP GLASGOW,ADO,Northeast,Youngstown,591,356,60.24%
Columbiana,PRECINCT MADISON TWP ROCK CAMP,ADP,Northeast,Youngstown,682,382,56.01%
Columbiana,PRECINCT MADISON TWP WEST POINT,ADQ,Northeast,Youngstown,811,430,53.02%
Columbiana,PRECINCT MIDDLETON TWP NEGLEY,ADS,Northeast,Youngstown,"1,366",740,54.17%
Columbiana,PRECINCT MIDDLETON TWP ROGERS,ADU,Northeast,Youngstown,836,509,60.89%
Columbiana,PRECINCT PERRY TWP NORTH,ADW,Northeast,Youngstown,"1,256",803,63.93%
Columbiana,PRECINCT PERRY TWP SW,ADY,Northeast,Youngstown,"1,303",754,57.87%
Columbiana,PRECINCT PERRY TWP SE,ADZ,Northeast,Youngstown,537,353,65.74%
Columbiana,PRECINCT ST CLAIR TWP CALCUTTA,AED,Northeast,Youngstown,"1,364",743,54.47%
Columbiana,PRECINCT ST CLAIR TWP EAST,AEF,Northeast,Youngstown,833,487,58.46%
Columbiana,PRECINCT ST CLAIR TWP SE,AEI,Northeast,Youngstown,590,352,59.66%
Columbiana,PRECINCT ST CLAIR TWP SOUTH,AEJ,Northeast,Youngstown,904,467,51.66%
Columbiana,PRECINCT ST CLAIR TWP SPRUCEVALE,AEK,Northeast,Youngstown,"1,173",658,56.10%
Columbiana,PRECINCT ST CLAIR TWP WEST,AEL,Northeast,Youngstown,664,366,55.12%
Columbiana,PRECINCT SALEM TWP FRANKLIN SQ,AEM,Northeast,Youngstown,770,489,63.51%
Columbiana,PRECINCT SALEM TWP NE,AEN,Northeast,Youngstown,885,516,58.31%
Columbiana,PRECINCT SALEM TWP NW,AEO,Northeast,Youngstown,681,445,65.35%
Columbiana,PRECINCT LEETONIA VIL,AEQ,Northeast,Youngstown,"1,186",621,52.36%
Columbiana,PRECINCT UNITY TWP NEW WATERFORD,AET,Northeast,Youngstown,731,408,55.81%
Columbiana,PRECINCT UNITY TWP NORTH,AEU,Northeast,Youngstown,879,545,62.00%
Columbiana,PRECINCT UNITY TWP SE,AEV,Northeast,Youngstown,902,520,57.65%
Columbiana,PRECINCT UNITY TWP SW,AEW,Northeast,Youngstown,806,502,62.28%
Columbiana,PRECINCT WASHINGTON TWP,AEY,Northeast,Youngstown,569,333,58.52%
Columbiana,PRECINCT SALINEVILLE VIL,AEZ,Northeast,Youngstown,657,274,41.70%
Columbiana,PRECINCT WAYNE TWP,AFB,Northeast,Youngstown,536,338,63.06%
Columbiana,PRECINCT WEST TWP BAYARD,AFC,Northeast,Youngstown,611,383,62.68%
Columbiana,PRECINCT WEST TWP EAST ROCHESTER,AFD,Northeast,Youngstown,"1,298",759,58.47%
Columbiana,PRECINCT YELLOW CREEK TWP,AFF,Northeast,Youngstown,"1,351",743,55.00%
Coshocton,COSHOCTON 1-A,AAA,Central,Columbus,562,280,49.82%
Coshocton,COSHOCTON 1-B,AAB,Central,Columbus,"1,023",324,31.67%
Coshocton,COSHOCTON 2-A,AAD,Central,Columbus,757,362,47.82%
Coshocton,COSHOCTON 2-B,AAE,Central,Columbus,870,276,31.72%
Coshocton,COSHOCTON 3-A,AAG,Central,Columbus,"1,014",439,43.29%
Coshocton,COSHOCTON 3-B,AAI,Central,Columbus,"1,024",638,62.30%
Coshocton,COSHOCTON 4-A,AAK,Central,Columbus,558,193,34.59%
Coshocton,COSHOCTON 4-B,AAL,Central,Columbus,"1,370",850,62.04%
Coshocton,BEDFORD / WASHINGTON,AAP,Central,Columbus,845,460,54.44%
Coshocton,BETHLEHEM,AAQ,Central,Columbus,772,504,65.28%
Coshocton,CLARK / MONROE / TIVERTON,AAR,Central,Columbus,866,471,54.39%
Coshocton,CRAWFORD,AAS,Central,Columbus,409,153,37.41%
Coshocton,FRANKLIN / CONESVILLE / VIRGINIA,AAT,Central,Columbus,"1,118",605,54.11%
Coshocton,JACKSON,AAU,Central,Columbus,"1,333",742,55.66%
Coshocton,JEFFERSON / NELLIE / NEW CASTLE / WARSAW,AAW,Central,Columbus,"1,298",740,57.01%
Coshocton,KEENE / MILLCREEK,AAY,Central,Columbus,"1,349",803,59.53%
Coshocton,LAFAYETTE,ABA,Central,Columbus,"1,231",746,60.60%
Coshocton,LINTON / PLAINFIELD,ABE,Central,Columbus,437,263,60.18%
Coshocton,OXFORD,ABF,Central,Columbus,"1,074",586,54.56%
Coshocton,PERRY / PIKE,ABG,Central,Columbus,832,436,52.40%
Coshocton,TUSCARAWAS,ABH,Central,Columbus,"1,004",372,37.05%
Coshocton,W LAFAYETTE,ABI,Central,Columbus,"1,404",624,44.44%
Coshocton,WHITE EYES / ADAMS,ABQ,Central,Columbus,"1,232",669,54.30%
Crawford,BUCYRUS 1A,AAA,Central,Columbus,819,302,36.87%
Crawford,BUCYRUS 1B,AAB,Central,Columbus,684,264,38.60%
Crawford,BUCYRUS 2A,AAE,Central,Columbus,"1,046",424,40.54%
Crawford,BUCYRUS 2B,AAF,Central,Columbus,884,500,56.56%
Crawford,BUCYRUS 3A,AAJ,Central,Columbus,668,400,59.88%
Crawford,BUCYRUS 3B,AAK,Central,Columbus,859,388,45.17%
Crawford,BUCYRUS 3C,AAN,Central,Columbus,821,547,66.63%
Crawford,BUCYRUS 4A,AAP,Central,Columbus,843,378,44.84%
Crawford,BUCYRUS 4B,AAQ,Central,Columbus,914,384,42.01%
Crawford,CRESTLINE 1A,AAT,Central,Columbus,792,467,58.96%
Crawford,CRESTLINE 2A,AAV,Central,Columbus,783,350,44.70%
Crawford,CRESTLINE 3A,AAW,Central,Columbus,683,299,43.78%
Crawford,CRESTLINE 4A,AAY,Central,Columbus,737,347,47.08%
Crawford,GALION 1A,ABB,Central,Columbus,766,411,53.66%
Crawford,GALION 1B,ABC,Central,Columbus,821,427,52.01%
Crawford,GALION 2A,ABF,Central,Columbus,751,252,33.56%
Crawford,GALION 2B,ABG,Central,Columbus,631,324,51.35%
Crawford,GALION 3A,ABI,Central,Columbus,774,270,34.88%
Crawford,GALION 3B,ABK,Central,Columbus,906,313,34.55%
Crawford,GALION 4A,ABM,Central,Columbus,630,298,47.30%
Crawford,GALION 4B,ABO,Central,Columbus,657,297,45.21%
Crawford,GALION 4C,ABP,Central,Columbus,706,418,59.21%
Crawford,AUBURN TWP,ABR,Central,Columbus,486,291,59.88%
Crawford,BUCYRUS TWP,ABS,Central,Columbus,617,412,66.77%
Crawford,CHATFIELD TWP,ABT,Central,Columbus,497,325,65.39%
Crawford,CRANBERRY TWP,ABU,Central,Columbus,"1,043",700,67.11%
Crawford,DALLAS TWP,ABX,Central,Columbus,358,229,63.97%
Crawford,HOLMES - TEXAS,ABY,Central,Columbus,"1,113",735,66.04%
Crawford,JEFFERSON TWP,ACC,Central,Columbus,"1,123",697,62.07%
Crawford,LIBERTY TWP,ACD,Central,Columbus,973,661,67.93%
Crawford,LYKENS-TOD,ACF,Central,Columbus,886,595,67.16%
Crawford,POLK TWP,ACJ,Central,Columbus,"1,452",902,62.12%
Crawford,SANDUSKY-WHETSTONE NORTH,ACK,Central,Columbus,"1,187",805,67.82%
Crawford,VERNON TWP,ACN,Central,Columbus,531,350,65.91%
Crawford,WHETSTONE TWP SOUTH,ACR,Central,Columbus,586,399,68.09%
Cuyahoga,BAY VILLAGE-01-A,AAA,Northeast,Cleveland,"1,036",729,70.37%
Cuyahoga,BAY VILLAGE-01-B,AAB,Northeast,Cleveland,955,609,63.77%
Cuyahoga,BAY VILLAGE-01-C,AAD,Northeast,Cleveland,"1,151",779,67.68%
Cuyahoga,BAY VILLAGE-02-A,AAH,Northeast,Cleveland,"1,075",738,68.65%
Cuyahoga,BAY VILLAGE-02-B,AAI,Northeast,Cleveland,921,576,62.54%
Cuyahoga,BAY VILLAGE-02-C,AAL,Northeast,Cleveland,"1,029",710,69.00%
Cuyahoga,BAY VILLAGE-03-B,AAQ,Northeast,Cleveland,957,663,69.28%
Cuyahoga,BAY VILLAGE-03-C,AAR,Northeast,Cleveland,944,659,69.81%
Cuyahoga,BAY VILLAGE-03-A,AAS,Northeast,Cleveland,"1,047",742,70.87%
Cuyahoga,BAY VILLAGE-04-A,AAV,Northeast,Cleveland,"1,101",782,71.03%
Cuyahoga,BAY VILLAGE-04-B,AAZ,Northeast,Cleveland,"1,106",789,71.34%
Cuyahoga,BAY VILLAGE-04-C,ABA,Northeast,Cleveland,"1,160",803,69.22%
Cuyahoga,BEACHWOOD-00-A,ABD,Northeast,Cleveland,"1,070",612,57.20%
Cuyahoga,BEACHWOOD-00-B,ABE,Northeast,Cleveland,"1,129",617,54.65%
Cuyahoga,BEACHWOOD-00-H,ABF,Northeast,Cleveland,"1,365",902,66.08%
Cuyahoga,BEACHWOOD-00-D,ABG,Northeast,Cleveland,"1,139",774,67.95%
Cuyahoga,BEACHWOOD-00-E,ABH,Northeast,Cleveland,"1,495",789,52.78%
Cuyahoga,BEACHWOOD-00-F,ABK,Northeast,Cleveland,"1,244",893,71.78%
Cuyahoga,BEACHWOOD-00-C,ABN,Northeast,Cleveland,638,374,58.62%
Cuyahoga,BEACHWOOD-00-I,ABP,Northeast,Cleveland,934,404,43.25%
Cuyahoga,BEACHWOOD-00-G,ABQ,Northeast,Cleveland,"1,146",688,60.03%
Cuyahoga,BEDFORD-01-A,ABU,Northeast,Cleveland,774,336,43.41%
Cuyahoga,BEDFORD-01-B,ABV,Northeast,Cleveland,637,257,40.35%
Cuyahoga,BEDFORD-02-A,ABX,Northeast,Cleveland,745,332,44.56%
Cuyahoga,BEDFORD-02-B,ABY,Northeast,Cleveland,698,338,48.42%
Cuyahoga,BEDFORD-03-A,ACA,Northeast,Cleveland,740,248,33.51%
Cuyahoga,BEDFORD-03-B,ACB,Northeast,Cleveland,789,326,41.32%
Cuyahoga,BEDFORD-04-A,ACE,Northeast,Cleveland,776,314,40.46%
Cuyahoga,BEDFORD-04-B,ACF,Northeast,Cleveland,"1,054",420,39.85%
Cuyahoga,BEDFORD-05-A,ACJ,Northeast,Cleveland,"1,273",505,39.67%
Cuyahoga,BEDFORD-06-A,ACM,Northeast,Cleveland,"1,334",577,43.25%
Cuyahoga,BEDFORD HEIGHTS-01-A,ACP,Northeast,Cleveland,655,287,43.82%
Cuyahoga,BEDFORD HEIGHTS-01-B,ACQ,Northeast,Cleveland,707,357,50.50%
Cuyahoga,BEDFORD HEIGHTS-01-C,ACR,Northeast,Cleveland,"1,062",242,22.79%
Cuyahoga,BEDFORD HEIGHTS-02-A,ACV,Northeast,Cleveland,861,324,37.63%
Cuyahoga,BEDFORD HEIGHTS-02-B,ACW,Northeast,Cleveland,760,266,35.00%
Cuyahoga,BEDFORD HEIGHTS-03-A,ACY,Northeast,Cleveland,892,266,29.82%
Cuyahoga,BEDFORD HEIGHTS-03-B,ACZ,Northeast,Cleveland,"1,192",630,52.85%
Cuyahoga,BEDFORD HEIGHTS-04-A,ADE,Northeast,Cleveland,822,434,52.80%
Cuyahoga,BEDFORD HEIGHTS-04-B,ADF,Northeast,Cleveland,605,294,48.60%
Cuyahoga,BEREA-01-A,ADI,Northeast,Cleveland,919,412,44.83%
Cuyahoga,BEREA-01-B,ADJ,Northeast,Cleveland,"1,187",557,46.93%
Cuyahoga,BEREA-02-A,ADN,Northeast,Cleveland,"1,100",664,60.36%
Cuyahoga,BEREA-02-B,ADO,Northeast,Cleveland,"1,283",689,53.70%
Cuyahoga,BEREA-02-C,ADP,Northeast,Cleveland,"1,156",637,55.10%
Cuyahoga,BEREA-03-A,ADU,Northeast,Cleveland,974,618,63.45%
Cuyahoga,BEREA-03-B,ADV,Northeast,Cleveland,921,568,61.67%
Cuyahoga,BEREA-03-C,ADW,Northeast,Cleveland,539,391,72.54%
Cuyahoga,BEREA-04-A,AEB,Northeast,Cleveland,933,386,41.37%
Cuyahoga,BEREA-04-B,AED,Northeast,Cleveland,"1,099",647,58.87%
Cuyahoga,BEREA-05-B,AEI,Northeast,Cleveland,928,581,62.61%
Cuyahoga,BEREA-05-A,AEJ,Northeast,Cleveland,828,484,58.45%
Cuyahoga,BEREA-05-C,AEK,Northeast,Cleveland,596,363,60.91%
Cuyahoga,BRECKSVILLE-00-B,AEP,Northeast,Cleveland,"1,084",757,69.83%
Cuyahoga,BRECKSVILLE-00-C,AEQ,Northeast,Cleveland,"1,033",728,70.47%
Cuyahoga,BRECKSVILLE-00-F,AES,Northeast,Cleveland,"1,033",707,68.44%
Cuyahoga,BRECKSVILLE-00-E,AET,Northeast,Cleveland,"1,030",697,67.67%
Cuyahoga,BRECKSVILLE-00-D,AEU,Northeast,Cleveland,"1,116",752,67.38%
Cuyahoga,BRECKSVILLE-00-A,AEV,Northeast,Cleveland,"1,238",791,63.89%
Cuyahoga,BRECKSVILLE-00-J,AEX,Northeast,Cleveland,879,594,67.58%
Cuyahoga,BRECKSVILLE-00-H,AEY,Northeast,Cleveland,"1,058",696,65.78%
Cuyahoga,BRECKSVILLE-00-G,AEZ,Northeast,Cleveland,"1,320",961,72.80%
Cuyahoga,BRECKSVILLE-00-I,AFB,Northeast,Cleveland,"1,146",798,69.63%
Cuyahoga,BROADVIEW HEIGHTS-01-B,AFG,Northeast,Cleveland,912,581,63.71%
Cuyahoga,BROADVIEW HEIGHTS-01-C,AFH,Northeast,Cleveland,"1,186",707,59.61%
Cuyahoga,BROADVIEW HEIGHTS-01-A,AFI,Northeast,Cleveland,"1,073",675,62.91%
Cuyahoga,BROADVIEW HEIGHTS-02-A,AFK,Northeast,Cleveland,"1,248",808,64.74%
Cuyahoga,BROADVIEW HEIGHTS-02-B,AFL,Northeast,Cleveland,"1,151",737,64.03%
Cuyahoga,BROADVIEW HEIGHTS-02-C,AFM,Northeast,Cleveland,"1,290",808,62.64%
Cuyahoga,BROADVIEW HEIGHTS-03-A,AFP,Northeast,Cleveland,864,535,61.92%
Cuyahoga,BROADVIEW HEIGHTS-03-B,AFQ,Northeast,Cleveland,711,386,54.29%
Cuyahoga,BROADVIEW HEIGHTS-03-C,AFR,Northeast,Cleveland,897,541,60.31%
Cuyahoga,BROADVIEW HEIGHTS-04-D,AFU,Northeast,Cleveland,"1,049",685,65.30%
Cuyahoga,BROADVIEW HEIGHTS-04-B,AFV,Northeast,Cleveland,471,126,26.75%
Cuyahoga,BROADVIEW HEIGHTS-04-C,AFW,Northeast,Cleveland,"1,004",535,53.29%
Cuyahoga,BROOKLYN-00-A,AFZ,Northeast,Cleveland,756,247,32.67%
Cuyahoga,BROOKLYN-00-B,AGA,Northeast,Cleveland,940,503,53.51%
Cuyahoga,BROOKLYN-00-C,AGB,Northeast,Cleveland,927,498,53.72%
Cuyahoga,BROOKLYN-00-E,AGD,Northeast,Cleveland,935,395,42.25%
Cuyahoga,BROOKLYN-00-G,AGF,Northeast,Cleveland,989,475,48.03%
Cuyahoga,BROOKLYN-00-F,AGG,Northeast,Cleveland,936,440,47.01%
Cuyahoga,BROOKLYN-00-D,AGH,Northeast,Cleveland,982,421,42.87%
Cuyahoga,BROOKLYN-00-H,AGJ,Northeast,Cleveland,936,411,43.91%
Cuyahoga,BROOK PARK-01-A,AGO,Northeast,Cleveland,917,427,46.56%
Cuyahoga,BROOK PARK-01-C,AGQ,Northeast,Cleveland,"1,040",509,48.94%
Cuyahoga,BROOK PARK-01-B,AGS,Northeast,Cleveland,840,458,54.52%
Cuyahoga,BROOK PARK-02-A,AGW,Northeast,Cleveland,"1,041",517,49.66%
Cuyahoga,BROOK PARK-02-B,AGX,Northeast,Cleveland,912,472,51.75%
Cuyahoga,BROOK PARK-02-C,AHA,Northeast,Cleveland,"1,018",422,41.45%
Cuyahoga,BROOK PARK-03-B,AHF,Northeast,Cleveland,"1,076",528,49.07%
Cuyahoga,BROOK PARK-03-A,AHG,Northeast,Cleveland,"1,020",455,44.61%
Cuyahoga,BROOK PARK-03-C,AHI,Northeast,Cleveland,"1,050",502,47.81%
Cuyahoga,BROOK PARK-04-A,AHL,Northeast,Cleveland,"1,013",515,50.84%
Cuyahoga,BROOK PARK-04-C,AHN,Northeast,Cleveland,"1,111",504,45.36%
Cuyahoga,BROOK PARK-04-B,AHO,Northeast,Cleveland,"1,074",560,52.14%
Cuyahoga,CLEVELAND-01-B,AHU,Northeast,Cleveland,866,198,22.86%
Cuyahoga,CLEVELAND-01-C,AHW,Northeast,Cleveland,660,190,28.79%
Cuyahoga,CLEVELAND-01-E,AIA,Northeast,Cleveland,875,324,37.03%
Cuyahoga,CLEVELAND-01-F,AIC,Northeast,Cleveland,926,329,35.53%
Cuyahoga,CLEVELAND-01-H,AIG,Northeast,Cleveland,829,300,36.19%
Cuyahoga,CLEVELAND-01-I,AII,Northeast,Cleveland,824,253,30.70%
Cuyahoga,CLEVELAND-01-J,AIK,Northeast,Cleveland,896,379,42.30%
Cuyahoga,CLEVELAND-01-L,AIO,Northeast,Cleveland,830,371,44.70%
Cuyahoga,CLEVELAND-01-M,AIQ,Northeast,Cleveland,924,382,41.34%
Cuyahoga,CLEVELAND-01-N,AIS,Northeast,Cleveland,906,367,40.51%
Cuyahoga,CLEVELAND-01-P,AIW,Northeast,Cleveland,962,367,38.15%
Cuyahoga,CLEVELAND-01-Q,AIX,Northeast,Cleveland,910,388,42.64%
Cuyahoga,CLEVELAND-01-S,AIZ,Northeast,Cleveland,807,304,37.67%
Cuyahoga,CLEVELAND-01-T,AJA,Northeast,Cleveland,793,234,29.51%
Cuyahoga,CLEVELAND-01-R,AJC,Northeast,Cleveland,844,283,33.53%
Cuyahoga,CLEVELAND-01-O,AJD,Northeast,Cleveland,739,266,35.99%
Cuyahoga,CLEVELAND-02-E,AJH,Northeast,Cleveland,534,127,23.78%
Cuyahoga,CLEVELAND-02-B,AJJ,Northeast,Cleveland,753,178,23.64%
Cuyahoga,CLEVELAND-02-G,AJL,Northeast,Cleveland,648,165,25.46%
Cuyahoga,CLEVELAND-12-D,AJN,Northeast,Cleveland,614,126,20.52%
Cuyahoga,CLEVELAND-02-R,AJP,Northeast,Cleveland,642,169,26.32%
Cuyahoga,CLEVELAND-02-J,AJT,Northeast,Cleveland,292,75,25.68%
Cuyahoga,CLEVELAND-02-D,AJV,Northeast,Cleveland,"1,051",466,44.34%
Cuyahoga,CLEVELAND-02-T,AJX,Northeast,Cleveland,535,134,25.05%
Cuyahoga,CLEVELAND-02-S,AJY,Northeast,Cleveland,425,97,22.82%
Cuyahoga,CLEVELAND-02-U,AKA,Northeast,Cleveland,444,146,32.88%
Cuyahoga,CLEVELAND-02-O,AKB,Northeast,Cleveland,674,180,26.71%
Cuyahoga,CLEVELAND-02-C,AKC,Northeast,Cleveland,473,105,22.20%
Cuyahoga,CLEVELAND-04-N,AKD,Northeast,Cleveland,609,174,28.57%
Cuyahoga,CLEVELAND-02-H,AKE,Northeast,Cleveland,649,190,29.28%
Cuyahoga,CLEVELAND-02-I,AKF,Northeast,Cleveland,648,153,23.61%
Cuyahoga,CLEVELAND-02-P,AKH,Northeast,Cleveland,648,186,28.70%
Cuyahoga,CLEVELAND-02-F,AKI,Northeast,Cleveland,678,167,24.63%
Cuyahoga,CLEVELAND-06-A,AKP,Northeast,Cleveland,474,104,21.94%
Cuyahoga,CLEVELAND-04-K,AKT,Northeast,Cleveland,573,176,30.72%
Cuyahoga,CLEVELAND-04-I,AKV,Northeast,Cleveland,592,163,27.53%
Cuyahoga,CLEVELAND-02-V,AKX,Northeast,Cleveland,519,160,30.83%
Cuyahoga,CLEVELAND-06-L,AKZ,Northeast,Cleveland,724,125,17.27%
Cuyahoga,CLEVELAND-02-N,ALB,Northeast,Cleveland,771,220,28.53%
Cuyahoga,CLEVELAND-04-L,ALD,Northeast,Cleveland,527,115,21.82%
Cuyahoga,CLEVELAND-02-Q,ALJ,Northeast,Cleveland,610,143,23.44%
Cuyahoga,CLEVELAND-02-K,ALP,Northeast,Cleveland,615,176,28.62%
Cuyahoga,CLEVELAND-02-M,ALQ,Northeast,Cleveland,627,171,27.27%
Cuyahoga,CLEVELAND-01-K,ALR,Northeast,Cleveland,563,150,26.64%
Cuyahoga,CLEVELAND-02-W,ALS,Northeast,Cleveland,514,99,19.26%
Cuyahoga,CLEVELAND-04-M,ALT,Northeast,Cleveland,573,148,25.83%
Cuyahoga,CLEVELAND-04-O,ALU,Northeast,Cleveland,700,224,32.00%
Cuyahoga,CLEVELAND-02-L,ALV,Northeast,Cleveland,627,130,20.73%
Cuyahoga,CLEVELAND-01-G,ALW,Northeast,Cleveland,643,210,32.66%
Cuyahoga,CLEVELAND-04-A,AMC,Northeast,Cleveland,467,112,23.98%
Cuyahoga,CLEVELAND-04-B,AME,Northeast,Cleveland,476,148,31.09%
Cuyahoga,CLEVELAND-04-S,AMI,Northeast,Cleveland,950,340,35.79%
Cuyahoga,CLEVELAND-04-P,AMM,Northeast,Cleveland,545,111,20.37%
Cuyahoga,CLEVELAND-04-E,AMQ,Northeast,Cleveland,712,164,23.03%
Cuyahoga,CLEVELAND-04-H,AMS,Northeast,Cleveland,613,155,25.29%
Cuyahoga,CLEVELAND-04-J,AMU,Northeast,Cleveland,524,132,25.19%
Cuyahoga,CLEVELAND-04-G,AMX,Northeast,Cleveland,682,153,22.43%
Cuyahoga,CLEVELAND-04-D,AMZ,Northeast,Cleveland,671,176,26.23%
Cuyahoga,CLEVELAND-04-C,ANA,Northeast,Cleveland,672,181,26.93%
Cuyahoga,CLEVELAND-01-D,ANB,Northeast,Cleveland,543,131,24.13%
Cuyahoga,CLEVELAND-04-Q,ANC,Northeast,Cleveland,"1,094",667,60.97%
Cuyahoga,CLEVELAND-04-F,AND,Northeast,Cleveland,723,169,23.37%
Cuyahoga,CLEVELAND-01-A,ANE,Northeast,Cleveland,618,149,24.11%
Cuyahoga,CLEVELAND-04-R,ANF,Northeast,Cleveland,840,330,39.29%
Cuyahoga,CLEVELAND-05-A,ANN,Northeast,Cleveland,791,56,7.08%
Cuyahoga,CLEVELAND-05-C,ANR,Northeast,Cleveland,413,55,13.32%
Cuyahoga,CLEVELAND-05-D,ANT,Northeast,Cleveland,834,56,6.71%
Cuyahoga,CLEVELAND-05-B,ANV,Northeast,Cleveland,722,50,6.93%
Cuyahoga,CLEVELAND-05-F,ANX,Northeast,Cleveland,708,52,7.34%
Cuyahoga,CLEVELAND-05-G,ANZ,Northeast,Cleveland,598,130,21.74%
Cuyahoga,CLEVELAND-05-H,AOB,Northeast,Cleveland,777,157,20.21%
Cuyahoga,CLEVELAND-07-J,AOD,Northeast,Cleveland,643,193,30.02%
Cuyahoga,CLEVELAND-05-J,AOF,Northeast,Cleveland,654,120,18.35%
Cuyahoga,CLEVELAND-05-E,AOH,Northeast,Cleveland,445,29,6.52%
Cuyahoga,CLEVELAND-05-L,AOJ,Northeast,Cleveland,934,95,10.17%
Cuyahoga,CLEVELAND-05-M,AOL,Northeast,Cleveland,597,144,24.12%
Cuyahoga,CLEVELAND-05-N,AON,Northeast,Cleveland,593,108,18.21%
Cuyahoga,CLEVELAND-06-B,AOQ,Northeast,Cleveland,592,84,14.19%
Cuyahoga,CLEVELAND-06-F,AOR,Northeast,Cleveland,477,114,23.90%
Cuyahoga,CLEVELAND-06-E,AOS,Northeast,Cleveland,663,160,24.13%
Cuyahoga,CLEVELAND-05-S,AOT,Northeast,Cleveland,834,270,32.37%
Cuyahoga,CLEVELAND-05-P,AOU,Northeast,Cleveland,748,48,6.42%
Cuyahoga,CLEVELAND-06-G,APB,Northeast,Cleveland,875,278,31.77%
Cuyahoga,CLEVELAND-09-R,APD,Northeast,Cleveland,723,281,38.87%
Cuyahoga,CLEVELAND-06-D,APL,Northeast,Cleveland,615,195,31.71%
Cuyahoga,CLEVELAND-05-I,APN,Northeast,Cleveland,671,168,25.04%
Cuyahoga,CLEVELAND-06-H,APP,Northeast,Cleveland,462,139,30.09%
Cuyahoga,CLEVELAND-06-I,APR,Northeast,Cleveland,572,150,26.22%
Cuyahoga,CLEVELAND-06-M,APT,Northeast,Cleveland,383,109,28.46%
Cuyahoga,CLEVELAND-06-K,APV,Northeast,Cleveland,483,187,38.72%
Cuyahoga,CLEVELAND-06-J,APX,Northeast,Cleveland,542,174,32.10%
Cuyahoga,CLEVELAND-06-N,APY,Northeast,Cleveland,601,48,7.99%
Cuyahoga,CLEVELAND-06-S,APZ,Northeast,Cleveland,573,150,26.18%
Cuyahoga,CLEVELAND-06-P,AQB,Northeast,Cleveland,849,208,24.50%
Cuyahoga,CLEVELAND-06-Q,AQC,Northeast,Cleveland,826,269,32.57%
Cuyahoga,CLEVELAND-06-R,AQD,Northeast,Cleveland,969,485,50.05%
Cuyahoga,CLEVELAND-06-C,AQE,Northeast,Cleveland,734,268,36.51%
Cuyahoga,CLEVELAND-06-O,AQF,Northeast,Cleveland,879,322,36.63%
Cuyahoga,CLEVELAND-06-T,AQH,Northeast,Cleveland,881,206,23.38%
Cuyahoga,CLEVELAND-07-Q,AQM,Northeast,Cleveland,637,162,25.43%
Cuyahoga,CLEVELAND-07-P,AQO,Northeast,Cleveland,615,190,30.89%
Cuyahoga,CLEVELAND-07-M,AQQ,Northeast,Cleveland,645,148,22.95%
Cuyahoga,CLEVELAND-07-I,AQU,Northeast,Cleveland,670,138,20.60%
Cuyahoga,CLEVELAND-07-F,AQW,Northeast,Cleveland,520,121,23.27%
Cuyahoga,CLEVELAND-07-H,ARA,Northeast,Cleveland,487,108,22.18%
Cuyahoga,CLEVELAND-07-N,ARC,Northeast,Cleveland,645,121,18.76%
Cuyahoga,CLEVELAND-07-K,ARE,Northeast,Cleveland,677,68,10.04%
Cuyahoga,CLEVELAND-07-C,ARF,Northeast,Cleveland,699,151,21.60%
Cuyahoga,CLEVELAND-07-G,ARH,Northeast,Cleveland,591,146,24.70%
Cuyahoga,CLEVELAND-07-S,ARI,Northeast,Cleveland,688,186,27.03%
Cuyahoga,CLEVELAND-07-O,ARJ,Northeast,Cleveland,471,161,34.18%
Cuyahoga,CLEVELAND-07-L,ARK,Northeast,Cleveland,604,198,32.78%
Cuyahoga,CLEVELAND-10-A,ARM,Northeast,Cleveland,656,142,21.65%
Cuyahoga,CLEVELAND-07-U,ARN,Northeast,Cleveland,489,97,19.84%
Cuyahoga,CLEVELAND-07-R,ARO,Northeast,Cleveland,510,124,24.31%
Cuyahoga,CLEVELAND-07-T,ARP,Northeast,Cleveland,618,104,16.83%
Cuyahoga,CLEVELAND-09-W,ARV,Northeast,Cleveland,618,166,26.86%
Cuyahoga,CLEVELAND-09-C,ARX,Northeast,Cleveland,660,167,25.30%
Cuyahoga,CLEVELAND-10-B,ARZ,Northeast,Cleveland,719,166,23.09%
Cuyahoga,CLEVELAND-09-U,ASB,Northeast,Cleveland,512,102,19.92%
Cuyahoga,CLEVELAND-09-A,ASD,Northeast,Cleveland,626,153,24.44%
Cuyahoga,CLEVELAND-09-N,ASH,Northeast,Cleveland,534,113,21.16%
Cuyahoga,CLEVELAND-09-O,ASL,Northeast,Cleveland,614,165,26.87%
Cuyahoga,CLEVELAND-09-T,ASN,Northeast,Cleveland,337,60,17.80%
Cuyahoga,CLEVELAND-09-M,ASR,Northeast,Cleveland,558,137,24.55%
Cuyahoga,CLEVELAND-09-B,ASS,Northeast,Cleveland,587,167,28.45%
Cuyahoga,CLEVELAND-09-Q,AST,Northeast,Cleveland,554,149,26.90%
Cuyahoga,CLEVELAND-10-K,ASU,Northeast,Cleveland,740,163,22.03%
Cuyahoga,CLEVELAND-09-V,ASV,Northeast,Cleveland,756,232,30.69%
Cuyahoga,CLEVELAND-09-X,ASW,Northeast,Cleveland,631,148,23.45%
Cuyahoga,CLEVELAND-09-S,ASX,Northeast,Cleveland,512,214,41.80%
Cuyahoga,CLEVELAND-10-M,ATJ,Northeast,Cleveland,701,193,27.53%
Cuyahoga,CLEVELAND-10-J,ATL,Northeast,Cleveland,674,182,27.00%
Cuyahoga,CLEVELAND-09-E,ATN,Northeast,Cleveland,608,188,30.92%
Cuyahoga,CLEVELAND-10-L,ATP,Northeast,Cleveland,532,123,23.12%
Cuyahoga,CLEVELAND-10-N,ATR,Northeast,Cleveland,454,117,25.77%
Cuyahoga,CLEVELAND-10-D,ATT,Northeast,Cleveland,528,164,31.06%
Cuyahoga,CLEVELAND-09-D,ATV,Northeast,Cleveland,382,99,25.92%
Cuyahoga,CLEVELAND-09-F,ATZ,Northeast,Cleveland,545,154,28.26%
Cuyahoga,CLEVELAND-09-J,AUB,Northeast,Cleveland,509,158,31.04%
Cuyahoga,CLEVELAND-09-G,AUD,Northeast,Cleveland,490,127,25.92%
Cuyahoga,CLEVELAND-09-K,AUE,Northeast,Cleveland,506,131,25.89%
Cuyahoga,CLEVELAND-09-L,AUF,Northeast,Cleveland,971,235,24.20%
Cuyahoga,CLEVELAND-09-P,AUG,Northeast,Cleveland,"1,395",218,15.63%
Cuyahoga,CLEVELAND-09-I,AUH,Northeast,Cleveland,506,144,28.46%
Cuyahoga,CLEVELAND-09-H,AUI,Northeast,Cleveland,680,250,36.76%
Cuyahoga,CLEVELAND-06-U,AUJ,Northeast,Cleveland,937,285,30.42%
Cuyahoga,CLEVELAND-10-U,AUT,Northeast,Cleveland,473,132,27.91%
Cuyahoga,CLEVELAND-10-C,AUV,Northeast,Cleveland,483,91,18.84%
Cuyahoga,CLEVELAND-10-T,AUX,Northeast,Cleveland,809,287,35.48%
Cuyahoga,CLEVELAND-10-F,AUZ,Northeast,Cleveland,500,119,23.80%
Cuyahoga,CLEVELAND-10-E,AVB,Northeast,Cleveland,450,98,21.78%
Cuyahoga,CLEVELAND-10-R,AVD,Northeast,Cleveland,656,206,31.40%
Cuyahoga,CLEVELAND-08-Q,AVG,Northeast,Cleveland,764,200,26.18%
Cuyahoga,CLEVELAND-10-O,AVI,Northeast,Cleveland,496,126,25.40%
Cuyahoga,CLEVELAND-08-R,AVJ,Northeast,Cleveland,618,158,25.57%
Cuyahoga,CLEVELAND-08-O,AVK,Northeast,Cleveland,745,191,25.64%
Cuyahoga,CLEVELAND-10-Q,AVL,Northeast,Cleveland,612,135,22.06%
Cuyahoga,CLEVELAND-10-H,AVM,Northeast,Cleveland,504,116,23.02%
Cuyahoga,CLEVELAND-10-P,AVP,Northeast,Cleveland,791,229,28.95%
Cuyahoga,CLEVELAND-10-S,AVQ,Northeast,Cleveland,634,232,36.59%
Cuyahoga,CLEVELAND-08-H,AWA,Northeast,Cleveland,533,170,31.89%
Cuyahoga,CLEVELAND-08-C,AWE,Northeast,Cleveland,982,374,38.09%
Cuyahoga,CLEVELAND-08-I,AWI,Northeast,Cleveland,726,203,27.96%
Cuyahoga,CLEVELAND-10-G,AWM,Northeast,Cleveland,677,157,23.19%
Cuyahoga,CLEVELAND-08-A,AWN,Northeast,Cleveland,918,502,54.68%
Cuyahoga,CLEVELAND-08-G,AWO,Northeast,Cleveland,969,384,39.63%
Cuyahoga,CLEVELAND-08-L,AWQ,Northeast,Cleveland,848,370,43.63%
Cuyahoga,CLEVELAND-08-M,AWR,Northeast,Cleveland,816,176,21.57%
Cuyahoga,CLEVELAND-08-J,AWS,Northeast,Cleveland,844,409,48.46%
Cuyahoga,CLEVELAND-08-P,AWT,Northeast,Cleveland,679,159,23.42%
Cuyahoga,CLEVELAND-08-B,AWU,Northeast,Cleveland,969,441,45.51%
Cuyahoga,CLEVELAND-08-E,AWV,Northeast,Cleveland,761,265,34.82%
Cuyahoga,CLEVELAND-08-K,AWW,Northeast,Cleveland,875,259,29.60%
Cuyahoga,CLEVELAND-08-N,AWX,Northeast,Cleveland,819,206,25.15%
Cuyahoga,CLEVELAND-10-V,AWY,Northeast,Cleveland,663,175,26.40%
Cuyahoga,CLEVELAND-08-F,AWZ,Northeast,Cleveland,500,135,27.00%
Cuyahoga,CLEVELAND-12-I,AXF,Northeast,Cleveland,697,115,16.50%
Cuyahoga,CLEVELAND-05-O,AXH,Northeast,Cleveland,580,104,17.93%
Cuyahoga,CLEVELAND-12-F,AXL,Northeast,Cleveland,691,141,20.41%
Cuyahoga,CLEVELAND-12-G,AXP,Northeast,Cleveland,606,83,13.70%
Cuyahoga,CLEVELAND-02-A,AXQ,Northeast,Cleveland,473,111,23.47%
Cuyahoga,CLEVELAND-12-J,AXS,Northeast,Cleveland,671,110,16.39%
Cuyahoga,CLEVELAND-12-E,AXT,Northeast,Cleveland,581,114,19.62%
Cuyahoga,CLEVELAND-05-K,AXU,Northeast,Cleveland,492,83,16.87%
Cuyahoga,CLEVELAND-12-K,AXV,Northeast,Cleveland,666,130,19.52%
Cuyahoga,CLEVELAND-12-P,AXX,Northeast,Cleveland,830,439,52.89%
Cuyahoga,CLEVELAND-12-H,AXY,Northeast,Cleveland,867,171,19.72%
Cuyahoga,CLEVELAND-07-E,AYJ,Northeast,Cleveland,618,109,17.64%
Cuyahoga,CLEVELAND-07-B,AYL,Northeast,Cleveland,633,110,17.38%
Cuyahoga,CLEVELAND-10-I,AYN,Northeast,Cleveland,733,151,20.60%
Cuyahoga,CLEVELAND-07-V,AYP,Northeast,Cleveland,"1,213",60,4.95%
Cuyahoga,CLEVELAND-05-Q,AYR,Northeast,Cleveland,693,85,12.27%
Cuyahoga,CLEVELAND-07-D,AYT,Northeast,Cleveland,947,126,13.31%
Cuyahoga,CLEVELAND-03-Q,AYV,Northeast,Cleveland,"1,065",328,30.80%
Cuyahoga,CLEVELAND-03-I,AYX,Northeast,Cleveland,"1,216",516,42.43%
Cuyahoga,CLEVELAND-03-L,AYZ,Northeast,Cleveland,"2,354",900,38.23%
Cuyahoga,CLEVELAND-07-W,AZB,Northeast,Cleveland,365,29,7.95%
Cuyahoga,CLEVELAND-05-R,AZC,Northeast,Cleveland,560,86,15.36%
Cuyahoga,CLEVELAND-03-O,AZE,Northeast,Cleveland,"1,156",520,44.98%
Cuyahoga,CLEVELAND-03-F,AZF,Northeast,Cleveland,"1,093",603,55.17%
Cuyahoga,CLEVELAND-12-S,AZG,Northeast,Cleveland,391,137,35.04%
Cuyahoga,CLEVELAND-12-Q,AZH,Northeast,Cleveland,567,125,22.05%
Cuyahoga,CLEVELAND-03-H,AZI,Northeast,Cleveland,"1,369",591,43.17%
Cuyahoga,CLEVELAND-12-L,AZJ,Northeast,Cleveland,829,216,26.06%
Cuyahoga,CLEVELAND-03-K,AZK,Northeast,Cleveland,770,368,47.79%
Cuyahoga,CLEVELAND-03-D,AZL,Northeast,Cleveland,"1,250",666,53.28%
Cuyahoga,CLEVELAND-03-C,AZM,Northeast,Cleveland,"1,017",508,49.95%
Cuyahoga,CLEVELAND-14-B,AZU,Northeast,Cleveland,833,116,13.93%
Cuyahoga,CLEVELAND-03-G,AZW,Northeast,Cleveland,732,242,33.06%
Cuyahoga,CLEVELAND-03-E,BAA,Northeast,Cleveland,"1,091",476,43.63%
Cuyahoga,CLEVELAND-03-P,BAC,Northeast,Cleveland,628,240,38.22%
Cuyahoga,CLEVELAND-14-G,BAE,Northeast,Cleveland,661,134,20.27%
Cuyahoga,CLEVELAND-14-H,BAG,Northeast,Cleveland,699,165,23.61%
Cuyahoga,CLEVELAND-14-I,BAI,Northeast,Cleveland,761,96,12.61%
Cuyahoga,CLEVELAND-14-J,BAJ,Northeast,Cleveland,967,170,17.58%
Cuyahoga,CLEVELAND-14-L,BAL,Northeast,Cleveland,989,150,15.17%
Cuyahoga,CLEVELAND-13-B,BAM,Northeast,Cleveland,848,395,46.58%
Cuyahoga,CLEVELAND-14-M,BAN,Northeast,Cleveland,918,118,12.85%
Cuyahoga,CLEVELAND-14-N,BAO,Northeast,Cleveland,660,108,16.36%
Cuyahoga,CLEVELAND-03-M,BAQ,Northeast,Cleveland,634,89,14.04%
Cuyahoga,CLEVELAND-03-J,BAR,Northeast,Cleveland,772,330,42.75%
Cuyahoga,CLEVELAND-14-O,BAT,Northeast,Cleveland,799,106,13.27%
Cuyahoga,CLEVELAND-14-K,BBB,Northeast,Cleveland,749,164,21.90%
Cuyahoga,CLEVELAND-14-D,BBH,Northeast,Cleveland,732,138,18.85%
Cuyahoga,CLEVELAND-14-C,BBJ,Northeast,Cleveland,838,203,24.22%
Cuyahoga,CLEVELAND-12-M,BBN,Northeast,Cleveland,705,380,53.90%
Cuyahoga,CLEVELAND-12-R,BBP,Northeast,Cleveland,675,134,19.85%
Cuyahoga,CLEVELAND-12-A,BBQ,Northeast,Cleveland,789,169,21.42%
Cuyahoga,CLEVELAND-12-B,BBR,Northeast,Cleveland,"1,074",272,25.33%
Cuyahoga,CLEVELAND-12-N,BBT,Northeast,Cleveland,846,353,41.73%
Cuyahoga,CLEVELAND-12-O,BBU,Northeast,Cleveland,829,458,55.25%
Cuyahoga,CLEVELAND-12-C,BBW,Northeast,Cleveland,860,293,34.07%
Cuyahoga,CLEVELAND-13-C,BBX,Northeast,Cleveland,793,203,25.60%
Cuyahoga,CLEVELAND-13-Q,BBZ,Northeast,Cleveland,894,304,34.00%
Cuyahoga,CLEVELAND-14-F,BCI,Northeast,Cleveland,907,183,20.18%
Cuyahoga,CLEVELAND-13-A,BCO,Northeast,Cleveland,737,380,51.56%
Cuyahoga,CLEVELAND-13-I,BCS,Northeast,Cleveland,840,376,44.76%
Cuyahoga,CLEVELAND-13-H,BCU,Northeast,Cleveland,896,317,35.38%
Cuyahoga,CLEVELAND-13-G,BCW,Northeast,Cleveland,890,290,32.58%
Cuyahoga,CLEVELAND-13-F,BCY,Northeast,Cleveland,674,193,28.64%
Cuyahoga,CLEVELAND-13-D,BCZ,Northeast,Cleveland,815,204,25.03%
Cuyahoga,CLEVELAND-13-E,BDA,Northeast,Cleveland,878,251,28.59%
Cuyahoga,CLEVELAND-13-M,BDB,Northeast,Cleveland,870,317,36.44%
Cuyahoga,CLEVELAND-13-N,BDC,Northeast,Cleveland,"1,080",491,45.46%
Cuyahoga,CLEVELAND-13-O,BDE,Northeast,Cleveland,947,435,45.93%
Cuyahoga,CLEVELAND-13-P,BDF,Northeast,Cleveland,906,376,41.50%
Cuyahoga,CLEVELAND-13-L,BDG,Northeast,Cleveland,861,246,28.57%
Cuyahoga,CLEVELAND-13-J,BDH,Northeast,Cleveland,847,385,45.45%
Cuyahoga,CLEVELAND-13-K,BDI,Northeast,Cleveland,928,300,32.33%
Cuyahoga,CLEVELAND-14-P,BDQ,Northeast,Cleveland,684,112,16.37%
Cuyahoga,CLEVELAND-03-R,BDS,Northeast,Cleveland,368,76,20.65%
Cuyahoga,CLEVELAND-03-S,BDV,Northeast,Cleveland,670,89,13.28%
Cuyahoga,CLEVELAND-15-F,BDW,Northeast,Cleveland,736,105,14.27%
Cuyahoga,CLEVELAND-15-J,BDX,Northeast,Cleveland,889,342,38.47%
Cuyahoga,CLEVELAND-03-B,BDY,Northeast,Cleveland,847,413,48.76%
Cuyahoga,CLEVELAND-15-Q,BDZ,Northeast,Cleveland,"1,147",528,46.03%
Cuyahoga,CLEVELAND-15-P,BEA,Northeast,Cleveland,792,381,48.11%
Cuyahoga,CLEVELAND-15-N,BEB,Northeast,Cleveland,"1,131",513,45.36%
Cuyahoga,CLEVELAND-15-O,BEC,Northeast,Cleveland,809,224,27.69%
Cuyahoga,CLEVELAND-15-M,BED,Northeast,Cleveland,851,357,41.95%
Cuyahoga,CLEVELAND-15-K,BEF,Northeast,Cleveland,764,238,31.15%
Cuyahoga,CLEVELAND-15-L,BEG,Northeast,Cleveland,693,84,12.12%
Cuyahoga,CLEVELAND-03-N,BEH,Northeast,Cleveland,585,101,17.26%
Cuyahoga,CLEVELAND-15-A,BES,Northeast,Cleveland,945,441,46.67%
Cuyahoga,CLEVELAND-15-B,BEV,Northeast,Cleveland,976,528,54.10%
Cuyahoga,CLEVELAND-15-E,BEW,Northeast,Cleveland,725,172,23.72%
Cuyahoga,CLEVELAND-15-D,BEY,Northeast,Cleveland,985,318,32.28%
Cuyahoga,CLEVELAND-15-C,BEZ,Northeast,Cleveland,"1,102",601,54.54%
Cuyahoga,CLEVELAND-15-I,BFA,Northeast,Cleveland,769,137,17.82%
Cuyahoga,CLEVELAND-15-H,BFB,Northeast,Cleveland,919,262,28.51%
Cuyahoga,CLEVELAND-15-R,BFC,Northeast,Cleveland,637,125,19.62%
Cuyahoga,CLEVELAND-15-G,BFD,Northeast,Cleveland,998,209,20.94%
Cuyahoga,CLEVELAND-11-P,BFF,Northeast,Cleveland,"1,129",392,34.72%
Cuyahoga,CLEVELAND-11-O,BFH,Northeast,Cleveland,"1,105",205,18.55%
Cuyahoga,CLEVELAND-11-I,BFI,Northeast,Cleveland,924,207,22.40%
Cuyahoga,CLEVELAND-16-A,BFJ,Northeast,Cleveland,313,85,27.16%
Cuyahoga,CLEVELAND-14-E,BFK,Northeast,Cleveland,827,140,16.93%
Cuyahoga,CLEVELAND-11-D,BFL,Northeast,Cleveland,755,101,13.38%
Cuyahoga,CLEVELAND-11-A,BFX,Northeast,Cleveland,733,133,18.14%
Cuyahoga,CLEVELAND-11-B,BFZ,Northeast,Cleveland,878,270,30.75%
Cuyahoga,CLEVELAND-11-H,BGD,Northeast,Cleveland,864,309,35.76%
Cuyahoga,CLEVELAND-11-J,BGE,Northeast,Cleveland,849,266,31.33%
Cuyahoga,CLEVELAND-11-G,BGG,Northeast,Cleveland,955,311,32.57%
Cuyahoga,CLEVELAND-11-E,BGH,Northeast,Cleveland,954,220,23.06%
Cuyahoga,CLEVELAND-11-F,BGI,Northeast,Cleveland,"1,139",291,25.55%
Cuyahoga,CLEVELAND-11-C,BGK,Northeast,Cleveland,967,249,25.75%
Cuyahoga,CLEVELAND-11-L,BGL,Northeast,Cleveland,803,172,21.42%
Cuyahoga,CLEVELAND-11-N,BGM,Northeast,Cleveland,533,114,21.39%
Cuyahoga,CLEVELAND-11-M,BGN,Northeast,Cleveland,743,233,31.36%
Cuyahoga,CLEVELAND-11-K,BGO,Northeast,Cleveland,924,175,18.94%
Cuyahoga,CLEVELAND-16-J,BGP,Northeast,Cleveland,913,294,32.20%
Cuyahoga,CLEVELAND-16-I,BGQ,Northeast,Cleveland,877,272,31.01%
Cuyahoga,CLEVELAND-16-Q,BGY,Northeast,Cleveland,736,262,35.60%
Cuyahoga,CLEVELAND-16-O,BHA,Northeast,Cleveland,915,308,33.66%
Cuyahoga,CLEVELAND-17-N,BHC,Northeast,Cleveland,"1,010",617,61.09%
Cuyahoga,CLEVELAND-16-L,BHE,Northeast,Cleveland,812,326,40.15%
Cuyahoga,CLEVELAND-16-M,BHG,Northeast,Cleveland,767,270,35.20%
Cuyahoga,CLEVELAND-16-K,BHK,Northeast,Cleveland,981,356,36.29%
Cuyahoga,CLEVELAND-16-H,BHM,Northeast,Cleveland,895,278,31.06%
Cuyahoga,CLEVELAND-16-G,BHO,Northeast,Cleveland,807,195,24.16%
Cuyahoga,CLEVELAND-16-F,BHP,Northeast,Cleveland,"1,010",267,26.44%
Cuyahoga,CLEVELAND-16-E,BHQ,Northeast,Cleveland,"1,050",270,25.71%
Cuyahoga,CLEVELAND-16-D,BHS,Northeast,Cleveland,878,287,32.69%
Cuyahoga,CLEVELAND-16-P,BHT,Northeast,Cleveland,815,311,38.16%
Cuyahoga,CLEVELAND-16-C,BHU,Northeast,Cleveland,818,341,41.69%
Cuyahoga,CLEVELAND-16-B,BHV,Northeast,Cleveland,891,332,37.26%
Cuyahoga,CLEVELAND-17-S,BHY,Northeast,Cleveland,640,93,14.53%
Cuyahoga,CLEVELAND-17-L,BHZ,Northeast,Cleveland,585,222,37.95%
Cuyahoga,CLEVELAND-17-P,BIG,Northeast,Cleveland,"1,005",640,63.68%
Cuyahoga,CLEVELAND-17-Q,BII,Northeast,Cleveland,883,601,68.06%
Cuyahoga,CLEVELAND-17-M,BIM,Northeast,Cleveland,920,375,40.76%
Cuyahoga,CLEVELAND-17-O,BIO,Northeast,Cleveland,848,519,61.20%
Cuyahoga,CLEVELAND-16-N,BIU,Northeast,Cleveland,725,260,35.86%
Cuyahoga,CLEVELAND-17-I,BIW,Northeast,Cleveland,891,465,52.19%
Cuyahoga,CLEVELAND-17-K,BIY,Northeast,Cleveland,960,579,60.31%
Cuyahoga,CLEVELAND-17-R,BJA,Northeast,Cleveland,878,600,68.34%
Cuyahoga,CLEVELAND-17-J,BJC,Northeast,Cleveland,968,583,60.23%
Cuyahoga,CLEVELAND-17-E,BJF,Northeast,Cleveland,"1,012",589,58.20%
Cuyahoga,CLEVELAND-17-F,BJG,Northeast,Cleveland,"1,086",589,54.24%
Cuyahoga,CLEVELAND-17-H,BJI,Northeast,Cleveland,863,441,51.10%
Cuyahoga,CLEVELAND-17-G,BJJ,Northeast,Cleveland,656,360,54.88%
Cuyahoga,CLEVELAND-17-B,BJK,Northeast,Cleveland,697,297,42.61%
Cuyahoga,CLEVELAND-17-C,BJM,Northeast,Cleveland,938,533,56.82%
Cuyahoga,CLEVELAND-17-A,BJN,Northeast,Cleveland,824,394,47.82%
Cuyahoga,CLEVELAND-17-D,BJO,Northeast,Cleveland,948,448,47.26%
Cuyahoga,CLEVELAND HEIGHTS-01-A,BJS,Northeast,Cleveland,980,454,46.33%
Cuyahoga,CLEVELAND HEIGHTS-01-B,BJT,Northeast,Cleveland,960,451,46.98%
Cuyahoga,CLEVELAND HEIGHTS-01-C,BJV,Northeast,Cleveland,"1,010",462,45.74%
Cuyahoga,CLEVELAND HEIGHTS-01-D,BJW,Northeast,Cleveland,847,352,41.56%
Cuyahoga,CLEVELAND HEIGHTS-01-E,BJX,Northeast,Cleveland,"1,239",773,62.39%
Cuyahoga,CLEVELAND HEIGHTS-01-F,BJY,Northeast,Cleveland,"1,134",724,63.84%
Cuyahoga,CLEVELAND HEIGHTS-02-A,BKG,Northeast,Cleveland,"1,070",524,48.97%
Cuyahoga,CLEVELAND HEIGHTS-02-C,BKH,Northeast,Cleveland,"1,132",849,75.00%
Cuyahoga,CLEVELAND HEIGHTS-02-B,BKI,Northeast,Cleveland,"1,082",776,71.72%
Cuyahoga,CLEVELAND HEIGHTS-02-D,BKM,Northeast,Cleveland,"1,075",731,68.00%
Cuyahoga,CLEVELAND HEIGHTS-02-F,BKO,Northeast,Cleveland,"1,069",617,57.72%
Cuyahoga,CLEVELAND HEIGHTS-02-E,BKQ,Northeast,Cleveland,"1,138",801,70.39%
Cuyahoga,CLEVELAND HEIGHTS-03-B,BKW,Northeast,Cleveland,915,390,42.62%
Cuyahoga,CLEVELAND HEIGHTS-03-D,BKX,Northeast,Cleveland,927,614,66.24%
Cuyahoga,CLEVELAND HEIGHTS-03-A,BKY,Northeast,Cleveland,753,248,32.93%
Cuyahoga,CLEVELAND HEIGHTS-03-C,BKZ,Northeast,Cleveland,817,433,53.00%
Cuyahoga,CLEVELAND HEIGHTS-03-E,BLB,Northeast,Cleveland,892,507,56.84%
Cuyahoga,CLEVELAND HEIGHTS-03-F,BLC,Northeast,Cleveland,777,328,42.21%
Cuyahoga,CLEVELAND HEIGHTS-04-A,BLG,Northeast,Cleveland,"1,063",515,48.45%
Cuyahoga,CLEVELAND HEIGHTS-04-B,BLH,Northeast,Cleveland,"1,034",493,47.68%
Cuyahoga,CLEVELAND HEIGHTS-04-D,BLK,Northeast,Cleveland,947,372,39.28%
Cuyahoga,CLEVELAND HEIGHTS-04-E,BLM,Northeast,Cleveland,994,507,51.01%
Cuyahoga,CLEVELAND HEIGHTS-04-F,BLO,Northeast,Cleveland,"1,065",496,46.57%
Cuyahoga,CLEVELAND HEIGHTS-04-G,BLQ,Northeast,Cleveland,"1,200",507,42.25%
Cuyahoga,CLEVELAND HEIGHTS-04-H,BLR,Northeast,Cleveland,"1,307",723,55.32%
Cuyahoga,CLEVELAND HEIGHTS-04-I,BLS,Northeast,Cleveland,922,548,59.44%
Cuyahoga,CLEVELAND HEIGHTS-04-C,BLT,Northeast,Cleveland,948,439,46.31%
Cuyahoga,CLEVELAND HEIGHTS-05-B,BLZ,Northeast,Cleveland,"1,294",579,44.74%
Cuyahoga,CLEVELAND HEIGHTS-05-A,BMA,Northeast,Cleveland,"1,136",533,46.92%
Cuyahoga,CLEVELAND HEIGHTS-05-D,BMD,Northeast,Cleveland,"1,142",451,39.49%
Cuyahoga,CLEVELAND HEIGHTS-05-E,BMF,Northeast,Cleveland,"1,262",514,40.73%
Cuyahoga,CLEVELAND HEIGHTS-05-C,BMH,Northeast,Cleveland,"1,156",455,39.36%
Cuyahoga,CLEVELAND HEIGHTS-05-F,BMI,Northeast,Cleveland,"1,169",582,49.79%
Cuyahoga,EAST CLEVELAND-02-A,BMQ,Northeast,Cleveland,808,205,25.37%
Cuyahoga,EAST CLEVELAND-02-B,BMR,Northeast,Cleveland,786,188,23.92%
Cuyahoga,EAST CLEVELAND-02-C,BMS,Northeast,Cleveland,712,129,18.12%
Cuyahoga,EAST CLEVELAND-02-D,BMW,Northeast,Cleveland,782,142,18.16%
Cuyahoga,EAST CLEVELAND-03-A,BNF,Northeast,Cleveland,739,210,28.42%
Cuyahoga,EAST CLEVELAND-03-B,BNG,Northeast,Cleveland,660,178,26.97%
Cuyahoga,EAST CLEVELAND-03-E,BNJ,Northeast,Cleveland,664,196,29.52%
Cuyahoga,EAST CLEVELAND-03-C,BNM,Northeast,Cleveland,450,273,60.67%
Cuyahoga,EAST CLEVELAND-03-D,BNN,Northeast,Cleveland,704,175,24.86%
Cuyahoga,EAST CLEVELAND-04-A,BNV,Northeast,Cleveland,510,105,20.59%
Cuyahoga,EAST CLEVELAND-04-B,BNW,Northeast,Cleveland,700,195,27.86%
Cuyahoga,EAST CLEVELAND-04-D,BNY,Northeast,Cleveland,791,340,42.98%
Cuyahoga,EAST CLEVELAND-04-E,BNZ,Northeast,Cleveland,744,135,18.15%
Cuyahoga,EAST CLEVELAND-04-F,BOA,Northeast,Cleveland,661,182,27.53%
Cuyahoga,EAST CLEVELAND-04-C,BOB,Northeast,Cleveland,664,165,24.85%
Cuyahoga,EUCLID-04-A,BOK,Northeast,Cleveland,578,386,66.78%
Cuyahoga,EUCLID-04-C,BOM,Northeast,Cleveland,841,285,33.89%
Cuyahoga,EUCLID-04-D,BON,Northeast,Cleveland,927,306,33.01%
Cuyahoga,EUCLID-04-E,BOO,Northeast,Cleveland,945,405,42.86%
Cuyahoga,EUCLID-04-B,BOP,Northeast,Cleveland,946,294,31.08%
Cuyahoga,EUCLID-07-D,BOR,Northeast,Cleveland,654,263,40.21%
Cuyahoga,EUCLID-05-E,BOS,Northeast,Cleveland,833,548,65.79%
Cuyahoga,EUCLID-05-D,BOT,Northeast,Cleveland,"1,078",595,55.19%
Cuyahoga,EUCLID-05-C,BOU,Northeast,Cleveland,"1,014",377,37.18%
Cuyahoga,EUCLID-08-E,BOW,Northeast,Cleveland,836,301,36.00%
Cuyahoga,EUCLID-05-A,BPD,Northeast,Cleveland,888,353,39.75%
Cuyahoga,EUCLID-05-B,BPE,Northeast,Cleveland,800,272,34.00%
Cuyahoga,EUCLID-07-C,BPF,Northeast,Cleveland,"1,062",256,24.11%
Cuyahoga,EUCLID-08-D,BPH,Northeast,Cleveland,799,285,35.67%
Cuyahoga,EUCLID-07-B,BPJ,Northeast,Cleveland,685,228,33.28%
Cuyahoga,EUCLID-07-E,BPK,Northeast,Cleveland,605,143,23.64%
Cuyahoga,EUCLID-06-A,BPL,Northeast,Cleveland,790,408,51.65%
Cuyahoga,EUCLID-06-B,BPM,Northeast,Cleveland,802,375,46.76%
Cuyahoga,EUCLID-06-C,BPN,Northeast,Cleveland,785,347,44.20%
Cuyahoga,EUCLID-03-B,BPZ,Northeast,Cleveland,391,130,33.25%
Cuyahoga,EUCLID-02-B,BQA,Northeast,Cleveland,"1,037",347,33.46%
Cuyahoga,EUCLID-03-E,BQC,Northeast,Cleveland,954,237,24.84%
Cuyahoga,EUCLID-08-A,BQD,Northeast,Cleveland,762,272,35.70%
Cuyahoga,EUCLID-03-D,BQE,Northeast,Cleveland,700,123,17.57%
Cuyahoga,EUCLID-08-C,BQF,Northeast,Cleveland,805,271,33.66%
Cuyahoga,EUCLID-08-B,BQH,Northeast,Cleveland,769,293,38.10%
Cuyahoga,EUCLID-07-A,BQI,Northeast,Cleveland,"1,048",381,36.35%
Cuyahoga,EUCLID-06-E,BQJ,Northeast,Cleveland,923,363,39.33%
Cuyahoga,EUCLID-06-D,BQK,Northeast,Cleveland,948,411,43.35%
Cuyahoga,EUCLID-01-A,BQT,Northeast,Cleveland,766,407,53.13%
Cuyahoga,EUCLID-01-B,BQU,Northeast,Cleveland,780,360,46.15%
Cuyahoga,EUCLID-01-C,BQV,Northeast,Cleveland,759,347,45.72%
Cuyahoga,EUCLID-01-D,BQW,Northeast,Cleveland,"1,485",422,28.42%
Cuyahoga,EUCLID-01-E,BQX,Northeast,Cleveland,732,190,25.96%
Cuyahoga,EUCLID-02-D,BQY,Northeast,Cleveland,"1,015",431,42.46%
Cuyahoga,EUCLID-02-C,BQZ,Northeast,Cleveland,"1,062",365,34.37%
Cuyahoga,EUCLID-03-A,BRC,Northeast,Cleveland,"1,095",415,37.90%
Cuyahoga,EUCLID-02-A,BRD,Northeast,Cleveland,"1,183",582,49.20%
Cuyahoga,EUCLID-03-C,BRE,Northeast,Cleveland,960,179,18.65%
Cuyahoga,FAIRVIEW PARK-01-A,BRM,Northeast,Cleveland,957,698,72.94%
Cuyahoga,FAIRVIEW PARK-01-B,BRN,Northeast,Cleveland,854,524,61.36%
Cuyahoga,FAIRVIEW PARK-01-C,BRP,Northeast,Cleveland,849,399,47.00%
Cuyahoga,FAIRVIEW PARK-02-A,BRS,Northeast,Cleveland,261,115,44.06%
Cuyahoga,FAIRVIEW PARK-02-B,BRU,Northeast,Cleveland,"1,015",596,58.72%
Cuyahoga,FAIRVIEW PARK-02-C,BRV,Northeast,Cleveland,"1,034",639,61.80%
Cuyahoga,FAIRVIEW PARK-03-A,BRX,Northeast,Cleveland,917,607,66.19%
Cuyahoga,FAIRVIEW PARK-03-B,BRZ,Northeast,Cleveland,"1,003",693,69.09%
Cuyahoga,FAIRVIEW PARK-03-C,BSA,Northeast,Cleveland,933,575,61.63%
Cuyahoga,FAIRVIEW PARK-04-A,BSE,Northeast,Cleveland,"1,205",766,63.57%
Cuyahoga,FAIRVIEW PARK-04-B,BSG,Northeast,Cleveland,"1,161",686,59.09%
Cuyahoga,FAIRVIEW PARK-05-B,BSJ,Northeast,Cleveland,"1,180",734,62.20%
Cuyahoga,FAIRVIEW PARK-05-A,BSM,Northeast,Cleveland,"1,135",750,66.08%
Cuyahoga,GARFIELD HEIGHTS-01-A,BSP,Northeast,Cleveland,"1,063",338,31.80%
Cuyahoga,GARFIELD HEIGHTS-01-B,BSQ,Northeast,Cleveland,897,327,36.45%
Cuyahoga,GARFIELD HEIGHTS-01-C,BSR,Northeast,Cleveland,746,243,32.57%
Cuyahoga,GARFIELD HEIGHTS-02-A,BSX,Northeast,Cleveland,775,235,30.32%
Cuyahoga,GARFIELD HEIGHTS-02-B,BSY,Northeast,Cleveland,888,273,30.74%
Cuyahoga,GARFIELD HEIGHTS-02-C,BTA,Northeast,Cleveland,778,256,32.90%
Cuyahoga,GARFIELD HEIGHTS-03-A,BTG,Northeast,Cleveland,"1,161",374,32.21%
Cuyahoga,GARFIELD HEIGHTS-03-B,BTI,Northeast,Cleveland,"1,266",386,30.49%
Cuyahoga,GARFIELD HEIGHTS-04-A,BTM,Northeast,Cleveland,753,213,28.29%
Cuyahoga,GARFIELD HEIGHTS-04-B,BTN,Northeast,Cleveland,989,335,33.87%
Cuyahoga,GARFIELD HEIGHTS-04-C,BTO,Northeast,Cleveland,960,362,37.71%
Cuyahoga,GARFIELD HEIGHTS-05-A,BTT,Northeast,Cleveland,"1,163",429,36.89%
Cuyahoga,GARFIELD HEIGHTS-05-B,BTU,Northeast,Cleveland,"1,223",502,41.05%
Cuyahoga,GARFIELD HEIGHTS-06-A,BUA,Northeast,Cleveland,970,385,39.69%
Cuyahoga,GARFIELD HEIGHTS-06-B,BUB,Northeast,Cleveland,920,347,37.72%
Cuyahoga,GARFIELD HEIGHTS-06-C,BUD,Northeast,Cleveland,908,347,38.22%
Cuyahoga,GARFIELD HEIGHTS-07-C,BUJ,Northeast,Cleveland,"1,166",478,40.99%
Cuyahoga,GARFIELD HEIGHTS-07-A,BUK,Northeast,Cleveland,901,334,37.07%
Cuyahoga,GARFIELD HEIGHTS-07-B,BUL,Northeast,Cleveland,916,385,42.03%
Cuyahoga,HIGHLAND HEIGHTS-01-A,BUP,Northeast,Cleveland,891,568,63.75%
Cuyahoga,HIGHLAND HEIGHTS-01-B,BUQ,Northeast,Cleveland,824,516,62.62%
Cuyahoga,HIGHLAND HEIGHTS-02-A,BUS,Northeast,Cleveland,993,657,66.16%
Cuyahoga,HIGHLAND HEIGHTS-02-B,BUT,Northeast,Cleveland,877,579,66.02%
Cuyahoga,HIGHLAND HEIGHTS-03-A,BUW,Northeast,Cleveland,762,514,67.45%
Cuyahoga,HIGHLAND HEIGHTS-03-B,BUX,Northeast,Cleveland,833,515,61.82%
Cuyahoga,HIGHLAND HEIGHTS-04-A,BUZ,Northeast,Cleveland,743,466,62.72%
Cuyahoga,HIGHLAND HEIGHTS-04-B,BVA,Northeast,Cleveland,824,521,63.23%
Cuyahoga,INDEPENDENCE-00-E,BVD,Northeast,Cleveland,"1,285",868,67.55%
Cuyahoga,INDEPENDENCE-00-D,BVF,Northeast,Cleveland,"1,033",673,65.15%
Cuyahoga,INDEPENDENCE-00-B,BVH,Northeast,Cleveland,"1,264",845,66.85%
Cuyahoga,INDEPENDENCE-00-C,BVI,Northeast,Cleveland,"1,241",816,65.75%
Cuyahoga,INDEPENDENCE-00-A,BVJ,Northeast,Cleveland,"1,111",765,68.86%
Cuyahoga,LAKEWOOD-01-H,BVM,Northeast,Cleveland,"1,212",875,72.19%
Cuyahoga,LAKEWOOD-01-B,BVO,Northeast,Cleveland,932,582,62.45%
Cuyahoga,LAKEWOOD-01-D,BVP,Northeast,Cleveland,955,589,61.68%
Cuyahoga,LAKEWOOD-01-C,BVQ,Northeast,Cleveland,"1,021",600,58.77%
Cuyahoga,LAKEWOOD-01-A,BVR,Northeast,Cleveland,902,585,64.86%
Cuyahoga,LAKEWOOD-01-F,BVU,Northeast,Cleveland,911,452,49.62%
Cuyahoga,LAKEWOOD-01-I,BVW,Northeast,Cleveland,"1,047",605,57.78%
Cuyahoga,LAKEWOOD-01-G,BVX,Northeast,Cleveland,911,555,60.92%
Cuyahoga,LAKEWOOD-01-E,BWA,Northeast,Cleveland,"1,241",681,54.88%
Cuyahoga,LAKEWOOD-02-A,BWG,Northeast,Cleveland,"1,003",663,66.10%
Cuyahoga,LAKEWOOD-02-H,BWH,Northeast,Cleveland,912,534,58.55%
Cuyahoga,LAKEWOOD-02-C,BWI,Northeast,Cleveland,991,638,64.38%
Cuyahoga,LAKEWOOD-02-B,BWK,Northeast,Cleveland,"1,126",640,56.84%
Cuyahoga,LAKEWOOD-02-D,BWL,Northeast,Cleveland,972,611,62.86%
Cuyahoga,LAKEWOOD-02-G,BWP,Northeast,Cleveland,891,510,57.24%
Cuyahoga,LAKEWOOD-02-F,BWQ,Northeast,Cleveland,"1,161",664,57.19%
Cuyahoga,LAKEWOOD-02-E,BWR,Northeast,Cleveland,"1,156",714,61.76%
Cuyahoga,LAKEWOOD-02-I,BWU,Northeast,Cleveland,935,533,57.01%
Cuyahoga,LAKEWOOD-03-A,BXC,Northeast,Cleveland,986,674,68.36%
Cuyahoga,LAKEWOOD-03-G,BXF,Northeast,Cleveland,753,476,63.21%
Cuyahoga,LAKEWOOD-03-B,BXI,Northeast,Cleveland,964,558,57.88%
Cuyahoga,LAKEWOOD-03-F,BXK,Northeast,Cleveland,954,577,60.48%
Cuyahoga,LAKEWOOD-03-E,BXL,Northeast,Cleveland,765,371,48.50%
Cuyahoga,LAKEWOOD-03-D,BXM,Northeast,Cleveland,"1,155",590,51.08%
Cuyahoga,LAKEWOOD-03-C,BXN,Northeast,Cleveland,"1,202",708,58.90%
Cuyahoga,LAKEWOOD-03-H,BXO,Northeast,Cleveland,"1,000",501,50.10%
Cuyahoga,LAKEWOOD-03-I,BXP,Northeast,Cleveland,"1,171",609,52.01%
Cuyahoga,LAKEWOOD-04-A,BXV,Northeast,Cleveland,917,587,64.01%
Cuyahoga,LAKEWOOD-04-B,BXW,Northeast,Cleveland,"1,281",630,49.18%
Cuyahoga,LAKEWOOD-04-F,BXX,Northeast,Cleveland,939,443,47.18%
Cuyahoga,LAKEWOOD-04-E,BXZ,Northeast,Cleveland,927,355,38.30%
Cuyahoga,LAKEWOOD-04-D,BYC,Northeast,Cleveland,"1,286",599,46.58%
Cuyahoga,LAKEWOOD-04-I,BYD,Northeast,Cleveland,980,475,48.47%
Cuyahoga,LAKEWOOD-04-J,BYF,Northeast,Cleveland,874,321,36.73%
Cuyahoga,LAKEWOOD-04-H,BYG,Northeast,Cleveland,"1,023",474,46.33%
Cuyahoga,LAKEWOOD-04-C,BYH,Northeast,Cleveland,835,351,42.04%
Cuyahoga,LAKEWOOD-04-G,BYK,Northeast,Cleveland,897,280,31.22%
Cuyahoga,LYNDHURST-01-B,BYQ,Northeast,Cleveland,882,492,55.78%
Cuyahoga,LYNDHURST-01-C,BYR,Northeast,Cleveland,"1,059",624,58.92%
Cuyahoga,LYNDHURST-01-A,BYS,Northeast,Cleveland,759,441,58.10%
Cuyahoga,LYNDHURST-02-A,BYW,Northeast,Cleveland,"1,286",621,48.29%
Cuyahoga,LYNDHURST-02-B,BYX,Northeast,Cleveland,"1,188",653,54.97%
Cuyahoga,LYNDHURST-03-A,BZB,Northeast,Cleveland,"1,021",724,70.91%
Cuyahoga,LYNDHURST-03-B,BZC,Northeast,Cleveland,914,563,61.60%
Cuyahoga,LYNDHURST-03-C,BZD,Northeast,Cleveland,878,500,56.95%
Cuyahoga,LYNDHURST-04-A,BZJ,Northeast,Cleveland,883,483,54.70%
Cuyahoga,LYNDHURST-04-C,BZL,Northeast,Cleveland,973,585,60.12%
Cuyahoga,LYNDHURST-04-B,BZM,Northeast,Cleveland,978,640,65.44%
Cuyahoga,MAPLE HEIGHTS-01-B,BZR,Northeast,Cleveland,"1,120",520,46.43%
Cuyahoga,MAPLE HEIGHTS-01-A,BZS,Northeast,Cleveland,"1,066",496,46.53%
Cuyahoga,MAPLE HEIGHTS-02-A,BZW,Northeast,Cleveland,"1,170",457,39.06%
Cuyahoga,MAPLE HEIGHTS-02-B,BZX,Northeast,Cleveland,"1,122",399,35.56%
Cuyahoga,MAPLE HEIGHTS-03-A,CAC,Northeast,Cleveland,"1,166",345,29.59%
Cuyahoga,MAPLE HEIGHTS-03-B,CAE,Northeast,Cleveland,"1,016",326,32.09%
Cuyahoga,MAPLE HEIGHTS-04-A,CAG,Northeast,Cleveland,834,267,32.01%
Cuyahoga,MAPLE HEIGHTS-04-B,CAH,Northeast,Cleveland,852,279,32.75%
Cuyahoga,MAPLE HEIGHTS-04-C,CAJ,Northeast,Cleveland,677,237,35.01%
Cuyahoga,MAPLE HEIGHTS-05-A,CAL,Northeast,Cleveland,"1,125",328,29.16%
Cuyahoga,MAPLE HEIGHTS-05-B,CAM,Northeast,Cleveland,989,255,25.78%
Cuyahoga,MAPLE HEIGHTS-06-B,CAR,Northeast,Cleveland,"1,128",351,31.12%
Cuyahoga,MAPLE HEIGHTS-06-A,CAS,Northeast,Cleveland,"1,195",362,30.29%
Cuyahoga,MAPLE HEIGHTS-07-B,CAW,Northeast,Cleveland,803,248,30.88%
Cuyahoga,MAPLE HEIGHTS-07-A,CAX,Northeast,Cleveland,914,331,36.21%
Cuyahoga,MAPLE HEIGHTS-07-C,CAY,Northeast,Cleveland,848,329,38.80%
Cuyahoga,MAYFIELD HEIGHTS-00-I,CBA,Northeast,Cleveland,832,546,65.63%
Cuyahoga,MAYFIELD HEIGHTS-00-J,CBE,Northeast,Cleveland,890,244,27.42%
Cuyahoga,MAYFIELD HEIGHTS-00-D,CBI,Northeast,Cleveland,"1,038",522,50.29%
Cuyahoga,MAYFIELD HEIGHTS-00-F,CBK,Northeast,Cleveland,819,441,53.85%
Cuyahoga,MAYFIELD HEIGHTS-00-M,CBM,Northeast,Cleveland,777,496,63.84%
Cuyahoga,MAYFIELD HEIGHTS-00-B,CBP,Northeast,Cleveland,"1,056",537,50.85%
Cuyahoga,MAYFIELD HEIGHTS-00-A,CBR,Northeast,Cleveland,885,440,49.72%
Cuyahoga,MAYFIELD HEIGHTS-00-C,CBT,Northeast,Cleveland,"1,205",603,50.04%
Cuyahoga,MAYFIELD HEIGHTS-00-L,CBV,Northeast,Cleveland,"1,226",631,51.47%
Cuyahoga,MAYFIELD HEIGHTS-00-K,CBX,Northeast,Cleveland,"1,233",638,51.74%
Cuyahoga,MAYFIELD HEIGHTS-00-G,CBY,Northeast,Cleveland,"1,140",418,36.67%
Cuyahoga,MAYFIELD HEIGHTS-00-E,CCA,Northeast,Cleveland,"1,118",541,48.39%
Cuyahoga,MAYFIELD HEIGHTS-00-H,CCB,Northeast,Cleveland,706,356,50.42%
Cuyahoga,MIDDLEBURG HEIGHTS-01-A,CCH,Northeast,Cleveland,"1,234",750,60.78%
Cuyahoga,MIDDLEBURG HEIGHTS-01-B,CCI,Northeast,Cleveland,590,289,48.98%
Cuyahoga,MIDDLEBURG HEIGHTS-01-C,CCJ,Northeast,Cleveland,"1,116",668,59.86%
Cuyahoga,MIDDLEBURG HEIGHTS-02-A,CCN,Northeast,Cleveland,988,531,53.74%
Cuyahoga,MIDDLEBURG HEIGHTS-02-B,CCO,Northeast,Cleveland,846,495,58.51%
Cuyahoga,MIDDLEBURG HEIGHTS-02-C,CCQ,Northeast,Cleveland,798,366,45.86%
Cuyahoga,MIDDLEBURG HEIGHTS-03-A,CCT,Northeast,Cleveland,903,571,63.23%
Cuyahoga,MIDDLEBURG HEIGHTS-03-C,CCV,Northeast,Cleveland,"1,001",562,56.14%
Cuyahoga,MIDDLEBURG HEIGHTS-03-B,CCX,Northeast,Cleveland,934,568,60.81%
Cuyahoga,MIDDLEBURG HEIGHTS-04-A,CDB,Northeast,Cleveland,"1,248",758,60.74%
Cuyahoga,MIDDLEBURG HEIGHTS-04-B,CDD,Northeast,Cleveland,"1,104",681,61.68%
Cuyahoga,NORTH OLMSTED-01-A,CDI,Northeast,Cleveland,"1,300",822,63.23%
Cuyahoga,NORTH OLMSTED-01-C,CDJ,Northeast,Cleveland,"1,237",792,64.03%
Cuyahoga,NORTH OLMSTED-01-E,CDL,Northeast,Cleveland,"1,240",820,66.13%
Cuyahoga,NORTH OLMSTED-01-D,CDN,Northeast,Cleveland,"1,028",604,58.75%
Cuyahoga,NORTH OLMSTED-02-A,CDT,Northeast,Cleveland,"1,232",805,65.34%
Cuyahoga,NORTH OLMSTED-02-B,CDU,Northeast,Cleveland,"1,044",614,58.81%
Cuyahoga,NORTH OLMSTED-02-C,CDV,Northeast,Cleveland,"1,031",561,54.41%
Cuyahoga,NORTH OLMSTED-02-E,CDZ,Northeast,Cleveland,"1,019",543,53.29%
Cuyahoga,NORTH OLMSTED-02-D,CEB,Northeast,Cleveland,"1,110",690,62.16%
Cuyahoga,NORTH OLMSTED-03-A,CEE,Northeast,Cleveland,909,554,60.95%
Cuyahoga,NORTH OLMSTED-03-B,CEF,Northeast,Cleveland,203,147,72.41%
Cuyahoga,NORTH OLMSTED-03-C,CEG,Northeast,Cleveland,"1,204",804,66.78%
Cuyahoga,NORTH OLMSTED-03-D,CEH,Northeast,Cleveland,"1,125",709,63.02%
Cuyahoga,NORTH OLMSTED-03-F,CEJ,Northeast,Cleveland,"1,209",740,61.21%
Cuyahoga,NORTH OLMSTED-03-E,CEL,Northeast,Cleveland,"1,297",795,61.30%
Cuyahoga,NORTH OLMSTED-04-A,CET,Northeast,Cleveland,"1,027",603,58.71%
Cuyahoga,NORTH OLMSTED-04-C,CEW,Northeast,Cleveland,"1,278",593,46.40%
Cuyahoga,NORTH OLMSTED-04-D,CEX,Northeast,Cleveland,"1,044",581,55.65%
Cuyahoga,NORTH OLMSTED-04-E,CEY,Northeast,Cleveland,"1,141",570,49.96%
Cuyahoga,NORTH OLMSTED-04-B,CEZ,Northeast,Cleveland,962,392,40.75%
Cuyahoga,NORTH ROYALTON-01-A,CFD,Northeast,Cleveland,"1,086",621,57.18%
Cuyahoga,NORTH ROYALTON-01-B,CFE,Northeast,Cleveland,"1,011",605,59.84%
Cuyahoga,NORTH ROYALTON-01-C,CFG,Northeast,Cleveland,"1,104",639,57.88%
Cuyahoga,NORTH ROYALTON-02-A,CFI,Northeast,Cleveland,"1,009",634,62.83%
Cuyahoga,NORTH ROYALTON-02-B,CFJ,Northeast,Cleveland,"1,060",656,61.89%
Cuyahoga,NORTH ROYALTON-02-C,CFK,Northeast,Cleveland,920,584,63.48%
Cuyahoga,NORTH ROYALTON-02-D,CFL,Northeast,Cleveland,265,173,65.28%
Cuyahoga,NORTH ROYALTON-03-A,CFQ,Northeast,Cleveland,905,540,59.67%
Cuyahoga,NORTH ROYALTON-03-B,CFR,Northeast,Cleveland,"1,313",664,50.57%
Cuyahoga,NORTH ROYALTON-03-C,CFS,Northeast,Cleveland,935,593,63.42%
Cuyahoga,NORTH ROYALTON-03-D,CFT,Northeast,Cleveland,632,299,47.31%
Cuyahoga,NORTH ROYALTON-04-A,CFW,Northeast,Cleveland,"1,089",689,63.27%
Cuyahoga,NORTH ROYALTON-04-C,CFZ,Northeast,Cleveland,917,569,62.05%
Cuyahoga,NORTH ROYALTON-04-B,CGB,Northeast,Cleveland,"1,619",670,41.38%
Cuyahoga,NORTH ROYALTON-05-A,CGC,Northeast,Cleveland,886,414,46.73%
Cuyahoga,NORTH ROYALTON-05-B,CGE,Northeast,Cleveland,945,536,56.72%
Cuyahoga,NORTH ROYALTON-05-D,CGF,Northeast,Cleveland,"1,082",683,63.12%
Cuyahoga,NORTH ROYALTON-05-C,CGG,Northeast,Cleveland,"1,114",491,44.08%
Cuyahoga,NORTH ROYALTON-06-A,CGH,Northeast,Cleveland,892,460,51.57%
Cuyahoga,NORTH ROYALTON-06-B,CGI,Northeast,Cleveland,"1,143",672,58.79%
Cuyahoga,NORTH ROYALTON-06-D,CGK,Northeast,Cleveland,"1,294",736,56.88%
Cuyahoga,NORTH ROYALTON-06-C,CGL,Northeast,Cleveland,857,589,68.73%
Cuyahoga,OLMSTED FALLS-01-A,CGN,Northeast,Cleveland,653,324,49.62%
Cuyahoga,OLMSTED FALLS-01-B,CGO,Northeast,Cleveland,675,417,61.78%
Cuyahoga,OLMSTED FALLS-02-A,CGP,Northeast,Cleveland,714,465,65.13%
Cuyahoga,OLMSTED FALLS-02-B,CGQ,Northeast,Cleveland,944,587,62.18%
Cuyahoga,OLMSTED FALLS-03-A,CGS,Northeast,Cleveland,"1,317",810,61.50%
Cuyahoga,OLMSTED FALLS-03-B,CGT,Northeast,Cleveland,572,286,50.00%
Cuyahoga,OLMSTED FALLS-04-A,CGV,Northeast,Cleveland,719,437,60.78%
Cuyahoga,OLMSTED FALLS-04-B,CGW,Northeast,Cleveland,916,553,60.37%
Cuyahoga,PARMA-01-A,CGX,Northeast,Cleveland,776,280,36.08%
Cuyahoga,PARMA-01-B,CGY,Northeast,Cleveland,814,434,53.32%
Cuyahoga,PARMA-01-D,CHA,Northeast,Cleveland,"1,037",603,58.15%
Cuyahoga,PARMA-01-F,CHC,Northeast,Cleveland,"1,015",352,34.68%
Cuyahoga,PARMA-01-E,CHE,Northeast,Cleveland,"1,034",478,46.23%
Cuyahoga,PARMA-01-C,CHG,Northeast,Cleveland,"1,149",432,37.60%
Cuyahoga,PARMA-02-A,CHL,Northeast,Cleveland,"1,037",489,47.16%
Cuyahoga,PARMA-02-B,CHM,Northeast,Cleveland,"1,226",554,45.19%
Cuyahoga,PARMA-02-C,CHS,Northeast,Cleveland,"1,153",536,46.49%
Cuyahoga,PARMA-02-E,CHU,Northeast,Cleveland,"1,221",648,53.07%
Cuyahoga,PARMA-02-D,CHV,Northeast,Cleveland,"1,041",529,50.82%
Cuyahoga,PARMA-03-A,CIC,Northeast,Cleveland,985,483,49.04%
Cuyahoga,PARMA-03-D,CID,Northeast,Cleveland,990,516,52.12%
Cuyahoga,PARMA-03-E,CIE,Northeast,Cleveland,930,425,45.70%
Cuyahoga,PARMA-03-B,CIF,Northeast,Cleveland,910,422,46.37%
Cuyahoga,PARMA-03-C,CII,Northeast,Cleveland,828,373,45.05%
Cuyahoga,PARMA-03-F,CIJ,Northeast,Cleveland,851,381,44.77%
Cuyahoga,PARMA-04-A,CIP,Northeast,Cleveland,"1,249",422,33.79%
Cuyahoga,PARMA-04-C,CIR,Northeast,Cleveland,"1,104",540,48.91%
Cuyahoga,PARMA-04-D,CIS,Northeast,Cleveland,"1,069",493,46.12%
Cuyahoga,PARMA-04-B,CIT,Northeast,Cleveland,962,512,53.22%
Cuyahoga,PARMA-04-E,CIV,Northeast,Cleveland,"1,158",505,43.61%
Cuyahoga,PARMA-05-A,CJB,Northeast,Cleveland,"1,141",661,57.93%
Cuyahoga,PARMA-05-F,CJE,Northeast,Cleveland,857,476,55.54%
Cuyahoga,PARMA-05-E,CJF,Northeast,Cleveland,957,614,64.16%
Cuyahoga,PARMA-06-D,CJG,Northeast,Cleveland,863,457,52.95%
Cuyahoga,PARMA-05-C,CJI,Northeast,Cleveland,"1,022",649,63.50%
Cuyahoga,PARMA-05-D,CJJ,Northeast,Cleveland,957,613,64.05%
Cuyahoga,PARMA-06-A,CJP,Northeast,Cleveland,"1,128",562,49.82%
Cuyahoga,PARMA-06-E,CJQ,Northeast,Cleveland,978,557,56.95%
Cuyahoga,PARMA-06-B,CJU,Northeast,Cleveland,960,549,57.19%
Cuyahoga,PARMA-09-E,CJV,Northeast,Cleveland,965,619,64.15%
Cuyahoga,PARMA-06-C,CJX,Northeast,Cleveland,877,567,64.65%
Cuyahoga,PARMA-06-F,CJY,Northeast,Cleveland,929,581,62.54%
Cuyahoga,PARMA-07-C,CKE,Northeast,Cleveland,739,472,63.87%
Cuyahoga,PARMA-07-B,CKF,Northeast,Cleveland,913,554,60.68%
Cuyahoga,PARMA-07-E,CKH,Northeast,Cleveland,"1,110",634,57.12%
Cuyahoga,PARMA-07-F,CKI,Northeast,Cleveland,865,316,36.53%
Cuyahoga,PARMA-07-D,CKL,Northeast,Cleveland,"1,082",628,58.04%
Cuyahoga,PARMA-07-A,CKM,Northeast,Cleveland,"1,078",654,60.67%
Cuyahoga,PARMA-08-A,CKT,Northeast,Cleveland,"1,123",581,51.74%
Cuyahoga,PARMA-08-D,CKV,Northeast,Cleveland,"1,090",575,52.75%
Cuyahoga,PARMA-08-E,CKW,Northeast,Cleveland,"1,213",460,37.92%
Cuyahoga,PARMA-08-C,CKY,Northeast,Cleveland,"1,210",642,53.06%
Cuyahoga,PARMA-08-B,CLB,Northeast,Cleveland,951,503,52.89%
Cuyahoga,PARMA-09-A,CLH,Northeast,Cleveland,400,184,46.00%
Cuyahoga,PARMA-09-C,CLI,Northeast,Cleveland,"1,002",485,48.40%
Cuyahoga,PARMA-09-D,CLK,Northeast,Cleveland,"1,081",554,51.25%
Cuyahoga,PARMA-09-F,CLO,Northeast,Cleveland,"1,160",647,55.78%
Cuyahoga,PARMA-05-B,CLP,Northeast,Cleveland,"1,233",612,49.64%
Cuyahoga,PARMA-09-B,CLQ,Northeast,Cleveland,"1,122",554,49.38%
Cuyahoga,PARMA HEIGHTS-01-B,CLZ,Northeast,Cleveland,"1,038",604,58.19%
Cuyahoga,PARMA HEIGHTS-03-A,CMB,Northeast,Cleveland,"1,090",566,51.93%
Cuyahoga,PARMA HEIGHTS-03-B,CMD,Northeast,Cleveland,"1,090",607,55.69%
Cuyahoga,PARMA HEIGHTS-04-B,CME,Northeast,Cleveland,"1,039",449,43.21%
Cuyahoga,PARMA HEIGHTS-04-C,CMG,Northeast,Cleveland,"1,229",618,50.28%
Cuyahoga,PARMA HEIGHTS-02-A,CMJ,Northeast,Cleveland,"1,149",617,53.70%
Cuyahoga,PARMA HEIGHTS-04-A,CMK,Northeast,Cleveland,977,518,53.02%
Cuyahoga,PARMA HEIGHTS-02-C,CMM,Northeast,Cleveland,"1,108",418,37.73%
Cuyahoga,PARMA HEIGHTS-02-B,CMO,Northeast,Cleveland,"1,105",619,56.02%
Cuyahoga,PARMA HEIGHTS-01-A,CMP,Northeast,Cleveland,"1,181",442,37.43%
Cuyahoga,PARMA HEIGHTS-03-C,CMR,Northeast,Cleveland,"1,026",372,36.26%
Cuyahoga,PARMA HEIGHTS-01-C,CMT,Northeast,Cleveland,"1,225",557,45.47%
Cuyahoga,PEPPER PIKE-00-A,CMY,Northeast,Cleveland,"1,108",678,61.19%
Cuyahoga,PEPPER PIKE-00-B,CMZ,Northeast,Cleveland,995,686,68.94%
Cuyahoga,PEPPER PIKE-00-C,CNA,Northeast,Cleveland,"1,294",826,63.83%
Cuyahoga,PEPPER PIKE-00-D,CNB,Northeast,Cleveland,"1,154",788,68.28%
Cuyahoga,PEPPER PIKE-00-E,CNE,Northeast,Cleveland,991,690,69.63%
Cuyahoga,RICHMOND HEIGHTS-01-A,CNI,Northeast,Cleveland,"1,047",536,51.19%
Cuyahoga,RICHMOND HEIGHTS-01-B,CNJ,Northeast,Cleveland,611,105,17.18%
Cuyahoga,RICHMOND HEIGHTS-02-A,CNM,Northeast,Cleveland,"1,050",346,32.95%
Cuyahoga,RICHMOND HEIGHTS-02-B,CNO,Northeast,Cleveland,875,526,60.11%
Cuyahoga,RICHMOND HEIGHTS-03-A,CNQ,Northeast,Cleveland,771,452,58.63%
Cuyahoga,RICHMOND HEIGHTS-03-B,CNR,Northeast,Cleveland,764,444,58.12%
Cuyahoga,RICHMOND HEIGHTS-03-C,CNS,Northeast,Cleveland,572,294,51.40%
Cuyahoga,RICHMOND HEIGHTS-04-A,CNV,Northeast,Cleveland,"1,254",730,58.21%
Cuyahoga,RICHMOND HEIGHTS-04-B,CNX,Northeast,Cleveland,880,528,60.00%
Cuyahoga,ROCKY RIVER-01-A,COA,Northeast,Cleveland,"1,162",803,69.10%
Cuyahoga,ROCKY RIVER-01-C,COC,Northeast,Cleveland,861,529,61.44%
Cuyahoga,ROCKY RIVER-01-D,COD,Northeast,Cleveland,"1,091",737,67.55%
Cuyahoga,ROCKY RIVER-01-B,COF,Northeast,Cleveland,"1,017",756,74.34%
Cuyahoga,ROCKY RIVER-02-B,COK,Northeast,Cleveland,"1,012",718,70.95%
Cuyahoga,ROCKY RIVER-02-C,COM,Northeast,Cleveland,"1,070",699,65.33%
Cuyahoga,ROCKY RIVER-02-A,COO,Northeast,Cleveland,988,584,59.11%
Cuyahoga,ROCKY RIVER-02-D,COP,Northeast,Cleveland,"1,051",712,67.75%
Cuyahoga,ROCKY RIVER-03-A,COU,Northeast,Cleveland,"1,244",837,67.28%
Cuyahoga,ROCKY RIVER-03-B,COV,Northeast,Cleveland,964,628,65.15%
Cuyahoga,ROCKY RIVER-03-C,COW,Northeast,Cleveland,"1,017",721,70.89%
Cuyahoga,ROCKY RIVER-03-D,COX,Northeast,Cleveland,931,634,68.10%
Cuyahoga,ROCKY RIVER-04-A,CPD,Northeast,Cleveland,835,492,58.92%
Cuyahoga,ROCKY RIVER-04-B,CPE,Northeast,Cleveland,991,598,60.34%
Cuyahoga,ROCKY RIVER-04-C,CPH,Northeast,Cleveland,937,646,68.94%
Cuyahoga,ROCKY RIVER-04-D,CPI,Northeast,Cleveland,"1,321",771,58.36%
Cuyahoga,SEVEN HILLS-01-A,CPM,Northeast,Cleveland,"1,113",674,60.56%
Cuyahoga,SEVEN HILLS-01-B,CPO,Northeast,Cleveland,"1,282",758,59.13%
Cuyahoga,SEVEN HILLS-02-B,CPS,Northeast,Cleveland,"1,137",768,67.55%
Cuyahoga,SEVEN HILLS-02-A,CPT,Northeast,Cleveland,"1,061",716,67.48%
Cuyahoga,SEVEN HILLS-03-B,CPX,Northeast,Cleveland,"1,091",695,63.70%
Cuyahoga,SEVEN HILLS-03-A,CPY,Northeast,Cleveland,"1,139",782,68.66%
Cuyahoga,SEVEN HILLS-04-A,CQB,Northeast,Cleveland,"1,098",732,66.67%
Cuyahoga,SEVEN HILLS-04-B,CQC,Northeast,Cleveland,"1,018",627,61.59%
Cuyahoga,SHAKER HEIGHTS-00-M,CQJ,Northeast,Cleveland,"1,034",716,69.25%
Cuyahoga,SHAKER HEIGHTS-00-N,CQK,Northeast,Cleveland,913,462,50.60%
Cuyahoga,SHAKER HEIGHTS-00-D,CQL,Northeast,Cleveland,"1,097",738,67.27%
Cuyahoga,SHAKER HEIGHTS-00-E,CQM,Northeast,Cleveland,965,604,62.59%
Cuyahoga,SHAKER HEIGHTS-00-K,CQN,Northeast,Cleveland,"1,049",526,50.14%
Cuyahoga,SHAKER HEIGHTS-00-C,CQQ,Northeast,Cleveland,"1,150",808,70.26%
Cuyahoga,SHAKER HEIGHTS-00-A,CQR,Northeast,Cleveland,"1,097",495,45.12%
Cuyahoga,SHAKER HEIGHTS-00-J,CQU,Northeast,Cleveland,"1,280",695,54.30%
Cuyahoga,SHAKER HEIGHTS-00-F,CQV,Northeast,Cleveland,723,322,44.54%
Cuyahoga,SHAKER HEIGHTS-00-H,CQW,Northeast,Cleveland,"1,147",516,44.99%
Cuyahoga,SHAKER HEIGHTS-00-B,CQZ,Northeast,Cleveland,"1,003",693,69.09%
Cuyahoga,SHAKER HEIGHTS-00-O,CRA,Northeast,Cleveland,"1,295",752,58.07%
Cuyahoga,SHAKER HEIGHTS-00-S,CRB,Northeast,Cleveland,"1,111",757,68.14%
Cuyahoga,SHAKER HEIGHTS-00-T,CRE,Northeast,Cleveland,"1,082",758,70.06%
Cuyahoga,SHAKER HEIGHTS-00-L,CRI,Northeast,Cleveland,"1,026",611,59.55%
Cuyahoga,SHAKER HEIGHTS-00-G,CRK,Northeast,Cleveland,"1,017",376,36.97%
Cuyahoga,SHAKER HEIGHTS-00-R,CRQ,Northeast,Cleveland,"1,192",695,58.31%
Cuyahoga,SHAKER HEIGHTS-00-Q,CRS,Northeast,Cleveland,"1,203",843,70.07%
Cuyahoga,SHAKER HEIGHTS-00-U,CRW,Northeast,Cleveland,"1,267",869,68.59%
Cuyahoga,SHAKER HEIGHTS-00-I,CRY,Northeast,Cleveland,"1,041",751,72.14%
Cuyahoga,SHAKER HEIGHTS-00-P,CSA,Northeast,Cleveland,863,590,68.37%
Cuyahoga,SOLON-01-A,CSD,Northeast,Cleveland,"1,199",784,65.39%
Cuyahoga,SOLON-01-B,CSF,Northeast,Cleveland,"1,332",776,58.26%
Cuyahoga,SOLON-02-A,CSH,Northeast,Cleveland,923,550,59.59%
Cuyahoga,SOLON-02-B,CSI,Northeast,Cleveland,"1,139",558,48.99%
Cuyahoga,SOLON-03-A,CSJ,Northeast,Cleveland,"1,287",823,63.95%
Cuyahoga,SOLON-03-B,CSK,Northeast,Cleveland,"1,350",764,56.59%
Cuyahoga,SOLON-04-A,CSM,Northeast,Cleveland,745,519,69.66%
Cuyahoga,SOLON-04-B,CSN,Northeast,Cleveland,754,502,66.58%
Cuyahoga,SOLON-04-C,CSO,Northeast,Cleveland,"1,128",711,63.03%
Cuyahoga,SOLON-05-A,CSR,Northeast,Cleveland,"1,373",948,69.05%
Cuyahoga,SOLON-05-B,CST,Northeast,Cleveland,"1,380",900,65.22%
Cuyahoga,SOLON-06-A,CSV,Northeast,Cleveland,"1,391",821,59.02%
Cuyahoga,SOLON-06-B,CSX,Northeast,Cleveland,"1,393",873,62.67%
Cuyahoga,SOLON-07-A,CSZ,Northeast,Cleveland,"1,206",705,58.46%
Cuyahoga,SOLON-07-B,CTA,Northeast,Cleveland,"1,157",619,53.50%
Cuyahoga,SOUTH EUCLID-01-D,CTD,Northeast,Cleveland,"1,073",502,46.78%
Cuyahoga,SOUTH EUCLID-01-C,CTE,Northeast,Cleveland,"1,107",670,60.52%
Cuyahoga,SOUTH EUCLID-01-B,CTG,Northeast,Cleveland,993,467,47.03%
Cuyahoga,SOUTH EUCLID-01-A,CTI,Northeast,Cleveland,945,411,43.49%
Cuyahoga,SOUTH EUCLID-02-A,CTM,Northeast,Cleveland,"1,141",529,46.36%
Cuyahoga,SOUTH EUCLID-02-D,CTN,Northeast,Cleveland,925,512,55.35%
Cuyahoga,SOUTH EUCLID-02-C,CTP,Northeast,Cleveland,"1,201",560,46.63%
Cuyahoga,SOUTH EUCLID-02-B,CTS,Northeast,Cleveland,"1,119",667,59.61%
Cuyahoga,SOUTH EUCLID-03-A,CTW,Northeast,Cleveland,984,406,41.26%
Cuyahoga,SOUTH EUCLID-03-D,CTX,Northeast,Cleveland,939,529,56.34%
Cuyahoga,SOUTH EUCLID-03-C,CTY,Northeast,Cleveland,867,472,54.44%
Cuyahoga,SOUTH EUCLID-03-B,CTZ,Northeast,Cleveland,886,379,42.78%
Cuyahoga,SOUTH EUCLID-04-D,CUF,Northeast,Cleveland,984,534,54.27%
Cuyahoga,SOUTH EUCLID-04-C,CUG,Northeast,Cleveland,727,333,45.80%
Cuyahoga,SOUTH EUCLID-04-A,CUI,Northeast,Cleveland,"1,176",503,42.77%
Cuyahoga,SOUTH EUCLID-04-B,CUJ,Northeast,Cleveland,753,326,43.29%
Cuyahoga,STRONGSVILLE-01-A,CUQ,Northeast,Cleveland,"1,139",713,62.60%
Cuyahoga,STRONGSVILLE-01-C,CUR,Northeast,Cleveland,"1,085",696,64.15%
Cuyahoga,STRONGSVILLE-01-D,CUS,Northeast,Cleveland,"1,307",855,65.42%
Cuyahoga,STRONGSVILLE-01-F,CUT,Northeast,Cleveland,"1,494",913,61.11%
Cuyahoga,STRONGSVILLE-01-E,CUU,Northeast,Cleveland,991,565,57.01%
Cuyahoga,STRONGSVILLE-01-G,CUV,Northeast,Cleveland,"1,100",636,57.82%
Cuyahoga,STRONGSVILLE-01-B,CUY,Northeast,Cleveland,998,223,22.34%
Cuyahoga,STRONGSVILLE-02-A,CVD,Northeast,Cleveland,993,651,65.56%
Cuyahoga,STRONGSVILLE-02-C,CVE,Northeast,Cleveland,"1,040",660,63.46%
Cuyahoga,STRONGSVILLE-02-D,CVF,Northeast,Cleveland,911,525,57.63%
Cuyahoga,STRONGSVILLE-02-F,CVI,Northeast,Cleveland,910,549,60.33%
Cuyahoga,STRONGSVILLE-02-H,CVJ,Northeast,Cleveland,903,554,61.35%
Cuyahoga,STRONGSVILLE-02-I,CVK,Northeast,Cleveland,"1,152",710,61.63%
Cuyahoga,STRONGSVILLE-02-B,CVN,Northeast,Cleveland,900,533,59.22%
Cuyahoga,STRONGSVILLE-02-E,CVO,Northeast,Cleveland,604,344,56.95%
Cuyahoga,STRONGSVILLE-02-G,CVP,Northeast,Cleveland,"1,045",609,58.28%
Cuyahoga,STRONGSVILLE-03-B,CVQ,Northeast,Cleveland,"1,197",676,56.47%
Cuyahoga,STRONGSVILLE-03-A,CVT,Northeast,Cleveland,"1,251",814,65.07%
Cuyahoga,STRONGSVILLE-03-E,CVU,Northeast,Cleveland,"1,387",866,62.44%
Cuyahoga,STRONGSVILLE-03-D,CVW,Northeast,Cleveland,"1,515",916,60.46%
Cuyahoga,STRONGSVILLE-03-C,CVX,Northeast,Cleveland,"1,331",889,66.79%
Cuyahoga,STRONGSVILLE-03-F,CVY,Northeast,Cleveland,"1,019",699,68.60%
Cuyahoga,STRONGSVILLE-03-G,CWB,Northeast,Cleveland,933,522,55.95%
Cuyahoga,STRONGSVILLE-04-A,CWG,Northeast,Cleveland,"1,550",767,49.48%
Cuyahoga,STRONGSVILLE-04-C,CWH,Northeast,Cleveland,"1,419",842,59.34%
Cuyahoga,STRONGSVILLE-04-D,CWI,Northeast,Cleveland,869,481,55.35%
Cuyahoga,STRONGSVILLE-04-E,CWJ,Northeast,Cleveland,"1,203",712,59.19%
Cuyahoga,STRONGSVILLE-04-G,CWK,Northeast,Cleveland,"1,139",678,59.53%
Cuyahoga,STRONGSVILLE-04-B,CWL,Northeast,Cleveland,"1,236",765,61.89%
Cuyahoga,STRONGSVILLE-04-F,CWM,Northeast,Cleveland,"1,071",650,60.69%
Cuyahoga,UNIVERSITY HEIGHTS-00-A,CWO,Northeast,Cleveland,975,474,48.62%
Cuyahoga,UNIVERSITY HEIGHTS-00-C,CWQ,Northeast,Cleveland,901,503,55.83%
Cuyahoga,UNIVERSITY HEIGHTS-00-B,CWS,Northeast,Cleveland,938,497,52.99%
Cuyahoga,UNIVERSITY HEIGHTS-00-F,CWT,Northeast,Cleveland,947,377,39.81%
Cuyahoga,UNIVERSITY HEIGHTS-00-E,CWW,Northeast,Cleveland,915,522,57.05%
Cuyahoga,UNIVERSITY HEIGHTS-00-G,CWX,Northeast,Cleveland,"1,000",649,64.90%
Cuyahoga,UNIVERSITY HEIGHTS-00-H,CXA,Northeast,Cleveland,"1,133",596,52.60%
Cuyahoga,UNIVERSITY HEIGHTS-00-I,CXC,Northeast,Cleveland,"1,058",477,45.09%
Cuyahoga,UNIVERSITY HEIGHTS-00-D,CXD,Northeast,Cleveland,"1,077",742,68.90%
Cuyahoga,WESTLAKE-01-A,CYE,Northeast,Cleveland,"1,203",850,70.66%
Cuyahoga,WESTLAKE-01-C,CYG,Northeast,Cleveland,"1,154",824,71.40%
Cuyahoga,WESTLAKE-01-B,CYH,Northeast,Cleveland,913,498,54.55%
Cuyahoga,WESTLAKE-01-D,CYJ,Northeast,Cleveland,944,592,62.71%
Cuyahoga,WESTLAKE-02-A,CYL,Northeast,Cleveland,913,529,57.94%
Cuyahoga,WESTLAKE-02-C,CYN,Northeast,Cleveland,"1,031",637,61.78%
Cuyahoga,WESTLAKE-02-D,CYP,Northeast,Cleveland,880,565,64.20%
Cuyahoga,WESTLAKE-02-B,CYQ,Northeast,Cleveland,"1,243",786,63.23%
Cuyahoga,WESTLAKE-03-A,CYR,Northeast,Cleveland,733,467,63.71%
Cuyahoga,WESTLAKE-03-C,CYT,Northeast,Cleveland,970,490,50.52%
Cuyahoga,WESTLAKE-03-B,CYW,Northeast,Cleveland,"1,275",629,49.33%
Cuyahoga,WESTLAKE-03-D,CYX,Northeast,Cleveland,"1,000",378,37.80%
Cuyahoga,WESTLAKE-04-A,CYY,Northeast,Cleveland,824,506,61.41%
Cuyahoga,WESTLAKE-04-B,CYZ,Northeast,Cleveland,"1,037",664,64.03%
Cuyahoga,WESTLAKE-04-C,CZA,Northeast,Cleveland,"1,181",696,58.93%
Cuyahoga,WESTLAKE-04-D,CZC,Northeast,Cleveland,"1,142",738,64.62%
Cuyahoga,WESTLAKE-05-A,CZE,Northeast,Cleveland,"1,137",573,50.40%
Cuyahoga,WESTLAKE-05-D,CZF,Northeast,Cleveland,953,612,64.22%
Cuyahoga,WESTLAKE-05-C,CZG,Northeast,Cleveland,"1,000",642,64.20%
Cuyahoga,WESTLAKE-05-B,CZJ,Northeast,Cleveland,941,515,54.73%
Cuyahoga,WESTLAKE-06-A,CZM,Northeast,Cleveland,904,514,56.86%
Cuyahoga,WESTLAKE-06-B,CZN,Northeast,Cleveland,"1,252",820,65.50%
Cuyahoga,WESTLAKE-06-C,CZO,Northeast,Cleveland,"1,239",737,59.48%
Cuyahoga,WESTLAKE-06-D,CZP,Northeast,Cleveland,"1,219",813,66.69%
Cuyahoga,BENTLEYVILLE-00-A,CZS,Northeast,Cleveland,758,496,65.44%
Cuyahoga,BRATENAHL-00-A,CZT,Northeast,Cleveland,"1,261",886,70.26%
Cuyahoga,LINNDALE-00-A,CZW,Northeast,Cleveland,75,23,30.67%
Cuyahoga,BROOKLYN HEIGHTS-00-A,CZX,Northeast,Cleveland,"1,124",730,64.95%
Cuyahoga,CHAGRIN FALLS-00-B,DAA,Northeast,Cleveland,"1,133",778,68.67%
Cuyahoga,CHAGRIN FALLS-00-C,DAB,Northeast,Cleveland,944,590,62.50%
Cuyahoga,CHAGRIN FALLS-00-A,DAE,Northeast,Cleveland,"1,389",859,61.84%
Cuyahoga,CHAGRIN FALLS TWP-00-A,DAF,Northeast,Cleveland,110,67,60.91%
Cuyahoga,ORANGE-00-B,DAH,Northeast,Cleveland,833,540,64.83%
Cuyahoga,ORANGE-00-C,DAI,Northeast,Cleveland,"1,156",805,69.64%
Cuyahoga,ORANGE-00-A,DAJ,Northeast,Cleveland,900,575,63.89%
Cuyahoga,GLENWILLOW-01-A,DAK,Northeast,Cleveland,219,114,52.05%
Cuyahoga,GLENWILLOW-02-A,DAL,Northeast,Cleveland,174,76,43.68%
Cuyahoga,GLENWILLOW-03-A,DAM,Northeast,Cleveland,213,105,49.30%
Cuyahoga,HUNTING VALLEY-00-A,DAN,Northeast,Cleveland,543,355,65.38%
Cuyahoga,NEWBURGH HEIGHTS-00-A,DAO,Northeast,Cleveland,"1,074",417,38.83%
Cuyahoga,OAKWOOD-01-A,DAS,Northeast,Cleveland,702,363,51.71%
Cuyahoga,OAKWOOD-02-A,DAW,Northeast,Cleveland,692,411,59.39%
Cuyahoga,OAKWOOD-03-A,DAX,Northeast,Cleveland,409,207,50.61%
Cuyahoga,OAKWOOD-04-A,DAZ,Northeast,Cleveland,426,215,50.47%
Cuyahoga,OAKWOOD-05-A,DBC,Northeast,Cleveland,452,186,41.15%
Cuyahoga,OLMSTED TOWNSHIP-00-A,DBD,Northeast,Cleveland,"1,171",644,55.00%
Cuyahoga,OLMSTED TOWNSHIP-00-H,DBF,Northeast,Cleveland,914,439,48.03%
Cuyahoga,OLMSTED TOWNSHIP-00-D,DBG,Northeast,Cleveland,975,508,52.10%
Cuyahoga,OLMSTED TOWNSHIP-00-B,DBH,Northeast,Cleveland,966,601,62.22%
Cuyahoga,OLMSTED TOWNSHIP-00-F,DBI,Northeast,Cleveland,"1,172",615,52.47%
Cuyahoga,OLMSTED TOWNSHIP-00-G,DBJ,Northeast,Cleveland,"1,824","1,041",57.07%
Cuyahoga,OLMSTED TOWNSHIP-00-C,DBK,Northeast,Cleveland,913,588,64.40%
Cuyahoga,OLMSTED TOWNSHIP-00-I,DBM,Northeast,Cleveland,926,404,43.63%
Cuyahoga,OLMSTED TOWNSHIP-00-E,DBN,Northeast,Cleveland,"1,091",673,61.69%
Cuyahoga,MORELAND HILLS-00-C,DBU,Northeast,Cleveland,662,462,69.79%
Cuyahoga,MORELAND HILLS-00-A,DBV,Northeast,Cleveland,"1,209",813,67.25%
Cuyahoga,MORELAND HILLS-00-B,DBW,Northeast,Cleveland,"1,184",770,65.03%
Cuyahoga,GATES MILLS-00-A,DBX,Northeast,Cleveland,975,642,65.85%
Cuyahoga,GATES MILLS-00-B,DBY,Northeast,Cleveland,"1,078",701,65.03%
Cuyahoga,MAYFIELD VILLAGE-01-A,DCC,Northeast,Cleveland,615,457,74.31%
Cuyahoga,MAYFIELD VILLAGE-02-A,DCE,Northeast,Cleveland,655,476,72.67%
Cuyahoga,MAYFIELD VILLAGE-03-A,DCG,Northeast,Cleveland,738,451,61.11%
Cuyahoga,MAYFIELD VILLAGE-04-A,DCI,Northeast,Cleveland,547,331,60.51%
Cuyahoga,VALLEY VIEW-00-A,DCK,Northeast,Cleveland,808,484,59.90%
Cuyahoga,VALLEY VIEW-00-B,DCM,Northeast,Cleveland,745,533,71.54%
Cuyahoga,WALTON HILLS-00-A,DCN,Northeast,Cleveland,865,588,67.98%
Cuyahoga,WALTON HILLS-00-B,DCO,Northeast,Cleveland,887,588,66.29%
Cuyahoga,NORTH RANDALL-00-A,DCQ,Northeast,Cleveland,633,246,38.86%
Cuyahoga,HIGHLAND HILLS-00-A,DCS,Northeast,Cleveland,523,229,43.79%
Cuyahoga,CUYAHOGA HEIGHTS-00-A,DCU,Northeast,Cleveland,414,247,59.66%
Cuyahoga,WOODMERE-00-A,DCW,Northeast,Cleveland,484,210,43.39%
Cuyahoga,CLEVELAND-07-A,DDR,Northeast,Cleveland,709,166,23.41%
Cuyahoga,CLEVELAND-03-A,DDT,Northeast,Cleveland,808,85,10.52%
Cuyahoga,CLEVELAND-04-T,DDX,Northeast,Cleveland,469,158,33.69%
Cuyahoga,CLEVELAND-04-U,DDY,Northeast,Cleveland,837,252,30.11%
Cuyahoga,CLEVELAND-08-D,DDZ,Northeast,Cleveland,827,215,26.00%
Cuyahoga,CLEVELAND-14-A,DEA,Northeast,Cleveland,812,131,16.13%
Cuyahoga,NORTH OLMSTED-01-B,DEC,Northeast,Cleveland,887,557,62.80%
Cuyahoga,WARRENSVILLE HTS-01-A,DEI,Northeast,Cleveland,768,337,43.88%
Cuyahoga,WARRENSVILLE HTS-01-B,DEJ,Northeast,Cleveland,716,299,41.76%
Cuyahoga,WARRENSVILLE HTS-02-A,DEK,Northeast,Cleveland,617,266,43.11%
Cuyahoga,WARRENSVILLE HTS-02-B,DEL,Northeast,Cleveland,613,169,27.57%
Cuyahoga,WARRENSVILLE HTS-03-A,DEM,Northeast,Cleveland,"1,435",540,37.63%
Cuyahoga,WARRENSVILLE HTS-04-A,DEO,Northeast,Cleveland,682,117,17.16%
Cuyahoga,WARRENSVILLE HTS-04-B,DEP,Northeast,Cleveland,760,224,29.47%
Cuyahoga,WARRENSVILLE HTS-05-B,DER,Northeast,Cleveland,543,226,41.62%
Cuyahoga,WARRENSVILLE HTS-06-A,DES,Northeast,Cleveland,"1,274",454,35.64%
Cuyahoga,WARRENSVILLE HTS-07-A,DEU,Northeast,Cleveland,543,156,28.73%
Cuyahoga,WARRENSVILLE HTS-07-B,DEV,Northeast,Cleveland,796,157,19.72%
Cuyahoga,WARRENSVILLE HTS-05-A,DEX,Northeast,Cleveland,739,406,54.94%
Cuyahoga,BROADVIEW HEIGHTS-03-D,DFF,Northeast,Cleveland,"1,094",509,46.53%
Cuyahoga,BROADVIEW HEIGHTS-04-A,DFI,Northeast,Cleveland,"1,519","1,078",70.97%
Darke,PRECINCT GREENVILLE CITY 1-A,AAA,West,Dayton,729,292,40.05%
Darke,PRECINCT GREENVILLE CITY 1-B,AAB,West,Dayton,632,404,63.92%
Darke,PRECINCT GREENVILLE CITY 1-C,AAC,West,Dayton,649,421,64.87%
Darke,PRECINCT GREENVILLE CITY 2-A,AAD,West,Dayton,655,253,38.63%
Darke,PRECINCT GREENVILLE CITY 2-B,AAE,West,Dayton,633,292,46.13%
Darke,PRECINCT GREENVILLE CITY 2-C,AAF,West,Dayton,614,298,48.53%
Darke,PRECINCT GREENVILLE CITY 3-A,AAG,West,Dayton,641,295,46.02%
Darke,PRECINCT GREENVILLE CITY 3-B,AAH,West,Dayton,830,310,37.35%
Darke,PRECINCT GREENVILLE CITY 3-C,AAI,West,Dayton,"1,106",613,55.42%
Darke,PRECINCT GREENVILLE CITY 4-A,AAJ,West,Dayton,618,225,36.41%
Darke,PRECINCT GREENVILLE CITY 4-B,AAK,West,Dayton,897,491,54.74%
Darke,PRECINCT GREENVILLE CITY 4-C,AAL,West,Dayton,494,261,52.83%
Darke,PRECINCT ADAMS EAST & BRADFORD,AAM,West,Dayton,964,542,56.22%
Darke,PRECINCT ADAMS WEST & GETTYSBURG,AAN,West,Dayton,"1,088",661,60.75%
Darke,PRECINCT ALLEN TWP NEW WESTON & ROSSBURG,AAO,West,Dayton,681,461,67.69%
Darke,PRECINCT BROWN TWP & ANSONIA VILLAGE,AAR,West,Dayton,"1,240",707,57.02%
Darke,PRECINCT BUTLER AND CASTINE VILLAGE,AAS,West,Dayton,865,531,61.39%
Darke,PRECINCT FRANKLIN TOWNSHIP,AAT,West,Dayton,695,450,64.75%
Darke,PRECINCT GREENVILLE TWP EAST A,AAU,West,Dayton,635,401,63.15%
Darke,PRECINCT GREENVILLE TWP EAST B,AAV,West,Dayton,849,584,68.79%
Darke,PRECINCT GREENVILLE TWP WEST A,AAW,West,Dayton,922,574,62.26%
Darke,PRECINCT GREENVILLE TWP WEST B,AAX,West,Dayton,661,404,61.12%
Darke,PRECINCT HARRISON EAST & NEW MADISON,AAZ,West,Dayton,998,567,56.81%
Darke,PRECINCT HARRISON WEST & HOLLANSBURG,ABA,West,Dayton,646,354,54.80%
Darke,PRECINCT JACKSON TOWNSHIP,ABC,West,Dayton,727,435,59.83%
Darke,PRECINCT UNION CITY VILLAGE,ABD,West,Dayton,848,251,29.60%
Darke,PRECINCT LIBERTY TWP. & PALESTINE,ABF,West,Dayton,608,373,61.35%
Darke,PRECINCT MISSISSINAWA TOWNSHIP,ABG,West,Dayton,481,295,61.33%
Darke,PRECINCT MONROE TWP & PITSBURG VILLAGE,ABH,West,Dayton,"1,135",752,66.26%
Darke,PRECINCT NEAVE TOWNSHIP,ABJ,West,Dayton,956,544,56.90%
Darke,PRECINCT WAYNE LAKES VILLAGE,ABK,West,Dayton,510,303,59.41%
Darke,PRECINCT PATTERSON TWP. OSGOOD & YORKSHI,ABL,West,Dayton,932,668,71.67%
Darke,PRECINCT RICHLAND TOWNSHIP,ABN,West,Dayton,557,378,67.86%
Darke,PRECINCT TWIN TWP. GORDON & ITHACA,ABP,West,Dayton,"1,358",924,68.04%
Darke,PRECINCT ARCANUM VILLAGE - A,ABQ,West,Dayton,950,627,66.00%
Darke,PRECINCT ARCANUM VILLAGE - B,ABR,West,Dayton,659,343,52.05%
Darke,PRECINCT VAN BUREN TOWNSHIP,ABS,West,Dayton,"1,012",623,61.56%
Darke,PRECINCT WABASH AND NORTH STAR VILLAGE,ABT,West,Dayton,638,480,75.24%
Darke,PRECINCT WASHINGTON TOWNSHIP,ABU,West,Dayton,813,452,55.60%
Darke,PRECINCT WAYNE TOWNSHIP,ABV,West,Dayton,"1,263",863,68.33%
Darke,PRECINCT VERSAILLES VILLAGE - A,ABX,West,Dayton,892,529,59.30%
Darke,PRECINCT VERSAILLES VILLAGE - B,ABY,West,Dayton,973,637,65.47%
Darke,PRECINCT YORK TOWNSHIP,ACA,West,Dayton,333,245,73.57%
Defiance,DEFIANCE CITY 1-C,AAA,Northwest,Toledo,"1,189",607,51.05%
Defiance,DEFIANCE CITY 1-E,AAB,Northwest,Toledo,902,574,63.64%
Defiance,DEFIANCE CITY 1-H,AAE,Northwest,Toledo,"1,052",458,43.54%
Defiance,DEFIANCE CITY 2-A,AAF,Northwest,Toledo,814,344,42.26%
Defiance,DEFIANCE CITY 2-C,AAH,Northwest,Toledo,819,291,35.53%
Defiance,DEFIANCE CITY 2-D,AAI,Northwest,Toledo,"1,184",574,48.48%
Defiance,DEFIANCE CITY 3-D,AAK,Northwest,Toledo,"1,073",662,61.70%
Defiance,DEFIANCE CITY 3-B,AAL,Northwest,Toledo,"1,007",484,48.06%
Defiance,DEFIANCE CITY 3-C,AAM,Northwest,Toledo,756,278,36.77%
Defiance,DEFIANCE CITY 4-A,AAP,Northwest,Toledo,965,354,36.68%
Defiance,DEFIANCE CITY 4-C,AAR,Northwest,Toledo,925,391,42.27%
Defiance,DEFIANCE CITY 4-D,AAS,Northwest,Toledo,740,328,44.32%
Defiance,ADAMS TWP,AAT,Northwest,Toledo,646,453,70.12%
Defiance,DEFIANCE TWP A,AAU,Northwest,Toledo,436,265,60.78%
Defiance,DEFIANCE TWP B,AAV,Northwest,Toledo,844,495,58.65%
Defiance,DELAWARE TWP,AAW,Northwest,Toledo,886,527,59.48%
Defiance,SHERWOOD VILLAGE,AAY,Northwest,Toledo,529,235,44.42%
Defiance,FARMER TWP,AAZ,Northwest,Toledo,656,389,59.30%
Defiance,HICKSVILLE TWP,ABA,Northwest,Toledo,"1,010",604,59.80%
Defiance,HICKSVILLE VILLAGE A,ABB,Northwest,Toledo,624,262,41.99%
Defiance,HICKSVILLE VILLAGE B,ABC,Northwest,Toledo,847,295,34.83%
Defiance,HICKSVILLE VILLAGE C,ABD,Northwest,Toledo,714,312,43.70%
Defiance,HIGHLAND TWP A,ABG,Northwest,Toledo,805,448,55.65%
Defiance,HIGHLAND TWP B,ABH,Northwest,Toledo,809,529,65.39%
Defiance,MARK TWP,ABJ,Northwest,Toledo,600,321,53.50%
Defiance,MILFORD TWP,ABK,Northwest,Toledo,704,417,59.23%
Defiance,NOBLE TWP A,ABL,Northwest,Toledo,783,411,52.49%
Defiance,NOBLE TWP B,ABM,Northwest,Toledo,916,547,59.72%
Defiance,NORTH RICHLAND TWP,ABO,Northwest,Toledo,502,296,58.96%
Defiance,SOUTH RICHLAND TWP,ABQ,Northwest,Toledo,441,263,59.64%
Defiance,TIFFIN TWP,ABR,Northwest,Toledo,"1,123",630,56.10%
Defiance,NEY VILLAGE,ABS,Northwest,Toledo,216,113,52.31%
Defiance,WASHINGTON TWP,ABT,Northwest,Toledo,853,511,59.91%
Delaware,PRECINCT COLUMBUS CITY A,AAA,Central,Columbus,"1,083",545,50.32%
Delaware,PRECINCT DELAWARE CITY 1-A,AAB,Central,Columbus,"1,179",674,57.17%
Delaware,PRECINCT DELAWARE CITY 1-B,AAC,Central,Columbus,"1,181",715,60.54%
Delaware,PRECINCT DELAWARE CITY 1-C,AAD,Central,Columbus,"1,177",624,53.02%
Delaware,PRECINCT DELAWARE CITY 1-D,AAE,Central,Columbus,786,388,49.36%
Delaware,PRECINCT DELAWARE CITY 1-E,AAF,Central,Columbus,552,259,46.92%
Delaware,PRECINCT DELAWARE CITY 1-F,AAG,Central,Columbus,762,476,62.47%
Delaware,PRECINCT DELAWARE CITY 1-G,AAH,Central,Columbus,910,512,56.26%
Delaware,PRECINCT DELAWARE CITY 2-A,AAI,Central,Columbus,"1,151",658,57.17%
Delaware,PRECINCT DELAWARE CITY 2-B,AAJ,Central,Columbus,"1,050",683,65.05%
Delaware,PRECINCT DELAWARE CITY 2-C,AAK,Central,Columbus,"1,076",537,49.91%
Delaware,PRECINCT DELAWARE CITY 2-D,AAL,Central,Columbus,803,397,49.44%
Delaware,PRECINCT DELAWARE CITY 3-A,AAM,Central,Columbus,945,154,16.30%
Delaware,PRECINCT DELAWARE CITY 3-B,AAN,Central,Columbus,"1,094",406,37.11%
Delaware,PRECINCT DELAWARE CITY 3-C,AAO,Central,Columbus,781,305,39.05%
Delaware,PRECINCT DELAWARE CITY 3-D,AAP,Central,Columbus,885,613,69.27%
Delaware,PRECINCT DELAWARE CITY 3-E,AAQ,Central,Columbus,"1,010",719,71.19%
Delaware,PRECINCT DELAWARE CITY 4-A,AAR,Central,Columbus,"1,130",738,65.31%
Delaware,PRECINCT DELAWARE CITY 4-B,AAS,Central,Columbus,"1,048",629,60.02%
Delaware,PRECINCT DELAWARE CITY 4-C,AAT,Central,Columbus,922,494,53.58%
Delaware,PRECINCT DELAWARE CITY 4-D,AAU,Central,Columbus,669,265,39.61%
Delaware,PRECINCT DELAWARE CITY 4-E,AAV,Central,Columbus,802,456,56.86%
Delaware,PRECINCT DELAWARE CITY 4-F,AAW,Central,Columbus,"1,261",626,49.64%
Delaware,PRECINCT DUBLIN CITY A,AAY,Central,Columbus,740,540,72.97%
Delaware,PRECINCT DUBLIN CITY B,AAZ,Central,Columbus,772,548,70.98%
Delaware,PRECINCT DUBLIN CITY C,ABA,Central,Columbus,920,662,71.96%
Delaware,PRECINCT DUBLIN CITY D,ABB,Central,Columbus,961,691,71.90%
Delaware,PRECINCT WESTERVILLE CITY A,ABC,Central,Columbus,584,411,70.38%
Delaware,PRECINCT WESTERVILLE CITY B,ABD,Central,Columbus,664,502,75.60%
Delaware,PRECINCT WESTERVILLE CITY C,ABE,Central,Columbus,873,591,67.70%
Delaware,PRECINCT WESTERVILLE CITY D,ABF,Central,Columbus,985,671,68.12%
Delaware,PRECINCT WESTERVILLE CITY E,ABG,Central,Columbus,958,689,71.92%
Delaware,PRECINCT GALENA,ABH,Central,Columbus,"1,027",702,68.35%
Delaware,PRECINCT BERKSHIRE A,ABI,Central,Columbus,765,542,70.85%
Delaware,PRECINCT BERKSHIRE B,ABJ,Central,Columbus,"1,330",824,61.95%
Delaware,PRECINCT SUNBURY CITY A,ABK,Central,Columbus,"1,156",701,60.64%
Delaware,PRECINCT SUNBURY CITY B,ABL,Central,Columbus,"1,263",775,61.36%
Delaware,PRECINCT SUNBURY CITY C,ABM,Central,Columbus,678,393,57.96%
Delaware,PRECINCT BERLIN A,ABN,Central,Columbus,"1,223",864,70.65%
Delaware,PRECINCT BERLIN B,ABO,Central,Columbus,744,517,69.49%
Delaware,PRECINCT BERLIN C,ABP,Central,Columbus,711,345,48.52%
Delaware,PRECINCT BROWN,ABQ,Central,Columbus,"1,128",810,71.81%
Delaware,PRECINCT CONCORD A,ABS,Central,Columbus,903,629,69.66%
Delaware,PRECINCT CONCORD B,ABT,Central,Columbus,911,656,72.01%
Delaware,PRECINCT CONCORD C,ABU,Central,Columbus,"1,137",783,68.87%
Delaware,PRECINCT CONCORD D,ABV,Central,Columbus,428,307,71.73%
Delaware,PRECINCT SHAWNEE HILLS,ABW,Central,Columbus,636,434,68.24%
Delaware,PRECINCT DELAWARE A,ABX,Central,Columbus,583,353,60.55%
Delaware,PRECINCT DELAWARE B,ABY,Central,Columbus,"1,136",754,66.37%
Delaware,PRECINCT GENOA A,ABZ,Central,Columbus,796,588,73.87%
Delaware,PRECINCT GENOA B,ACA,Central,Columbus,792,544,68.69%
Delaware,PRECINCT GENOA C,ACB,Central,Columbus,"1,039",708,68.14%
Delaware,PRECINCT GENOA D,ACC,Central,Columbus,"1,049",748,71.31%
Delaware,PRECINCT GENOA E,ACD,Central,Columbus,759,517,68.12%
Delaware,PRECINCT GENOA F,ACE,Central,Columbus,726,554,76.31%
Delaware,PRECINCT GENOA G,ACF,Central,Columbus,936,650,69.44%
Delaware,PRECINCT GENOA H,ACG,Central,Columbus,766,537,70.10%
Delaware,PRECINCT HARLEM A,ACH,Central,Columbus,904,664,73.45%
Delaware,PRECINCT HARLEM B,ACI,Central,Columbus,987,736,74.57%
Delaware,PRECINCT HARLEM C,ACJ,Central,Columbus,881,666,75.60%
Delaware,PRECINCT HARLEM D,ACK,Central,Columbus,612,333,54.41%
Delaware,PRECINCT KINGSTON A,ACL,Central,Columbus,"1,066",730,68.48%
Delaware,PRECINCT KINGSTON B,ACM,Central,Columbus,797,589,73.90%
Delaware,PRECINCT LIBERTY A,ACN,Central,Columbus,"1,241",880,70.91%
Delaware,PRECINCT LIBERTY B,ACO,Central,Columbus,797,547,68.63%
Delaware,PRECINCT LIBERTY C,ACP,Central,Columbus,"1,038",715,68.88%
Delaware,PRECINCT LIBERTY D,ACQ,Central,Columbus,"1,100",743,67.55%
Delaware,PRECINCT LIBERTY E,ACR,Central,Columbus,827,570,68.92%
Delaware,PRECINCT LIBERTY F,ACS,Central,Columbus,731,463,63.34%
Delaware,PRECINCT LIBERTY G,ACT,Central,Columbus,"1,076",703,65.33%
Delaware,PRECINCT LIBERTY H,ACU,Central,Columbus,"1,116",799,71.59%
Delaware,PRECINCT POWELL CITY A,ACV,Central,Columbus,635,479,75.43%
Delaware,PRECINCT POWELL CITY B,ACW,Central,Columbus,736,491,66.71%
Delaware,PRECINCT POWELL CITY C,ACX,Central,Columbus,"1,108",757,68.32%
Delaware,PRECINCT POWELL CITY D,ACY,Central,Columbus,793,540,68.10%
Delaware,PRECINCT POWELL CITY E,ACZ,Central,Columbus,"1,116",794,71.15%
Delaware,PRECINCT MARLBORO,ADA,Central,Columbus,230,167,72.61%
Delaware,PRECINCT ORANGE A,ADB,Central,Columbus,"1,254",765,61.00%
Delaware,PRECINCT ORANGE B,ADC,Central,Columbus,"1,093",779,71.27%
Delaware,PRECINCT ORANGE C,ADD,Central,Columbus,914,592,64.77%
Delaware,PRECINCT ORANGE D,ADE,Central,Columbus,759,527,69.43%
Delaware,PRECINCT ORANGE E,ADF,Central,Columbus,910,633,69.56%
Delaware,PRECINCT ORANGE F,ADG,Central,Columbus,"1,061",724,68.24%
Delaware,PRECINCT ORANGE G,ADH,Central,Columbus,791,386,48.80%
Delaware,PRECINCT ORANGE H,ADI,Central,Columbus,"1,235",779,63.08%
Delaware,PRECINCT OXFORD,ADJ,Central,Columbus,681,443,65.05%
Delaware,PRECINCT ASHLEY,ADK,Central,Columbus,680,326,47.94%
Delaware,PRECINCT PORTER A,ADM,Central,Columbus,873,590,67.58%
Delaware,PRECINCT PORTER B,ADN,Central,Columbus,858,630,73.43%
Delaware,PRECINCT RADNOR,ADO,Central,Columbus,"1,247",875,70.17%
Delaware,PRECINCT OSTRANDER,ADQ,Central,Columbus,798,536,67.17%
Delaware,PRECINCT SCIOTO A,ADR,Central,Columbus,"1,122",795,70.86%
Delaware,PRECINCT SCIOTO B,ADS,Central,Columbus,"1,010",717,70.99%
Delaware,PRECINCT THOMPSON,ADT,Central,Columbus,521,353,67.75%
Delaware,PRECINCT TRENTON A,ADU,Central,Columbus,807,540,66.91%
Delaware,PRECINCT TRENTON B,ADV,Central,Columbus,"1,022",710,69.47%
Delaware,PRECINCT TROY A,ADW,Central,Columbus,736,481,65.35%
Delaware,PRECINCT TROY B,ADX,Central,Columbus,929,498,53.61%
Delaware,PRECINCT ORANGE I,ADZ,Central,Columbus,954,634,66.46%
Delaware,PRECINCT GENOA I,AEA,Central,Columbus,"1,161",820,70.63%
Delaware,PRECINCT ORANGE J,AEB,Central,Columbus,"1,147",660,57.54%
Delaware,PRECINCT COLUMBUS CITY B,AEC,Central,Columbus,"1,067",520,48.73%
Delaware,PRECINCT WESTERVILLE CITY F,AED,Central,Columbus,683,509,74.52%
Delaware,PRECINCT GENOA J,AEE,Central,Columbus,"1,040",721,69.33%
Delaware,PRECINCT GENOA K,AEF,Central,Columbus,"1,191",805,67.59%
Delaware,PRECINCT LIBERTY I,AEG,Central,Columbus,793,507,63.93%
Delaware,PRECINCT COLUMBUS CITY C,AEH,Central,Columbus,"1,103",508,46.06%
Delaware,PRECINCT GENOA L,AEI,Central,Columbus,"1,297",866,66.77%
Delaware,PRECINCT GENOA M,AEJ,Central,Columbus,"1,231",853,69.29%
Delaware,PRECINCT POWELL CITY F,AEK,Central,Columbus,"1,156",776,67.13%
Delaware,PRECINCT POWELL CITY G,AEL,Central,Columbus,685,420,61.31%
Delaware,PRECINCT ORANGE K,AEM,Central,Columbus,818,538,65.77%
Delaware,PRECINCT BERLIN D,AEN,Central,Columbus,"1,134",770,67.90%
Delaware,PRECINCT CONCORD E,AEO,Central,Columbus,684,480,70.18%
Delaware,PRECINCT LIBERTY J,AEP,Central,Columbus,758,520,68.60%
Delaware,PRECINCT LIBERTY K,AEQ,Central,Columbus,"1,030",693,67.28%
Delaware,PRECINCT ORANGE L,AER,Central,Columbus,865,500,57.80%
Delaware,PRECINCT DELAWARE CITY 2-E,AES,Central,Columbus,531,173,32.58%
Delaware,PRECINCT DELAWARE CITY 2-F,AET,Central,Columbus,"1,086",594,54.70%
Delaware,PRECINCT GENOA N,AEU,Central,Columbus,"1,121",802,71.54%
Delaware,PRECINCT COLUMBUS CITY D,AEV,Central,Columbus,"1,037",450,43.39%
Delaware,PRECINCT CONCORD F,AEW,Central,Columbus,866,535,61.78%
Delaware,PRECINCT GENOA O,AEX,Central,Columbus,999,724,72.47%
Delaware,PRECINCT POWELL CITY H,AEY,Central,Columbus,"1,107",764,69.02%
Delaware,PRECINCT ORANGE M,AEZ,Central,Columbus,700,450,64.29%
Delaware,PRECINCT ORANGE N,AFA,Central,Columbus,"1,146",752,65.62%
Delaware,PRECINCT DELAWARE CITY 2-G,AFB,Central,Columbus,"1,191",746,62.64%
Delaware,PRECINCT BERLIN E,AFC,Central,Columbus,987,674,68.29%
Delaware,PRECINCT DELAWARE CITY 3-F,AFE,Central,Columbus,"1,348",853,63.28%
Delaware,PRECINCT GENOA P,AFF,Central,Columbus,946,627,66.28%
Delaware,PRECINCT CONCORD G,AFH,Central,Columbus,"1,111",773,69.58%
Delaware,PRECINCT SUNBURY CITY D,AFI,Central,Columbus,"1,248",715,57.29%
Delaware,PRECINCT WESTERVILLE CITY G,AFJ,Central,Columbus,"1,014",686,67.65%
Delaware,PRECINCT GENOA Q,AFK,Central,Columbus,"1,123",805,71.68%
Delaware,PRECINCT LIBERTY L,AFL,Central,Columbus,"1,247",843,67.60%
Delaware,PRECINCT ORANGE O,AFM,Central,Columbus,"1,078",703,65.21%
Delaware,PRECINCT COLUMBUS CITY E,AFN,Central,Columbus,"1,006",463,46.02%
Delaware,PRECINCT CONCORD H,AFO,Central,Columbus,"1,000",634,63.40%
Delaware,PRECINCT GENOA R,AFQ,Central,Columbus,611,444,72.67%
Delaware,PRECINCT ORANGE P,AFR,Central,Columbus,"1,117",743,66.52%
Delaware,PRECINCT ORANGE Q,AFS,Central,Columbus,"1,107",658,59.44%
Delaware,PRECINCT POWELL CITY I,AFT,Central,Columbus,"1,006",617,61.33%
Delaware,PRECINCT POWELL CITY J,AFU,Central,Columbus,"1,191",771,64.74%
Delaware,PRECINCT GENOA S,AFV,Central,Columbus,701,502,71.61%
Delaware,PRECINCT COLUMBUS CITY F,AFW,Central,Columbus,"1,165",610,52.36%
Delaware,PRECINCT CONCORD I,AFX,Central,Columbus,"1,031",748,72.55%
Delaware,PRECINCT DELAWARE CITY 3-G,AFY,Central,Columbus,"1,040",594,57.12%
Delaware,PRECINCT LIBERTY M,AFZ,Central,Columbus,512,322,62.89%
Delaware,PRECINCT ORANGE R,AGA,Central,Columbus,"1,258",882,70.11%
Delaware,PRECINCT ORANGE S,AGB,Central,Columbus,932,689,73.93%
Delaware,PRECINCT WESTERVILLE CITY H,AGC,Central,Columbus,765,561,73.33%
Delaware,PRECINCT BERKSHIRE C,AGD,Central,Columbus,461,343,74.40%
Delaware,PRECINCT COLUMBUS CITY G,AGE,Central,Columbus,"1,061",451,42.51%
Delaware,PRECINCT BERKSHIRE D,AGF,Central,Columbus,741,550,74.22%
Delaware,PRECINCT BERKSHIRE E,AGG,Central,Columbus,286,206,72.03%
Delaware,PRECINCT GENOA T,AGH,Central,Columbus,"1,121",758,67.62%
Delaware,PRECINCT DELAWARE CITY 4-G,AGI,Central,Columbus,926,464,50.11%
Delaware,PRECINCT ORANGE T,AGJ,Central,Columbus,"1,076",714,66.36%
Delaware,PRECINCT LIBERTY N,AGK,Central,Columbus,"1,254",851,67.86%
Delaware,PRECINCT BERLIN F,AGL,Central,Columbus,"1,078",708,65.68%
Delaware,PRECINCT CONCORD J,AGM,Central,Columbus,901,582,64.59%
Delaware,PRECINCT DELAWARE CITY 3-H,AGN,Central,Columbus,828,486,58.70%
Delaware,PRECINCT ORANGE U,AGO,Central,Columbus,582,229,39.35%
Delaware,PRECINCT WESTERVILLE CITY I,AGP,Central,Columbus,838,467,55.73%
Delaware,PRECINCT POWELL CITY K,AGQ,Central,Columbus,"1,113",731,65.68%
Delaware,PRECINCT LIBERTY O,AGR,Central,Columbus,785,394,50.19%
Delaware,PRECINCT DELAWARE CITY 2-H,AGS,Central,Columbus,984,634,64.43%
Erie,PRECINCT HUR A,AAA,Northeast,Cleveland,"1,045",643,61.53%
Erie,PRECINCT HUR B,AAB,Northeast,Cleveland,875,456,52.11%
Erie,PRECINCT HUR C,AAC,Northeast,Cleveland,815,612,75.09%
Erie,PRECINCT HUR F,AAE,Northeast,Cleveland,917,542,59.11%
Erie,PRECINCT HUR D,AAI,Northeast,Cleveland,682,417,61.14%
Erie,PRECINCT HUR E,AAJ,Northeast,Cleveland,928,607,65.41%
Erie,PRECINCT VER 1-A,ABV,Northeast,Cleveland,747,410,54.89%
Erie,PRECINCT VER 2-A,ABX,Northeast,Cleveland,568,306,53.87%
Erie,PRECINCT VER 2-B,ABY,Northeast,Cleveland,880,475,53.98%
Erie,PRECINCT VER 3-A,ACA,Northeast,Cleveland,702,359,51.14%
Erie,PRECINCT VER 3-B,ACB,Northeast,Cleveland,631,358,56.74%
Erie,PRECINCT BER VILL,ACC,Northeast,Cleveland,478,271,56.69%
Erie,PRECINCT BER TWP #2,ACD,Northeast,Cleveland,"1,139",697,61.19%
Erie,PRECINCT BER TWP #1,ACF,Northeast,Cleveland,791,492,62.20%
Erie,PRECINCT FLO TWP #1,ACG,Northeast,Cleveland,784,501,63.90%
Erie,PRECINCT FLO TWP #2,ACH,Northeast,Cleveland,"1,120",658,58.75%
Erie,PRECINCT GRO TWP,ACI,Northeast,Cleveland,990,606,61.21%
Erie,PRECINCT HUR TWP #1,ACK,Northeast,Cleveland,"1,083",680,62.79%
Erie,PRECINCT HUR TWP #2,ACL,Northeast,Cleveland,"1,132",732,64.66%
Erie,PRECINCT HUR TWP #3,ACM,Northeast,Cleveland,872,637,73.05%
Erie,PRECINCT KI VILL,ACN,Northeast,Cleveland,355,245,69.01%
Erie,PRECINCT BV VILL,ACO,Northeast,Cleveland,442,271,61.31%
Erie,PRECINCT CAST VILL,ACP,Northeast,Cleveland,536,304,56.72%
Erie,PRECINCT MAR TWP #1,ACQ,Northeast,Cleveland,885,589,66.55%
Erie,PRECINCT MAR TWP #2,ACR,Northeast,Cleveland,666,348,52.25%
Erie,PRECINCT MAR TWP #3,ACS,Northeast,Cleveland,895,535,59.78%
Erie,PRECINCT MAR TWP #4,ACT,Northeast,Cleveland,597,335,56.11%
Erie,PRECINCT MIL TWP #1,ACW,Northeast,Cleveland,712,451,63.34%
Erie,PRECINCT MIL TWP #2,ACX,Northeast,Cleveland,"1,233",783,63.50%
Erie,PRECINCT OX TWP,ADA,Northeast,Cleveland,829,530,63.93%
Erie,PRECINCT PER TWP #2,ADB,Northeast,Cleveland,"1,295",783,60.46%
Erie,PRECINCT PER TWP #6,ADC,Northeast,Cleveland,899,533,59.29%
Erie,PRECINCT PER TWP #7,ADD,Northeast,Cleveland,825,510,61.82%
Erie,PRECINCT PER TWP #4,ADE,Northeast,Cleveland,759,394,51.91%
Erie,PRECINCT PER TWP #1,ADF,Northeast,Cleveland,"1,063",530,49.86%
Erie,PRECINCT PER TWP #8,ADH,Northeast,Cleveland,"1,018",577,56.68%
Erie,PRECINCT PER TWP #9,ADJ,Northeast,Cleveland,770,470,61.04%
Erie,PRECINCT PER TWP #3,ADM,Northeast,Cleveland,834,572,68.59%
Erie,PRECINCT PER TWP #5,ADN,Northeast,Cleveland,153,80,52.29%
Erie,PRECINCT PER TWP #10,ADO,Northeast,Cleveland,"1,183",762,64.41%
Erie,PRECINCT VER TWP #5,ADS,Northeast,Cleveland,676,394,58.28%
Erie,PRECINCT VER TWP #1,ADT,Northeast,Cleveland,"1,140",690,60.53%
Erie,PRECINCT VER TWP #2,ADU,Northeast,Cleveland,709,414,58.39%
Erie,PRECINCT VER TWP #4,ADV,Northeast,Cleveland,591,280,47.38%
Erie,PRECINCT VER TWP #3,ADW,Northeast,Cleveland,689,448,65.02%
Erie,PRECINCT SAN A,ADX,Northeast,Cleveland,426,294,69.01%
Erie,PRECINCT SAN B,ADY,Northeast,Cleveland,"1,154",429,37.18%
Erie,PRECINCT SAN C,ADZ,Northeast,Cleveland,997,345,34.60%
Erie,PRECINCT SAN D,AEA,Northeast,Cleveland,830,401,48.31%
Erie,PRECINCT SAN E,AEB,Northeast,Cleveland,"1,142",472,41.33%
Erie,PRECINCT SAN F,AEC,Northeast,Cleveland,"1,046",487,46.56%
Erie,PRECINCT SAN G,AED,Northeast,Cleveland,"1,328",525,39.53%
Erie,PRECINCT SAN H,AEE,Northeast,Cleveland,"1,136",390,34.33%
Erie,PRECINCT SAN I,AEF,Northeast,Cleveland,"1,118",443,39.62%
Erie,PRECINCT SAN J,AEG,Northeast,Cleveland,923,379,41.06%
Erie,PRECINCT SAN K,AEH,Northeast,Cleveland,"1,235",407,32.96%
Erie,PRECINCT SAN L,AEI,Northeast,Cleveland,810,279,34.44%
Erie,PRECINCT SAN M,AEJ,Northeast,Cleveland,908,332,36.56%
Erie,PRECINCT SAN N,AEK,Northeast,Cleveland,935,341,36.47%
Erie,PRECINCT SAN O,AEL,Northeast,Cleveland,964,356,36.93%
Erie,PRECINCT SAN P,AEM,Northeast,Cleveland,"1,306",720,55.13%
Erie,PRECINCT MIL VILL,AEN,Northeast,Cleveland,722,445,61.63%
Fairfield,LANCASTER CITY 1-A,AAA,Central,Columbus,"1,061",482,45.43%
Fairfield,LANCASTER CITY 1-B,AAB,Central,Columbus,889,390,43.87%
Fairfield,LANCASTER CITY 1-C,AAC,Central,Columbus,936,487,52.03%
Fairfield,LANCASTER CITY 2-A,AAF,Central,Columbus,"1,187",634,53.41%
Fairfield,LANCASTER CITY 2-B,AAG,Central,Columbus,"1,087",492,45.26%
Fairfield,LANCASTER CITY 2-C,AAH,Central,Columbus,"1,206",602,49.92%
Fairfield,LANCASTER CITY 3-A,AAL,Central,Columbus,936,547,58.44%
Fairfield,LANCASTER CITY 3-B,AAM,Central,Columbus,850,365,42.94%
Fairfield,LANCASTER CITY 3-C,AAN,Central,Columbus,840,400,47.62%
Fairfield,LANCASTER CITY 3-D,AAO,Central,Columbus,796,347,43.59%
Fairfield,LANCASTER CITY 4-A,AAP,Central,Columbus,"1,215",656,53.99%
Fairfield,LANCASTER CITY 4-B,AAQ,Central,Columbus,"1,100",617,56.09%
Fairfield,LANCASTER CITY 4-C,AAR,Central,Columbus,"1,166",676,57.98%
Fairfield,LANCASTER CITY 4-D,AAS,Central,Columbus,"1,217",479,39.36%
Fairfield,LANCASTER CITY 5-A,AAU,Central,Columbus,751,283,37.68%
Fairfield,LANCASTER CITY 5-B,AAV,Central,Columbus,873,278,31.84%
Fairfield,LANCASTER CITY 5-C,AAW,Central,Columbus,"1,006",365,36.28%
Fairfield,LANCASTER CITY 5-D,AAX,Central,Columbus,949,351,36.99%
Fairfield,LANCASTER CITY 6-A,AAY,Central,Columbus,928,374,40.30%
Fairfield,LANCASTER CITY 6-B,AAZ,Central,Columbus,"1,030",308,29.90%
Fairfield,LANCASTER CITY 6-C,ABA,Central,Columbus,"1,028",348,33.85%
Fairfield,PICKERINGTON CITY A,ABC,Central,Columbus,961,495,51.51%
Fairfield,PICKERINGTON CITY B,ABD,Central,Columbus,"1,104",634,57.43%
Fairfield,PICKERINGTON CITY C,ABE,Central,Columbus,"1,313",779,59.33%
Fairfield,PICKERINGTON CITY D,ABF,Central,Columbus,648,366,56.48%
Fairfield,PICKERINGTON CITY E,ABG,Central,Columbus,680,425,62.50%
Fairfield,PICKERINGTON CITY F,ABH,Central,Columbus,"1,394",788,56.53%
Fairfield,PICKERINGTON CITY G,ABI,Central,Columbus,"1,130",641,56.73%
Fairfield,PICKERINGTON CITY H,ABJ,Central,Columbus,953,519,54.46%
Fairfield,PICKERINGTON CITY I,ABK,Central,Columbus,750,290,38.67%
Fairfield,AMANDA A,ABL,Central,Columbus,666,383,57.51%
Fairfield,AMANDA B,ABM,Central,Columbus,"1,228",644,52.44%
Fairfield,BERNE A,ABO,Central,Columbus,867,505,58.25%
Fairfield,BERNE B,ABP,Central,Columbus,912,470,51.54%
Fairfield,BERNE C,ABQ,Central,Columbus,881,454,51.53%
Fairfield,BERNE D,ABR,Central,Columbus,805,466,57.89%
Fairfield,BLOOM A,ABT,Central,Columbus,"1,266",793,62.64%
Fairfield,BLOOM B,ABU,Central,Columbus,"1,282",835,65.13%
Fairfield,BLOOM C,ABV,Central,Columbus,"1,219",803,65.87%
Fairfield,BLOOM D,ABW,Central,Columbus,"1,176",805,68.45%
Fairfield,BLOOM E,ABX,Central,Columbus,"1,185",765,64.56%
Fairfield,LITHOPOLIS VILLAGE,ACA,Central,Columbus,"1,375",784,57.02%
Fairfield,CLEARCREEK A,ACB,Central,Columbus,"1,323",694,52.46%
Fairfield,CLEARCREEK B,ACC,Central,Columbus,"1,399",706,50.46%
Fairfield,GREENFIELD A,ACF,Central,Columbus,"1,175",678,57.70%
Fairfield,GREENFIELD B,ACG,Central,Columbus,"1,333",836,62.72%
Fairfield,GREENFIELD C,ACH,Central,Columbus,747,512,68.54%
Fairfield,GREENFIELD D,ACI,Central,Columbus,836,421,50.36%
Fairfield,HOCKING A,ACK,Central,Columbus,818,500,61.12%
Fairfield,HOCKING B,ACL,Central,Columbus,764,514,67.28%
Fairfield,HOCKING C,ACM,Central,Columbus,843,506,60.02%
Fairfield,LIBERTY A,ACN,Central,Columbus,"1,041",738,70.89%
Fairfield,LIBERTY B,ACO,Central,Columbus,"1,380",881,63.84%
Fairfield,LIBERTY C,ACP,Central,Columbus,770,491,63.77%
Fairfield,LIBERTY D,ACQ,Central,Columbus,887,601,67.76%
Fairfield,BALTIMORE VILLAGE A,ACR,Central,Columbus,"1,027",472,45.96%
Fairfield,BALTIMORE VILLAGE B,ACS,Central,Columbus,917,451,49.18%
Fairfield,MADISON A,ACV,Central,Columbus,"1,191",622,52.23%
Fairfield,PLEASANT A,ACW,Central,Columbus,"1,358",877,64.58%
Fairfield,PLEASANT B,ACX,Central,Columbus,"1,050",524,49.90%
Fairfield,PLEASANT C,ACY,Central,Columbus,772,482,62.44%
Fairfield,PLEASANT D,ACZ,Central,Columbus,754,464,61.54%
Fairfield,PLEASANT E,ADA,Central,Columbus,994,655,65.90%
Fairfield,RICHLAND EAST,ADE,Central,Columbus,642,338,52.65%
Fairfield,RICHLAND WEST,ADF,Central,Columbus,937,529,56.46%
Fairfield,RUSHCREEK A,ADG,Central,Columbus,684,420,61.40%
Fairfield,RUSHCREEK B,ADH,Central,Columbus,"1,044",631,60.44%
Fairfield,BREMEN VILLAGE,ADI,Central,Columbus,935,451,48.24%
Fairfield,VIOLET A,ADK,Central,Columbus,"1,055",500,47.39%
Fairfield,VIOLET B,ADL,Central,Columbus,"1,178",773,65.62%
Fairfield,VIOLET C,ADM,Central,Columbus,"1,280",764,59.69%
Fairfield,VIOLET D,ADN,Central,Columbus,"1,261",779,61.78%
Fairfield,VIOLET E,ADO,Central,Columbus,776,515,66.37%
Fairfield,VIOLET F,ADP,Central,Columbus,"1,208",815,67.47%
Fairfield,VIOLET G,ADQ,Central,Columbus,928,567,61.10%
Fairfield,VIOLET H,ADR,Central,Columbus,524,329,62.79%
Fairfield,VIOLET I,ADS,Central,Columbus,"1,100",729,66.27%
Fairfield,VIOLET J,ADT,Central,Columbus,"1,240",834,67.26%
Fairfield,VIOLET K,ADU,Central,Columbus,803,507,63.14%
Fairfield,VIOLET L,ADV,Central,Columbus,899,623,69.30%
Fairfield,VIOLET M,ADW,Central,Columbus,854,597,69.91%
Fairfield,VIOLET N,ADX,Central,Columbus,828,531,64.13%
Fairfield,VIOLET O,ADY,Central,Columbus,882,548,62.13%
Fairfield,VIOLET P,ADZ,Central,Columbus,798,496,62.16%
Fairfield,WALNUT A,AED,Central,Columbus,"1,291",763,59.10%
Fairfield,WALNUT B,AEE,Central,Columbus,"1,229",612,49.80%
Fairfield,WALNUT C,AEF,Central,Columbus,"1,161",644,55.47%
Fairfield,WALNUT D,AEG,Central,Columbus,987,520,52.68%
Fairfield,COLUMBUS CITY A,AEJ,Central,Columbus,"1,083",490,45.24%
Fairfield,COLUMBUS CITY B,AEK,Central,Columbus,"1,243",482,38.78%
Fairfield,COLUMBUS CITY C,AEL,Central,Columbus,"1,108",401,36.19%
Fairfield,PICKERINGTON CITY J,AEM,Central,Columbus,978,503,51.43%
Fairfield,VIOLET Q,AEN,Central,Columbus,"1,399","1,003",71.69%
Fairfield,VIOLET R,AEO,Central,Columbus,738,462,62.60%
Fairfield,COLUMBUS CITY D,AEQ,Central,Columbus,"1,029",187,18.17%
Fairfield,PICKERINGTON CITY K,AEV,Central,Columbus,"1,051",565,53.76%
Fairfield,PICKERINGTON CITY L,AEW,Central,Columbus,"1,345",768,57.10%
Fairfield,PICKERINGTON CITY M,AEX,Central,Columbus,"1,829","1,074",58.72%
Fairfield,LANCASTER CITY 3-E,AEY,Central,Columbus,878,458,52.16%
Fairfield,COLUMBUS CITY E,AEZ,Central,Columbus,"1,172",475,40.53%
Fairfield,LANCASTER CITY 1-D,AFA,Central,Columbus,975,654,67.08%
Fairfield,LANCASTER CITY 1-E,AFB,Central,Columbus,"1,052",452,42.97%
Fairfield,LANCASTER CITY 2-D,AFC,Central,Columbus,"1,185",602,50.80%
Fairfield,LANCASTER CITY 6-D,AFD,Central,Columbus,986,447,45.33%
Fairfield,PICKERINGTON CITY O,AFE,Central,Columbus,855,376,43.98%
Fairfield,COLUMBUS CITY F,AFF,Central,Columbus,"1,032",400,38.76%
Fairfield,PICKERINGTON CITY N,AFG,Central,Columbus,"1,276",749,58.70%
Fayette,WASHINGTON 1B,AAA,Central,Columbus,950,329,34.63%
Fayette,WASHINGTON 1C,AAB,Central,Columbus,"1,016",285,28.05%
Fayette,WASHINGTON 2A,AAE,Central,Columbus,449,191,42.54%
Fayette,WASHINGTON 2D,AAG,Central,Columbus,618,283,45.79%
Fayette,WASHINGTON 3A,AAH,Central,Columbus,668,273,40.87%
Fayette,WASHINGTON 3D,AAK,Central,Columbus,837,487,58.18%
Fayette,WASHINGTON 3F,AAM,Central,Columbus,"1,068",612,57.30%
Fayette,WASHINGTON 4A,AAN,Central,Columbus,883,490,55.49%
Fayette,WASHINGTON 4B,AAO,Central,Columbus,706,333,47.17%
Fayette,WASHINGTON 4C,AAP,Central,Columbus,553,219,39.60%
Fayette,WASHINGTON 4D,AAQ,Central,Columbus,463,159,34.34%
Fayette,CONCORD/GREEN,AAS,Central,Columbus,887,502,56.60%
Fayette,JASPER,AAU,Central,Columbus,465,257,55.27%
Fayette,JEFFERSON NORTH,AAX,Central,Columbus,351,222,63.25%
Fayette,JEFFERSON SOUTH,AAY,Central,Columbus,530,304,57.36%
Fayette,JEFFERSONVILLE,AAZ,Central,Columbus,654,253,38.69%
Fayette,MADISON,ABB,Central,Columbus,691,411,59.48%
Fayette,MARION,ABC,Central,Columbus,479,307,64.09%
Fayette,BLOOMINGBURG,ABE,Central,Columbus,423,173,40.90%
Fayette,PAINT,ABG,Central,Columbus,608,363,59.70%
Fayette,PERRY,ABH,Central,Columbus,691,413,59.77%
Fayette,UNION EAST,ABI,Central,Columbus,429,238,55.48%
Fayette,UNION NORTH,ABJ,Central,Columbus,700,316,45.14%
Fayette,UNION SOUTH/WEST,ABK,Central,Columbus,"1,048",602,57.44%
Fayette,WAYNE,ABM,Central,Columbus,868,520,59.91%
Franklin,BEXLEY 1-A,AAA,Central,Columbus,885,530,59.89%
Franklin,BEXLEY 1-B,AAB,Central,Columbus,"1,481","1,073",72.45%
Franklin,BEXLEY 2-A,AAD,Central,Columbus,"1,096",802,73.18%
Franklin,BEXLEY 2-B,AAE,Central,Columbus,"1,236",942,76.21%
Franklin,BEXLEY 3-A,AAG,Central,Columbus,996,743,74.60%
Franklin,BEXLEY 3-B,AAH,Central,Columbus,774,587,75.84%
Franklin,BEXLEY 3-C,AAI,Central,Columbus,739,535,72.40%
Franklin,BEXLEY 4-A,AAJ,Central,Columbus,529,346,65.41%
Franklin,BEXLEY 4-B,AAK,Central,Columbus,817,610,74.66%
Franklin,BEXLEY 4-C,AAL,Central,Columbus,"1,080",518,47.96%
Franklin,COLS 01-A,AAN,Central,Columbus,"1,278",647,50.63%
Franklin,COLS 01-B,AAO,Central,Columbus,"1,387",492,35.47%
Franklin,COLS 01-C,AAP,Central,Columbus,"1,394",772,55.38%
Franklin,COLS 02-A,AAQ,Central,Columbus,"1,177",417,35.43%
Franklin,COLS 02-B,AAR,Central,Columbus,"1,068",682,63.86%
Franklin,COLS 02-C,AAS,Central,Columbus,"1,288",833,64.67%
Franklin,COLS 02-D,AAT,Central,Columbus,"1,255",734,58.49%
Franklin,COLS 02-E,AAU,Central,Columbus,"1,034",608,58.80%
Franklin,COLS 02-F,AAV,Central,Columbus,"1,034",665,64.31%
Franklin,COLS 03-A,AAW,Central,Columbus,"1,256",359,28.58%
Franklin,COLS 03-B,AAX,Central,Columbus,949,364,38.36%
Franklin,COLS 03-C,AAY,Central,Columbus,"1,586",525,33.10%
Franklin,COLS 03-D,AAZ,Central,Columbus,"1,256",341,27.15%
Franklin,COLS 04-A,ABA,Central,Columbus,914,328,35.89%
Franklin,COLS 04-B,ABB,Central,Columbus,"1,031",369,35.79%
Franklin,COLS 04-C,ABC,Central,Columbus,"1,047",304,29.04%
Franklin,COLS 04-D,ABD,Central,Columbus,"1,070",337,31.50%
Franklin,COLS 05-A,ABE,Central,Columbus,846,362,42.79%
Franklin,COLS 05-B,ABF,Central,Columbus,870,299,34.37%
Franklin,COLS 05-C,ABG,Central,Columbus,803,258,32.13%
Franklin,COLS 06-A,ABI,Central,Columbus,881,286,32.46%
Franklin,COLS 06-B,ABJ,Central,Columbus,"1,040",447,42.98%
Franklin,COLS 06-C,ABK,Central,Columbus,945,298,31.53%
Franklin,COLS 06-D,ABL,Central,Columbus,886,442,49.89%
Franklin,COLS 06-E,ABM,Central,Columbus,823,312,37.91%
Franklin,COLS 06-F,ABN,Central,Columbus,577,345,59.79%
Franklin,COLS 07-A,ABO,Central,Columbus,710,295,41.55%
Franklin,COLS 07-B,ABP,Central,Columbus,984,453,46.04%
Franklin,COLS 07-C,ABQ,Central,Columbus,"1,312",297,22.64%
Franklin,COLS 07-D,ABR,Central,Columbus,"1,145",516,45.07%
Franklin,COLS 07-E,ABS,Central,Columbus,870,113,12.99%
Franklin,COLS 08-A,ABT,Central,Columbus,"1,203",428,35.58%
Franklin,COLS 08-B,ABU,Central,Columbus,868,388,44.70%
Franklin,COLS 08-C,ABV,Central,Columbus,"1,326",720,54.30%
Franklin,COLS 08-D,ABW,Central,Columbus,"1,257",761,60.54%
Franklin,COLS 09-A,ABX,Central,Columbus,"1,664",416,25.00%
Franklin,COLS 09-B,ABY,Central,Columbus,"1,414",449,31.75%
Franklin,COLS 10-A,ABZ,Central,Columbus,607,235,38.71%
Franklin,COLS 10-B,ACA,Central,Columbus,721,117,16.23%
Franklin,COLS 10-C,ACB,Central,Columbus,"1,689",353,20.90%
Franklin,COLS 10-D,ACC,Central,Columbus,"1,222",552,45.17%
Franklin,COLS 10-E,ACD,Central,Columbus,"1,520",760,50.00%
Franklin,COLS 11-A,ACN,Central,Columbus,"1,090",152,13.94%
Franklin,COLS 11-B,ACO,Central,Columbus,804,313,38.93%
Franklin,COLS 11-C,ACP,Central,Columbus,"1,077",503,46.70%
Franklin,COLS 11-D,ACQ,Central,Columbus,"1,214",379,31.22%
Franklin,COLS 11-E,ACR,Central,Columbus,930,420,45.16%
Franklin,COLS 12-A,ACS,Central,Columbus,"1,448",415,28.66%
Franklin,COLS 12-B,ACT,Central,Columbus,"1,981",880,44.42%
Franklin,COLS 12-C,ACU,Central,Columbus,"1,480",700,47.30%
Franklin,COLS 12-D,ACV,Central,Columbus,986,475,48.17%
Franklin,COLS 13-A,ACW,Central,Columbus,898,235,26.17%
Franklin,COLS 13-B,ACX,Central,Columbus,799,180,22.53%
Franklin,COLS 13-C,ACY,Central,Columbus,715,117,16.36%
Franklin,COLS 13-D,ACZ,Central,Columbus,"1,040",240,23.08%
Franklin,COLS 14-A,ADA,Central,Columbus,"1,784",983,55.10%
Franklin,COLS 14-B,ADB,Central,Columbus,"1,107",563,50.86%
Franklin,COLS 14-C,ADC,Central,Columbus,"1,248",623,49.92%
Franklin,COLS 14-D,ADD,Central,Columbus,868,378,43.55%
Franklin,COLS 15-A,ADE,Central,Columbus,"1,258",310,24.64%
Franklin,COLS 15-B,ADF,Central,Columbus,844,583,69.08%
Franklin,COLS 16-A,ADG,Central,Columbus,"1,112",392,35.25%
Franklin,COLS 16-B,ADH,Central,Columbus,886,358,40.41%
Franklin,COLS 16-C,ADI,Central,Columbus,"1,008",248,24.60%
Franklin,COLS 16-D,ADJ,Central,Columbus,"1,060",248,23.40%
Franklin,COLS 16-E,ADK,Central,Columbus,915,225,24.59%
Franklin,COLS 17-A,ADL,Central,Columbus,"1,240",328,26.45%
Franklin,COLS 17-B,ADM,Central,Columbus,"1,641",309,18.83%
Franklin,COLS 17-C,ADN,Central,Columbus,686,178,25.95%
Franklin,COLS 17-D,ADO,Central,Columbus,843,181,21.47%
Franklin,COLS 18-A,ADQ,Central,Columbus,"1,170",520,44.44%
Franklin,COLS 18-B,ADR,Central,Columbus,965,624,64.66%
Franklin,COLS 18-C,ADS,Central,Columbus,"1,316",680,51.67%
Franklin,COLS 18-D,ADT,Central,Columbus,689,520,75.47%
Franklin,COLS 18-E,ADU,Central,Columbus,892,651,72.98%
Franklin,COLS 18-F,ADV,Central,Columbus,"1,051",539,51.28%
Franklin,COLS 19-A,ADW,Central,Columbus,836,631,75.48%
Franklin,COLS 19-B,ADX,Central,Columbus,"1,333",900,67.52%
Franklin,COLS 19-C,ADY,Central,Columbus,932,720,77.25%
Franklin,COLS 19-D,ADZ,Central,Columbus,"1,104",788,71.38%
Franklin,COLS 19-E,AEA,Central,Columbus,760,593,78.03%
Franklin,COLS 19-F,AEB,Central,Columbus,"1,006",762,75.75%
Franklin,COLS 19-G,AEC,Central,Columbus,869,655,75.37%
Franklin,COLS 19-H,AED,Central,Columbus,"1,110",818,73.69%
Franklin,COLS 20-A,AEE,Central,Columbus,"1,450","1,118",77.10%
Franklin,COLS 20-B,AEF,Central,Columbus,"1,119",610,54.51%
Franklin,COLS 20-C,AEG,Central,Columbus,"1,091",694,63.61%
Franklin,COLS 21-A,AEH,Central,Columbus,999,710,71.07%
Franklin,COLS 21-B,AEI,Central,Columbus,"1,567","1,019",65.03%
Franklin,COLS 21-C,AEJ,Central,Columbus,"1,157",697,60.24%
Franklin,COLS 21-D,AEK,Central,Columbus,"1,108",359,32.40%
Franklin,COLS 21-E,AEL,Central,Columbus,"1,087",823,75.71%
Franklin,COLS 21-F,AEM,Central,Columbus,890,669,75.17%
Franklin,COLS 22-A,AEN,Central,Columbus,"1,043",773,74.11%
Franklin,COLS 22-B,AEO,Central,Columbus,873,620,71.02%
Franklin,COLS 22-C,AEP,Central,Columbus,"1,020",728,71.37%
Franklin,COLS 22-D,AEQ,Central,Columbus,"1,337",765,57.22%
Franklin,COLS 22-E,AER,Central,Columbus,785,469,59.75%
Franklin,COLS 22-F,AES,Central,Columbus,958,462,48.23%
Franklin,COLS 22-G,AET,Central,Columbus,913,679,74.37%
Franklin,COLS 23-A,AEV,Central,Columbus,"1,223",357,29.19%
Franklin,COLS 23-B,AEW,Central,Columbus,"1,215",406,33.42%
Franklin,COLS 23-C,AEX,Central,Columbus,"1,173",565,48.17%
Franklin,COLS 23-D,AEY,Central,Columbus,"1,429",510,35.69%
Franklin,COLS 24-A,AEZ,Central,Columbus,871,268,30.77%
Franklin,COLS 24-B,AFA,Central,Columbus,"1,065",384,36.06%
Franklin,COLS 24-C,AFB,Central,Columbus,867,324,37.37%
Franklin,COLS 24-D,AFC,Central,Columbus,"1,030",267,25.92%
Franklin,COLS 24-E,AFD,Central,Columbus,893,345,38.63%
Franklin,COLS 25-A,AFE,Central,Columbus,"1,083",323,29.82%
Franklin,COLS 25-B,AFF,Central,Columbus,"1,259",290,23.03%
Franklin,COLS 25-C,AFG,Central,Columbus,"1,207",372,30.82%
Franklin,COLS 25-D,AFH,Central,Columbus,872,324,37.16%
Franklin,COLS 25-E,AFI,Central,Columbus,922,319,34.60%
Franklin,COLS 25-F,AFJ,Central,Columbus,906,260,28.70%
Franklin,COLS 25-G,AFK,Central,Columbus,557,205,36.80%
Franklin,COLS 26-A,AFL,Central,Columbus,"1,140",314,27.54%
Franklin,COLS 26-B,AFM,Central,Columbus,"1,512",329,21.76%
Franklin,COLS 26-C,AFN,Central,Columbus,753,276,36.65%
Franklin,COLS 27-A,AFQ,Central,Columbus,983,246,25.03%
Franklin,COLS 27-B,AFR,Central,Columbus,876,195,22.26%
Franklin,COLS 27-C,AFS,Central,Columbus,950,577,60.74%
Franklin,COLS 27-D,AFT,Central,Columbus,908,443,48.79%
Franklin,COLS 27-E,AFU,Central,Columbus,"1,080",297,27.50%
Franklin,COLS 27-F,AFV,Central,Columbus,"1,034",678,65.57%
Franklin,COLS 28-A,AFW,Central,Columbus,959,339,35.35%
Franklin,COLS 28-B,AFX,Central,Columbus,747,350,46.85%
Franklin,COLS 28-C,AFY,Central,Columbus,819,438,53.48%
Franklin,COLS 28-D,AFZ,Central,Columbus,861,497,57.72%
Franklin,COLS 28-E,AGA,Central,Columbus,"1,424",855,60.04%
Franklin,COLS 28-F,AGB,Central,Columbus,711,503,70.75%
Franklin,COLS 29-A,AGC,Central,Columbus,"1,127",288,25.55%
Franklin,COLS 29-B,AGD,Central,Columbus,509,150,29.47%
Franklin,COLS 29-C,AGE,Central,Columbus,983,261,26.55%
Franklin,COLS 29-D,AGF,Central,Columbus,992,373,37.60%
Franklin,COLS 30-A,AGG,Central,Columbus,835,438,52.46%
Franklin,COLS 30-B,AGH,Central,Columbus,897,308,34.34%
Franklin,COLS 30-C,AGI,Central,Columbus,"1,378",707,51.31%
Franklin,COLS 30-D,AGJ,Central,Columbus,824,390,47.33%
Franklin,COLS 31-A,AGM,Central,Columbus,"1,218",280,22.99%
Franklin,COLS 31-B,AGN,Central,Columbus,986,207,20.99%
Franklin,COLS 31-C,AGO,Central,Columbus,"1,047",186,17.77%
Franklin,COLS 31-D,AGP,Central,Columbus,500,97,19.40%
Franklin,COLS 31-E,AGQ,Central,Columbus,753,119,15.80%
Franklin,COLS 32-A,AGR,Central,Columbus,"1,235",789,63.89%
Franklin,COLS 32-B,AGS,Central,Columbus,833,508,60.98%
Franklin,COLS 32-C,AGT,Central,Columbus,"1,274",362,28.41%
Franklin,COLS 32-D,AGU,Central,Columbus,"1,003",456,45.46%
Franklin,COLS 33-A,AGV,Central,Columbus,549,313,57.01%
Franklin,COLS 33-B,AGW,Central,Columbus,995,457,45.93%
Franklin,COLS 33-C,AGX,Central,Columbus,896,436,48.66%
Franklin,COLS 33-D,AGY,Central,Columbus,"1,116",671,60.13%
Franklin,COLS 33-E,AGZ,Central,Columbus,971,545,56.13%
Franklin,COLS 33-F,AHA,Central,Columbus,"1,089",455,41.78%
Franklin,COLS 33-G,AHB,Central,Columbus,"1,070",614,57.38%
Franklin,COLS 33-H,AHC,Central,Columbus,768,525,68.36%
Franklin,COLS 34-A,AHD,Central,Columbus,"1,017",418,41.10%
Franklin,COLS 34-B,AHE,Central,Columbus,911,403,44.24%
Franklin,COLS 34-C,AHF,Central,Columbus,582,207,35.57%
Franklin,COLS 34-D,AHG,Central,Columbus,957,345,36.05%
Franklin,COLS 34-E,AHH,Central,Columbus,694,264,38.04%
Franklin,COLS 34-F,AHI,Central,Columbus,"1,354",434,32.05%
Franklin,COLS 35-A,AHJ,Central,Columbus,886,266,30.02%
Franklin,COLS 35-B,AHK,Central,Columbus,"1,182",353,29.86%
Franklin,COLS 35-C,AHL,Central,Columbus,"1,030",350,33.98%
Franklin,COLS 35-D,AHM,Central,Columbus,821,317,38.61%
Franklin,COLS 36-A,AHN,Central,Columbus,"1,017",366,35.99%
Franklin,COLS 36-B,AHO,Central,Columbus,"1,355",457,33.73%
Franklin,COLS 36-C,AHP,Central,Columbus,"1,674",450,26.88%
Franklin,COLS 36-D,AHQ,Central,Columbus,713,289,40.53%
Franklin,COLS 36-E,AHR,Central,Columbus,"1,074",314,29.24%
Franklin,COLS 37-A,AHS,Central,Columbus,"1,127",353,31.32%
Franklin,COLS 37-B,AHT,Central,Columbus,"1,449",145,10.01%
Franklin,COLS 37-C,AHU,Central,Columbus,"1,060",290,27.36%
Franklin,COLS 37-D,AHV,Central,Columbus,839,305,36.35%
Franklin,COLS 38-A,AHW,Central,Columbus,"1,119",360,32.17%
Franklin,COLS 38-B,AHX,Central,Columbus,683,145,21.23%
Franklin,COLS 38-C,AHY,Central,Columbus,"1,064",261,24.53%
Franklin,COLS 39-A,AHZ,Central,Columbus,431,71,16.47%
Franklin,COLS 39-B,AIA,Central,Columbus,"1,255",586,46.69%
Franklin,COLS 40-A,AIB,Central,Columbus,"1,162",334,28.74%
Franklin,COLS 40-B,AIC,Central,Columbus,"1,349",320,23.72%
Franklin,COLS 40-C,AID,Central,Columbus,"1,559",703,45.09%
Franklin,COLS 41-A,AIE,Central,Columbus,864,171,19.79%
Franklin,COLS 41-B,AIF,Central,Columbus,640,143,22.34%
Franklin,COLS 41-C,AIG,Central,Columbus,"1,173",209,17.82%
Franklin,COLS 41-D,AIH,Central,Columbus,487,132,27.10%
Franklin,COLS 41-E,AII,Central,Columbus,"1,064",192,18.05%
Franklin,COLS 42-A,AIJ,Central,Columbus,992,411,41.43%
Franklin,COLS 42-B,AIK,Central,Columbus,418,57,13.64%
Franklin,COLS 42-C,AIL,Central,Columbus,803,307,38.23%
Franklin,COLS 42-D,AIM,Central,Columbus,"1,178",258,21.90%
Franklin,COLS 43-A,AIO,Central,Columbus,781,402,51.47%
Franklin,COLS 43-B,AIP,Central,Columbus,875,499,57.03%
Franklin,COLS 43-C,AIQ,Central,Columbus,941,323,34.33%
Franklin,COLS 43-D,AIR,Central,Columbus,919,437,47.55%
Franklin,COLS 44-A,AIT,Central,Columbus,"1,233",396,32.12%
Franklin,COLS 44-B,AIU,Central,Columbus,857,249,29.05%
Franklin,COLS 44-C,AIV,Central,Columbus,987,332,33.64%
Franklin,COLS 44-D,AIW,Central,Columbus,"1,166",336,28.82%
Franklin,COLS 44-E,AIX,Central,Columbus,"1,169",140,11.98%
Franklin,COLS 44-F,AIY,Central,Columbus,812,423,52.09%
Franklin,COLS 44-G,AIZ,Central,Columbus,"1,054",260,24.67%
Franklin,COLS 45-A,AJE,Central,Columbus,895,378,42.23%
Franklin,COLS 45-B,AJF,Central,Columbus,711,288,40.51%
Franklin,COLS 45-C,AJG,Central,Columbus,"1,000",430,43.00%
Franklin,COLS 45-D,AJH,Central,Columbus,963,356,36.97%
Franklin,COLS 45-E,AJI,Central,Columbus,870,300,34.48%
Franklin,COLS 45-F,AJJ,Central,Columbus,796,310,38.94%
Franklin,COLS 45-G,AJK,Central,Columbus,716,302,42.18%
Franklin,COLS 45-H,AJL,Central,Columbus,"1,078",376,34.88%
Franklin,COLS 45-I,AJM,Central,Columbus,"1,080",376,34.81%
Franklin,COLS 45-J,AJN,Central,Columbus,"1,140",387,33.95%
Franklin,COLS 45-K,AJO,Central,Columbus,"1,251",427,34.13%
Franklin,COLS 46-A,AJP,Central,Columbus,"1,520",462,30.39%
Franklin,COLS 46-B,AJQ,Central,Columbus,"1,265",389,30.75%
Franklin,COLS 46-C,AJR,Central,Columbus,"1,087",412,37.90%
Franklin,COLS 46-D,AJS,Central,Columbus,"1,410",558,39.57%
Franklin,COLS 46-E,AJT,Central,Columbus,"1,124",483,42.97%
Franklin,COLS 46-F,AJU,Central,Columbus,"1,419",647,45.60%
Franklin,COLS 46-G,AJV,Central,Columbus,"1,028",463,45.04%
Franklin,COLS 47-A,AJY,Central,Columbus,"1,097",442,40.29%
Franklin,COLS 47-B,AJZ,Central,Columbus,"1,122",272,24.24%
Franklin,COLS 47-C,AKA,Central,Columbus,912,312,34.21%
Franklin,COLS 47-D,AKB,Central,Columbus,"1,126",470,41.74%
Franklin,COLS 47-E,AKC,Central,Columbus,874,405,46.34%
Franklin,COLS 47-F,AKD,Central,Columbus,676,170,25.15%
Franklin,COLS 48-A,AKE,Central,Columbus,"1,297",322,24.83%
Franklin,COLS 48-B,AKF,Central,Columbus,820,200,24.39%
Franklin,COLS 48-C,AKG,Central,Columbus,"1,045",440,42.11%
Franklin,COLS 48-D,AKH,Central,Columbus,952,390,40.97%
Franklin,COLS 48-E,AKI,Central,Columbus,"1,046",380,36.33%
Franklin,COLS 49-A,AKK,Central,Columbus,881,334,37.91%
Franklin,COLS 49-B,AKL,Central,Columbus,"1,059",413,39.00%
Franklin,COLS 49-C,AKM,Central,Columbus,768,242,31.51%
Franklin,COLS 49-D,AKN,Central,Columbus,"1,264",449,35.52%
Franklin,COLS 49-E,AKO,Central,Columbus,"1,001",214,21.38%
Franklin,COLS 50-A,AKP,Central,Columbus,755,294,38.94%
Franklin,COLS 50-B,AKQ,Central,Columbus,814,287,35.26%
Franklin,COLS 50-C,AKR,Central,Columbus,"1,071",415,38.75%
Franklin,COLS 51-A,AKS,Central,Columbus,"1,143",403,35.26%
Franklin,COLS 51-B,AKT,Central,Columbus,815,380,46.63%
Franklin,COLS 51-C,AKU,Central,Columbus,999,367,36.74%
Franklin,COLS 51-D,AKV,Central,Columbus,"1,152",211,18.32%
Franklin,COLS 52-A,AKW,Central,Columbus,"1,112",538,48.38%
Franklin,COLS 52-B,AKX,Central,Columbus,"1,000",481,48.10%
Franklin,COLS 52-C,AKY,Central,Columbus,846,478,56.50%
Franklin,COLS 52-D,AKZ,Central,Columbus,"1,049",301,28.69%
Franklin,COLS 52-E,ALA,Central,Columbus,"1,196",215,17.98%
Franklin,COLS 52-F,ALB,Central,Columbus,992,414,41.73%
Franklin,COLS 53-A,ALD,Central,Columbus,"1,488",716,48.12%
Franklin,COLS 53-B,ALE,Central,Columbus,618,406,65.70%
Franklin,COLS 53-C,ALF,Central,Columbus,763,496,65.01%
Franklin,COLS 53-D,ALG,Central,Columbus,"1,132",485,42.84%
Franklin,COLS 53-E,ALH,Central,Columbus,940,477,50.74%
Franklin,COLS 53-F,ALI,Central,Columbus,"1,047",218,20.82%
Franklin,COLS 53-G,ALJ,Central,Columbus,"1,191",348,29.22%
Franklin,COLS 53-H,ALK,Central,Columbus,634,154,24.29%
Franklin,COLS 54-A,ALM,Central,Columbus,"1,222",358,29.30%
Franklin,COLS 54-B,ALN,Central,Columbus,"1,006",407,40.46%
Franklin,COLS 54-C,ALO,Central,Columbus,"1,067",309,28.96%
Franklin,COLS 54-D,ALP,Central,Columbus,853,427,50.06%
Franklin,COLS 54-E,ALQ,Central,Columbus,911,406,44.57%
Franklin,COLS 54-F,ALR,Central,Columbus,889,387,43.53%
Franklin,COLS 55-A,ALS,Central,Columbus,775,419,54.06%
Franklin,COLS 55-B,ALT,Central,Columbus,"1,104",522,47.28%
Franklin,COLS 55-C,ALU,Central,Columbus,"1,334",614,46.03%
Franklin,COLS 55-D,ALV,Central,Columbus,"1,013",514,50.74%
Franklin,COLS 56-A,ALW,Central,Columbus,"1,293",316,24.44%
Franklin,COLS 56-B,ALX,Central,Columbus,780,189,24.23%
Franklin,COLS 56-C,ALY,Central,Columbus,975,277,28.41%
Franklin,COLS 56-D,ALZ,Central,Columbus,"1,296",276,21.30%
Franklin,COLS 56-E,AMA,Central,Columbus,951,334,35.12%
Franklin,COLS 57-A,AMF,Central,Columbus,875,261,29.83%
Franklin,COLS 57-B,AMG,Central,Columbus,"1,319",333,25.25%
Franklin,COLS 57-C,AMH,Central,Columbus,887,402,45.32%
Franklin,COLS 57-D,AMI,Central,Columbus,"1,297",833,64.23%
Franklin,COLS 57-E,AMJ,Central,Columbus,996,439,44.08%
Franklin,COLS 57-F,AMK,Central,Columbus,792,319,40.28%
Franklin,COLS 58-A,AMN,Central,Columbus,"1,042",378,36.28%
Franklin,COLS 58-B,AMO,Central,Columbus,"1,332",590,44.29%
Franklin,COLS 58-C,AMP,Central,Columbus,984,409,41.57%
Franklin,COLS 58-D,AMQ,Central,Columbus,799,357,44.68%
Franklin,COLS 58-E,AMR,Central,Columbus,"1,080",473,43.80%
Franklin,COLS 58-F,AMS,Central,Columbus,"1,069",399,37.32%
Franklin,COLS 58-G,AMT,Central,Columbus,"1,156",356,30.80%
Franklin,COLS 58-H,AMU,Central,Columbus,"1,143",479,41.91%
Franklin,COLS 59-A,AMV,Central,Columbus,846,575,67.97%
Franklin,COLS 59-B,AMW,Central,Columbus,"1,054",616,58.44%
Franklin,COLS 59-C,AMX,Central,Columbus,"1,229",661,53.78%
Franklin,COLS 59-D,AMY,Central,Columbus,"1,532",582,37.99%
Franklin,COLS 59-E,AMZ,Central,Columbus,"1,065",482,45.26%
Franklin,COLS 60-A,ANB,Central,Columbus,"1,127",565,50.13%
Franklin,COLS 60-B,ANC,Central,Columbus,"1,373",660,48.07%
Franklin,COLS 60-C,AND,Central,Columbus,"1,379",828,60.04%
Franklin,COLS 60-D,ANE,Central,Columbus,908,572,63.00%
Franklin,COLS 60-E,ANF,Central,Columbus,"1,204",499,41.45%
Franklin,COLS 60-F,ANG,Central,Columbus,895,660,73.74%
Franklin,COLS 60-G,ANH,Central,Columbus,"1,964",843,42.92%
Franklin,COLS 61-A,ANI,Central,Columbus,690,300,43.48%
Franklin,COLS 61-B,ANJ,Central,Columbus,"1,387",396,28.55%
Franklin,COLS 61-C,ANK,Central,Columbus,"1,158",318,27.46%
Franklin,COLS 61-D,ANL,Central,Columbus,"1,029",530,51.51%
Franklin,COLS 62-A,ANM,Central,Columbus,927,515,55.56%
Franklin,COLS 62-B,ANN,Central,Columbus,"1,591",527,33.12%
Franklin,COLS 62-C,ANO,Central,Columbus,"1,258",635,50.48%
Franklin,COLS 62-D,ANP,Central,Columbus,"1,314",595,45.28%
Franklin,COLS 62-E,ANQ,Central,Columbus,942,454,48.20%
Franklin,COLS 63-A,ANV,Central,Columbus,"1,147",744,64.86%
Franklin,COLS 63-B,ANW,Central,Columbus,"1,066",565,53.00%
Franklin,COLS 63-C,ANX,Central,Columbus,"1,433",897,62.60%
Franklin,COLS 63-D,ANY,Central,Columbus,"1,328",595,44.80%
Franklin,COLS 63-E,ANZ,Central,Columbus,892,504,56.50%
Franklin,COLS 63-F,AOA,Central,Columbus,977,459,46.98%
Franklin,COLS 63-G,AOB,Central,Columbus,829,453,54.64%
Franklin,COLS 63-H,AOC,Central,Columbus,861,369,42.86%
Franklin,COLS 64-A,AOF,Central,Columbus,"1,033",605,58.57%
Franklin,COLS 64-B,AOG,Central,Columbus,"1,024",566,55.27%
Franklin,COLS 64-C,AOH,Central,Columbus,"1,245",496,39.84%
Franklin,COLS 64-D,AOI,Central,Columbus,822,290,35.28%
Franklin,COLS 64-E,AOJ,Central,Columbus,"1,052",658,62.55%
Franklin,COLS 64-F,AOK,Central,Columbus,"1,542",757,49.09%
Franklin,COLS 65-A,AOL,Central,Columbus,779,493,63.29%
Franklin,COLS 65-B,AOM,Central,Columbus,687,514,74.82%
Franklin,COLS 65-C,AON,Central,Columbus,979,583,59.55%
Franklin,COLS 65-D,AOO,Central,Columbus,"1,184",583,49.24%
Franklin,COLS 65-E,AOP,Central,Columbus,"1,010",574,56.83%
Franklin,COLS 65-F,AOQ,Central,Columbus,865,458,52.95%
Franklin,COLS 65-G,AOR,Central,Columbus,"1,074",670,62.38%
Franklin,COLS 66-A,AOS,Central,Columbus,"1,135",369,32.51%
Franklin,COLS 66-B,AOT,Central,Columbus,950,246,25.89%
Franklin,COLS 66-C,AOU,Central,Columbus,"1,303",600,46.05%
Franklin,COLS 66-D,AOV,Central,Columbus,996,482,48.39%
Franklin,COLS 66-E,AOW,Central,Columbus,914,393,43.00%
Franklin,COLS 67-A,AOX,Central,Columbus,"1,063",431,40.55%
Franklin,COLS 67-B,AOY,Central,Columbus,"1,047",389,37.15%
Franklin,COLS 67-C,AOZ,Central,Columbus,976,318,32.58%
Franklin,COLS 67-D,APA,Central,Columbus,760,162,21.32%
Franklin,COLS 67-E,APB,Central,Columbus,929,296,31.86%
Franklin,COLS 67-F,APC,Central,Columbus,951,497,52.26%
Franklin,COLS 67-G,APD,Central,Columbus,"1,325",510,38.49%
Franklin,COLS 67-H,APE,Central,Columbus,689,278,40.35%
Franklin,COLS 67-I,APF,Central,Columbus,978,348,35.58%
Franklin,COLS 68-A,APH,Central,Columbus,963,239,24.82%
Franklin,COLS 68-B,API,Central,Columbus,842,218,25.89%
Franklin,COLS 68-C,APJ,Central,Columbus,988,283,28.64%
Franklin,COLS 69-A,APL,Central,Columbus,"2,009",852,42.41%
Franklin,COLS 69-B,APM,Central,Columbus,829,400,48.25%
Franklin,COLS 69-C,APN,Central,Columbus,"1,492",649,43.50%
Franklin,COLS 69-D,APO,Central,Columbus,"1,058",743,70.23%
Franklin,COLS 69-E,APP,Central,Columbus,779,512,65.73%
Franklin,COLS 69-F,APQ,Central,Columbus,783,549,70.11%
Franklin,COLS 69-G,APR,Central,Columbus,841,422,50.18%
Franklin,COLS 70-A,APU,Central,Columbus,774,580,74.94%
Franklin,COLS 70-B,APV,Central,Columbus,963,574,59.61%
Franklin,COLS 70-C,APW,Central,Columbus,880,607,68.98%
Franklin,COLS 70-D,APX,Central,Columbus,"1,020",720,70.59%
Franklin,COLS 70-E,APY,Central,Columbus,939,347,36.95%
Franklin,COLS 71-A,APZ,Central,Columbus,"1,785",875,49.02%
Franklin,COLS 71-B,AQA,Central,Columbus,892,434,48.65%
Franklin,COLS 71-C,AQB,Central,Columbus,"1,702",745,43.77%
Franklin,COLS 71-D,AQC,Central,Columbus,"1,224",528,43.14%
Franklin,COLS 71-E,AQD,Central,Columbus,"1,007",593,58.89%
Franklin,COLS 71-F,AQE,Central,Columbus,496,166,33.47%
Franklin,COLS 72-A,AQL,Central,Columbus,801,582,72.66%
Franklin,COLS 72-B,AQM,Central,Columbus,831,589,70.88%
Franklin,COLS 72-C,AQN,Central,Columbus,850,609,71.65%
Franklin,COLS 72-D,AQO,Central,Columbus,771,584,75.75%
Franklin,COLS 72-E,AQP,Central,Columbus,"1,163",787,67.67%
Franklin,COLS 72-F,AQQ,Central,Columbus,"1,426",781,54.77%
Franklin,COLS 73-A,AQR,Central,Columbus,863,409,47.39%
Franklin,COLS 73-B,AQS,Central,Columbus,839,278,33.13%
Franklin,COLS 73-C,AQT,Central,Columbus,989,677,68.45%
Franklin,COLS 73-D,AQU,Central,Columbus,"1,268",703,55.44%
Franklin,COLS 73-E,AQV,Central,Columbus,748,426,56.95%
Franklin,COLS 73-F,AQW,Central,Columbus,"1,222",695,56.87%
Franklin,COLS 73-G,AQX,Central,Columbus,"1,067",502,47.05%
Franklin,COLS 74-A,AQY,Central,Columbus,955,540,56.54%
Franklin,COLS 74-B,AQZ,Central,Columbus,676,465,68.79%
Franklin,COLS 74-C,ARA,Central,Columbus,918,650,70.81%
Franklin,COLS 74-D,ARB,Central,Columbus,795,371,46.67%
Franklin,COLS 74-E,ARC,Central,Columbus,"1,192",550,46.14%
Franklin,COLS 74-F,ARD,Central,Columbus,"1,056",435,41.19%
Franklin,COLS 74-G,ARE,Central,Columbus,"1,145",666,58.17%
Franklin,DUB 1-A,ARG,Central,Columbus,"1,361",802,58.93%
Franklin,DUB 1-B,ARH,Central,Columbus,568,412,72.54%
Franklin,DUB 1-C,ARI,Central,Columbus,"1,240",842,67.90%
Franklin,DUB 1-D,ARJ,Central,Columbus,838,584,69.69%
Franklin,DUB 1-E,ARK,Central,Columbus,"1,209",826,68.32%
Franklin,DUB 2-A,ARL,Central,Columbus,785,562,71.59%
Franklin,DUB 2-B,ARM,Central,Columbus,617,366,59.32%
Franklin,DUB 2-C,ARN,Central,Columbus,589,385,65.37%
Franklin,DUB 2-D,ARO,Central,Columbus,"1,083",686,63.34%
Franklin,DUB 2-E,ARP,Central,Columbus,"1,099",696,63.33%
Franklin,DUB 3-A,ARQ,Central,Columbus,"1,399",991,70.84%
Franklin,DUB 4-A,ARR,Central,Columbus,"1,105",692,62.62%
Franklin,DUB 4-B,ARS,Central,Columbus,653,496,75.96%
Franklin,DUB 4-C,ART,Central,Columbus,775,518,66.84%
Franklin,DUB 4-D,ARU,Central,Columbus,"1,119",767,68.54%
Franklin,DUB 4-E,ARV,Central,Columbus,770,553,71.82%
Franklin,GAH 1-A,ARW,Central,Columbus,"1,077",516,47.91%
Franklin,GAH 1-B,ARX,Central,Columbus,741,402,54.25%
Franklin,GAH 1-C,ARY,Central,Columbus,"1,128",693,61.44%
Franklin,GAH 1-D,ARZ,Central,Columbus,721,285,39.53%
Franklin,GAH 1-E,ASA,Central,Columbus,"1,045",688,65.84%
Franklin,GAH 1-F,ASB,Central,Columbus,891,423,47.47%
Franklin,GAH 2-A,ASC,Central,Columbus,998,629,63.03%
Franklin,GAH 2-B,ASD,Central,Columbus,"1,023",535,52.30%
Franklin,GAH 2-C,ASE,Central,Columbus,664,390,58.73%
Franklin,GAH 2-D,ASF,Central,Columbus,807,452,56.01%
Franklin,GAH 2-E,ASG,Central,Columbus,766,463,60.44%
Franklin,GAH 3-A,ASH,Central,Columbus,910,463,50.88%
Franklin,GAH 3-B,ASI,Central,Columbus,737,456,61.87%
Franklin,GAH 3-C,ASJ,Central,Columbus,981,650,66.26%
Franklin,GAH 3-D,ASK,Central,Columbus,"1,399",834,59.61%
Franklin,GAH 3-E,ASL,Central,Columbus,"1,006",642,63.82%
Franklin,GAH 3-F,ASM,Central,Columbus,819,488,59.58%
Franklin,GAH 4-A,ASN,Central,Columbus,828,588,71.01%
Franklin,GAH 4-B,ASO,Central,Columbus,"1,277",829,64.92%
Franklin,GAH 4-C,ASP,Central,Columbus,687,488,71.03%
Franklin,GAH 4-D,ASQ,Central,Columbus,877,672,76.62%
Franklin,GAH 4-E,ASR,Central,Columbus,"1,028",712,69.26%
Franklin,GAH 4-F,ASS,Central,Columbus,734,515,70.16%
Franklin,GAH 4-G,AST,Central,Columbus,964,686,71.16%
Franklin,GRANDVIEW-A,ASU,Central,Columbus,"1,013",780,77.00%
Franklin,GRANDVIEW-B,ASV,Central,Columbus,926,712,76.89%
Franklin,GRANDVIEW-C,ASW,Central,Columbus,929,657,70.72%
Franklin,GRANDVIEW-D,ASX,Central,Columbus,"1,334",858,64.32%
Franklin,GRANDVIEW-E,ASY,Central,Columbus,"1,554",892,57.40%
Franklin,GROVE CITY 1-A,ASZ,Central,Columbus,"1,555",858,55.18%
Franklin,GROVE CITY 1-B,ATA,Central,Columbus,"1,172",595,50.77%
Franklin,GROVE CITY 1-C,ATB,Central,Columbus,774,434,56.07%
Franklin,GROVE CITY 1-D,ATC,Central,Columbus,983,495,50.36%
Franklin,GROVE CITY 2-A,ATD,Central,Columbus,"1,180",839,71.10%
Franklin,GROVE CITY 2-B,ATE,Central,Columbus,971,508,52.32%
Franklin,GROVE CITY 2-C,ATF,Central,Columbus,"1,247",677,54.29%
Franklin,GROVE CITY 3-A,ATG,Central,Columbus,897,605,67.45%
Franklin,GROVE CITY 3-B,ATH,Central,Columbus,"1,040",614,59.04%
Franklin,GROVE CITY 3-C,ATI,Central,Columbus,"1,007",638,63.36%
Franklin,GROVE CITY 3-D,ATJ,Central,Columbus,"1,208",743,61.51%
Franklin,GROVE CITY 3-E,ATK,Central,Columbus,933,587,62.92%
Franklin,GROVE CITY 4-A,ATM,Central,Columbus,"1,107",359,32.43%
Franklin,GROVE CITY 4-B,ATN,Central,Columbus,"1,084",538,49.63%
Franklin,GROVE CITY 4-C,ATO,Central,Columbus,"1,220",631,51.72%
Franklin,GROVE CITY 4-D,ATP,Central,Columbus,"1,062",617,58.10%
Franklin,GROVE CITY 4-E,ATQ,Central,Columbus,798,421,52.76%
Franklin,HILL 1-A,ATR,Central,Columbus,606,333,54.95%
Franklin,HILL 1-B,ATS,Central,Columbus,"1,175",639,54.38%
Franklin,HILL 1-C,ATT,Central,Columbus,814,556,68.30%
Franklin,HILL 1-D,ATU,Central,Columbus,884,338,38.24%
Franklin,HILL 2-A,ATV,Central,Columbus,949,656,69.13%
Franklin,HILL 2-B,ATW,Central,Columbus,"1,161",828,71.32%
Franklin,HILL 2-C,ATX,Central,Columbus,"1,383",684,49.46%
Franklin,HILL 2-D,ATY,Central,Columbus,"1,415",929,65.65%
Franklin,HILL 3-A,ATZ,Central,Columbus,905,470,51.93%
Franklin,HILL 3-B,AUA,Central,Columbus,"1,195",731,61.17%
Franklin,HILL 3-C,AUB,Central,Columbus,"1,298",807,62.17%
Franklin,HILL 3-D,AUC,Central,Columbus,"1,052",654,62.17%
Franklin,HILL 4-A,AUD,Central,Columbus,"1,992","1,312",65.86%
Franklin,HILL 4-B,AUE,Central,Columbus,"1,414",676,47.81%
Franklin,HILL 4-C,AUF,Central,Columbus,"1,444",983,68.07%
Franklin,HILL 4-D,AUG,Central,Columbus,"1,440",909,63.13%
Franklin,REYNS 1-A,AUH,Central,Columbus,920,383,41.63%
Franklin,REYNS 1-B,AUI,Central,Columbus,955,528,55.29%
Franklin,REYNS 1-C,AUJ,Central,Columbus,"1,101",403,36.60%
Franklin,REYNS 1-D,AUK,Central,Columbus,908,512,56.39%
Franklin,REYNS 1-E,AUL,Central,Columbus,520,275,52.88%
Franklin,REYNS 2-A,AUM,Central,Columbus,964,559,57.99%
Franklin,REYNS 2-B,AUN,Central,Columbus,928,569,61.31%
Franklin,REYNS 2-C,AUO,Central,Columbus,450,218,48.44%
Franklin,REYNS 2-D,AUP,Central,Columbus,882,354,40.14%
Franklin,REYNS 2-E,AUQ,Central,Columbus,453,213,47.02%
Franklin,REYNS 2-F,AUR,Central,Columbus,"1,243",626,50.36%
Franklin,REYNS 3-A,AUS,Central,Columbus,"1,133",626,55.25%
Franklin,REYNS 3-B,AUT,Central,Columbus,442,245,55.43%
Franklin,REYNS 4-A,AUW,Central,Columbus,805,211,26.21%
Franklin,REYNS 4-B,AUX,Central,Columbus,"1,078",330,30.61%
Franklin,REYNS 4-C,AUY,Central,Columbus,940,395,42.02%
Franklin,REYNS 4-D,AUZ,Central,Columbus,845,368,43.55%
Franklin,UA 1-A,AVA,Central,Columbus,865,672,77.69%
Franklin,UA 1-B,AVB,Central,Columbus,849,607,71.50%
Franklin,UA 1-C,AVC,Central,Columbus,728,508,69.78%
Franklin,UA 1-D,AVD,Central,Columbus,652,494,75.77%
Franklin,UA 1-E,AVE,Central,Columbus,903,688,76.19%
Franklin,UA 1-F,AVF,Central,Columbus,739,582,78.76%
Franklin,UA 2-A,AVG,Central,Columbus,946,666,70.40%
Franklin,UA 2-B,AVH,Central,Columbus,804,559,69.53%
Franklin,UA 2-C,AVI,Central,Columbus,779,572,73.43%
Franklin,UA 2-D,AVJ,Central,Columbus,663,481,72.55%
Franklin,UA 2-E,AVK,Central,Columbus,815,546,66.99%
Franklin,UA 3-A,AVL,Central,Columbus,775,616,79.48%
Franklin,UA 3-B,AVM,Central,Columbus,"1,497","1,019",68.07%
Franklin,UA 3-C,AVN,Central,Columbus,"1,057",759,71.81%
Franklin,UA 3-D,AVO,Central,Columbus,931,679,72.93%
Franklin,UA 4-A,AVQ,Central,Columbus,910,679,74.62%
Franklin,UA 4-B,AVR,Central,Columbus,"1,121",751,66.99%
Franklin,UA 4-C,AVS,Central,Columbus,917,658,71.76%
Franklin,UA 4-D,AVT,Central,Columbus,775,585,75.48%
Franklin,UA 4-E,AVU,Central,Columbus,885,644,72.77%
Franklin,UA 5-A,AVV,Central,Columbus,930,672,72.26%
Franklin,UA 5-B,AVW,Central,Columbus,989,732,74.01%
Franklin,UA 5-C,AVX,Central,Columbus,899,674,74.97%
Franklin,UA 5-D,AVY,Central,Columbus,713,495,69.42%
Franklin,UA 5-E,AVZ,Central,Columbus,"1,339","1,011",75.50%
Franklin,UA 6-A,AWB,Central,Columbus,"1,002",645,64.37%
Franklin,UA 6-B,AWC,Central,Columbus,"1,020",620,60.78%
Franklin,UA 6-C,AWD,Central,Columbus,589,460,78.10%
Franklin,UA 6-D,AWE,Central,Columbus,"1,486","1,120",75.37%
Franklin,UA 6-E,AWF,Central,Columbus,964,691,71.68%
Franklin,WESTERVILLE 1-A,AWI,Central,Columbus,822,491,59.73%
Franklin,WESTERVILLE 1-B,AWJ,Central,Columbus,969,705,72.76%
Franklin,WESTERVILLE 1-C,AWK,Central,Columbus,821,550,66.99%
Franklin,WESTERVILLE 1-D,AWL,Central,Columbus,610,376,61.64%
Franklin,WESTERVILLE 1-E,AWM,Central,Columbus,928,608,65.52%
Franklin,WESTERVILLE 2-A,AWN,Central,Columbus,928,696,75.00%
Franklin,WESTERVILLE 2-B,AWO,Central,Columbus,"1,196",867,72.49%
Franklin,WESTERVILLE 2-C,AWP,Central,Columbus,551,403,73.14%
Franklin,WESTERVILLE 2-D,AWQ,Central,Columbus,590,445,75.42%
Franklin,WESTERVILLE 2-E,AWR,Central,Columbus,874,652,74.60%
Franklin,WESTERVILLE 2-F,AWS,Central,Columbus,867,628,72.43%
Franklin,WESTERVILLE 3-A,AWT,Central,Columbus,764,466,60.99%
Franklin,WESTERVILLE 3-B,AWU,Central,Columbus,801,430,53.68%
Franklin,WESTERVILLE 3-C,AWV,Central,Columbus,784,479,61.10%
Franklin,WESTERVILLE 3-D,AWW,Central,Columbus,"1,002",588,58.68%
Franklin,WESTERVILLE 4-A,AWY,Central,Columbus,"1,192",843,70.72%
Franklin,WESTERVILLE 4-B,AWZ,Central,Columbus,"1,666","1,093",65.61%
Franklin,WESTERVILLE 4-C,AXA,Central,Columbus,906,629,69.43%
Franklin,WESTERVILLE 5-A,AXC,Central,Columbus,829,495,59.71%
Franklin,WESTERVILLE 5-B,AXD,Central,Columbus,951,438,46.06%
Franklin,WESTERVILLE 5-C,AXE,Central,Columbus,917,576,62.81%
Franklin,WESTERVILLE 5-D,AXF,Central,Columbus,732,526,71.86%
Franklin,WESTERVILLE 5-E,AXG,Central,Columbus,875,613,70.06%
Franklin,WHITEHALL 1-A,AXH,Central,Columbus,"1,265",345,27.27%
Franklin,WHITEHALL 1-B,AXI,Central,Columbus,"1,102",435,39.47%
Franklin,WHITEHALL 2-A,AXK,Central,Columbus,"1,090",328,30.09%
Franklin,WHITEHALL 2-B,AXL,Central,Columbus,801,292,36.45%
Franklin,WHITEHALL 2-C,AXM,Central,Columbus,"1,057",235,22.23%
Franklin,WHITEHALL 3-A,AXN,Central,Columbus,"1,306",514,39.36%
Franklin,WHITEHALL 3-B,AXO,Central,Columbus,807,301,37.30%
Franklin,WHITEHALL 3-C,AXP,Central,Columbus,882,292,33.11%
Franklin,WHITEHALL 4-A,AXR,Central,Columbus,"1,011",342,33.83%
Franklin,WHITEHALL 4-B,AXS,Central,Columbus,"1,300",404,31.08%
Franklin,WHITEHALL 4-C,AXT,Central,Columbus,"1,075",360,33.49%
Franklin,WORTH 1-A,AXU,Central,Columbus,944,723,76.59%
Franklin,WORTH 1-B,AXV,Central,Columbus,812,679,83.62%
Franklin,WORTH 1-C,AXW,Central,Columbus,892,675,75.67%
Franklin,WORTH 1-D,AXX,Central,Columbus,483,351,72.67%
Franklin,WORTH 2-A,AXY,Central,Columbus,939,735,78.27%
Franklin,WORTH 2-B,AXZ,Central,Columbus,891,650,72.95%
Franklin,WORTH 2-C,AYA,Central,Columbus,854,608,71.19%
Franklin,WORTH 3-A,AYB,Central,Columbus,696,555,79.74%
Franklin,WORTH 3-B,AYC,Central,Columbus,896,722,80.58%
Franklin,WORTH 4-A,AYF,Central,Columbus,694,509,73.34%
Franklin,WORTH 4-B,AYG,Central,Columbus,984,650,66.06%
Franklin,WORTH 4-C,AYH,Central,Columbus,632,484,76.58%
Franklin,WORTH 4-D,AYI,Central,Columbus,490,330,67.35%
Franklin,BLENDON-A,AYJ,Central,Columbus,711,380,53.45%
Franklin,BLENDON-B,AYK,Central,Columbus,404,273,67.57%
Franklin,BLENDON-C,AYL,Central,Columbus,971,461,47.48%
Franklin,BLENDON-D,AYM,Central,Columbus,"1,426",819,57.43%
Franklin,BLENDON-E,AYN,Central,Columbus,995,446,44.82%
Franklin,BLENDON-F,AYO,Central,Columbus,919,503,54.73%
Franklin,MINERVA PARK-A,AYQ,Central,Columbus,"1,578",993,62.93%
Franklin,BROWN-A,AYR,Central,Columbus,"1,213",814,67.11%
Franklin,BROWN-B,AYS,Central,Columbus,657,424,64.54%
Franklin,CLINTON-A,AYT,Central,Columbus,815,372,45.64%
Franklin,CLINTON-B,AYU,Central,Columbus,"1,102",293,26.59%
Franklin,CLINTON-C,AYV,Central,Columbus,553,305,55.15%
Franklin,FRANKLIN-A,AYW,Central,Columbus,"1,014",416,41.03%
Franklin,FRANKLIN-B,AYX,Central,Columbus,748,280,37.43%
Franklin,FRANKLIN-C,AYY,Central,Columbus,771,423,54.86%
Franklin,FRANKLIN-D,AYZ,Central,Columbus,823,291,35.36%
Franklin,FRANKLIN-E,AZA,Central,Columbus,936,330,35.26%
Franklin,FRANKLIN-F,AZB,Central,Columbus,"1,055",178,16.87%
Franklin,MARBLE CLIFF-A,AZC,Central,Columbus,593,419,70.66%
Franklin,VALLEYVIEW-A,AZD,Central,Columbus,433,222,51.27%
Franklin,HAMILTON-A,AZE,Central,Columbus,986,506,51.32%
Franklin,HAMILTON-B,AZF,Central,Columbus,591,251,42.47%
Franklin,HAMILTON-C,AZG,Central,Columbus,"1,422",658,46.27%
Franklin,OBETZ-A,AZJ,Central,Columbus,"1,336",615,46.03%
Franklin,OBETZ-B,AZK,Central,Columbus,"1,556",669,42.99%
Franklin,OBETZ-C,AZL,Central,Columbus,723,316,43.71%
Franklin,JACKSON-A,AZM,Central,Columbus,798,409,51.25%
Franklin,JACKSON-B,AZN,Central,Columbus,583,343,58.83%
Franklin,JACKSON-C,AZO,Central,Columbus,822,541,65.82%
Franklin,JACKSON-D,AZP,Central,Columbus,881,561,63.68%
Franklin,URBANCREST-A,AZQ,Central,Columbus,558,156,27.96%
Franklin,JEFFERSON-A,AZR,Central,Columbus,"1,200",841,70.08%
Franklin,JEFFERSON-B,AZS,Central,Columbus,951,650,68.35%
Franklin,JEFFERSON-C,AZT,Central,Columbus,"1,177",781,66.36%
Franklin,CANAL WIN-A,AZU,Central,Columbus,"1,231",776,63.04%
Franklin,CANAL WIN-B,AZV,Central,Columbus,"1,581",973,61.54%
Franklin,CANAL WIN-C,AZW,Central,Columbus,626,405,64.70%
Franklin,CANAL WIN-D,AZX,Central,Columbus,287,161,56.10%
Franklin,GROVEPORT-A,AZY,Central,Columbus,939,426,45.37%
Franklin,GROVEPORT-B,AZZ,Central,Columbus,"1,139",601,52.77%
Franklin,GROVEPORT-C,BAA,Central,Columbus,553,300,54.25%
Franklin,MADISON-A,BAB,Central,Columbus,819,486,59.34%
Franklin,MADISON-B,BAC,Central,Columbus,797,514,64.49%
Franklin,MADISON-C,BAD,Central,Columbus,"1,000",499,49.90%
Franklin,MADISON-D,BAE,Central,Columbus,"1,228",512,41.69%
Franklin,MADISON-E,BAF,Central,Columbus,471,271,57.54%
Franklin,MADISON-F,BAG,Central,Columbus,"1,182",447,37.82%
Franklin,MADISON-G,BAH,Central,Columbus,993,343,34.54%
Franklin,MADISON-H,BAI,Central,Columbus,961,404,42.04%
Franklin,MIFFLIN-A,BAJ,Central,Columbus,876,263,30.02%
Franklin,MIFFLIN-B,BAK,Central,Columbus,712,210,29.49%
Franklin,NORWICH-A,BAL,Central,Columbus,858,529,61.66%
Franklin,NORWICH-B,BAM,Central,Columbus,834,599,71.82%
Franklin,NORWICH-C,BAN,Central,Columbus,761,549,72.14%
Franklin,NORWICH-D,BAO,Central,Columbus,545,388,71.19%
Franklin,PERRY-A,BAP,Central,Columbus,764,561,73.43%
Franklin,PERRY-B,BAQ,Central,Columbus,891,663,74.41%
Franklin,PERRY-C,BAR,Central,Columbus,616,390,63.31%
Franklin,PERRY-D,BAS,Central,Columbus,"1,091",827,75.80%
Franklin,NEW ALBANY-A,BAT,Central,Columbus,"1,143",741,64.83%
Franklin,NEW ALBANY-B,BAU,Central,Columbus,"1,448",967,66.78%
Franklin,PLAIN-A,BAV,Central,Columbus,329,213,64.74%
Franklin,PLAIN-B,BAW,Central,Columbus,"1,140",725,63.60%
Franklin,PLEASANT-A,BAZ,Central,Columbus,644,383,59.47%
Franklin,PLEASANT-B,BBA,Central,Columbus,928,538,57.97%
Franklin,PLEASANT-C,BBB,Central,Columbus,951,594,62.46%
Franklin,PLEASANT-D,BBC,Central,Columbus,821,530,64.56%
Franklin,PLEASANT-E,BBD,Central,Columbus,609,390,64.04%
Franklin,PLEASANT-F,BBE,Central,Columbus,885,400,45.20%
Franklin,PRAIRIE-A,BBF,Central,Columbus,841,483,57.43%
Franklin,PRAIRIE-B,BBG,Central,Columbus,"1,114",629,56.46%
Franklin,PRAIRIE-C,BBH,Central,Columbus,748,403,53.88%
Franklin,PRAIRIE-D,BBI,Central,Columbus,798,379,47.49%
Franklin,PRAIRIE-E,BBJ,Central,Columbus,991,487,49.14%
Franklin,PRAIRIE-F,BBK,Central,Columbus,"1,082",420,38.82%
Franklin,PRAIRIE-G,BBL,Central,Columbus,757,393,51.92%
Franklin,PRAIRIE-H,BBM,Central,Columbus,922,271,29.39%
Franklin,PRAIRIE-I,BBN,Central,Columbus,"1,129",345,30.56%
Franklin,PRAIRIE-J,BBO,Central,Columbus,538,157,29.18%
Franklin,PRAIRIE-K,BBP,Central,Columbus,472,290,61.44%
Franklin,RIVERLEA-A,BBQ,Central,Columbus,471,383,81.32%
Franklin,SHARON-A,BBR,Central,Columbus,807,576,71.38%
Franklin,SHARON-B,BBS,Central,Columbus,793,535,67.47%
Franklin,TRURO-A,BBT,Central,Columbus,106,63,59.43%
Franklin,TRURO-B,BBU,Central,Columbus,821,302,36.78%
Franklin,WASHINGTON-A,BBV,Central,Columbus,613,333,54.32%
Franklin,COLS 50-D,BBX,Central,Columbus,980,331,33.78%
Franklin,COLS 73-H,BCA,Central,Columbus,992,477,48.08%
Franklin,PRAIRIE-L,BCC,Central,Columbus,650,310,47.69%
Franklin,REYNS 4-E,BCD,Central,Columbus,860,377,43.84%
Franklin,DUB 4-F,BCE,Central,Columbus,"1,371",868,63.31%
Franklin,NEW ALBANY-C,BCF,Central,Columbus,"1,308",853,65.21%
Franklin,COLS 37-E,BCG,Central,Columbus,"1,149",552,48.04%
Franklin,DUB 1-F,BCJ,Central,Columbus,"1,876",993,52.93%
Franklin,DUB 1-G,BCK,Central,Columbus,"1,025",693,67.61%
Franklin,COLS 45-L,BCS,Central,Columbus,857,295,34.42%
Franklin,COLS 46-J,BCT,Central,Columbus,"1,174",531,45.23%
Franklin,COLS 46-K,BCU,Central,Columbus,825,302,36.61%
Franklin,COLS 49-F,BCV,Central,Columbus,"1,415",466,32.93%
Franklin,WESTERVILLE 2-G,BDA,Central,Columbus,654,478,73.09%
Franklin,GAH 2-F,BDB,Central,Columbus,380,294,77.37%
Franklin,DUB 2-F,BDD,Central,Columbus,675,476,70.52%
Franklin,DUB 3-B,BDE,Central,Columbus,"1,635","1,043",63.79%
Franklin,COLS 66-F,BDL,Central,Columbus,"1,215",603,49.63%
Franklin,DUB 2-G,BDO,Central,Columbus,982,678,69.04%
Franklin,DUB 2-H,BDP,Central,Columbus,703,418,59.46%
Franklin,DUB 3-C,BDQ,Central,Columbus,"1,372",838,61.08%
Franklin,GROVE CITY 1-E,BDS,Central,Columbus,"1,182",763,64.55%
Franklin,GROVE CITY 2-D,BDT,Central,Columbus,822,468,56.93%
Franklin,GROVE CITY 2-E,BDU,Central,Columbus,"1,017",563,55.36%
Franklin,GAH 1-G,BDV,Central,Columbus,906,590,65.12%
Franklin,GAH 2-G,BDX,Central,Columbus,455,314,69.01%
Franklin,GAH 2-H,BDY,Central,Columbus,929,493,53.07%
Franklin,GAH 3-G,BDZ,Central,Columbus,908,606,66.74%
Franklin,COLS 58-I,BEG,Central,Columbus,785,292,37.20%
Franklin,REYNS 1-F,BEJ,Central,Columbus,959,364,37.96%
Franklin,REYNS 4-F,BEL,Central,Columbus,490,190,38.78%
Franklin,JEFFERSON-D,BEM,Central,Columbus,"1,174",505,43.02%
Franklin,COLS 14-E,BEQ,Central,Columbus,"1,577",632,40.08%
Franklin,COLS 14-F,BER,Central,Columbus,"1,093",652,59.65%
Franklin,COLS 25-H,BET,Central,Columbus,912,360,39.47%
Franklin,GAH 2-I,BFN,Central,Columbus,910,504,55.38%
Franklin,GRANDVIEW-F,BFO,Central,Columbus,783,578,73.82%
Franklin,CANAL WIN-E,BFQ,Central,Columbus,803,467,58.16%
Franklin,GROVEPORT-D,BFR,Central,Columbus,908,591,65.09%
Franklin,CANAL WIN-F,BFS,Central,Columbus,996,673,67.57%
Franklin,JEFFERSON-E,BFT,Central,Columbus,942,628,66.67%
Franklin,JEFFERSON-F,BFU,Central,Columbus,"1,775","1,044",58.82%
Franklin,NEW ALBANY-D,BFV,Central,Columbus,"1,229",795,64.69%
Franklin,NEW ALBANY-E,BFW,Central,Columbus,818,521,63.69%
Franklin,NEW ALBANY-F,BFX,Central,Columbus,"1,465","1,040",70.99%
Franklin,COLS 75-A,BFZ,Central,Columbus,"1,237",764,61.76%
Franklin,COLS 75-B,BGA,Central,Columbus,"1,320",754,57.12%
Franklin,COLS 76-A,BGB,Central,Columbus,780,447,57.31%
Franklin,COLS 77-A,BGC,Central,Columbus,919,528,57.45%
Franklin,COLS 78-A,BGD,Central,Columbus,554,307,55.42%
Franklin,COLS 79-A,BGE,Central,Columbus,"1,351",223,16.51%
Franklin,COLS 80-A,BGF,Central,Columbus,"1,068",589,55.15%
Franklin,COLS 81-A,BGG,Central,Columbus,"1,446",557,38.52%
Franklin,COLS 82-A,BGH,Central,Columbus,"1,140",509,44.65%
Franklin,COLS 83-A,BGI,Central,Columbus,958,474,49.48%
Franklin,COLS 84-A,BGJ,Central,Columbus,"1,491",981,65.79%
Franklin,COLS 85-A,BGK,Central,Columbus,"1,515",477,31.49%
Franklin,COLS 86-A,BGL,Central,Columbus,"1,678",638,38.02%
Franklin,COLS 87-A,BGM,Central,Columbus,828,354,42.75%
Franklin,COLS 75-C,BGN,Central,Columbus,896,393,43.86%
Franklin,COLS 75-D,BGO,Central,Columbus,"1,303",496,38.07%
Franklin,COLS 75-E,BGP,Central,Columbus,"1,069",599,56.03%
Franklin,COLS 75-F,BGQ,Central,Columbus,"1,095",503,45.94%
Franklin,COLS 75-G,BGR,Central,Columbus,"1,045",424,40.57%
Franklin,COLS 76-B,BGU,Central,Columbus,610,314,51.48%
Franklin,COLS 76-C,BGV,Central,Columbus,"1,110",596,53.69%
Franklin,COLS 76-D,BGW,Central,Columbus,"1,203",672,55.86%
Franklin,COLS 76-E,BGX,Central,Columbus,"1,180",269,22.80%
Franklin,COLS 76-F,BGY,Central,Columbus,"1,298",658,50.69%
Franklin,COLS 76-G,BGZ,Central,Columbus,987,363,36.78%
Franklin,COLS 77-B,BHA,Central,Columbus,807,468,57.99%
Franklin,COLS 77-C,BHB,Central,Columbus,894,452,50.56%
Franklin,COLS 77-D,BHC,Central,Columbus,"1,425",928,65.12%
Franklin,COLS 77-E,BHD,Central,Columbus,"1,325",773,58.34%
Franklin,COLS 77-F,BHE,Central,Columbus,"1,052",749,71.20%
Franklin,COLS 78-B,BHF,Central,Columbus,789,415,52.60%
Franklin,COLS 78-C,BHG,Central,Columbus,"1,194",321,26.88%
Franklin,COLS 78-D,BHH,Central,Columbus,"1,458",589,40.40%
Franklin,COLS 78-E,BHI,Central,Columbus,"1,041",481,46.21%
Franklin,COLS 79-B,BHJ,Central,Columbus,"1,370",621,45.33%
Franklin,COLS 79-C,BHK,Central,Columbus,"1,366",675,49.41%
Franklin,COLS 79-D,BHL,Central,Columbus,967,462,47.78%
Franklin,COLS 80-B,BHM,Central,Columbus,"1,533",639,41.68%
Franklin,COLS 80-C,BHN,Central,Columbus,540,274,50.74%
Franklin,COLS 80-D,BHO,Central,Columbus,"1,077",616,57.20%
Franklin,COLS 80-E,BHP,Central,Columbus,762,433,56.82%
Franklin,COLS 80-F,BHQ,Central,Columbus,"1,490",830,55.70%
Franklin,COLS 81-B,BHR,Central,Columbus,"1,008",435,43.15%
Franklin,COLS 81-C,BHS,Central,Columbus,"1,203",552,45.89%
Franklin,COLS 81-D,BHT,Central,Columbus,"1,214",399,32.87%
Franklin,COLS 82-B,BHU,Central,Columbus,"1,134",600,52.91%
Franklin,COLS 82-C,BHV,Central,Columbus,475,324,68.21%
Franklin,COLS 82-D,BHW,Central,Columbus,"1,632",840,51.47%
Franklin,COLS 82-E,BHX,Central,Columbus,"2,026","1,342",66.24%
Franklin,COLS 82-F,BHY,Central,Columbus,"1,637",774,47.28%
Franklin,COLS 82-G,BHZ,Central,Columbus,"1,316",587,44.60%
Franklin,COLS 82-H,BIA,Central,Columbus,"1,344",689,51.26%
Franklin,COLS 83-B,BIB,Central,Columbus,991,471,47.53%
Franklin,COLS 83-C,BIC,Central,Columbus,839,347,41.36%
Franklin,COLS 83-D,BID,Central,Columbus,"1,082",343,31.70%
Franklin,COLS 83-E,BIE,Central,Columbus,"1,368",659,48.17%
Franklin,COLS 83-F,BIF,Central,Columbus,"1,013",282,27.84%
Franklin,COLS 83-G,BIG,Central,Columbus,"1,398",378,27.04%
Franklin,COLS 84-B,BIH,Central,Columbus,"1,238",825,66.64%
Franklin,COLS 84-C,BII,Central,Columbus,"1,210",439,36.28%
Franklin,COLS 84-D,BIJ,Central,Columbus,"1,301",485,37.28%
Franklin,COLS 84-E,BIK,Central,Columbus,"1,264",853,67.48%
Franklin,COLS 84-F,BIL,Central,Columbus,"1,217",651,53.49%
Franklin,COLS 84-G,BIM,Central,Columbus,712,279,39.19%
Franklin,COLS 85-B,BIO,Central,Columbus,"1,382",499,36.11%
Franklin,COLS 85-C,BIP,Central,Columbus,"1,248",574,45.99%
Franklin,COLS 85-D,BIQ,Central,Columbus,"1,209",613,50.70%
Franklin,COLS 86-B,BIR,Central,Columbus,"1,600",563,35.19%
Franklin,COLS 86-C,BIS,Central,Columbus,959,274,28.57%
Franklin,COLS 86-D,BIT,Central,Columbus,"1,558",529,33.95%
Franklin,COLS 86-E,BIU,Central,Columbus,"1,357",525,38.69%
Franklin,COLS 86-F,BIV,Central,Columbus,"1,117",449,40.20%
Franklin,COLS 86-G,BIW,Central,Columbus,"1,029",374,36.35%
Franklin,COLS 87-B,BIX,Central,Columbus,722,345,47.78%
Franklin,COLS 87-C,BIY,Central,Columbus,"1,061",345,32.52%
Franklin,GROVE CITY 1-F,BJA,Central,Columbus,"1,166",661,56.69%
Franklin,GROVE CITY 3-F,BJB,Central,Columbus,904,568,62.83%
Franklin,GROVE CITY 3-G,BJC,Central,Columbus,891,493,55.33%
Franklin,HILL 2-E,BJD,Central,Columbus,"1,626",810,49.82%
Franklin,COLS 08-E,BJF,Central,Columbus,984,450,45.73%
Franklin,COLS 46-H,BJI,Central,Columbus,768,340,44.27%
Franklin,COLS 49-G,BJJ,Central,Columbus,525,195,37.14%
Franklin,COLS 58-J,BJL,Central,Columbus,"1,266",516,40.76%
Franklin,COLS 69-H,BJN,Central,Columbus,526,233,44.30%
Franklin,COLS 69-I,BJO,Central,Columbus,"1,166",622,53.34%
Franklin,COLS 78-F,BJP,Central,Columbus,752,491,65.29%
Franklin,COLS 78-H,BJQ,Central,Columbus,"1,108",497,44.86%
Franklin,COLS 81-E,BJS,Central,Columbus,"1,075",445,41.40%
Franklin,COLS 87-D,BJT,Central,Columbus,"1,404",595,42.38%
Franklin,COLS 87-E,BJU,Central,Columbus,696,230,33.05%
Franklin,GROVE CITY 4-F,BJV,Central,Columbus,"1,198",759,63.36%
Franklin,COLS 69-J,BJX,Central,Columbus,829,530,63.93%
Franklin,COLS 78-G,BJY,Central,Columbus,"1,259",589,46.78%
Franklin,DUB 2-I,BJZ,Central,Columbus,"1,002",686,68.46%
Franklin,PRAIRIE-M,BKA,Central,Columbus,703,426,60.60%
Franklin,COLS 49-H,BKB,Central,Columbus,942,422,44.80%
Franklin,COLS 46-I,BKC,Central,Columbus,794,302,38.04%
Franklin,JEFFERSON-G,BKE,Central,Columbus,896,484,54.02%
Franklin,DUB 1-H,BKF,Central,Columbus,765,481,62.88%
Franklin,COLS 73-I,BKI,Central,Columbus,970,650,67.01%
Franklin,COLS 73-J,BKJ,Central,Columbus,"1,227",506,41.24%
Franklin,COLS 82-I,BKK,Central,Columbus,"1,088",604,55.51%
Franklin,COLS 82-J,BKL,Central,Columbus,"1,299",621,47.81%
Franklin,COLS 69-K,BKM,Central,Columbus,489,259,52.97%
Franklin,HILL 1-E,BKN,Central,Columbus,865,466,53.87%
Franklin,HILL 1-F,BKO,Central,Columbus,954,459,48.11%
Franklin,HILL 3-E,BKP,Central,Columbus,980,645,65.82%
Franklin,GROVE CITY 3-H,BKQ,Central,Columbus,771,508,65.89%
Franklin,COLS 72-G,BKR,Central,Columbus,667,446,66.87%
Franklin,GROVE CITY 2-F,BKS,Central,Columbus,"1,036",530,51.16%
Franklin,GROVE CITY 4-G,BKT,Central,Columbus,869,537,61.80%
Franklin,COLS 41-F,BKU,Central,Columbus,230,45,19.57%
Franklin,COLS 41-G,BKV,Central,Columbus,682,152,22.29%
Franklin,COLS 69-L,BKW,Central,Columbus,"1,442",819,56.80%
Franklin,COLS 69-M,BKX,Central,Columbus,881,396,44.95%
Franklin,COLS 08-F,BKY,Central,Columbus,926,335,36.18%
Franklin,COLS 39-C,BKZ,Central,Columbus,499,113,22.65%
Franklin,COLS 39-D,BLA,Central,Columbus,677,166,24.52%
Franklin,COLS 82-K,BLB,Central,Columbus,"1,526",695,45.54%
Franklin,COLS 82-L,BLC,Central,Columbus,"1,731",990,57.19%
Franklin,COLS 86-H,BLD,Central,Columbus,"1,043",393,37.68%
Franklin,DUB 2-J,BLE,Central,Columbus,"1,447","1,005",69.45%
Franklin,REYNS 1-G,BLF,Central,Columbus,"1,211",593,48.97%
Franklin,UA 2-F,BLG,Central,Columbus,935,656,70.16%
Franklin,COLS 41-H,BLK,Central,Columbus,704,194,27.56%
Franklin,COLS 41-I,BLL,Central,Columbus,601,151,25.12%
Franklin,HILL 4-E,BLM,Central,Columbus,"1,413",795,56.26%
Franklin,COLS 69-N,BLN,Central,Columbus,"1,076",415,38.57%
Franklin,COLS 59-F,BLO,Central,Columbus,819,304,37.12%
Franklin,NEW ALBANY-G,BLP,Central,Columbus,850,528,62.12%
Franklin,COLS 16-F,BLQ,Central,Columbus,703,162,23.04%
Franklin,COLS 78-I,BLR,Central,Columbus,"1,123",303,26.98%
Franklin,COLS 68-D,BLS,Central,Columbus,862,253,29.35%
Franklin,COLS 64-G,BLT,Central,Columbus,734,332,45.23%
Franklin,COLS 75-H,BLU,Central,Columbus,703,388,55.19%
Franklin,COLS 44-H,BLV,Central,Columbus,754,153,20.29%
Franklin,COLS 86-I,BLW,Central,Columbus,850,391,46.00%
Franklin,COLS 85-E,BLX,Central,Columbus,744,235,31.59%
Franklin,JEFFERSON-H,BLY,Central,Columbus,"1,071",468,43.70%
Franklin,REYNS 4-G,BLZ,Central,Columbus,756,178,23.54%
Franklin,COLS 33-I,BMA,Central,Columbus,957,433,45.25%
Franklin,COLS 83-H,BMB,Central,Columbus,828,312,37.68%
Franklin,COLS 74-H,BMC,Central,Columbus,646,265,41.02%
Franklin,COLS 43-E,BMD,Central,Columbus,945,372,39.37%
Franklin,COLS 73-K,BME,Central,Columbus,875,392,44.80%
Franklin,HILL 2-F,BMF,Central,Columbus,627,467,74.48%
Franklin,COLS 45-M,BMG,Central,Columbus,677,262,38.70%
Franklin,COLS 14-G,BMH,Central,Columbus,753,413,54.85%
Franklin,COLS 50-E,BMI,Central,Columbus,728,300,41.21%
Franklin,COLS 82-M,BMJ,Central,Columbus,648,406,62.65%
Franklin,COLS 42-E,BMK,Central,Columbus,"1,046",181,17.30%
Franklin,WESTERVILLE 3-E,BML,Central,Columbus,816,453,55.51%
Franklin,WORTH 3-C,BMM,Central,Columbus,690,451,65.36%
Franklin,COLS 46-L,BMN,Central,Columbus,907,297,32.75%
Franklin,COLS 73-L,BMO,Central,Columbus,933,533,57.13%
Franklin,COLS 45-N,BMP,Central,Columbus,649,160,24.65%
Franklin,GROVEPORT-E,BMQ,Central,Columbus,748,368,49.20%
Franklin,COLS 52-G,BMR,Central,Columbus,871,241,27.67%
Franklin,COLS 84-H,BMS,Central,Columbus,651,285,43.78%
Franklin,COLS 86-J,BMT,Central,Columbus,768,269,35.03%
Franklin,COLS 57-G,BMU,Central,Columbus,854,294,34.43%
Franklin,HILL 1-G,BMV,Central,Columbus,714,482,67.51%
Franklin,JEFFERSON-I,BMW,Central,Columbus,571,362,63.40%
Franklin,COLS 58-K,BMX,Central,Columbus,725,212,29.24%
Franklin,COLS 05-D,BMY,Central,Columbus,865,224,25.90%
Franklin,COLS 64-H,BMZ,Central,Columbus,832,318,38.22%
Franklin,GROVE CITY 1-G,BNA,Central,Columbus,696,413,59.34%
Franklin,COLS 82-N,BNB,Central,Columbus,648,271,41.82%
Franklin,DUB 1-I,BNC,Central,Columbus,640,434,67.81%
Franklin,COLS 83-I,BND,Central,Columbus,813,174,21.40%
Franklin,COLS 82-O,BNE,Central,Columbus,547,335,61.24%
Franklin,COLS 45-O,BNF,Central,Columbus,672,201,29.91%
Franklin,COLS 73-M,BNG,Central,Columbus,635,296,46.61%
Franklin,COLS 30-E,BNH,Central,Columbus,709,293,41.33%
Franklin,COLS 12-E,BNI,Central,Columbus,"1,041",489,46.97%
Franklin,COLS 75-I,BNJ,Central,Columbus,517,286,55.32%
Franklin,COLS 08-G,BNK,Central,Columbus,"1,050",430,40.95%
Franklin,COLS 46-M,BNL,Central,Columbus,731,272,37.21%
Franklin,COLS 52-H,BNM,Central,Columbus,843,176,20.88%
Franklin,REYNS 2-G,BNN,Central,Columbus,615,378,61.46%
Franklin,GROVE CITY 2-G,BNO,Central,Columbus,704,483,68.61%
Franklin,COLS 79-E,BNP,Central,Columbus,729,350,48.01%
Franklin,COLS 08-H,BNQ,Central,Columbus,"1,048",469,44.75%
Franklin,COLS 83-J,BNR,Central,Columbus,802,377,47.01%
Franklin,JEFFERSON-J,BNS,Central,Columbus,576,393,68.23%
Franklin,WORTH 3-D,BNT,Central,Columbus,717,569,79.36%
Franklin,COLS 33-J,BNU,Central,Columbus,730,308,42.19%
Fulton,AMBOY / METAMORA,AAA,Northwest,Toledo,"1,289",788,61.13%
Fulton,CHESTERFIELD,AAC,Northwest,Toledo,647,402,62.13%
Fulton,CLINTON EAST,AAD,Northwest,Toledo,806,494,61.29%
Fulton,PETTISVILLE,AAE,Northwest,Toledo,"1,344",809,60.19%
Fulton,WAUSEON ONE,AAF,Northwest,Toledo,933,471,50.48%
Fulton,WAUSEON TWO,AAG,Northwest,Toledo,970,509,52.47%
Fulton,WAUSEON THREE,AAH,Northwest,Toledo,950,386,40.63%
Fulton,WAUSEON FOUR,AAI,Northwest,Toledo,647,339,52.40%
Fulton,WAUSEON FIVE,AAJ,Northwest,Toledo,"1,235",614,49.72%
Fulton,DOVER,AAK,Northwest,Toledo,"1,169",674,57.66%
Fulton,FRANKLIN,AAL,Northwest,Toledo,473,282,59.62%
Fulton,FULTON,AAM,Northwest,Toledo,"1,029",644,62.59%
Fulton,GERMAN,AAN,Northwest,Toledo,944,607,64.30%
Fulton,ARCHBOLD ONE,AAO,Northwest,Toledo,"1,211",634,52.35%
Fulton,ARCHBOLD TWO,AAP,Northwest,Toledo,979,626,63.94%
Fulton,ARCHBOLD THREE,AAQ,Northwest,Toledo,"1,050",549,52.29%
Fulton,GORHAM / FAYETTE,AAS,Northwest,Toledo,"1,444",739,51.18%
Fulton,PIKE,AAU,Northwest,Toledo,"1,290",784,60.78%
Fulton,ROYALTON / LYONS,AAW,Northwest,Toledo,"1,019",647,63.49%
Fulton,SWANCREEK EAST ONE,AAX,Northwest,Toledo,860,540,62.79%
Fulton,SWANCREEK EAST TWO,AAY,Northwest,Toledo,"1,082",671,62.01%
Fulton,SWANCREEK WEST,AAZ,Northwest,Toledo,"1,308",722,55.20%
Fulton,SWANTON FULTON,ABC,Northwest,Toledo,"1,205",677,56.18%
Fulton,SWANTON SWANCREEK,ABD,Northwest,Toledo,"1,314",669,50.91%
Fulton,YORK,ABF,Northwest,Toledo,"1,198",688,57.43%
Fulton,DELTA ONE,ABH,Northwest,Toledo,517,267,51.64%
Fulton,DELTA TWO,ABI,Northwest,Toledo,657,347,52.82%
Fulton,DELTA THREE,ABJ,Northwest,Toledo,965,466,48.29%
Fulton,SWANCREEK LIBERTY CENTER,ABK,Northwest,Toledo,895,557,62.23%
Gallia,GALLIPOLIS CITY 1,AAA,Southeast,Charleston,547,279,51.01%
Gallia,GALLIPOLIS CITY 3,AAB,Southeast,Charleston,"1,062",436,41.05%
Gallia,GALLIPOLIS CITY 2,AAE,Southeast,Charleston,577,307,53.21%
Gallia,ADDISON PCT,AAF,Southeast,Charleston,602,283,47.01%
Gallia,ADDISON TWP,AAG,Southeast,Charleston,779,409,52.50%
Gallia,CHESHIRE TWP,AAI,Southeast,Charleston,587,297,50.60%
Gallia,CLAY TWP,AAK,Southeast,Charleston,"1,149",594,51.70%
Gallia,GALLIPOLIS TWP,AAL,Southeast,Charleston,"1,034",507,49.03%
Gallia,GREEN 1,AAN,Southeast,Charleston,"1,215",617,50.78%
Gallia,GREEN 2,AAO,Southeast,Charleston,600,267,44.50%
Gallia,GREEN 4,AAQ,Southeast,Charleston,730,415,56.85%
Gallia,GREEN 5,AAR,Southeast,Charleston,"1,052",564,53.61%
Gallia,GREENFIELD TWP,AAT,Southeast,Charleston,334,130,38.92%
Gallia,GUYAN PCT,AAU,Southeast,Charleston,294,122,41.50%
Gallia,GUYAN TWP,AAV,Southeast,Charleston,521,266,51.06%
Gallia,HARRISON TWP,AAW,Southeast,Charleston,613,306,49.92%
Gallia,HUNTINGTON TWP,AAY,Southeast,Charleston,931,426,45.76%
Gallia,MORGAN TWP,AAZ,Southeast,Charleston,863,373,43.22%
Gallia,OHIO TWP,ABA,Southeast,Charleston,571,264,46.23%
Gallia,PERRY TWP,ABB,Southeast,Charleston,754,412,54.64%
Gallia,CENTERVILLE PCT,ABC,Southeast,Charleston,615,328,53.33%
Gallia,RACCOON TWP,ABD,Southeast,Charleston,755,315,41.72%
Gallia,BIDWELL PCT,ABF,Southeast,Charleston,667,301,45.13%
Gallia,SPRINGFIELD 1,ABG,Southeast,Charleston,823,392,47.63%
Gallia,SPRINGFIELD 2,ABH,Southeast,Charleston,753,402,53.39%
Gallia,WALNUT TWP,ABJ,Southeast,Charleston,468,267,57.05%
Geauga,PRECINCT AUBURN TWP A,AAA,Northeast,Cleveland,"1,156",822,71.11%
Geauga,PRECINCT AUBURN TWP B,AAB,Northeast,Cleveland,987,686,69.50%
Geauga,PRECINCT AUBURN TWP C,AAC,Northeast,Cleveland,"1,078",687,63.73%
Geauga,PRECINCT AUBURN TWP D,AAD,Northeast,Cleveland,"1,176",794,67.52%
Geauga,PRECINCT AUBURN TWP E,AAE,Northeast,Cleveland,928,595,64.12%
Geauga,PRECINCT BAINBRIDGE TWP A,AAF,Northeast,Cleveland,"1,272",767,60.30%
Geauga,PRECINCT BAINBRIDGE TWP B,AAG,Northeast,Cleveland,"1,348",853,63.28%
Geauga,PRECINCT BAINBRIDGE TWP C,AAH,Northeast,Cleveland,956,641,67.05%
Geauga,PRECINCT BAINBRIDGE TWP D,AAI,Northeast,Cleveland,"1,417",934,65.91%
Geauga,PRECINCT BAINBRIDGE TWP E,AAJ,Northeast,Cleveland,"1,109",732,66.01%
Geauga,PRECINCT BAINBRIDGE TWP F,AAK,Northeast,Cleveland,919,646,70.29%
Geauga,PRECINCT BAINBRIDGE TWP G,AAL,Northeast,Cleveland,"1,184",769,64.95%
Geauga,PRECINCT BAINBRIDGE TWP H,AAM,Northeast,Cleveland,"1,021",663,64.94%
Geauga,PRECINCT BAINBRIDGE TWP I,AAN,Northeast,Cleveland,802,506,63.09%
Geauga,PRECINCT BURTON VILLAGE,AAO,Northeast,Cleveland,963,552,57.32%
Geauga,PRECINCT BURTON TWP A,AAP,Northeast,Cleveland,616,409,66.40%
Geauga,PRECINCT BURTON TWP B,AAQ,Northeast,Cleveland,494,306,61.94%
Geauga,PRECINCT BURTON TWP C,AAR,Northeast,Cleveland,739,413,55.89%
Geauga,PRECINCT CHARDON CITY A,AAS,Northeast,Cleveland,985,508,51.57%
Geauga,PRECINCT CHARDON CITY B,AAT,Northeast,Cleveland,796,459,57.66%
Geauga,PRECINCT CHARDON CITY C,AAU,Northeast,Cleveland,755,423,56.03%
Geauga,PRECINCT CHARDON CITY D,AAV,Northeast,Cleveland,"1,275",805,63.14%
Geauga,PRECINCT CHARDON TWP A,AAW,Northeast,Cleveland,"1,021",681,66.70%
Geauga,PRECINCT CHARDON TWP B,AAX,Northeast,Cleveland,630,432,68.57%
Geauga,PRECINCT CHARDON TWP C,AAY,Northeast,Cleveland,994,686,69.01%
Geauga,PRECINCT CHARDON TWP D,AAZ,Northeast,Cleveland,976,678,69.47%
Geauga,PRECINCT CHESTER TWP A,ABA,Northeast,Cleveland,643,434,67.50%
Geauga,PRECINCT CHESTER TWP B,ABB,Northeast,Cleveland,932,612,65.67%
Geauga,PRECINCT CHESTER TWP C,ABC,Northeast,Cleveland,787,513,65.18%
Geauga,PRECINCT CHESTER TWP D,ABD,Northeast,Cleveland,833,563,67.59%
Geauga,PRECINCT CHESTER TWP E,ABE,Northeast,Cleveland,826,543,65.74%
Geauga,PRECINCT CHESTER TWP F,ABF,Northeast,Cleveland,835,540,64.67%
Geauga,PRECINCT CHESTER TWP G,ABG,Northeast,Cleveland,"1,086",743,68.42%
Geauga,PRECINCT CHESTER TWP H,ABH,Northeast,Cleveland,862,556,64.50%
Geauga,PRECINCT CHESTER TWP I,ABI,Northeast,Cleveland,990,670,67.68%
Geauga,PRECINCT AQUILLA VILLAGE,ABJ,Northeast,Cleveland,206,118,57.28%
Geauga,PRECINCT CLARIDON TWP A,ABK,Northeast,Cleveland,664,428,64.46%
Geauga,PRECINCT CLARIDON TWP B,ABL,Northeast,Cleveland,868,546,62.90%
Geauga,PRECINCT CLARIDON TWP C,ABM,Northeast,Cleveland,485,237,48.87%
Geauga,PRECINCT HAMBDEN TWP A,ABN,Northeast,Cleveland,903,573,63.46%
Geauga,PRECINCT HAMBDEN TWP B,ABO,Northeast,Cleveland,667,413,61.92%
Geauga,PRECINCT HAMBDEN TWP C,ABP,Northeast,Cleveland,944,585,61.97%
Geauga,PRECINCT HAMBDEN TWP D,ABQ,Northeast,Cleveland,"1,001",573,57.24%
Geauga,PRECINCT HUNTSBURG TWP A,ABR,Northeast,Cleveland,928,592,63.79%
Geauga,PRECINCT HUNTSBURG TWP B,ABS,Northeast,Cleveland,576,276,47.92%
Geauga,PRECINCT MIDDLEFIELD VILL A,ABT,Northeast,Cleveland,987,637,64.54%
Geauga,PRECINCT MIDDLEFIELD VILL B,ABU,Northeast,Cleveland,963,507,52.65%
Geauga,PRECINCT MIDDLEFIELD TWP A,ABV,Northeast,Cleveland,804,355,44.15%
Geauga,PRECINCT MIDDLEFIELD TWP B,ABW,Northeast,Cleveland,756,318,42.06%
Geauga,PRECINCT MONTVILLE TWP A,ABX,Northeast,Cleveland,714,442,61.90%
Geauga,PRECINCT MONTVILLE TWP B,ABY,Northeast,Cleveland,680,415,61.03%
Geauga,PRECINCT MUNSON TWP A,ABZ,Northeast,Cleveland,971,679,69.93%
Geauga,PRECINCT MUNSON TWP B,ACA,Northeast,Cleveland,"1,021",664,65.03%
Geauga,PRECINCT MUNSON TWP C,ACB,Northeast,Cleveland,"1,001",642,64.14%
Geauga,PRECINCT MUNSON TWP D,ACC,Northeast,Cleveland,569,378,66.43%
Geauga,PRECINCT MUNSON TWP E,ACD,Northeast,Cleveland,890,588,66.07%
Geauga,PRECINCT MUNSON TWP F,ACE,Northeast,Cleveland,"1,030",745,72.33%
Geauga,PRECINCT NEWBURY TWP A,ACF,Northeast,Cleveland,"1,060",675,63.68%
Geauga,PRECINCT NEWBURY TWP B,ACG,Northeast,Cleveland,781,508,65.04%
Geauga,PRECINCT NEWBURY TWP C,ACH,Northeast,Cleveland,655,332,50.69%
Geauga,PRECINCT NEWBURY TWP D,ACI,Northeast,Cleveland,948,657,69.30%
Geauga,PRECINCT NEWBURY TWP E,ACJ,Northeast,Cleveland,705,449,63.69%
Geauga,PRECINCT PARKMAN TWP A,ACK,Northeast,Cleveland,884,376,42.53%
Geauga,PRECINCT PARKMAN TWP B,ACL,Northeast,Cleveland,867,489,56.40%
Geauga,PRECINCT SOUTH RUSSELL VILL A,ACM,Northeast,Cleveland,946,662,69.98%
Geauga,PRECINCT SOUTH RUSSELL VILL B,ACN,Northeast,Cleveland,733,485,66.17%
Geauga,PRECINCT SOUTH RUSSELL VILL C,ACO,Northeast,Cleveland,868,604,69.59%
Geauga,PRECINCT SOUTH RUSSELL VILL D,ACP,Northeast,Cleveland,695,480,69.06%
Geauga,PRECINCT HUNTING VALLEY VILL,ACQ,Northeast,Cleveland,131,97,74.05%
Geauga,PRECINCT RUSSELL TWP A,ACR,Northeast,Cleveland,946,687,72.62%
Geauga,PRECINCT RUSSELL TWP B,ACS,Northeast,Cleveland,874,611,69.91%
Geauga,PRECINCT RUSSELL TWP C,ACT,Northeast,Cleveland,988,697,70.55%
Geauga,PRECINCT RUSSELL TWP D,ACU,Northeast,Cleveland,712,512,71.91%
Geauga,PRECINCT RUSSELL TWP E,ACV,Northeast,Cleveland,"1,044",713,68.30%
Geauga,PRECINCT THOMPSON TWP A,ACW,Northeast,Cleveland,784,502,64.03%
Geauga,PRECINCT THOMPSON TWP B,ACX,Northeast,Cleveland,771,456,59.14%
Geauga,PRECINCT TROY TWP A,ACY,Northeast,Cleveland,719,380,52.85%
Geauga,PRECINCT TROY TWP B,ACZ,Northeast,Cleveland,794,485,61.08%
Greene,BEAVERCREEK 001,AAA,West,Dayton,"1,471",596,40.52%
Greene,BEAVERCREEK 010,AAB,West,Dayton,811,506,62.39%
Greene,BEAVERCREEK 011,AAC,West,Dayton,"1,408",790,56.11%
Greene,BEAVERCREEK 012,AAD,West,Dayton,604,360,59.60%
Greene,BEAVERCREEK 013,AAE,West,Dayton,723,452,62.52%
Greene,BEAVERCREEK 014,AAF,West,Dayton,893,593,66.41%
Greene,BEAVERCREEK 015,AAG,West,Dayton,907,639,70.45%
Greene,BEAVERCREEK 016,AAH,West,Dayton,699,461,65.95%
Greene,BEAVERCREEK 017,AAI,West,Dayton,835,545,65.27%
Greene,BEAVERCREEK 018,AAJ,West,Dayton,774,503,64.99%
Greene,BEAVERCREEK 019,AAK,West,Dayton,885,608,68.70%
Greene,BEAVERCREEK 002,AAL,West,Dayton,"1,687",701,41.55%
Greene,BEAVERCREEK 020,AAM,West,Dayton,714,472,66.11%
Greene,BEAVERCREEK 021,AAN,West,Dayton,"1,105",436,39.46%
Greene,BEAVERCREEK 022,AAO,West,Dayton,"1,485",899,60.54%
Greene,BEAVERCREEK 023,AAP,West,Dayton,"1,103",766,69.45%
Greene,BEAVERCREEK 024,AAQ,West,Dayton,"1,000",677,67.70%
Greene,BEAVERCREEK 025,AAR,West,Dayton,616,418,67.86%
Greene,BEAVERCREEK 026,AAS,West,Dayton,698,468,67.05%
Greene,BEAVERCREEK 027,AAT,West,Dayton,495,343,69.29%
Greene,BEAVERCREEK 028,AAU,West,Dayton,673,463,68.80%
Greene,BEAVERCREEK 029,AAV,West,Dayton,645,409,63.41%
Greene,BEAVERCREEK 003,AAW,West,Dayton,928,513,55.28%
Greene,BEAVERCREEK 030,AAX,West,Dayton,692,400,57.80%
Greene,BEAVERCREEK 031,AAY,West,Dayton,696,478,68.68%
Greene,BEAVERCREEK 032,AAZ,West,Dayton,934,621,66.49%
Greene,BEAVERCREEK 033,ABA,West,Dayton,797,562,70.51%
Greene,BEAVERCREEK 034,ABB,West,Dayton,713,491,68.86%
Greene,BEAVERCREEK 035,ABC,West,Dayton,637,435,68.29%
Greene,BEAVERCREEK 036,ABD,West,Dayton,"1,074",756,70.39%
Greene,BEAVERCREEK 037,ABF,West,Dayton,754,532,70.56%
Greene,BEAVERCREEK 038,ABG,West,Dayton,315,198,62.86%
Greene,BEAVERCREEK 004,ABH,West,Dayton,667,363,54.42%
Greene,BEAVERCREEK 005,ABS,West,Dayton,725,442,60.97%
Greene,BEAVERCREEK 006,ACD,West,Dayton,"1,245",765,61.45%
Greene,BEAVERCREEK 007,ACO,West,Dayton,671,450,67.06%
Greene,BEAVERCREEK 008,ACP,West,Dayton,817,423,51.77%
Greene,BEAVERCREEK 009,ACQ,West,Dayton,769,445,57.87%
Greene,BELLBROOK 100,ACR,West,Dayton,679,465,68.48%
Greene,BELLBROOK 101,ACS,West,Dayton,"1,268",885,69.79%
Greene,BELLBROOK 102,ACT,West,Dayton,851,530,62.28%
Greene,BELLBROOK 103,ACU,West,Dayton,796,503,63.19%
Greene,BELLBROOK 104,ACV,West,Dayton,618,413,66.83%
Greene,BELLBROOK 105,ACW,West,Dayton,876,458,52.28%
Greene,BELLBROOK 106,ACX,West,Dayton,536,350,65.30%
Greene,FAIRBORN 201,ADF,West,Dayton,845,388,45.92%
Greene,FAIRBORN 202,ADG,West,Dayton,816,272,33.33%
Greene,FAIRBORN 203,ADH,West,Dayton,511,233,45.60%
Greene,FAIRBORN 204,ADI,West,Dayton,555,354,63.78%
Greene,FAIRBORN 205,ADJ,West,Dayton,"1,308",803,61.39%
Greene,FAIRBORN 206,ADK,West,Dayton,662,418,63.14%
Greene,FAIRBORN 207,ADL,West,Dayton,853,342,40.09%
Greene,FAIRBORN 208,ADM,West,Dayton,669,259,38.71%
Greene,FAIRBORN 209,ADN,West,Dayton,"1,059",485,45.80%
Greene,FAIRBORN 210,ADO,West,Dayton,658,244,37.08%
Greene,FAIRBORN 211,ADP,West,Dayton,716,287,40.08%
Greene,FAIRBORN 212,ADQ,West,Dayton,824,512,62.14%
Greene,FAIRBORN 213,ADR,West,Dayton,687,420,61.14%
Greene,FAIRBORN 214,ADS,West,Dayton,997,514,51.55%
Greene,FAIRBORN 215,ADT,West,Dayton,927,469,50.59%
Greene,FAIRBORN 216,ADU,West,Dayton,707,294,41.58%
Greene,FAIRBORN 217,ADV,West,Dayton,719,378,52.57%
Greene,FAIRBORN 218,ADW,West,Dayton,637,150,23.55%
Greene,FAIRBORN 219,ADX,West,Dayton,684,198,28.95%
Greene,FAIRBORN 220,ADY,West,Dayton,828,210,25.36%
Greene,FAIRBORN 221,ADZ,West,Dayton,748,266,35.56%
Greene,FAIRBORN 222,AEA,West,Dayton,847,212,25.03%
Greene,FAIRBORN 223,AEB,West,Dayton,613,181,29.53%
Greene,FAIRBORN 224,AEC,West,Dayton,"2,022",661,32.69%
Greene,FAIRBORN 225,AED,West,Dayton,655,333,50.84%
Greene,XENIA CITY 300,AEY,West,Dayton,495,239,48.28%
Greene,XENIA CITY 301,AEZ,West,Dayton,619,329,53.15%
Greene,XENIA CITY 302,AFA,West,Dayton,677,224,33.09%
Greene,XENIA CITY 303,AFB,West,Dayton,745,318,42.68%
Greene,XENIA CITY 304,AFC,West,Dayton,774,276,35.66%
Greene,XENIA CITY 305,AFD,West,Dayton,959,350,36.50%
Greene,XENIA CITY 306,AFE,West,Dayton,645,306,47.44%
Greene,XENIA CITY 307,AFF,West,Dayton,632,229,36.23%
Greene,XENIA CITY 308,AFG,West,Dayton,970,593,61.13%
Greene,XENIA CITY 309,AFH,West,Dayton,723,290,40.11%
Greene,XENIA CITY 310,AFI,West,Dayton,658,294,44.68%
Greene,XENIA CITY 311,AFJ,West,Dayton,735,393,53.47%
Greene,XENIA CITY 312,AFK,West,Dayton,714,372,52.10%
Greene,XENIA CITY 313,AFL,West,Dayton,743,228,30.69%
Greene,XENIA CITY 314,AFM,West,Dayton,859,421,49.01%
Greene,XENIA CITY 315,AFN,West,Dayton,580,190,32.76%
Greene,XENIA CITY 316,AFO,West,Dayton,503,113,22.47%
Greene,XENIA CITY 317,AFP,West,Dayton,652,381,58.44%
Greene,XENIA CITY 318,AFQ,West,Dayton,591,207,35.03%
Greene,XENIA CITY 319,AFR,West,Dayton,639,322,50.39%
Greene,XENIA CITY 320,AFS,West,Dayton,837,479,57.23%
Greene,XENIA CITY 321,AFT,West,Dayton,734,486,66.21%
Greene,BATH TWP 275,AGJ,West,Dayton,"1,040",229,22.02%
Greene,BATH TWP 276,AGK,West,Dayton,697,421,60.40%
Greene,BATH TWP 277,AGL,West,Dayton,747,510,68.27%
Greene,BATH TWP 278,AGM,West,Dayton,679,345,50.81%
Greene,BEAVERCREEK 090,AGQ,West,Dayton,633,347,54.82%
Greene,BEAVERCREEK 091,AGR,West,Dayton,979,639,65.27%
Greene,BEAVERCREEK 092,AGS,West,Dayton,"1,582","1,009",63.78%
Greene,BEAVERCREEK 093,AGT,West,Dayton,"1,703","1,119",65.71%
Greene,CAESARSCREEK 460,AGW,West,Dayton,368,244,66.30%
Greene,CAESARSCREEK 461,AGX,West,Dayton,534,388,72.66%
Greene,CEDAR TWP 410,AGY,West,Dayton,658,482,73.25%
Greene,CEDAR TWP 411,AGZ,West,Dayton,546,409,74.91%
Greene,CEDAR VLG 405,AHA,West,Dayton,807,209,25.90%
Greene,CEDAR VLG 406,AHB,West,Dayton,745,391,52.48%
Greene,JEFFERSN TW 401,AHD,West,Dayton,611,383,62.68%
Greene,BOWERSVILLE 400,AHE,West,Dayton,146,62,42.47%
Greene,MIAMI TWP 455,AHF,West,Dayton,496,355,71.57%
Greene,MIAMI TWP 456,AHG,West,Dayton,547,390,71.30%
Greene,YEL SPG VLG 440,AHH,West,Dayton,905,682,75.36%
Greene,YEL SPG VLG 441,AHI,West,Dayton,738,437,59.21%
Greene,YEL SPG VLG 442,AHJ,West,Dayton,834,442,53.00%
Greene,YEL SPG VLG 443,AHK,West,Dayton,840,658,78.33%
Greene,NEW JASPER 465,AHQ,West,Dayton,520,296,56.92%
Greene,NEW JASPER 466,AHR,West,Dayton,772,521,67.49%
Greene,NEW JASPER 467,AHS,West,Dayton,690,426,61.74%
Greene,ROSS TWP 475,AHU,West,Dayton,583,398,68.27%
Greene,SILVERCREEK 425,AHV,West,Dayton,481,292,60.71%
Greene,SILVERCREEK 426,AHW,West,Dayton,728,488,67.03%
Greene,JAMESTOWN V 420,AHX,West,Dayton,816,398,48.77%
Greene,JAMESTOWN V 421,AHY,West,Dayton,504,224,44.44%
Greene,SPG VLY TWP 435,AHZ,West,Dayton,884,584,66.06%
Greene,SPG VLY TWP 436,AIA,West,Dayton,848,594,70.05%
Greene,SPG VLY VLG 430,AIC,West,Dayton,307,183,59.61%
Greene,SUGARCREEK 150,AID,West,Dayton,"1,108",504,45.49%
Greene,SUGARCREEK 151,AIE,West,Dayton,"1,501","1,197",79.75%
Greene,SUGARCREEK 152,AIF,West,Dayton,"1,161",817,70.37%
Greene,SUGARCREEK 153,AIG,West,Dayton,828,567,68.48%
Greene,SUGARCREEK 154,AIH,West,Dayton,562,393,69.93%
Greene,SUGARCREEK 155,AII,West,Dayton,947,664,70.12%
Greene,XENIA TWP 351,AIK,West,Dayton,691,431,62.37%
Greene,XENIA TWP 352,AIL,West,Dayton,477,336,70.44%
Greene,XENIA TWP 353,AIM,West,Dayton,271,178,65.68%
Greene,XENIA TWP 354,AIN,West,Dayton,"1,197",73,6.10%
Greene,XENIA TWP 355,AIO,West,Dayton,599,245,40.90%
Greene,XENIA TWP 356,AIP,West,Dayton,793,477,60.15%
Greene,XENIA TWP 357,AIQ,West,Dayton,631,438,69.41%
Greene,XENIA TWP 358,AIR,West,Dayton,588,398,67.69%
Greene,XENIA CITY 322,AIW,West,Dayton,"1,056",552,52.27%
Greene,FAIRBORN 226,AIX,West,Dayton,"2,414","1,472",60.98%
Greene,BEAVERCREEK 094,AIZ,West,Dayton,"1,455","1,020",70.10%
Greene,SUGARCREEK 156,AJA,West,Dayton,"1,961","1,302",66.39%
Greene,BEAVERCREEK 039,AJB,West,Dayton,"1,653",865,52.33%
Greene,BEAVERCREEK 040,AJC,West,Dayton,974,612,62.83%
Greene,XENIA CITY 323,AJD,West,Dayton,479,283,59.08%
Guernsey,PRECINCT CAMBRIDGE 1-A,AAA,Southeast,Wheeling,830,328,39.52%
Guernsey,PRECINCT CAMBRIDGE 1-B,AAD,Southeast,Wheeling,552,164,29.71%
Guernsey,PRECINCT CAMBRIDGE 2-A,AAG,Southeast,Wheeling,581,157,27.02%
Guernsey,PRECINCT CAMBRIDGE 2-B,AAJ,Southeast,Wheeling,704,226,32.10%
Guernsey,PRECINCT CAMBRIDGE 3-B,AAN,Southeast,Wheeling,881,354,40.18%
Guernsey,PRECINCT CAMBRIDGE 3-A,AAP,Southeast,Wheeling,778,429,55.14%
Guernsey,PRECINCT CAMBRIDGE 4-B,AAW,Southeast,Wheeling,910,377,41.43%
Guernsey,PRECINCT CAMBRIDGE 4-A,AAX,Southeast,Wheeling,654,375,57.34%
Guernsey,PRECINCT ADAMS A,ABA,Southeast,Wheeling,878,470,53.53%
Guernsey,PRECINCT ADAMS B,ABB,Southeast,Wheeling,421,266,63.18%
Guernsey,PRECINCT CAMBRIDGE A,ABC,Southeast,Wheeling,945,527,55.77%
Guernsey,PRECINCT CAMBRIDGE C,ABE,Southeast,Wheeling,942,526,55.84%
Guernsey,PRECINCT CAMBRIDGE B,ABG,Southeast,Wheeling,734,429,58.45%
Guernsey,PRECINCT CENTER A,ABH,Southeast,Wheeling,565,326,57.70%
Guernsey,PRECINCT CENTER B,ABI,Southeast,Wheeling,592,336,56.76%
Guernsey,PRECINCT JACKSON B,ABK,Southeast,Wheeling,877,439,50.06%
Guernsey,PRECINCT JACKSON A,ABL,Southeast,Wheeling,836,406,48.56%
Guernsey,PRECINCT BYESVILLE A,ABM,Southeast,Wheeling,569,236,41.48%
Guernsey,PRECINCT BYESVILLE B,ABO,Southeast,Wheeling,798,367,45.99%
Guernsey,PRECINCT JEFFERSON/MADISON,ABQ,Southeast,Wheeling,699,419,59.94%
Guernsey,PRECINCT KNOX,ABR,Southeast,Wheeling,355,207,58.31%
Guernsey,PRECINCT LIBERTY,ABS,Southeast,Wheeling,644,378,58.70%
Guernsey,PRECINCT LONDONDERRY/WASHINGTON,ABU,Southeast,Wheeling,651,373,57.30%
Guernsey,PRECINCT QUAKER CITY/MILLWOOD,ABX,Southeast,Wheeling,670,353,52.69%
Guernsey,PRECINCT MONROE/WHEELING,ACA,Southeast,Wheeling,904,489,54.09%
Guernsey,PRECINCT FAIRVIEW/OXFORD,ACB,Southeast,Wheeling,502,240,47.81%
Guernsey,PRECINCT LORE CITY,ACD,Southeast,Wheeling,165,90,54.55%
Guernsey,PRECINCT RICHLAND,ACE,Southeast,Wheeling,"1,123",662,58.95%
Guernsey,PRECINCT SENECAVILLE,ACF,Southeast,Wheeling,253,114,45.06%
Guernsey,PRECINCT CUMBERLAND/SPENCER,ACG,Southeast,Wheeling,686,388,56.56%
Guernsey,PRECINCT PLEASANT CITY/VALLEY B,ACI,Southeast,Wheeling,618,313,50.65%
Guernsey,PRECINCT VALLEY A,ACK,Southeast,Wheeling,655,306,46.72%
Guernsey,PRECINCT WESTLAND A,ACO,Southeast,Wheeling,711,397,55.84%
Guernsey,PRECINCT WESTLAND B,ACP,Southeast,Wheeling,728,413,56.73%
Guernsey,PRECINCT OLD WASHINGTON/WILLS,ACR,Southeast,Wheeling,956,553,57.85%
Hamilton,BLUE ASH 1-A,AAA,Southwest,Cincinnati,861,555,64.46%
Hamilton,BLUE ASH 1-B,AAB,Southwest,Cincinnati,"1,031",545,52.86%
Hamilton,BLUE ASH 2-A,AAD,Southwest,Cincinnati,711,481,67.65%
Hamilton,BLUE ASH 2-B,AAE,Southwest,Cincinnati,682,461,67.60%
Hamilton,BLUE ASH 2-C,AAF,Southwest,Cincinnati,"1,314",767,58.37%
Hamilton,BLUE ASH 3-A,AAG,Southwest,Cincinnati,942,629,66.77%
Hamilton,BLUE ASH 3-B,AAH,Southwest,Cincinnati,809,575,71.08%
Hamilton,BLUE ASH 4-A,AAK,Southwest,Cincinnati,"1,026",516,50.29%
Hamilton,BLUE ASH 5-A,AAM,Southwest,Cincinnati,"1,074",759,70.67%
Hamilton,BLUE ASH 5-B,AAN,Southwest,Cincinnati,894,571,63.87%
Hamilton,CHEVIOT 1-A,AAP,Southwest,Cincinnati,"1,512",634,41.93%
Hamilton,CHEVIOT 2-A,AAS,Southwest,Cincinnati,"1,468",663,45.16%
Hamilton,CHEVIOT 3-A,AAV,Southwest,Cincinnati,"1,409",521,36.98%
Hamilton,CHEVIOT 4-A,AAY,Southwest,Cincinnati,"1,447",707,48.86%
Hamilton,CINCINNATI 1-A,ABB,Southwest,Cincinnati,323,175,54.18%
Hamilton,CINCINNATI 1-B,ABC,Southwest,Cincinnati,"1,322",834,63.09%
Hamilton,CINCINNATI 1-C,ABD,Southwest,Cincinnati,"1,217",595,48.89%
Hamilton,CINCINNATI 1-D,ABE,Southwest,Cincinnati,796,392,49.25%
Hamilton,CINCINNATI 1-E,ABF,Southwest,Cincinnati,"1,331",624,46.88%
Hamilton,CINCINNATI 1-F,ABG,Southwest,Cincinnati,"1,202",736,61.23%
Hamilton,CINCINNATI 1-G,ABH,Southwest,Cincinnati,973,561,57.66%
Hamilton,CINCINNATI 1-H,ABI,Southwest,Cincinnati,723,443,61.27%
Hamilton,CINCINNATI 1-I,ABJ,Southwest,Cincinnati,"1,154",673,58.32%
Hamilton,CINCINNATI 1-J,ABK,Southwest,Cincinnati,"1,233",674,54.66%
Hamilton,CINCINNATI 1-K,ABL,Southwest,Cincinnati,"1,169",539,46.11%
Hamilton,CINCINNATI 1-L,ABM,Southwest,Cincinnati,683,445,65.15%
Hamilton,CINCINNATI 1-M,ABN,Southwest,Cincinnati,994,621,62.47%
Hamilton,CINCINNATI 2-A,ABY,Southwest,Cincinnati,"1,400",624,44.57%
Hamilton,CINCINNATI 2-B,ACA,Southwest,Cincinnati,"1,603",717,44.73%
Hamilton,CINCINNATI 2-C,ACB,Southwest,Cincinnati,"1,300",501,38.54%
Hamilton,CINCINNATI 2-D,ACC,Southwest,Cincinnati,"1,363",727,53.34%
Hamilton,CINCINNATI 2-E,ACD,Southwest,Cincinnati,"1,254",734,58.53%
Hamilton,CINCINNATI 2-F,ACE,Southwest,Cincinnati,"1,341",645,48.10%
Hamilton,CINCINNATI 2-G,ACF,Southwest,Cincinnati,"1,328",729,54.89%
Hamilton,CINCINNATI 2-H,ACG,Southwest,Cincinnati,984,421,42.78%
Hamilton,CINCINNATI 2-I,ACH,Southwest,Cincinnati,"1,168",613,52.48%
Hamilton,CINCINNATI 2-J,ACI,Southwest,Cincinnati,"1,415",717,50.67%
Hamilton,CINCINNATI 2-K,ACJ,Southwest,Cincinnati,"1,476",817,55.35%
Hamilton,CINCINNATI 3-A,ACZ,Southwest,Cincinnati,"1,396",502,35.96%
Hamilton,CINCINNATI 3-B,ADA,Southwest,Cincinnati,891,503,56.45%
Hamilton,CINCINNATI 3-C,ADB,Southwest,Cincinnati,"1,160",683,58.88%
Hamilton,CINCINNATI 3-D,ADC,Southwest,Cincinnati,"1,513",545,36.02%
Hamilton,CINCINNATI 3-E,ADD,Southwest,Cincinnati,"1,419",516,36.36%
Hamilton,CINCINNATI 4-A,ADP,Southwest,Cincinnati,965,646,66.94%
Hamilton,CINCINNATI 4-B,ADQ,Southwest,Cincinnati,"1,059",680,64.21%
Hamilton,CINCINNATI 4-C,ADR,Southwest,Cincinnati,933,521,55.84%
Hamilton,CINCINNATI 4-D,ADS,Southwest,Cincinnati,"1,218",726,59.61%
Hamilton,CINCINNATI 4-E,ADT,Southwest,Cincinnati,"1,136",670,58.98%
Hamilton,CINCINNATI 4-F,ADU,Southwest,Cincinnati,"1,072",648,60.45%
Hamilton,CINCINNATI 4-G,ADV,Southwest,Cincinnati,"1,232",817,66.31%
Hamilton,CINCINNATI 4-H,ADW,Southwest,Cincinnati,"1,495",850,56.86%
Hamilton,CINCINNATI 5-A,AEF,Southwest,Cincinnati,"1,227",760,61.94%
Hamilton,CINCINNATI 5-B,AEG,Southwest,Cincinnati,"1,157",781,67.50%
Hamilton,CINCINNATI 5-C,AEH,Southwest,Cincinnati,824,542,65.78%
Hamilton,CINCINNATI 5-D,AEI,Southwest,Cincinnati,"1,332",965,72.45%
Hamilton,CINCINNATI 5-E,AEJ,Southwest,Cincinnati,"1,414",917,64.85%
Hamilton,CINCINNATI 5-F,AEK,Southwest,Cincinnati,957,562,58.73%
Hamilton,CINCINNATI 5-G,AEL,Southwest,Cincinnati,"1,521",885,58.19%
Hamilton,CINCINNATI 5-H,AEM,Southwest,Cincinnati,986,453,45.94%
Hamilton,CINCINNATI 5-I,AEN,Southwest,Cincinnati,"1,305",832,63.75%
Hamilton,CINCINNATI 6-A,AFA,Southwest,Cincinnati,"1,919",800,41.69%
Hamilton,CINCINNATI 6-B,AFB,Southwest,Cincinnati,"1,272",439,34.51%
Hamilton,CINCINNATI 6-C,AFC,Southwest,Cincinnati,"1,965",601,30.59%
Hamilton,CINCINNATI 6-D,AFD,Southwest,Cincinnati,"1,679",664,39.55%
Hamilton,CINCINNATI 7-A,AFF,Southwest,Cincinnati,"1,268",609,48.03%
Hamilton,CINCINNATI 7-B,AFG,Southwest,Cincinnati,762,218,28.61%
Hamilton,CINCINNATI 7-C,AFH,Southwest,Cincinnati,"1,174",560,47.70%
Hamilton,CINCINNATI 7-D,AFI,Southwest,Cincinnati,"1,187",477,40.19%
Hamilton,CINCINNATI 7-E,AFJ,Southwest,Cincinnati,610,298,48.85%
Hamilton,CINCINNATI 7-F,AFK,Southwest,Cincinnati,902,340,37.69%
Hamilton,CINCINNATI 7-G,AFL,Southwest,Cincinnati,"1,308",524,40.06%
Hamilton,CINCINNATI 7-H,AFM,Southwest,Cincinnati,"1,168",403,34.50%
Hamilton,CINCINNATI 7-I,AFN,Southwest,Cincinnati,"1,164",558,47.94%
Hamilton,CINCINNATI 7-J,AFO,Southwest,Cincinnati,526,167,31.75%
Hamilton,CINCINNATI 7-K,AFP,Southwest,Cincinnati,"1,030",448,43.50%
Hamilton,CINCINNATI 8-A,AGD,Southwest,Cincinnati,"1,581",517,32.70%
Hamilton,CINCINNATI 8-B,AGE,Southwest,Cincinnati,"1,387",673,48.52%
Hamilton,CINCINNATI 8-C,AGF,Southwest,Cincinnati,"1,572",914,58.14%
Hamilton,CINCINNATI 8-D,AGG,Southwest,Cincinnati,"1,648",515,31.25%
Hamilton,CINCINNATI 9-A,AGN,Southwest,Cincinnati,893,219,24.52%
Hamilton,CINCINNATI 9-B,AGO,Southwest,Cincinnati,"1,525",789,51.74%
Hamilton,CINCINNATI 9-C,AGP,Southwest,Cincinnati,"1,342",422,31.45%
Hamilton,CINCINNATI 9-D,AGQ,Southwest,Cincinnati,"1,117",319,28.56%
Hamilton,CINCINNATI 10-A,AGY,Southwest,Cincinnati,"1,317",629,47.76%
Hamilton,CINCINNATI 10-B,AGZ,Southwest,Cincinnati,"1,355",321,23.69%
Hamilton,CINCINNATI 10-C,AHA,Southwest,Cincinnati,"1,321",458,34.67%
Hamilton,CINCINNATI 11-A,AHE,Southwest,Cincinnati,"1,283",501,39.05%
Hamilton,CINCINNATI 11-B,AHF,Southwest,Cincinnati,"1,453",344,23.68%
Hamilton,CINCINNATI 11-C,AHG,Southwest,Cincinnati,"1,038",208,20.04%
Hamilton,CINCINNATI 12-A,AHO,Southwest,Cincinnati,868,186,21.43%
Hamilton,CINCINNATI 12-B,AHP,Southwest,Cincinnati,604,28,4.64%
Hamilton,CINCINNATI 12-C,AHQ,Southwest,Cincinnati,"1,303",350,26.86%
Hamilton,CINCINNATI 13-A,AIA,Southwest,Cincinnati,"1,237",255,20.61%
Hamilton,CINCINNATI 13-B,AIB,Southwest,Cincinnati,863,442,51.22%
Hamilton,CINCINNATI 13-C,AIC,Southwest,Cincinnati,"1,301",280,21.52%
Hamilton,CINCINNATI 13-D,AID,Southwest,Cincinnati,"1,232",384,31.17%
Hamilton,CINCINNATI 13-E,AIE,Southwest,Cincinnati,"1,333",775,58.14%
Hamilton,CINCINNATI 13-F,AIF,Southwest,Cincinnati,967,551,56.98%
Hamilton,CINCINNATI 13-G,AIG,Southwest,Cincinnati,"1,555",351,22.57%
Hamilton,CINCINNATI 14-A,AIS,Southwest,Cincinnati,"1,278",757,59.23%
Hamilton,CINCINNATI 14-B,AIT,Southwest,Cincinnati,"1,217",561,46.10%
Hamilton,CINCINNATI 14-C,AIU,Southwest,Cincinnati,489,343,70.14%
Hamilton,CINCINNATI 14-D,AIV,Southwest,Cincinnati,"1,459",851,58.33%
Hamilton,CINCINNATI 14-E,AIW,Southwest,Cincinnati,"1,286",667,51.87%
Hamilton,CINCINNATI 14-F,AIX,Southwest,Cincinnati,973,639,65.67%
Hamilton,CINCINNATI 14-G,AIY,Southwest,Cincinnati,"1,056",726,68.75%
Hamilton,CINCINNATI 14-H,AIZ,Southwest,Cincinnati,"1,275",718,56.31%
Hamilton,CINCINNATI 14-I,AJA,Southwest,Cincinnati,"1,391",725,52.12%
Hamilton,CINCINNATI 15-A,AJN,Southwest,Cincinnati,"1,215",691,56.87%
Hamilton,CINCINNATI 15-B,AJO,Southwest,Cincinnati,"1,494",760,50.87%
Hamilton,CINCINNATI 15-C,AJP,Southwest,Cincinnati,991,253,25.53%
Hamilton,CINCINNATI 15-D,AJQ,Southwest,Cincinnati,856,350,40.89%
Hamilton,CINCINNATI 15-E,AJR,Southwest,Cincinnati,"1,420",748,52.68%
Hamilton,CINCINNATI 15-F,AJS,Southwest,Cincinnati,"1,085",544,50.14%
Hamilton,CINCINNATI 15-G,AJT,Southwest,Cincinnati,723,371,51.31%
Hamilton,CINCINNATI 15-H,AJU,Southwest,Cincinnati,"1,185",804,67.85%
Hamilton,CINCINNATI 15-I,AJV,Southwest,Cincinnati,"1,055",487,46.16%
Hamilton,CINCINNATI 15-J,AJW,Southwest,Cincinnati,826,248,30.02%
Hamilton,CINCINNATI 16-A,AKJ,Southwest,Cincinnati,"1,405",300,21.35%
Hamilton,CINCINNATI 17-A,AKK,Southwest,Cincinnati,"1,568",437,27.87%
Hamilton,CINCINNATI 17-B,AKL,Southwest,Cincinnati,"1,595",532,33.35%
Hamilton,CINCINNATI 17-C,AKM,Southwest,Cincinnati,"1,168",378,32.36%
Hamilton,CINCINNATI 18-A,AKS,Southwest,Cincinnati,"1,063",278,26.15%
Hamilton,CINCINNATI 18-B,AKT,Southwest,Cincinnati,782,133,17.01%
Hamilton,CINCINNATI 19-A,AKW,Southwest,Cincinnati,994,478,48.09%
Hamilton,CINCINNATI 19-B,AKX,Southwest,Cincinnati,"1,300",700,53.85%
Hamilton,CINCINNATI 19-C,AKY,Southwest,Cincinnati,"1,298",469,36.13%
Hamilton,CINCINNATI 19-D,AKZ,Southwest,Cincinnati,451,58,12.86%
Hamilton,CINCINNATI 20-A,ALE,Southwest,Cincinnati,"1,274",293,23.00%
Hamilton,CINCINNATI 20-B,ALF,Southwest,Cincinnati,"1,067",285,26.71%
Hamilton,CINCINNATI 20-C,ALG,Southwest,Cincinnati,"1,538",571,37.13%
Hamilton,CINCINNATI 20-D,ALH,Southwest,Cincinnati,"1,450",503,34.69%
Hamilton,CINCINNATI 20-E,ALI,Southwest,Cincinnati,"1,122",177,15.78%
Hamilton,CINCINNATI 21-A,ALR,Southwest,Cincinnati,600,151,25.17%
Hamilton,CINCINNATI 21-B,ALS,Southwest,Cincinnati,854,150,17.56%
Hamilton,CINCINNATI 21-C,ALT,Southwest,Cincinnati,"1,146",239,20.86%
Hamilton,CINCINNATI 21-D,ALU,Southwest,Cincinnati,942,192,20.38%
Hamilton,CINCINNATI 21-E,ALV,Southwest,Cincinnati,863,163,18.89%
Hamilton,CINCINNATI 22-A,AMB,Southwest,Cincinnati,"1,437",702,48.85%
Hamilton,CINCINNATI 22-B,AMC,Southwest,Cincinnati,"1,149",349,30.37%
Hamilton,CINCINNATI 22-C,AMD,Southwest,Cincinnati,"1,485",222,14.95%
Hamilton,CINCINNATI 23-A,AMG,Southwest,Cincinnati,"1,543",743,48.15%
Hamilton,CINCINNATI 23-B,AMI,Southwest,Cincinnati,"1,622",282,17.39%
Hamilton,CINCINNATI 23-C,AMK,Southwest,Cincinnati,900,591,65.67%
Hamilton,CINCINNATI 23-D,AMM,Southwest,Cincinnati,"1,180",722,61.19%
Hamilton,CINCINNATI 23-E,AMO,Southwest,Cincinnati,"1,062",403,37.95%
Hamilton,CINCINNATI 23-F,AMQ,Southwest,Cincinnati,"1,316",634,48.18%
Hamilton,CINCINNATI 23-G,AMS,Southwest,Cincinnati,585,244,41.71%
Hamilton,CINCINNATI 23-H,AMU,Southwest,Cincinnati,978,658,67.28%
Hamilton,CINCINNATI 23-I,AMW,Southwest,Cincinnati,993,559,56.29%
Hamilton,CINCINNATI 23-J,AMY,Southwest,Cincinnati,"1,195",551,46.11%
Hamilton,CINCINNATI 23-K,ANA,Southwest,Cincinnati,"1,248",698,55.93%
Hamilton,CINCINNATI 23-L,ANB,Southwest,Cincinnati,624,243,38.94%
Hamilton,CINCINNATI 23-M,ANC,Southwest,Cincinnati,"1,054",462,43.83%
Hamilton,CINCINNATI 23-N,AND,Southwest,Cincinnati,"1,219",632,51.85%
Hamilton,CINCINNATI 23-O,ANE,Southwest,Cincinnati,"1,058",596,56.33%
Hamilton,CINCINNATI 23-P,ANF,Southwest,Cincinnati,"1,475",603,40.88%
Hamilton,CINCINNATI 23-Q,ANG,Southwest,Cincinnati,823,358,43.50%
Hamilton,CINCINNATI 23-R,ANH,Southwest,Cincinnati,662,302,45.62%
Hamilton,CINCINNATI 24-A,ANQ,Southwest,Cincinnati,"1,378",637,46.23%
Hamilton,CINCINNATI 24-B,ANR,Southwest,Cincinnati,"1,466",634,43.25%
Hamilton,CINCINNATI 24-C,ANS,Southwest,Cincinnati,"1,521",464,30.51%
Hamilton,CINCINNATI 24-D,ANT,Southwest,Cincinnati,"1,475",584,39.59%
Hamilton,CINCINNATI 24-E,ANU,Southwest,Cincinnati,937,97,10.35%
Hamilton,CINCINNATI 24-F,ANV,Southwest,Cincinnati,892,367,41.14%
Hamilton,CINCINNATI 24-G,ANW,Southwest,Cincinnati,"1,365",610,44.69%
Hamilton,CINCINNATI 24-H,ANX,Southwest,Cincinnati,563,40,7.10%
Hamilton,CINCINNATI 24-I,ANY,Southwest,Cincinnati,662,69,10.42%
Hamilton,CINCINNATI 25-A,AOI,Southwest,Cincinnati,"1,158",315,27.20%
Hamilton,CINCINNATI 25-B,AOK,Southwest,Cincinnati,"1,157",206,17.80%
Hamilton,CINCINNATI 25-C,AOM,Southwest,Cincinnati,"1,134",628,55.38%
Hamilton,CINCINNATI 25-D,AON,Southwest,Cincinnati,"1,128",392,34.75%
Hamilton,CINCINNATI 25-E,AOO,Southwest,Cincinnati,"1,247",593,47.55%
Hamilton,CINCINNATI 25-F,AOP,Southwest,Cincinnati,"1,253",456,36.39%
Hamilton,CINCINNATI 25-G,AOQ,Southwest,Cincinnati,611,224,36.66%
Hamilton,CINCINNATI 25-H,AOR,Southwest,Cincinnati,"1,423",572,40.20%
Hamilton,CINCINNATI 25-I,AOS,Southwest,Cincinnati,"1,267",483,38.12%
Hamilton,CINCINNATI 25-J,AOT,Southwest,Cincinnati,"1,229",389,31.65%
Hamilton,CINCINNATI 25-K,AOU,Southwest,Cincinnati,"1,528",426,27.88%
Hamilton,CINCINNATI 25-L,AOV,Southwest,Cincinnati,923,184,19.93%
Hamilton,CINCINNATI 26-A,APK,Southwest,Cincinnati,"1,270",704,55.43%
Hamilton,CINCINNATI 26-B,APM,Southwest,Cincinnati,"1,083",428,39.52%
Hamilton,CINCINNATI 26-C,APO,Southwest,Cincinnati,694,263,37.90%
Hamilton,CINCINNATI 26-D,APQ,Southwest,Cincinnati,"1,053",247,23.46%
Hamilton,CINCINNATI 26-E,APS,Southwest,Cincinnati,"1,277",298,23.34%
Hamilton,CINCINNATI 26-F,APU,Southwest,Cincinnati,898,254,28.29%
Hamilton,CINCINNATI 26-G,APW,Southwest,Cincinnati,"1,031",398,38.60%
Hamilton,CINCINNATI 26-H,APY,Southwest,Cincinnati,938,97,10.34%
Hamilton,CINCINNATI 26-I,AQA,Southwest,Cincinnati,"1,123",527,46.93%
Hamilton,CINCINNATI 26-J,AQC,Southwest,Cincinnati,"1,328",435,32.76%
Hamilton,CINCINNATI 26-K,AQE,Southwest,Cincinnati,"1,323",585,44.22%
Hamilton,CINCINNATI 26-L,AQG,Southwest,Cincinnati,867,316,36.45%
Hamilton,CINCINNATI 26-M,AQI,Southwest,Cincinnati,701,198,28.25%
Hamilton,CINCINNATI 26-N,AQK,Southwest,Cincinnati,"1,262",409,32.41%
Hamilton,CINCINNATI 26-O,AQM,Southwest,Cincinnati,"1,146",625,54.54%
Hamilton,CINCINNATI 26-P,AQO,Southwest,Cincinnati,"1,320",479,36.29%
Hamilton,CINCINNATI 26-Q,AQP,Southwest,Cincinnati,"1,317",234,17.77%
Hamilton,CINCINNATI 26-R,AQQ,Southwest,Cincinnati,780,183,23.46%
Hamilton,CINCINNATI 26-S,AQR,Southwest,Cincinnati,"1,000",380,38.00%
Hamilton,DEER PARK 1-A,AQZ,Southwest,Cincinnati,"1,000",526,52.60%
Hamilton,DEER PARK 2-A,ARC,Southwest,Cincinnati,943,582,61.72%
Hamilton,DEER PARK 3-A,ARE,Southwest,Cincinnati,929,525,56.51%
Hamilton,DEER PARK 4-A,ARG,Southwest,Cincinnati,"1,097",571,52.05%
Hamilton,FOREST PARK A,ARI,Southwest,Cincinnati,"1,002",428,42.71%
Hamilton,FOREST PARK B,ARJ,Southwest,Cincinnati,"1,012",517,51.09%
Hamilton,FOREST PARK C,ARK,Southwest,Cincinnati,"1,031",412,39.96%
Hamilton,FOREST PARK D,ARL,Southwest,Cincinnati,"1,029",405,39.36%
Hamilton,FOREST PARK E,ARM,Southwest,Cincinnati,963,445,46.21%
Hamilton,FOREST PARK F,ARN,Southwest,Cincinnati,561,249,44.39%
Hamilton,FOREST PARK G,ARO,Southwest,Cincinnati,907,367,40.46%
Hamilton,FOREST PARK H,ARP,Southwest,Cincinnati,758,331,43.67%
Hamilton,FOREST PARK I,ARQ,Southwest,Cincinnati,984,541,54.98%
Hamilton,FOREST PARK J,ARR,Southwest,Cincinnati,859,447,52.04%
Hamilton,FOREST PARK K,ARS,Southwest,Cincinnati,"1,167",370,31.71%
Hamilton,FOREST PARK L,ART,Southwest,Cincinnati,"1,069",461,43.12%
Hamilton,FOREST PARK M,ARU,Southwest,Cincinnati,"1,117",449,40.20%
Hamilton,INDIAN HILL A,ASG,Southwest,Cincinnati,705,481,68.23%
Hamilton,INDIAN HILL B,ASH,Southwest,Cincinnati,"1,185",812,68.52%
Hamilton,INDIAN HILL C,ASI,Southwest,Cincinnati,882,608,68.93%
Hamilton,INDIAN HILL D,ASJ,Southwest,Cincinnati,738,480,65.04%
Hamilton,INDIAN HILL E,ASK,Southwest,Cincinnati,"1,044",662,63.41%
Hamilton,INDIAN HILL F,ASL,Southwest,Cincinnati,733,499,68.08%
Hamilton,LOVELAND A,ASO,Southwest,Cincinnati,759,569,74.97%
Hamilton,LOVELAND B,ASP,Southwest,Cincinnati,"1,492",779,52.21%
Hamilton,LOVELAND C,ASQ,Southwest,Cincinnati,"1,090",663,60.83%
Hamilton,LOVELAND D,ASR,Southwest,Cincinnati,"1,006",479,47.61%
Hamilton,LOVELAND E,ASS,Southwest,Cincinnati,984,652,66.26%
Hamilton,LOVELAND F,AST,Southwest,Cincinnati,775,486,62.71%
Hamilton,LOVELAND G,ASU,Southwest,Cincinnati,615,444,72.20%
Hamilton,MADEIRA A,ASZ,Southwest,Cincinnati,"1,132",804,71.02%
Hamilton,MADEIRA B,ATA,Southwest,Cincinnati,818,520,63.57%
Hamilton,MADEIRA C,ATB,Southwest,Cincinnati,810,593,73.21%
Hamilton,MADEIRA D,ATC,Southwest,Cincinnati,"1,215",860,70.78%
Hamilton,MADEIRA E,ATD,Southwest,Cincinnati,646,448,69.35%
Hamilton,MADEIRA F,ATE,Southwest,Cincinnati,"1,131",766,67.73%
Hamilton,MADEIRA G,ATF,Southwest,Cincinnati,681,477,70.04%
Hamilton,MADEIRA H,ATG,Southwest,Cincinnati,828,593,71.62%
Hamilton,MONTGOMERY A,ATN,Southwest,Cincinnati,"1,286",901,70.06%
Hamilton,MONTGOMERY B,ATO,Southwest,Cincinnati,"1,178",855,72.58%
Hamilton,MONTGOMERY C,ATP,Southwest,Cincinnati,"1,342",954,71.09%
Hamilton,MONTGOMERY D,ATQ,Southwest,Cincinnati,641,438,68.33%
Hamilton,MONTGOMERY E,ATR,Southwest,Cincinnati,694,460,66.28%
Hamilton,MONTGOMERY F,ATS,Southwest,Cincinnati,"1,058",749,70.79%
Hamilton,MONTGOMERY G,ATT,Southwest,Cincinnati,616,460,74.68%
Hamilton,MONTGOMERY H,ATU,Southwest,Cincinnati,"1,081",725,67.07%
Hamilton,MONTGOMERY I,ATV,Southwest,Cincinnati,"1,072",759,70.80%
Hamilton,MT HEALTHY 1-A,AUA,Southwest,Cincinnati,"1,550",555,35.81%
Hamilton,MT HEALTHY 2-A,AUC,Southwest,Cincinnati,"1,025",489,47.71%
Hamilton,MT HEALTHY 3-A,AUE,Southwest,Cincinnati,"1,055",433,41.04%
Hamilton,MT HEALTHY 4-A,AUG,Southwest,Cincinnati,934,396,42.40%
Hamilton,NO COLL HILL 1-A,AUI,Southwest,Cincinnati,560,241,43.04%
Hamilton,NO COLL HILL 1-B,AUJ,Southwest,Cincinnati,"1,174",482,41.06%
Hamilton,NO COLL HILL 2-A,AUM,Southwest,Cincinnati,"1,069",336,31.43%
Hamilton,NO COLL HILL 3-A,AUO,Southwest,Cincinnati,"1,164",424,36.43%
Hamilton,NO COLL HILL 4-A,AUQ,Southwest,Cincinnati,"1,149",542,47.17%
Hamilton,NO COLL HILL 4-B,AUR,Southwest,Cincinnati,558,293,52.51%
Hamilton,NO COLL HILL 4-C,AUS,Southwest,Cincinnati,807,316,39.16%
Hamilton,NORWOOD 1-A,AUV,Southwest,Cincinnati,846,313,37.00%
Hamilton,NORWOOD 1-B,AUW,Southwest,Cincinnati,"1,226",445,36.30%
Hamilton,NORWOOD 2-A,AUZ,Southwest,Cincinnati,"1,045",533,51.00%
Hamilton,NORWOOD 2-B,AVA,Southwest,Cincinnati,"1,239",534,43.10%
Hamilton,NORWOOD 2-C,AVB,Southwest,Cincinnati,"1,022",524,51.27%
Hamilton,NORWOOD 3-A,AVD,Southwest,Cincinnati,983,437,44.46%
Hamilton,NORWOOD 3-B,AVE,Southwest,Cincinnati,847,399,47.11%
Hamilton,NORWOOD 3-C,AVF,Southwest,Cincinnati,"1,538",732,47.59%
Hamilton,NORWOOD 4-A,AVH,Southwest,Cincinnati,957,349,36.47%
Hamilton,NORWOOD 4-B,AVI,Southwest,Cincinnati,"1,145",439,38.34%
Hamilton,NORWOOD 4-C,AVJ,Southwest,Cincinnati,"1,060",552,52.08%
Hamilton,READING 1-A,AVV,Southwest,Cincinnati,"1,309",633,48.36%
Hamilton,READING 1-B,AVW,Southwest,Cincinnati,570,185,32.46%
Hamilton,READING 2-A,AVZ,Southwest,Cincinnati,960,409,42.60%
Hamilton,READING 2-B,AWA,Southwest,Cincinnati,566,254,44.88%
Hamilton,READING 3-A,AWD,Southwest,Cincinnati,"1,174",545,46.42%
Hamilton,READING 3-B,AWE,Southwest,Cincinnati,774,444,57.36%
Hamilton,READING 4-A,AWH,Southwest,Cincinnati,830,463,55.78%
Hamilton,READING 4-B,AWI,Southwest,Cincinnati,"1,090",694,63.67%
Hamilton,ST BERNARD 1-A,AWL,Southwest,Cincinnati,781,362,46.35%
Hamilton,ST BERNARD 2-A,AWN,Southwest,Cincinnati,775,394,50.84%
Hamilton,ST BERNARD 3-A,AWP,Southwest,Cincinnati,747,429,57.43%
Hamilton,ST BERNARD 4-A,AWR,Southwest,Cincinnati,711,365,51.34%
Hamilton,SHARONVILLE 1-A,AWT,Southwest,Cincinnati,"1,031",418,40.54%
Hamilton,SHARONVILLE 1-B,AWU,Southwest,Cincinnati,853,367,43.02%
Hamilton,SHARONVILLE 2-A,AWW,Southwest,Cincinnati,838,577,68.85%
Hamilton,SHARONVILLE 3-A,AWZ,Southwest,Cincinnati,"1,629",852,52.30%
Hamilton,SHARONVILLE 3-B,AXA,Southwest,Cincinnati,798,489,61.28%
Hamilton,SHARONVILLE 4-A,AXD,Southwest,Cincinnati,"1,072",704,65.67%
Hamilton,SHARONVILLE 4-B,AXE,Southwest,Cincinnati,"1,562",860,55.06%
Hamilton,SILVERTON A,AXI,Southwest,Cincinnati,"1,106",634,57.32%
Hamilton,SILVERTON B,AXJ,Southwest,Cincinnati,"1,382",711,51.45%
Hamilton,SILVERTON C,AXK,Southwest,Cincinnati,"1,271",634,49.88%
Hamilton,SPRINGDALE A,AXQ,Southwest,Cincinnati,715,408,57.06%
Hamilton,SPRINGDALE B,AXR,Southwest,Cincinnati,937,529,56.46%
Hamilton,SPRINGDALE C,AXS,Southwest,Cincinnati,"1,007",528,52.43%
Hamilton,SPRINGDALE D,AXT,Southwest,Cincinnati,791,413,52.21%
Hamilton,SPRINGDALE E,AXU,Southwest,Cincinnati,945,379,40.11%
Hamilton,SPRINGDALE F,AXV,Southwest,Cincinnati,799,416,52.07%
Hamilton,SPRINGDALE G,AXW,Southwest,Cincinnati,682,311,45.60%
Hamilton,SPRINGDALE H,AXX,Southwest,Cincinnati,881,555,63.00%
Hamilton,WYOMING A,AYD,Southwest,Cincinnati,"1,418","1,025",72.28%
Hamilton,WYOMING B,AYE,Southwest,Cincinnati,"1,438","1,007",70.03%
Hamilton,WYOMING C,AYF,Southwest,Cincinnati,"1,432",973,67.95%
Hamilton,WYOMING D,AYG,Southwest,Cincinnati,"1,390",837,60.22%
Hamilton,WYOMING E,AYH,Southwest,Cincinnati,"1,360",969,71.25%
Hamilton,AMBERLEY A,AYP,Southwest,Cincinnati,819,569,69.47%
Hamilton,AMBERLEY B,AYQ,Southwest,Cincinnati,811,564,69.54%
Hamilton,AMBERLEY C,AYR,Southwest,Cincinnati,631,461,73.06%
Hamilton,AMBERLEY D,AYS,Southwest,Cincinnati,870,649,74.60%
Hamilton,ANDERSON A,AYU,Southwest,Cincinnati,"1,052",699,66.44%
Hamilton,ANDERSON AA,AYV,Southwest,Cincinnati,"1,133",812,71.67%
Hamilton,ANDERSON B,AYW,Southwest,Cincinnati,"1,003",648,64.61%
Hamilton,ANDERSON BB,AYX,Southwest,Cincinnati,912,582,63.82%
Hamilton,ANDERSON C,AYY,Southwest,Cincinnati,"1,387",952,68.64%
Hamilton,ANDERSON CC,AYZ,Southwest,Cincinnati,666,469,70.42%
Hamilton,ANDERSON D,AZA,Southwest,Cincinnati,"1,330",960,72.18%
Hamilton,ANDERSON DD,AZB,Southwest,Cincinnati,"1,241",814,65.59%
Hamilton,ANDERSON E,AZC,Southwest,Cincinnati,"1,270",848,66.77%
Hamilton,ANDERSON EE,AZD,Southwest,Cincinnati,790,473,59.87%
Hamilton,ANDERSON F,AZE,Southwest,Cincinnati,"1,266",895,70.70%
Hamilton,ANDERSON FF,AZF,Southwest,Cincinnati,"1,274",801,62.87%
Hamilton,ANDERSON G,AZG,Southwest,Cincinnati,"1,366",842,61.64%
Hamilton,ANDERSON H,AZI,Southwest,Cincinnati,"1,242",834,67.15%
Hamilton,ANDERSON I,AZK,Southwest,Cincinnati,"1,357",995,73.32%
Hamilton,ANDERSON J,AZM,Southwest,Cincinnati,985,685,69.54%
Hamilton,ANDERSON K,AZO,Southwest,Cincinnati,"1,468",890,60.63%
Hamilton,ANDERSON L,AZQ,Southwest,Cincinnati,"1,469",948,64.53%
Hamilton,ANDERSON M,AZS,Southwest,Cincinnati,762,510,66.93%
Hamilton,ANDERSON N,AZU,Southwest,Cincinnati,"1,243",817,65.73%
Hamilton,ANDERSON O,AZW,Southwest,Cincinnati,"1,319",806,61.11%
Hamilton,ANDERSON P,AZY,Southwest,Cincinnati,555,384,69.19%
Hamilton,ANDERSON Q,BAA,Southwest,Cincinnati,"1,295",863,66.64%
Hamilton,ANDERSON R,BAC,Southwest,Cincinnati,"1,172",845,72.10%
Hamilton,ANDERSON S,BAE,Southwest,Cincinnati,756,527,69.71%
Hamilton,ANDERSON T,BAG,Southwest,Cincinnati,723,510,70.54%
Hamilton,ANDERSON U,BAI,Southwest,Cincinnati,"1,086",726,66.85%
Hamilton,ANDERSON V,BAK,Southwest,Cincinnati,631,417,66.09%
Hamilton,ANDERSON W,BAM,Southwest,Cincinnati,871,584,67.05%
Hamilton,ANDERSON X,BAO,Southwest,Cincinnati,735,458,62.31%
Hamilton,ANDERSON Y,BAQ,Southwest,Cincinnati,665,413,62.11%
Hamilton,ANDERSON Z,BAS,Southwest,Cincinnati,"1,078",735,68.18%
Hamilton,ARLINGTON HGTS A,BAT,Southwest,Cincinnati,508,187,36.81%
Hamilton,COLERAIN A,BAU,Southwest,Cincinnati,"1,181",840,71.13%
Hamilton,COLERAIN AA,BAV,Southwest,Cincinnati,"1,135",807,71.10%
Hamilton,COLERAIN B,BAX,Southwest,Cincinnati,"1,112",516,46.40%
Hamilton,COLERAIN BB,BAY,Southwest,Cincinnati,"1,294",780,60.28%
Hamilton,COLERAIN C,BBA,Southwest,Cincinnati,"1,202",526,43.76%
Hamilton,COLERAIN CC,BBB,Southwest,Cincinnati,"1,176",327,27.81%
Hamilton,COLERAIN D,BBD,Southwest,Cincinnati,"1,080",372,34.44%
Hamilton,COLERAIN DD,BBE,Southwest,Cincinnati,929,372,40.04%
Hamilton,COLERAIN E,BBG,Southwest,Cincinnati,"1,316",883,67.10%
Hamilton,COLERAIN EE,BBH,Southwest,Cincinnati,"1,191",602,50.55%
Hamilton,COLERAIN F,BBJ,Southwest,Cincinnati,"1,276",840,65.83%
Hamilton,COLERAIN FF,BBK,Southwest,Cincinnati,500,191,38.20%
Hamilton,COLERAIN G,BBM,Southwest,Cincinnati,"1,168",773,66.18%
Hamilton,COLERAIN GG,BBN,Southwest,Cincinnati,"1,179",532,45.12%
Hamilton,COLERAIN H,BBP,Southwest,Cincinnati,"1,385",799,57.69%
Hamilton,COLERAIN HH,BBQ,Southwest,Cincinnati,"1,038",391,37.67%
Hamilton,COLERAIN I,BBS,Southwest,Cincinnati,836,580,69.38%
Hamilton,COLERAIN II,BBT,Southwest,Cincinnati,474,295,62.24%
Hamilton,COLERAIN J,BBV,Southwest,Cincinnati,"1,338",605,45.22%
Hamilton,COLERAIN JJ,BBW,Southwest,Cincinnati,"1,260",629,49.92%
Hamilton,COLERAIN K,BBY,Southwest,Cincinnati,854,486,56.91%
Hamilton,COLERAIN KK,BBZ,Southwest,Cincinnati,"1,352",620,45.86%
Hamilton,COLERAIN L,BCB,Southwest,Cincinnati,"1,178",865,73.43%
Hamilton,COLERAIN LL,BCC,Southwest,Cincinnati,689,371,53.85%
Hamilton,COLERAIN M,BCE,Southwest,Cincinnati,"1,055",406,38.48%
Hamilton,COLERAIN N,BCG,Southwest,Cincinnati,"1,360",844,62.06%
Hamilton,COLERAIN O,BCI,Southwest,Cincinnati,562,293,52.14%
Hamilton,COLERAIN P,BCK,Southwest,Cincinnati,505,232,45.94%
Hamilton,COLERAIN Q,BCM,Southwest,Cincinnati,"1,174",837,71.29%
Hamilton,COLERAIN R,BCO,Southwest,Cincinnati,"1,206",570,47.26%
Hamilton,COLERAIN S,BCQ,Southwest,Cincinnati,"1,144",669,58.48%
Hamilton,COLERAIN T,BCS,Southwest,Cincinnati,"1,194",564,47.24%
Hamilton,COLERAIN U,BCU,Southwest,Cincinnati,935,540,57.75%
Hamilton,COLERAIN V,BCW,Southwest,Cincinnati,"1,122",519,46.26%
Hamilton,COLERAIN W,BCY,Southwest,Cincinnati,702,245,34.90%
Hamilton,COLERAIN X,BDA,Southwest,Cincinnati,"1,097",503,45.85%
Hamilton,COLERAIN Y,BDC,Southwest,Cincinnati,"1,247",574,46.03%
Hamilton,COLERAIN Z,BDE,Southwest,Cincinnati,"1,319",571,43.29%
Hamilton,COLUMBIA A,BDG,Southwest,Cincinnati,173,109,63.01%
Hamilton,COLUMBIA B,BDH,Southwest,Cincinnati,382,213,55.76%
Hamilton,COLUMBIA C,BDI,Southwest,Cincinnati,421,325,77.20%
Hamilton,COLUMBIA D,BDJ,Southwest,Cincinnati,613,233,38.01%
Hamilton,COLUMBIA E,BDK,Southwest,Cincinnati,344,198,57.56%
Hamilton,COLUMBIA F,BDL,Southwest,Cincinnati,633,351,55.45%
Hamilton,COLUMBIA G,BDM,Southwest,Cincinnati,809,460,56.86%
Hamilton,COLUMBIA H,BDN,Southwest,Cincinnati,2,1,50.00%
Hamilton,COLUMBIA I,BDO,Southwest,Cincinnati,93,36,38.71%
Hamilton,MILFORD A,BDP,Southwest,Cincinnati,22,10,45.45%
Hamilton,FAIRFAX A,BDT,Southwest,Cincinnati,"1,288",756,58.70%
Hamilton,CROSBY A,BDW,Southwest,Cincinnati,"1,426",824,57.78%
Hamilton,CROSBY B,BDX,Southwest,Cincinnati,"1,303",817,62.70%
Hamilton,DELHI A,BDZ,Southwest,Cincinnati,"1,255",517,41.20%
Hamilton,DELHI B,BEB,Southwest,Cincinnati,"1,164",506,43.47%
Hamilton,DELHI C,BED,Southwest,Cincinnati,"1,135",715,63.00%
Hamilton,DELHI D,BEF,Southwest,Cincinnati,956,525,54.92%
Hamilton,DELHI E,BEH,Southwest,Cincinnati,984,658,66.87%
Hamilton,DELHI F,BEJ,Southwest,Cincinnati,"1,168",633,54.20%
Hamilton,DELHI G,BEL,Southwest,Cincinnati,"1,126",736,65.36%
Hamilton,DELHI H,BEN,Southwest,Cincinnati,"1,328",788,59.34%
Hamilton,DELHI I,BEP,Southwest,Cincinnati,656,367,55.95%
Hamilton,DELHI J,BER,Southwest,Cincinnati,"1,359",693,50.99%
Hamilton,DELHI K,BET,Southwest,Cincinnati,808,537,66.46%
Hamilton,DELHI L,BEU,Southwest,Cincinnati,"1,055",667,63.22%
Hamilton,DELHI M,BEV,Southwest,Cincinnati,"1,056",543,51.42%
Hamilton,DELHI N,BEW,Southwest,Cincinnati,625,294,47.04%
Hamilton,DELHI O,BEX,Southwest,Cincinnati,"1,186",760,64.08%
Hamilton,DELHI P,BEY,Southwest,Cincinnati,"1,005",622,61.89%
Hamilton,DELHI Q,BEZ,Southwest,Cincinnati,"1,161",836,72.01%
Hamilton,DELHI R,BFA,Southwest,Cincinnati,901,507,56.27%
Hamilton,DELHI S,BFB,Southwest,Cincinnati,"1,108",641,57.85%
Hamilton,ELMWOOD A,BFJ,Southwest,Cincinnati,"1,121",298,26.58%
Hamilton,EVENDALE A,BFN,Southwest,Cincinnati,"1,131",832,73.56%
Hamilton,EVENDALE B,BFO,Southwest,Cincinnati,940,658,70.00%
Hamilton,EVENDALE C,BFP,Southwest,Cincinnati,242,159,65.70%
Hamilton,GLENDALE A,BFR,Southwest,Cincinnati,996,707,70.98%
Hamilton,GLENDALE B,BFS,Southwest,Cincinnati,"1,098",757,68.94%
Hamilton,GOLF MANOR A,BFW,Southwest,Cincinnati,"1,421",681,47.92%
Hamilton,GOLF MANOR B,BFX,Southwest,Cincinnati,"1,261",553,43.85%
Hamilton,GREENHILLS A,BGC,Southwest,Cincinnati,561,280,49.91%
Hamilton,GREENHILLS B,BGD,Southwest,Cincinnati,"1,038",661,63.68%
Hamilton,GREENHILLS C,BGE,Southwest,Cincinnati,"1,018",531,52.16%
Hamilton,GREEN A,BGI,Southwest,Cincinnati,"1,160",697,60.09%
Hamilton,GREEN AA,BGJ,Southwest,Cincinnati,974,687,70.53%
Hamilton,GREEN B,BGL,Southwest,Cincinnati,"1,221",723,59.21%
Hamilton,GREEN BB,BGM,Southwest,Cincinnati,"1,060",560,52.83%
Hamilton,GREEN C,BGO,Southwest,Cincinnati,959,561,58.50%
Hamilton,GREEN CC,BGP,Southwest,Cincinnati,"1,133",586,51.72%
Hamilton,GREEN D,BGR,Southwest,Cincinnati,"1,273",774,60.80%
Hamilton,GREEN DD,BGS,Southwest,Cincinnati,918,587,63.94%
Hamilton,GREEN E,BGU,Southwest,Cincinnati,"1,267",866,68.35%
Hamilton,GREEN EE,BGV,Southwest,Cincinnati,"1,070",581,54.30%
Hamilton,GREEN F,BGX,Southwest,Cincinnati,"1,136",620,54.58%
Hamilton,GREEN FF,BGY,Southwest,Cincinnati,"1,000",612,61.20%
Hamilton,GREEN G,BHA,Southwest,Cincinnati,837,583,69.65%
Hamilton,GREEN GG,BHB,Southwest,Cincinnati,"1,249",802,64.21%
Hamilton,GREEN H,BHD,Southwest,Cincinnati,850,459,54.00%
Hamilton,GREEN HH,BHE,Southwest,Cincinnati,"1,230",712,57.89%
Hamilton,GREEN I,BHG,Southwest,Cincinnati,"1,145",574,50.13%
Hamilton,GREEN II,BHH,Southwest,Cincinnati,705,344,48.79%
Hamilton,GREEN J,BHJ,Southwest,Cincinnati,889,602,67.72%
Hamilton,GREEN JJ,BHK,Southwest,Cincinnati,"1,180",667,56.53%
Hamilton,GREEN K,BHM,Southwest,Cincinnati,"1,151",821,71.33%
Hamilton,GREEN KK,BHN,Southwest,Cincinnati,"1,061",714,67.30%
Hamilton,GREEN L,BHP,Southwest,Cincinnati,"1,339",849,63.41%
Hamilton,GREEN LL,BHQ,Southwest,Cincinnati,929,661,71.15%
Hamilton,GREEN M,BHS,Southwest,Cincinnati,718,500,69.64%
Hamilton,GREEN MM,BHT,Southwest,Cincinnati,704,500,71.02%
Hamilton,GREEN N,BHV,Southwest,Cincinnati,"1,285",621,48.33%
Hamilton,GREEN NN,BHW,Southwest,Cincinnati,689,456,66.18%
Hamilton,GREEN O,BHY,Southwest,Cincinnati,"1,259",705,56.00%
Hamilton,GREEN OO,BHZ,Southwest,Cincinnati,620,385,62.10%
Hamilton,GREEN P,BIB,Southwest,Cincinnati,"1,053",734,69.71%
Hamilton,GREEN PP,BIC,Southwest,Cincinnati,"1,285",869,67.63%
Hamilton,GREEN Q,BIE,Southwest,Cincinnati,"1,192",829,69.55%
Hamilton,GREEN QQ,BIF,Southwest,Cincinnati,"1,190",835,70.17%
Hamilton,GREEN R,BIH,Southwest,Cincinnati,725,459,63.31%
Hamilton,GREEN S,BIJ,Southwest,Cincinnati,"1,240",617,49.76%
Hamilton,GREEN T,BIL,Southwest,Cincinnati,556,287,51.62%
Hamilton,GREEN U,BIN,Southwest,Cincinnati,700,459,65.57%
Hamilton,GREEN V,BIP,Southwest,Cincinnati,"1,089",594,54.55%
Hamilton,GREEN W,BIR,Southwest,Cincinnati,"1,290",997,77.29%
Hamilton,GREEN X,BIT,Southwest,Cincinnati,"1,344",868,64.58%
Hamilton,GREEN Y,BIV,Southwest,Cincinnati,900,624,69.33%
Hamilton,GREEN Z,BIX,Southwest,Cincinnati,"1,366",848,62.08%
Hamilton,HARR TWP AA,BIZ,Southwest,Cincinnati,732,522,71.31%
Hamilton,HARR TWP BB,BJA,Southwest,Cincinnati,"1,297",819,63.15%
Hamilton,HARR TWP CC,BJB,Southwest,Cincinnati,908,384,42.29%
Hamilton,HARRISON A,BJE,Southwest,Cincinnati,"1,451",617,42.52%
Hamilton,HARRISON B,BJF,Southwest,Cincinnati,"1,498",613,40.92%
Hamilton,HARRISON C,BJG,Southwest,Cincinnati,"1,677",847,50.51%
Hamilton,HARRISON D,BJH,Southwest,Cincinnati,"1,352",770,56.95%
Hamilton,HARRISON E,BJI,Southwest,Cincinnati,"1,426",849,59.54%
Hamilton,HARRISON F,BJJ,Southwest,Cincinnati,"1,355",866,63.91%
Hamilton,LOCKLAND A,BJL,Southwest,Cincinnati,844,305,36.14%
Hamilton,LOCKLAND B,BJM,Southwest,Cincinnati,"1,328",412,31.02%
Hamilton,MARIEMONT A,BJS,Southwest,Cincinnati,"1,384",866,62.57%
Hamilton,MARIEMONT B,BJT,Southwest,Cincinnati,"1,333",905,67.89%
Hamilton,MIAMI TWP H,BJX,Southwest,Cincinnati,467,299,64.03%
Hamilton,NORTH BEND A,BJZ,Southwest,Cincinnati,758,524,69.13%
Hamilton,ADDYSTON A,BKA,Southwest,Cincinnati,573,205,35.78%
Hamilton,CLEVES A,BKB,Southwest,Cincinnati,879,321,36.52%
Hamilton,CLEVES B,BKC,Southwest,Cincinnati,"1,378",877,63.64%
Hamilton,MIAMI TWP A,BKD,Southwest,Cincinnati,"1,273",831,65.28%
Hamilton,MIAMI TWP B,BKE,Southwest,Cincinnati,"1,440","1,013",70.35%
Hamilton,MIAMI TWP C,BKF,Southwest,Cincinnati,"1,270",707,55.67%
Hamilton,MIAMI TWP D,BKG,Southwest,Cincinnati,"1,254",905,72.17%
Hamilton,MIAMI TWP E,BKH,Southwest,Cincinnati,987,702,71.12%
Hamilton,MIAMI TWP F,BKI,Southwest,Cincinnati,606,362,59.74%
Hamilton,MIAMI TWP G,BKJ,Southwest,Cincinnati,"1,301",860,66.10%
Hamilton,NEWTOWN A,BKK,Southwest,Cincinnati,837,509,60.81%
Hamilton,NEWTOWN B,BKL,Southwest,Cincinnati,"1,217",688,56.53%
Hamilton,SPRINGFIELD A,BKM,Southwest,Cincinnati,805,245,30.43%
Hamilton,SPRINGFIELD AA,BKN,Southwest,Cincinnati,"1,102",555,50.36%
Hamilton,SPRINGFIELD B,BKO,Southwest,Cincinnati,688,354,51.45%
Hamilton,SPRINGFIELD BB,BKP,Southwest,Cincinnati,656,470,71.65%
Hamilton,SPRINGFIELD C,BKQ,Southwest,Cincinnati,"1,275",628,49.25%
Hamilton,SPRINGFIELD D,BKS,Southwest,Cincinnati,857,479,55.89%
Hamilton,SPRINGFIELD E,BKU,Southwest,Cincinnati,550,298,54.18%
Hamilton,SPRINGFIELD F,BKW,Southwest,Cincinnati,674,460,68.25%
Hamilton,SPRINGFIELD G,BKY,Southwest,Cincinnati,"1,188",700,58.92%
Hamilton,SPRINGFIELD H,BLA,Southwest,Cincinnati,"1,103",739,67.00%
Hamilton,SPRINGFIELD I,BLC,Southwest,Cincinnati,507,242,47.73%
Hamilton,SPRINGFIELD J,BLE,Southwest,Cincinnati,950,487,51.26%
Hamilton,SPRINGFIELD K,BLG,Southwest,Cincinnati,860,336,39.07%
Hamilton,SPRINGFIELD L,BLI,Southwest,Cincinnati,301,125,41.53%
Hamilton,SPRINGFIELD M,BLK,Southwest,Cincinnati,"1,166",608,52.14%
Hamilton,SPRINGFIELD N,BLM,Southwest,Cincinnati,"1,098",659,60.02%
Hamilton,SPRINGFIELD O,BLO,Southwest,Cincinnati,"1,071",437,40.80%
Hamilton,SPRINGFIELD P,BLQ,Southwest,Cincinnati,869,391,44.99%
Hamilton,SPRINGFIELD Q,BLS,Southwest,Cincinnati,"1,291",530,41.05%
Hamilton,SPRINGFIELD R,BLU,Southwest,Cincinnati,"1,157",569,49.18%
Hamilton,SPRINGFIELD S,BLW,Southwest,Cincinnati,"1,172",749,63.91%
Hamilton,SPRINGFIELD T,BLY,Southwest,Cincinnati,"1,402",751,53.57%
Hamilton,SPRINGFIELD U,BMA,Southwest,Cincinnati,"1,288",823,63.90%
Hamilton,SPRINGFIELD V,BMC,Southwest,Cincinnati,"1,039",748,71.99%
Hamilton,SPRINGFIELD W,BME,Southwest,Cincinnati,"1,289",711,55.16%
Hamilton,SPRINGFIELD X,BMG,Southwest,Cincinnati,703,406,57.75%
Hamilton,SPRINGFIELD Y,BMI,Southwest,Cincinnati,937,414,44.18%
Hamilton,SPRINGFIELD Z,BMJ,Southwest,Cincinnati,652,350,53.68%
Hamilton,SYCAMORE A,BMK,Southwest,Cincinnati,134,58,43.28%
Hamilton,SYCAMORE B,BMM,Southwest,Cincinnati,"1,285",681,53.00%
Hamilton,SYCAMORE C,BMO,Southwest,Cincinnati,"1,415",689,48.69%
Hamilton,SYCAMORE D,BMP,Southwest,Cincinnati,741,517,69.77%
Hamilton,SYCAMORE E,BMQ,Southwest,Cincinnati,"1,314",879,66.89%
Hamilton,SYCAMORE F,BMR,Southwest,Cincinnati,875,587,67.09%
Hamilton,SYCAMORE G,BMS,Southwest,Cincinnati,"1,130",728,64.42%
Hamilton,SYCAMORE H,BMT,Southwest,Cincinnati,887,506,57.05%
Hamilton,SYCAMORE I,BMU,Southwest,Cincinnati,"1,198",787,65.69%
Hamilton,SYCAMORE J,BMV,Southwest,Cincinnati,919,467,50.82%
Hamilton,SYCAMORE K,BMW,Southwest,Cincinnati,"1,198",676,56.43%
Hamilton,SYCAMORE L,BMX,Southwest,Cincinnati,"1,264",747,59.10%
Hamilton,SYCAMORE M,BMY,Southwest,Cincinnati,700,434,62.00%
Hamilton,SYCAMORE N,BMZ,Southwest,Cincinnati,"1,232",790,64.12%
Hamilton,SYMMES A,BNM,Southwest,Cincinnati,312,215,68.91%
Hamilton,SYMMES B,BNN,Southwest,Cincinnati,"1,085",727,67.00%
Hamilton,SYMMES C,BNO,Southwest,Cincinnati,"1,325",958,72.30%
Hamilton,SYMMES D,BNP,Southwest,Cincinnati,"1,073",631,58.81%
Hamilton,SYMMES E,BNQ,Southwest,Cincinnati,"1,064",781,73.40%
Hamilton,SYMMES F,BNR,Southwest,Cincinnati,"1,459",791,54.22%
Hamilton,SYMMES G,BNS,Southwest,Cincinnati,669,450,67.26%
Hamilton,SYMMES H,BNT,Southwest,Cincinnati,479,342,71.40%
Hamilton,SYMMES I,BNU,Southwest,Cincinnati,973,473,48.61%
Hamilton,SYMMES J,BNV,Southwest,Cincinnati,"1,251",763,60.99%
Hamilton,SYMMES K,BNW,Southwest,Cincinnati,435,285,65.52%
Hamilton,SYMMES L,BNX,Southwest,Cincinnati,"1,116",806,72.22%
Hamilton,TERRACE PARK A,BOE,Southwest,Cincinnati,"1,240",817,65.89%
Hamilton,TERRACE PARK B,BOF,Southwest,Cincinnati,679,427,62.89%
Hamilton,WHITEWATER A,BOH,Southwest,Cincinnati,"1,342",677,50.45%
Hamilton,WHITEWATER B,BOI,Southwest,Cincinnati,"1,513",754,49.83%
Hamilton,WHITEWATER C,BOJ,Southwest,Cincinnati,"1,201",369,30.72%
Hamilton,WOODLAWN A,BOL,Southwest,Cincinnati,"1,072",558,52.05%
Hamilton,WOODLAWN B,BOM,Southwest,Cincinnati,"1,565",644,41.15%
Hamilton,LINCOLN HGTS A,BOP,Southwest,Cincinnati,"1,272",472,37.11%
Hamilton,LINCOLN HGTS B,BOQ,Southwest,Cincinnati,786,228,29.01%
Hamilton,CINCINNATI 12-D,BQI,Southwest,Cincinnati,"1,536",420,27.34%
Hamilton,CINCINNATI 12-E,BQJ,Southwest,Cincinnati,"1,324",258,19.49%
Hamilton,CINCINNATI 13-H,BQK,Southwest,Cincinnati,904,79,8.74%
Hamilton,NORWOOD 1-C,BQL,Southwest,Cincinnati,"1,103",491,44.51%
Hamilton,CINCINNATI 6-E,BQM,Southwest,Cincinnati,"1,304",604,46.32%
Hamilton,CINCINNATI 11-D,BQN,Southwest,Cincinnati,"1,136",332,29.23%
Hamilton,BLUE ASH 4-B,BQO,Southwest,Cincinnati,964,638,66.18%
Hamilton,HARRISON G,BQP,Southwest,Cincinnati,514,302,58.75%
Hancock,FINDLAY 1A,AAA,Northwest,Toledo,867,243,28.03%
Hancock,FINDLAY 1B,AAB,Northwest,Toledo,887,424,47.80%
Hancock,FINDLAY 1C,AAG,Northwest,Toledo,994,289,29.07%
Hancock,FINDLAY 2C,AAH,Northwest,Toledo,777,434,55.86%
Hancock,FINDLAY 2E,AAI,Northwest,Toledo,"1,056",634,60.04%
Hancock,FINDLAY 2A,AAJ,Northwest,Toledo,"1,171",702,59.95%
Hancock,FINDLAY 2B,AAL,Northwest,Toledo,738,422,57.18%
Hancock,FINDLAY 2D,AAM,Northwest,Toledo,741,503,67.88%
Hancock,FINDLAY 3A,AAO,Northwest,Toledo,"1,071",667,62.28%
Hancock,FINDLAY 3B,AAP,Northwest,Toledo,954,500,52.41%
Hancock,FINDLAY 3C,AAQ,Northwest,Toledo,"1,113",628,56.42%
Hancock,FINDLAY 3D,AAR,Northwest,Toledo,764,283,37.04%
Hancock,FINDLAY 4A,AAU,Northwest,Toledo,818,227,27.75%
Hancock,FINDLAY 4B,AAV,Northwest,Toledo,845,226,26.75%
Hancock,FINDLAY 4C,AAW,Northwest,Toledo,601,261,43.43%
Hancock,FINDLAY 4D,AAX,Northwest,Toledo,864,463,53.59%
Hancock,FINDLAY 1D,AAZ,Northwest,Toledo,"1,057",579,54.78%
Hancock,FINDLAY 5A,ABA,Northwest,Toledo,"1,002",543,54.19%
Hancock,FINDLAY 5B,ABB,Northwest,Toledo,745,451,60.54%
Hancock,FINDLAY 5C,ABC,Northwest,Toledo,954,427,44.76%
Hancock,FINDLAY 5D,ABD,Northwest,Toledo,"1,045",644,61.63%
Hancock,FINDLAY 5E,ABE,Northwest,Toledo,650,254,39.08%
Hancock,FINDLAY 6A,ABG,Northwest,Toledo,529,176,33.27%
Hancock,FINDLAY 6B,ABH,Northwest,Toledo,823,200,24.30%
Hancock,FINDLAY 6C,ABI,Northwest,Toledo,789,332,42.08%
Hancock,FINDLAY 6D,ABJ,Northwest,Toledo,701,252,35.95%
Hancock,FINDLAY 4E,ABM,Northwest,Toledo,644,305,47.36%
Hancock,FOSTORIA N,ABN,Northwest,Toledo,982,521,53.05%
Hancock,FOSTORIA S,ABO,Northwest,Toledo,921,423,45.93%
Hancock,ALLEN E,ABP,Northwest,Toledo,924,569,61.58%
Hancock,ALLEN W,ABQ,Northwest,Toledo,"1,050",659,62.76%
Hancock,AMANDA,ABR,Northwest,Toledo,742,487,65.63%
Hancock,BIGLICK,ABS,Northwest,Toledo,918,589,64.16%
Hancock,BLANCHARD,ABT,Northwest,Toledo,850,522,61.41%
Hancock,CASS,ABU,Northwest,Toledo,710,436,61.41%
Hancock,DELAWARE,ABV,Northwest,Toledo,849,517,60.90%
Hancock,EAGLE,ABW,Northwest,Toledo,843,594,70.46%
Hancock,JACKSON,ABX,Northwest,Toledo,752,500,66.49%
Hancock,LIBERTY N,ABY,Northwest,Toledo,754,428,56.76%
Hancock,LIBERTY NE,ABZ,Northwest,Toledo,832,509,61.18%
Hancock,LIBERTY NW,ACA,Northwest,Toledo,"1,170",757,64.70%
Hancock,LIBERTY SE,ACB,Northwest,Toledo,"1,271",538,42.33%
Hancock,LIBERTY SW,ACC,Northwest,Toledo,"1,013",619,61.11%
Hancock,MADISON E,ACD,Northwest,Toledo,722,491,68.01%
Hancock,MADISON W,ACE,Northwest,Toledo,886,628,70.88%
Hancock,MARION S,ACH,Northwest,Toledo,"1,448",889,61.40%
Hancock,ORANGE,ACI,Northwest,Toledo,971,591,60.87%
Hancock,PLEASANT,ACJ,Northwest,Toledo,563,356,63.23%
Hancock,MCCOMB,ACK,Northwest,Toledo,962,459,47.71%
Hancock,PORTAGE,ACL,Northwest,Toledo,512,334,65.23%
Hancock,UNION E,ACM,Northwest,Toledo,591,313,52.96%
Hancock,UNION W,ACN,Northwest,Toledo,628,400,63.69%
Hancock,VAN BUREN,ACO,Northwest,Toledo,689,468,67.92%
Hancock,WASHINGTON,ACR,Northwest,Toledo,"1,040",584,56.15%
Hancock,MARION N,ACS,Northwest,Toledo,"1,077",684,63.51%
Hancock,FINDLAY 7A,ACU,Northwest,Toledo,923,468,50.70%
Hancock,FINDLAY 7B,ACV,Northwest,Toledo,772,326,42.23%
Hancock,FINDLAY 7C,ACW,Northwest,Toledo,755,407,53.91%
Hancock,FINDLAY 7D,ACX,Northwest,Toledo,649,301,46.38%
Hancock,FINDLAY 7E,ACY,Northwest,Toledo,602,205,34.05%
Hardin,KENTON 1,AAA,Central,Columbus,"1,183",423,35.76%
Hardin,KENTON 2,AAD,Central,Columbus,"1,450",698,48.14%
Hardin,KENTON 3,AAG,Central,Columbus,"1,188",461,38.80%
Hardin,KENTON 4,AAJ,Central,Columbus,813,274,33.70%
Hardin,DUNKIRK / BLANCHARD,AAM,Central,Columbus,921,497,53.96%
Hardin,BUCK,AAN,Central,Columbus,515,276,53.59%
Hardin,CESSNA,AAO,Central,Columbus,333,219,65.77%
Hardin,DUDLEY,AAP,Central,Columbus,555,332,59.82%
Hardin,GOSHEN,AAQ,Central,Columbus,378,248,65.61%
Hardin,MOUNT VICTORY / RIDGEWAY / HALE,AAS,Central,Columbus,948,506,53.38%
Hardin,FOREST / JACKSON,AAV,Central,Columbus,"1,258",686,54.53%
Hardin,LIBERTY,AAX,Central,Columbus,"1,235",764,61.86%
Hardin,ADA NORTH,AAZ,Central,Columbus,"1,195",529,44.27%
Hardin,ADA SOUTH,ABB,Central,Columbus,"1,109",539,48.60%
Hardin,LYNN,ABD,Central,Columbus,382,224,58.64%
Hardin,ALGER / MCGUFFEY / MARION,ABE,Central,Columbus,"1,450",697,48.07%
Hardin,MCDONALD,ABH,Central,Columbus,604,358,59.27%
Hardin,PLEASANT,ABI,Central,Columbus,"1,048",680,64.89%
Hardin,ROUNDHEAD,ABK,Central,Columbus,454,264,58.15%
Hardin,TAYLOR CREEK,ABL,Central,Columbus,383,231,60.31%
Hardin,WASHINGTON,ABM,Central,Columbus,498,293,58.84%
Harrison,ARCHER TWP,AAA,Southeast,Wheeling,214,127,59.35%
Harrison,ATHENS TWP/VIL,AAB,Southeast,Wheeling,324,192,59.26%
Harrison,CADIZ TWP/VIL NE,AAE,Southeast,Wheeling,"1,133",518,45.72%
Harrison,CADIZ VIL SW,AAG,Southeast,Wheeling,"1,221",574,47.01%
Harrison,FRANKLIN TWP/VIL,AAL,Southeast,Wheeling,410,261,63.66%
Harrison,FREEPORT TWP/VIL,AAM,Southeast,Wheeling,509,275,54.03%
Harrison,GERMAN TWP,AAO,Southeast,Wheeling,530,289,54.53%
Harrison,GREEN TWP/VIL,AAS,Southeast,Wheeling,"1,228",672,54.72%
Harrison,MONROE TWP/VIL,AAU,Southeast,Wheeling,687,333,48.47%
Harrison,MOOREFIELD TWP,AAV,Southeast,Wheeling,281,187,66.55%
Harrison,NORTH TWP/VIL,AAX,Southeast,Wheeling,946,459,48.52%
Harrison,NOTTINGHAM TWP,ABA,Southeast,Wheeling,218,140,64.22%
Harrison,RUMLEY TWP/VIL,ABB,Southeast,Wheeling,867,409,47.17%
Harrison,SHORTCREEK TWP/VIL,ABF,Southeast,Wheeling,768,413,53.78%
Harrison,STOCK TWP,ABH,Southeast,Wheeling,342,210,61.40%
Harrison,WASHINGTON TWP,ABI,Southeast,Wheeling,357,208,58.26%
Henry,NAPOLEON CITY 01.1,AAA,Northwest,Toledo,822,290,35.28%
Henry,NAPOLEON CITY 02.0,AAB,Northwest,Toledo,765,296,38.69%
Henry,NAPOLEON CITY 03.0,AAC,Northwest,Toledo,"1,132",633,55.92%
Henry,NAPOLEON CITY 04.0,AAE,Northwest,Toledo,"1,455",589,40.48%
Henry,NAPOLEON CITY 05.0,AAH,Northwest,Toledo,"1,237",534,43.17%
Henry,NAPOLEON CITY 06.0,AAI,Northwest,Toledo,809,500,61.80%
Henry,BARTLOW TWP 08.0,AAJ,Northwest,Toledo,428,273,63.79%
Henry,MCCLURE VILL 09.0,AAK,Northwest,Toledo,"1,239",689,55.61%
Henry,DESHLER VILLAGE 07.0,AAL,Northwest,Toledo,"1,056",494,46.78%
Henry,FLORIDA VILL 10.0,AAO,Northwest,Toledo,906,549,60.60%
Henry,FREEDOM TWP 11.0,AAP,Northwest,Toledo,679,398,58.62%
Henry,HARRISON TWP 12.0,AAQ,Northwest,Toledo,725,463,63.86%
Henry,HOLGATE VILLAGE 19.0,AAS,Northwest,Toledo,712,332,46.63%
Henry,LIBERTY TWP 14.0,AAT,Northwest,Toledo,961,562,58.48%
Henry,LIBERTY CENTER VILLAGE 13.0,AAV,Northwest,Toledo,752,348,46.28%
Henry,HAMLER VILL 15.0,AAW,Northwest,Toledo,934,535,57.28%
Henry,MALINTA VILL MONROE TWP 16.0,AAY,Northwest,Toledo,773,467,60.41%
Henry,NAPOLEON EAST TWP 17.0,ABA,Northwest,Toledo,444,265,59.68%
Henry,NAPOLEON WEST TWP 18.0,ABB,Northwest,Toledo,629,409,65.02%
Henry,PLEASANT TWP 20.0,ABC,Northwest,Toledo,673,405,60.18%
Henry,RICHFIELD TWP 21.0,ABD,Northwest,Toledo,474,281,59.28%
Henry,RIDGEVILLE TWP 22.0,ABE,Northwest,Toledo,804,496,61.69%
Henry,WASHINGTON TWP 23.0,ABF,Northwest,Toledo,"1,320",787,59.62%
Highland,GREENFIELD N,AAB,Southwest,Cincinnati,"1,211",483,39.88%
Highland,GREENFIELD S,AAF,Southwest,Cincinnati,"1,157",360,31.11%
Highland,HILLSBORO NE,AAI,Southwest,Cincinnati,872,408,46.79%
Highland,HILLSBORO NW,AAJ,Southwest,Cincinnati,"1,302",479,36.79%
Highland,HILLSBORO SE,AAL,Southwest,Cincinnati,799,269,33.67%
Highland,HILLSBORO SW-A,AAN,Southwest,Cincinnati,635,295,46.46%
Highland,HILLSBORO SW-B,AAO,Southwest,Cincinnati,521,274,52.59%
Highland,BRUSHCREEK,AAQ,Southwest,Cincinnati,839,452,53.87%
Highland,CLAY,AAS,Southwest,Cincinnati,997,503,50.45%
Highland,CONCORD,AAT,Southwest,Cincinnati,927,511,55.12%
Highland,DODSON,AAU,Southwest,Cincinnati,734,387,52.72%
Highland,LYNCHBURG,AAV,Southwest,Cincinnati,974,424,43.53%
Highland,FAIRFIELD E,AAX,Southwest,Cincinnati,"1,025",581,56.68%
Highland,FAIRFIELD W,AAY,Southwest,Cincinnati,504,234,46.43%
Highland,LEESBURG,AAZ,Southwest,Cincinnati,720,291,40.42%
Highland,HAMER,ABB,Southwest,Cincinnati,493,277,56.19%
Highland,JACKSON,ABC,Southwest,Cincinnati,705,353,50.07%
Highland,LIBERTY NE,ABD,Southwest,Cincinnati,636,369,58.02%
Highland,LIBERTY NW,ABE,Southwest,Cincinnati,778,431,55.40%
Highland,LIBERTY S,ABF,Southwest,Cincinnati,"1,114",654,58.71%
Highland,MADISON,ABG,Southwest,Cincinnati,"1,187",639,53.83%
Highland,MARSHALL,ABI,Southwest,Cincinnati,640,376,58.75%
Highland,NEW MARKET,ABJ,Southwest,Cincinnati,"1,304",745,57.13%
Highland,PAINT N,ABL,Southwest,Cincinnati,649,336,51.77%
Highland,PAINT SE,ABM,Southwest,Cincinnati,818,412,50.37%
Highland,PAINT SW,ABN,Southwest,Cincinnati,"1,237",464,37.51%
Highland,PENN,ABO,Southwest,Cincinnati,975,539,55.28%
Highland,SALEM,ABP,Southwest,Cincinnati,555,306,55.14%
Highland,UNION,ABQ,Southwest,Cincinnati,"1,257",600,47.73%
Highland,WASHINGTON,ABR,Southwest,Cincinnati,790,424,53.67%
Highland,WHITEOAK,ABT,Southwest,Cincinnati,848,464,54.72%
Hocking,PRECINCT LOGAN 1,AAB,Central,Columbus,"1,188",582,48.99%
Hocking,PRECINCT LOGAN 2,AAE,Central,Columbus,"1,253",539,43.02%
Hocking,PRECINCT LOGAN 3,AAG,Central,Columbus,"1,123",645,57.44%
Hocking,PRECINCT LOGAN 4,AAJ,Central,Columbus,"1,166",401,34.39%
Hocking,PRECINCT BENTON,AAL,Central,Columbus,564,304,53.90%
Hocking,PRECINCT FALLS 1,AAM,Central,Columbus,"1,167",692,59.30%
Hocking,PRECINCT FALLS 2,AAN,Central,Columbus,763,403,52.82%
Hocking,PRECINCT FALLS 3,AAO,Central,Columbus,"1,314",677,51.52%
Hocking,PRECINCT GOOD HOPE,AAR,Central,Columbus,920,548,59.57%
Hocking,PRECINCT GREEN 1,AAT,Central,Columbus,928,528,56.90%
Hocking,PRECINCT GREEN 2,AAU,Central,Columbus,725,350,48.28%
Hocking,PRECINCT LAUREL,AAV,Central,Columbus,775,479,61.81%
Hocking,PRECINCT MARION 1,AAW,Central,Columbus,"1,166",727,62.35%
Hocking,PRECINCT MARION 2,AAX,Central,Columbus,547,278,50.82%
Hocking,PRECINCT PERRY 1,AAZ,Central,Columbus,"1,018",521,51.18%
Hocking,PRECINCT SALTCREEK,ABA,Central,Columbus,692,357,51.59%
Hocking,PRECINCT STARR,ABB,Central,Columbus,958,536,55.95%
Hocking,PRECINCT WARD,ABE,Central,Columbus,799,398,49.81%
Hocking,PRECINCT WASHINGTON,ABF,Central,Columbus,823,444,53.95%
Hocking,PRECINCT PERRY 2,ABH,Central,Columbus,557,284,50.99%
Holmes,PRECINCT BERLIN NORTH,AAA,Northeast,Cleveland,885,479,54.12%
Holmes,PRECINCT BERLIN SOUTH,AAB,Northeast,Cleveland,841,421,50.06%
Holmes,PRECINCT CLARK TOWNSHIP,AAC,Northeast,Cleveland,980,233,23.78%
Holmes,PRECINCT HARDY TOWNSHIP,AAD,Northeast,Cleveland,"1,385",816,58.92%
Holmes,PRECINCT MILLERSBURG EAST,AAF,Northeast,Cleveland,"1,274",633,49.69%
Holmes,PRECINCT MILLERSBURG WEST,AAH,Northeast,Cleveland,708,262,37.01%
Holmes,PRECINCT KILLBUCK TOWNSHIP,AAJ,Northeast,Cleveland,"1,189",607,51.05%
Holmes,PRECINCT KNOX TOWNSHIP,AAL,Northeast,Cleveland,740,450,60.81%
Holmes,PRECINCT MECHANIC TOWNSHIP,AAM,Northeast,Cleveland,"1,306",662,50.69%
Holmes,PRECINCT MONROE TOWNSHIP,AAO,Northeast,Cleveland,996,583,58.53%
Holmes,PRECINCT PAINT TOWNSHIP,AAP,Northeast,Cleveland,"1,349",486,36.03%
Holmes,PRECINCT PRAIRIE TOWNSHIP,AAR,Northeast,Cleveland,"1,141",585,51.27%
Holmes,PRECINCT RICHLAND TOWNSHIP,AAT,Northeast,Cleveland,673,351,52.15%
Holmes,PRECINCT RIPLEY TOWNSHIP,AAU,Northeast,Cleveland,"1,132",662,58.48%
Holmes,PRECINCT SALTCREEK TOWNSHIP,AAW,Northeast,Cleveland,"1,125",370,32.89%
Holmes,PRECINCT WALNUT CREEK TOWNSHIP,AAX,Northeast,Cleveland,"1,271",599,47.13%
Holmes,PRECINCT WASHINGTON TOWNSHIP,AAY,Northeast,Cleveland,"1,077",626,58.12%
Huron,BELLEVUE 3,AAA,Northeast,Cleveland,"1,085",452,41.66%
Huron,BELLEVUE 4,AAD,Northeast,Cleveland,"1,099",524,47.68%
Huron,NORWALK 1-A,AAG,Northeast,Cleveland,"1,049",587,55.96%
Huron,NORWALK 1-B,AAH,Northeast,Cleveland,"1,255",652,51.95%
Huron,NORWALK 1-C,AAI,Northeast,Cleveland,854,354,41.45%
Huron,NORWALK 2-A,AAL,Northeast,Cleveland,"1,031",609,59.07%
Huron,NORWALK 2-B,AAM,Northeast,Cleveland,839,368,43.86%
Huron,NORWALK 2-C,AAN,Northeast,Cleveland,"1,095",543,49.59%
Huron,NORWALK 3-A,AAQ,Northeast,Cleveland,602,193,32.06%
Huron,NORWALK 3-B,AAR,Northeast,Cleveland,743,376,50.61%
Huron,NORWALK 3-C,AAS,Northeast,Cleveland,773,399,51.62%
Huron,NORWALK 4-A,AAV,Northeast,Cleveland,744,264,35.48%
Huron,NORWALK 4-B,AAW,Northeast,Cleveland,715,276,38.60%
Huron,NORWALK 4-C,AAX,Northeast,Cleveland,912,518,56.80%
Huron,WILLARD 1,ABA,Northeast,Cleveland,666,213,31.98%
Huron,WILLARD 2,ABC,Northeast,Cleveland,650,130,20.00%
Huron,WILLARD 3,ABE,Northeast,Cleveland,974,492,50.51%
Huron,WILLARD 4,ABG,Northeast,Cleveland,995,476,47.84%
Huron,BRONSON TWP 1,ABI,Northeast,Cleveland,679,407,59.94%
Huron,BRONSON TWP 2,ABJ,Northeast,Cleveland,798,538,67.42%
Huron,CLARKSFIELD TWP,ABK,Northeast,Cleveland,"1,081",608,56.24%
Huron,FAIRFIELD TWP,ABL,Northeast,Cleveland,710,396,55.77%
Huron,FITCHVILLE TWP,ABN,Northeast,Cleveland,688,377,54.80%
Huron,GREENFIELD TWP,ABO,Northeast,Cleveland,"1,005",645,64.18%
Huron,GREENWICH TWP,ABP,Northeast,Cleveland,491,261,53.16%
Huron,GREENWICH VILLAGE,ABQ,Northeast,Cleveland,865,443,51.21%
Huron,HARTLAND TWP,ABS,Northeast,Cleveland,696,374,53.74%
Huron,LYME TWP,ABT,Northeast,Cleveland,642,436,67.91%
Huron,NEW HAVEN TWP,ABU,Northeast,Cleveland,"1,011",532,52.62%
Huron,PLYMOUTH VILLAGE,ABW,Northeast,Cleveland,468,207,44.23%
Huron,NEW LONDON TWP,ABX,Northeast,Cleveland,611,385,63.01%
Huron,NEW LONDON VILL 1,ABY,Northeast,Cleveland,720,267,37.08%
Huron,NEW LONDON VILL 2,ABZ,Northeast,Cleveland,676,299,44.23%
Huron,NORWALK TWP NORTH,ACB,Northeast,Cleveland,954,552,57.86%
Huron,NORWALK-MILAN TWP,ACC,Northeast,Cleveland,785,382,48.66%
Huron,NORWALK TWP SOUTH,ACD,Northeast,Cleveland,444,292,65.77%
Huron,NORWICH TWP,ACE,Northeast,Cleveland,714,403,56.44%
Huron,PERU TWP,ACF,Northeast,Cleveland,745,447,60.00%
Huron,RICHMOND TWP,ACG,Northeast,Cleveland,636,341,53.62%
Huron,RIDGEFIELD TWP,ACH,Northeast,Cleveland,654,421,64.37%
Huron,MONROEVILLE VILLAGE,ACI,Northeast,Cleveland,744,397,53.36%
Huron,RIPLEY TWP,ACK,Northeast,Cleveland,496,290,58.47%
Huron,SHERMAN TWP,ACL,Northeast,Cleveland,331,193,58.31%
Huron,TOWNSEND TWP,ACM,Northeast,Cleveland,"1,087",629,57.87%
Huron,WAKEMAN TWP,ACO,Northeast,Cleveland,"1,093",526,48.12%
Huron,WAKEMAN VILLAGE,ACQ,Northeast,Cleveland,676,332,49.11%
Jackson,PRECINCT JACKSON 1-A,AAA,Southeast,Charleston,"1,137",523,46.00%
Jackson,PRECINCT JACKSON 2-A,AAC,Southeast,Charleston,857,300,35.01%
Jackson,PRECINCT JACKSON 3-A,AAE,Southeast,Charleston,907,309,34.07%
Jackson,PRECINCT JACKSON 4-A,AAG,Southeast,Charleston,"1,033",463,44.82%
Jackson,PRECINCT WELLSTON 1-A,AAJ,Southeast,Charleston,621,296,47.67%
Jackson,PRECINCT WELLSTON 2-A,AAL,Southeast,Charleston,607,202,33.28%
Jackson,PRECINCT WELLSTON 2-B,AAM,Southeast,Charleston,698,281,40.26%
Jackson,PRECINCT WELLSTON 3-A,AAO,Southeast,Charleston,491,191,38.90%
Jackson,PRECINCT WELLSTON 4-A,AAQ,Southeast,Charleston,845,328,38.82%
Jackson,PRECINCT BLOOMFIELD,AAS,Southeast,Charleston,800,302,37.75%
Jackson,PRECINCT COAL II,AAT,Southeast,Charleston,897,373,41.58%
Jackson,PRECINCT COAL I,AAV,Southeast,Charleston,296,93,31.42%
Jackson,PRECINCT FRANKLIN II,AAW,Southeast,Charleston,679,345,50.81%
Jackson,PRECINCT HAMILTON,AAX,Southeast,Charleston,382,169,44.24%
Jackson,PRECINCT JACKSON,AAY,Southeast,Charleston,909,423,46.53%
Jackson,PRECINCT JEFFERSON I,AAZ,Southeast,Charleston,700,305,43.57%
Jackson,PRECINCT JEFFERSON II,ABA,Southeast,Charleston,810,345,42.59%
Jackson,PRECINCT OAK HILL II,ABB,Southeast,Charleston,569,266,46.75%
Jackson,PRECINCT LIBERTY II,ABC,Southeast,Charleston,785,406,51.72%
Jackson,PRECINCT LICK I,ABD,Southeast,Charleston,972,429,44.14%
Jackson,PRECINCT LICK II,ABE,Southeast,Charleston,744,356,47.85%
Jackson,PRECINCT MADISON I,ABG,Southeast,Charleston,470,208,44.26%
Jackson,PRECINCT MADISON II,ABH,Southeast,Charleston,555,248,44.68%
Jackson,PRECINCT OAK HILL I,ABI,Southeast,Charleston,382,129,33.77%
Jackson,PRECINCT MILTON I,ABJ,Southeast,Charleston,734,331,45.10%
Jackson,PRECINCT SCIOTO II,ABM,Southeast,Charleston,580,242,41.72%
Jackson,PRECINCT WASHINGTON,ABN,Southeast,Charleston,492,241,48.98%
Jackson,PRECINCT FRANKLIN I,ABO,Southeast,Charleston,769,421,54.75%
Jackson,PRECINCT LIBERTY I,ABP,Southeast,Charleston,445,207,46.52%
Jackson,PRECINCT SCIOTO I,ABQ,Southeast,Charleston,586,292,49.83%
Jefferson,PRECINCT STEUBENVILLE 1-1,AAA,Southeast,Wheeling,743,201,27.05%
Jefferson,PRECINCT STEUBENVILLE 1-2,AAB,Southeast,Wheeling,750,172,22.93%
Jefferson,PRECINCT STEUBENVILLE 2-1,AAE,Southeast,Wheeling,"1,035",346,33.43%
Jefferson,PRECINCT STEUBENVILLE 2-2,AAF,Southeast,Wheeling,"1,095",511,46.67%
Jefferson,PRECINCT STEUBENVILLE 3-1,AAI,Southeast,Wheeling,"1,109",353,31.83%
Jefferson,PRECINCT STEUBENVILLE 3-2,AAJ,Southeast,Wheeling,"1,018",496,48.72%
Jefferson,PRECINCT STEUBENVILLE 4-1,AAM,Southeast,Wheeling,791,180,22.76%
Jefferson,PRECINCT STEUBENVILLE 4-2,AAN,Southeast,Wheeling,978,100,10.22%
Jefferson,PRECINCT STEUBENVILLE 5-1,AAQ,Southeast,Wheeling,868,438,50.46%
Jefferson,PRECINCT STEUBENVILLE 5-2,AAR,Southeast,Wheeling,861,438,50.87%
Jefferson,PRECINCT STEUBENVILLE 5-3,AAS,Southeast,Wheeling,758,445,58.71%
Jefferson,PRECINCT STEUBENVILLE 6-1,AAU,Southeast,Wheeling,789,402,50.95%
Jefferson,PRECINCT STEUBENVILLE 6-2,AAV,Southeast,Wheeling,896,517,57.70%
Jefferson,PRECINCT STEUBENVILLE 6-3,AAW,Southeast,Wheeling,948,531,56.01%
Jefferson,PRECINCT TORONTO 1-A,ABA,Southeast,Wheeling,999,510,51.05%
Jefferson,PRECINCT TORONTO 2-A,ABC,Southeast,Wheeling,875,459,52.46%
Jefferson,PRECINCT TORONTO 3-A,ABE,Southeast,Wheeling,919,382,41.57%
Jefferson,PRECINCT TORONTO 4-A,ABG,Southeast,Wheeling,819,332,40.54%
Jefferson,PRECINCT BRUSH CREEK,ABI,Southeast,Wheeling,291,164,56.36%
Jefferson,PRECINCT BANTAM RIDGE,ABJ,Southeast,Wheeling,"1,132",722,63.78%
Jefferson,PRECINCT BRENTWOOD,ABL,Southeast,Wheeling,778,488,62.72%
Jefferson,PRECINCT CROSS CREEK,ABM,Southeast,Wheeling,986,539,54.67%
Jefferson,PRECINCT NEW ALEXANDRIA,ABO,Southeast,Wheeling,161,79,49.07%
Jefferson,PRECINCT WEST PARK,ABS,Southeast,Wheeling,884,486,54.98%
Jefferson,PRECINCT WINTERSVILLE A,ABT,Southeast,Wheeling,898,483,53.79%
Jefferson,PRECINCT WINTERSVILLE B,ABU,Southeast,Wheeling,809,416,51.42%
Jefferson,PRECINCT WINTERSVILLE C,ABV,Southeast,Wheeling,518,263,50.77%
Jefferson,PRECINCT ISLAND CREEK,ABY,Southeast,Wheeling,711,401,56.40%
Jefferson,PRECINCT MT TABOR,ABZ,Southeast,Wheeling,555,338,60.90%
Jefferson,PRECINCT PLEASANT HILL 1,ACA,Southeast,Wheeling,754,455,60.34%
Jefferson,PRECINCT PLEASANT HILL 2,ACB,Southeast,Wheeling,879,504,57.34%
Jefferson,PRECINCT TWO RIDGE,ACE,Southeast,Wheeling,743,284,38.22%
Jefferson,PRECINCT WELSMAR,ACF,Southeast,Wheeling,286,142,49.65%
Jefferson,PRECINCT WINTRINGER,ACH,Southeast,Wheeling,369,172,46.61%
Jefferson,PRECINCT WINTERSVILLE D,ACI,Southeast,Wheeling,683,378,55.34%
Jefferson,PRECINCT EMPIRE,ACK,Southeast,Wheeling,181,81,44.75%
Jefferson,PRECINCT GRANT,ACL,Southeast,Wheeling,425,237,55.76%
Jefferson,PRECINCT NEW SOMERSET,ACN,Southeast,Wheeling,919,493,53.65%
Jefferson,PRECINCT STRATTON,ACO,Southeast,Wheeling,181,109,60.22%
Jefferson,PRECINCT EMERSON,ACP,Southeast,Wheeling,983,544,55.34%
Jefferson,PRECINCT MT PLEASANT,ACS,Southeast,Wheeling,300,148,49.33%
Jefferson,PRECINCT DILLONVALE,ACT,Southeast,Wheeling,396,156,39.39%
Jefferson,PRECINCT ROSS,ACU,Southeast,Wheeling,451,259,57.43%
Jefferson,PRECINCT RICHMOND,ACV,Southeast,Wheeling,328,197,60.06%
Jefferson,PRECINCT SALEM,ACW,Southeast,Wheeling,608,368,60.53%
Jefferson,PRECINCT SHELLEY,ACX,Southeast,Wheeling,"1,254",758,60.45%
Jefferson,PRECINCT IRONDALE,ACZ,Southeast,Wheeling,190,74,38.95%
Jefferson,PRECINCT SALINE,ADA,Southeast,Wheeling,602,339,56.31%
Jefferson,PRECINCT ADENA,ADB,Southeast,Wheeling,390,198,50.77%
Jefferson,PRECINCT LINCOLN,ADC,Southeast,Wheeling,327,193,59.02%
Jefferson,PRECINCT PINE VALLEY,ADD,Southeast,Wheeling,352,215,61.08%
Jefferson,PRECINCT PINEY FORK,ADE,Southeast,Wheeling,424,211,49.76%
Jefferson,PRECINCT SMITHFIELD,ADF,Southeast,Wheeling,455,195,42.86%
Jefferson,PRECINCT AMSTERDAM,ADG,Southeast,Wheeling,256,118,46.09%
Jefferson,PRECINCT BERGHOLZ,ADH,Southeast,Wheeling,376,183,48.67%
Jefferson,PRECINCT ELK,ADI,Southeast,Wheeling,729,391,53.64%
Jefferson,PRECINCT GEORGES RUN,ADK,Southeast,Wheeling,532,235,44.17%
Jefferson,PRECINCT MINGO A,ADM,Southeast,Wheeling,719,276,38.39%
Jefferson,PRECINCT MINGO B,ADN,Southeast,Wheeling,536,219,40.86%
Jefferson,PRECINCT MINGO C,ADO,Southeast,Wheeling,567,360,63.49%
Jefferson,PRECINCT MINGO D,ADP,Southeast,Wheeling,478,271,56.69%
Jefferson,PRECINCT GLEN ROBBINS,ADT,Southeast,Wheeling,"1,164",599,51.46%
Jefferson,PRECINCT RAYLAND,ADU,Southeast,Wheeling,297,152,51.18%
Jefferson,PRECINCT TILTONSVILLE,ADW,Southeast,Wheeling,938,488,52.03%
Jefferson,PRECINCT YORKVILLE,AEA,Southeast,Wheeling,439,198,45.10%
Jefferson,PRECINCT BELVEDERE,AEB,Southeast,Wheeling,620,384,61.94%
Jefferson,PRECINCT BLOOMINGDALE,AEC,Southeast,Wheeling,112,66,58.93%
Jefferson,PRECINCT WAYNE,AEE,Southeast,Wheeling,802,461,57.48%
Jefferson,PRECINCT WELLS 1,AEF,Southeast,Wheeling,339,153,45.13%
Jefferson,PRECINCT WELLS 2,AEG,Southeast,Wheeling,587,356,60.65%
Jefferson,PRECINCT BRILLIANT,AEH,Southeast,Wheeling,830,402,48.43%
Knox,PRECINCT MOUNT VERNON 1-A,AAA,Central,Columbus,834,455,54.56%
Knox,PRECINCT MOUNT VERNON 1-B,AAB,Central,Columbus,668,300,44.91%
Knox,PRECINCT MOUNT VERNON 1-C,AAC,Central,Columbus,924,463,50.11%
Knox,PRECINCT MOUNT VERNON 2-A,AAE,Central,Columbus,858,290,33.80%
Knox,PRECINCT MOUNT VERNON 2-B,AAF,Central,Columbus,536,154,28.73%
Knox,PRECINCT MOUNT VERNON 2-C,AAG,Central,Columbus,"1,102",406,36.84%
Knox,PRECINCT MOUNT VERNON 3-A,AAH,Central,Columbus,"1,282",649,50.62%
Knox,PRECINCT MOUNT VERNON 3-B,AAI,Central,Columbus,862,557,64.62%
Knox,PRECINCT MOUNT VERNON 3-C,AAJ,Central,Columbus,928,448,48.28%
Knox,PRECINCT MOUNT VERNON 4-A,AAK,Central,Columbus,841,412,48.99%
Knox,PRECINCT MOUNT VERNON 4-B,AAL,Central,Columbus,"1,154",554,48.01%
Knox,PRECINCT MOUNT VERNON 4-C,AAM,Central,Columbus,781,282,36.11%
Knox,PRECINCT BERLIN,AAO,Central,Columbus,"1,268",812,64.04%
Knox,PRECINCT BROWN,AAQ,Central,Columbus,"1,041",622,59.75%
Knox,PRECINCT BUTLER,AAR,Central,Columbus,536,266,49.63%
Knox,PRECINCT CLAY-MARTINSBURG,AAS,Central,Columbus,872,494,56.65%
Knox,PRECINCT CLINTON A,AAT,Central,Columbus,342,241,70.47%
Knox,PRECINCT CLINTON B,AAU,Central,Columbus,856,364,42.52%
Knox,PRECINCT CLINTON C,AAV,Central,Columbus,783,463,59.13%
Knox,PRECINCT COLLEGE,AAW,Central,Columbus,278,170,61.15%
Knox,PRECINCT GAMBIER A,AAX,Central,Columbus,577,296,51.30%
Knox,PRECINCT HARRISON,AAY,Central,Columbus,542,365,67.34%
Knox,PRECINCT CENTERBURG,AAZ,Central,Columbus,"1,068",560,52.43%
Knox,PRECINCT HILLIAR A,ABA,Central,Columbus,697,435,62.41%
Knox,PRECINCT HOWARD A,ABB,Central,Columbus,584,344,58.90%
Knox,PRECINCT HOWARD B,ABC,Central,Columbus,569,348,61.16%
Knox,PRECINCT HOWARD C,ABD,Central,Columbus,"1,326",833,62.82%
Knox,PRECINCT HOWARD D,ABE,Central,Columbus,"1,275",771,60.47%
Knox,PRECINCT JACKSON,ABF,Central,Columbus,637,411,64.52%
Knox,PRECINCT JEFFERSON,ABG,Central,Columbus,407,253,62.16%
Knox,PRECINCT LIBERTY B,ABH,Central,Columbus,794,490,61.71%
Knox,PRECINCT MIDDLEBURY,ABI,Central,Columbus,622,401,64.47%
Knox,PRECINCT MILLER,ABK,Central,Columbus,800,548,68.50%
Knox,PRECINCT MONROE A,ABL,Central,Columbus,903,473,52.38%
Knox,PRECINCT MONROE B,ABM,Central,Columbus,768,473,61.59%
Knox,PRECINCT MORGAN,ABN,Central,Columbus,781,532,68.12%
Knox,PRECINCT MORRIS A,ABO,Central,Columbus,618,409,66.18%
Knox,PRECINCT MORRIS B,ABP,Central,Columbus,856,545,63.67%
Knox,PRECINCT PIKE,ABQ,Central,Columbus,942,569,60.40%
Knox,PRECINCT PLEASANT,ABR,Central,Columbus,"1,315",854,64.94%
Knox,PRECINCT DANVILLE,ABT,Central,Columbus,591,286,48.39%
Knox,PRECINCT UNION,ABU,Central,Columbus,830,483,58.19%
Knox,PRECINCT FREDERICKTOWN A,ABV,Central,Columbus,325,164,50.46%
Knox,PRECINCT FREDERICKTOWN B,ABW,Central,Columbus,779,407,52.25%
Knox,PRECINCT WAYNE,ABX,Central,Columbus,670,473,70.60%
Knox,PRECINCT LIBERTY A,ABZ,Central,Columbus,560,365,65.18%
Knox,PRECINCT FREDERICKTOWN C,ACA,Central,Columbus,704,398,56.53%
Knox,PRECINCT HILLIAR B,ACB,Central,Columbus,856,595,69.51%
Knox,PRECINCT HOWARD E,ACC,Central,Columbus,770,498,64.68%
Knox,PRECINCT MILFORD,ACD,Central,Columbus,"1,381",878,63.58%
Knox,PRECINCT GAMBIER B,ACG,Central,Columbus,"1,021",250,24.49%
Knox,PRECINCT GAMBIER C,ACH,Central,Columbus,910,248,27.25%
Knox,PRECINCT BRINKHAVEN,ACI,Central,Columbus,83,41,49.40%
Lake,PRECINCT EASTLAKE CITY 1A,AAA,Northeast,Cleveland,"1,076",441,40.99%
Lake,PRECINCT EASTLAKE CITY 1B,AAB,Northeast,Cleveland,880,389,44.20%
Lake,PRECINCT EASTLAKE CITY 1C,AAC,Northeast,Cleveland,"1,143",751,65.70%
Lake,PRECINCT EASTLAKE CITY 2A,AAE,Northeast,Cleveland,"1,081",611,56.52%
Lake,PRECINCT EASTLAKE CITY 2B,AAF,Northeast,Cleveland,766,367,47.91%
Lake,PRECINCT EASTLAKE CITY 2C,AAG,Northeast,Cleveland,945,534,56.51%
Lake,PRECINCT EASTLAKE CITY 3A,AAI,Northeast,Cleveland,"1,185",588,49.62%
Lake,PRECINCT EASTLAKE CITY 3B,AAJ,Northeast,Cleveland,"1,083",609,56.23%
Lake,PRECINCT EASTLAKE CITY 3C,AAK,Northeast,Cleveland,983,603,61.34%
Lake,PRECINCT EASTLAKE CITY 4A,AAN,Northeast,Cleveland,"1,082",666,61.55%
Lake,PRECINCT EASTLAKE CITY 4B,AAO,Northeast,Cleveland,"1,141",745,65.29%
Lake,PRECINCT EASTLAKE CITY 4C,AAP,Northeast,Cleveland,820,459,55.98%
Lake,PRECINCT KIRTLAND 1A,AAS,Northeast,Cleveland,"1,271",771,60.66%
Lake,PRECINCT KIRTLAND 2A,AAT,Northeast,Cleveland,"1,320",919,69.62%
Lake,PRECINCT KIRTLAND 3A,AAU,Northeast,Cleveland,"1,407",992,70.50%
Lake,PRECINCT KIRTLAND 4A,AAV,Northeast,Cleveland,"1,371",875,63.82%
Lake,PRECINCT MENTOR CITY 1A,AAW,Northeast,Cleveland,815,534,65.52%
Lake,PRECINCT MENTOR CITY 1B,AAX,Northeast,Cleveland,861,493,57.26%
Lake,PRECINCT MENTOR CITY 1C,AAY,Northeast,Cleveland,"1,033",628,60.79%
Lake,PRECINCT MENTOR CITY 1E,AAZ,Northeast,Cleveland,985,678,68.83%
Lake,PRECINCT MENTOR CITY 1F,ABA,Northeast,Cleveland,800,427,53.38%
Lake,PRECINCT MENTOR CITY 1G,ABB,Northeast,Cleveland,"1,040",745,71.63%
Lake,PRECINCT MENTOR CITY 1H,ABC,Northeast,Cleveland,"1,069",745,69.69%
Lake,PRECINCT MENTOR CITY 1I,ABD,Northeast,Cleveland,873,604,69.19%
Lake,PRECINCT MENTOR CITY 2A,ABF,Northeast,Cleveland,"1,235",745,60.32%
Lake,PRECINCT MENTOR CITY 2B,ABG,Northeast,Cleveland,"1,317",661,50.19%
Lake,PRECINCT MENTOR CITY 2C,ABH,Northeast,Cleveland,"1,330",797,59.92%
Lake,PRECINCT MENTOR CITY 2D,ABI,Northeast,Cleveland,"1,109",628,56.63%
Lake,PRECINCT MENTOR CITY 2E,ABJ,Northeast,Cleveland,780,412,52.82%
Lake,PRECINCT MENTOR CITY 2F,ABK,Northeast,Cleveland,665,427,64.21%
Lake,PRECINCT MENTOR CITY 2G,ABL,Northeast,Cleveland,806,547,67.87%
Lake,PRECINCT MENTOR CITY 2H,ABM,Northeast,Cleveland,742,511,68.87%
Lake,PRECINCT MENTOR CITY 3A,ABQ,Northeast,Cleveland,"1,110",609,54.86%
Lake,PRECINCT MENTOR CITY 3B,ABR,Northeast,Cleveland,"1,114",694,62.30%
Lake,PRECINCT MENTOR CITY 3C,ABS,Northeast,Cleveland,"1,154",747,64.73%
Lake,PRECINCT MENTOR CITY 3D,ABT,Northeast,Cleveland,"1,222",743,60.80%
Lake,PRECINCT MENTOR CITY 3E,ABU,Northeast,Cleveland,874,543,62.13%
Lake,PRECINCT MENTOR CITY 3F,ABV,Northeast,Cleveland,"1,129",758,67.14%
Lake,PRECINCT MENTOR CITY 3G,ABW,Northeast,Cleveland,724,490,67.68%
Lake,PRECINCT MENTOR CITY 3H,ABX,Northeast,Cleveland,974,660,67.76%
Lake,PRECINCT MENTOR CITY 4A,ABY,Northeast,Cleveland,"1,074",650,60.52%
Lake,PRECINCT MENTOR CITY 4B,ABZ,Northeast,Cleveland,"1,197",744,62.16%
Lake,PRECINCT MENTOR CITY 4C,ACA,Northeast,Cleveland,809,420,51.92%
Lake,PRECINCT MENTOR CITY 4D,ACB,Northeast,Cleveland,715,400,55.94%
Lake,PRECINCT MENTOR CITY 4E,ACC,Northeast,Cleveland,"1,123",653,58.15%
Lake,PRECINCT MENTOR CITY 4F,ACD,Northeast,Cleveland,838,538,64.20%
Lake,PRECINCT MENTOR CITY 4G,ACE,Northeast,Cleveland,"1,134",798,70.37%
Lake,PRECINCT MENTOR CITY 4H,ACF,Northeast,Cleveland,929,635,68.35%
Lake,MENTOR-ON-THE-LAKE CITY 1A,ACG,Northeast,Cleveland,"1,288",774,60.09%
Lake,MENTOR-ON-THE-LAKE CITY 2A,ACH,Northeast,Cleveland,"1,156",662,57.27%
Lake,MENTOR-ON-THE-LAKE CITY 3A,ACI,Northeast,Cleveland,"1,106",476,43.04%
Lake,MENTOR-ON-THE-LAKE CITY 4A,ACJ,Northeast,Cleveland,"1,314",698,53.12%
Lake,PRECINCT PAINESVILLE CITY 1A,ACL,Northeast,Cleveland,"1,291",427,33.08%
Lake,PRECINCT PAINESVILLE CITY 1B,ACM,Northeast,Cleveland,797,207,25.97%
Lake,PRECINCT PAINESVILLE CITY 2A,ACP,Northeast,Cleveland,"1,226",443,36.13%
Lake,PRECINCT PAINESVILLE CITY 2B,ACQ,Northeast,Cleveland,"1,149",515,44.82%
Lake,PRECINCT PAINESVILLE CITY 3A,ACT,Northeast,Cleveland,719,343,47.71%
Lake,PRECINCT PAINESVILLE CITY 3B,ACU,Northeast,Cleveland,884,433,48.98%
Lake,PRECINCT PAINESVILLE CITY 3C,ACV,Northeast,Cleveland,989,395,39.94%
Lake,PRECINCT PAINESVILLE CITY 4A,ACX,Northeast,Cleveland,"1,283",667,51.99%
Lake,PRECINCT PAINESVILLE CITY 4B,ACY,Northeast,Cleveland,896,364,40.63%
Lake,PRECINCT PAINESVILLE CITY 4C,ACZ,Northeast,Cleveland,603,223,36.98%
Lake,PRECINCT WICKLIFFE CITY 1A,ADB,Northeast,Cleveland,"1,092",691,63.28%
Lake,PRECINCT WICKLIFFE CITY 1B,ADC,Northeast,Cleveland,"1,095",643,58.72%
Lake,PRECINCT WICKLIFFE CITY 2A,ADF,Northeast,Cleveland,866,516,59.58%
Lake,PRECINCT WICKLIFFE CITY 2B,ADG,Northeast,Cleveland,722,333,46.12%
Lake,PRECINCT WICKLIFFE CITY 2C,ADH,Northeast,Cleveland,629,336,53.42%
Lake,PRECINCT WICKLIFFE CITY 3A,ADJ,Northeast,Cleveland,"1,065",574,53.90%
Lake,PRECINCT WICKLIFFE CITY 3B,ADK,Northeast,Cleveland,"1,142",584,51.14%
Lake,PRECINCT WICKLIFFE CITY 4A,ADN,Northeast,Cleveland,"1,086",619,57.00%
Lake,PRECINCT WICKLIFFE CITY 4B,ADO,Northeast,Cleveland,967,471,48.71%
Lake,PRECINCT WILLOUGHBY CITY 1A,ADR,Northeast,Cleveland,811,426,52.53%
Lake,PRECINCT WILLOUGHBY CITY 1B,ADS,Northeast,Cleveland,"1,040",414,39.81%
Lake,PRECINCT WILLOUGHBY CITY 1C,ADT,Northeast,Cleveland,761,411,54.01%
Lake,PRECINCT WILLOUGHBY CITY 2A,ADU,Northeast,Cleveland,"1,181",638,54.02%
Lake,PRECINCT WILLOUGHBY CITY 3A,ADX,Northeast,Cleveland,"1,020",535,52.45%
Lake,PRECINCT WILLOUGHBY CITY 3B,ADY,Northeast,Cleveland,988,593,60.02%
Lake,PRECINCT WILLOUGHBY CITY 4A,AEB,Northeast,Cleveland,974,562,57.70%
Lake,PRECINCT WILLOUGHBY CITY 4B,AEC,Northeast,Cleveland,929,517,55.65%
Lake,PRECINCT WILLOUGHBY CITY 4C,AED,Northeast,Cleveland,859,532,61.93%
Lake,PRECINCT WILLOUGHBY CITY 5A,AEE,Northeast,Cleveland,940,648,68.94%
Lake,PRECINCT WILLOUGHBY CITY 5B,AEF,Northeast,Cleveland,845,627,74.20%
Lake,PRECINCT WILLOUGHBY CITY 6A,AEI,Northeast,Cleveland,928,530,57.11%
Lake,PRECINCT WILLOUGHBY CITY 6B,AEJ,Northeast,Cleveland,782,534,68.29%
Lake,PRECINCT WILLOUGHBY HILLS CITY AA,AEL,Northeast,Cleveland,"1,088",788,72.43%
Lake,PRECINCT WILLOUGHBY HILLS CITY BB,AEM,Northeast,Cleveland,914,657,71.88%
Lake,PRECINCT WILLOUGHBY HILLS CITY CC,AEN,Northeast,Cleveland,"1,309",751,57.37%
Lake,PRECINCT WILLOUGHBY HILLS CITY DD,AEO,Northeast,Cleveland,"1,170",494,42.22%
Lake,PRECINCT WILLOUGHBY HILLS CITY EE,AEP,Northeast,Cleveland,837,554,66.19%
Lake,PRECINCT WILLOUGHBY HILLS CITY FF,AEQ,Northeast,Cleveland,817,568,69.52%
Lake,PRECINCT WILLOUGHBY HILLS CITY GG,AER,Northeast,Cleveland,958,322,33.61%
Lake,PRECINCT WILLOWICK CITY 1A,AET,Northeast,Cleveland,"1,090",612,56.15%
Lake,PRECINCT WILLOWICK CITY 1B,AEU,Northeast,Cleveland,770,431,55.97%
Lake,PRECINCT WILLOWICK CITY 1C,AEV,Northeast,Cleveland,"1,246",776,62.28%
Lake,PRECINCT WILLOWICK CITY 2A,AEY,Northeast,Cleveland,"1,091",619,56.74%
Lake,PRECINCT WILLOWICK CITY 2B,AEZ,Northeast,Cleveland,960,516,53.75%
Lake,PRECINCT WILLOWICK CITY 2C,AFA,Northeast,Cleveland,"1,134",645,56.88%
Lake,PRECINCT WILLOWICK CITY 3A,AFD,Northeast,Cleveland,"1,267",740,58.41%
Lake,PRECINCT WILLOWICK CITY 3B,AFE,Northeast,Cleveland,980,501,51.12%
Lake,PRECINCT WILLOWICK CITY 3C,AFF,Northeast,Cleveland,"1,252",770,61.50%
Lake,PRECINCT CONCORD TWP A,AFJ,Northeast,Cleveland,"1,255",886,70.60%
Lake,PRECINCT CONCORD TWP B,AFK,Northeast,Cleveland,945,697,73.76%
Lake,PRECINCT CONCORD TWP C,AFL,Northeast,Cleveland,"1,199",795,66.31%
Lake,PRECINCT CONCORD TWP D,AFM,Northeast,Cleveland,867,591,68.17%
Lake,PRECINCT CONCORD TWP E,AFN,Northeast,Cleveland,927,567,61.17%
Lake,PRECINCT CONCORD TWP F,AFO,Northeast,Cleveland,"1,128",727,64.45%
Lake,PRECINCT CONCORD TWP G,AFP,Northeast,Cleveland,"1,036",724,69.88%
Lake,PRECINCT CONCORD TWP H,AFQ,Northeast,Cleveland,827,522,63.12%
Lake,PRECINCT CONCORD TWP I,AFR,Northeast,Cleveland,"1,450","1,085",74.83%
Lake,PRECINCT CONCORD TWP J,AFS,Northeast,Cleveland,"1,010",691,68.42%
Lake,PRECINCT KIRTLAND HILLS AA,AFT,Northeast,Cleveland,582,383,65.81%
Lake,PRECINCT LAKELINE VILLAGE AA,AFU,Northeast,Cleveland,160,108,67.50%
Lake,PRECINCT LEROY TWP A,AFV,Northeast,Cleveland,"1,182",804,68.02%
Lake,PRECINCT LEROY TWP B,AFW,Northeast,Cleveland,"1,267",881,69.53%
Lake,PRECINCT MADISON TWP A,AFX,Northeast,Cleveland,840,452,53.81%
Lake,PRECINCT MADISON TWP B,AFY,Northeast,Cleveland,"1,301",665,51.11%
Lake,PRECINCT MADISON TWP C,AFZ,Northeast,Cleveland,917,485,52.89%
Lake,PRECINCT MADISON TWP D,AGA,Northeast,Cleveland,"1,026",605,58.97%
Lake,PRECINCT MADISON TWP E,AGB,Northeast,Cleveland,803,426,53.05%
Lake,PRECINCT MADISON TWP F,AGC,Northeast,Cleveland,"1,192",689,57.80%
Lake,PRECINCT MADISON TWP G,AGD,Northeast,Cleveland,939,490,52.18%
Lake,PRECINCT MADISON TWP H,AGE,Northeast,Cleveland,"1,009",623,61.74%
Lake,PRECINCT MADISON TWP I,AGF,Northeast,Cleveland,911,531,58.29%
Lake,PRECINCT MADISON TWP J,AGG,Northeast,Cleveland,690,336,48.70%
Lake,PRECINCT MADISON VILLAGE AA,AGH,Northeast,Cleveland,"1,129",718,63.60%
Lake,PRECINCT MADISON VILLAGE BB,AGI,Northeast,Cleveland,"1,183",661,55.87%
Lake,PRECINCT PAINESVILLE TWP A,AGJ,Northeast,Cleveland,"1,162",707,60.84%
Lake,PRECINCT PAINESVILLE TWP B,AGK,Northeast,Cleveland,"1,086",616,56.72%
Lake,PRECINCT PAINESVILLE TWP C,AGL,Northeast,Cleveland,"1,042",615,59.02%
Lake,PRECINCT PAINESVILLE TWP D,AGM,Northeast,Cleveland,845,575,68.05%
Lake,PRECINCT PAINESVILLE TWP E,AGN,Northeast,Cleveland,"1,116",660,59.14%
Lake,PRECINCT PAINESVILLE TWP F,AGO,Northeast,Cleveland,"1,010",733,72.57%
Lake,PRECINCT PAINESVILLE TWP G,AGP,Northeast,Cleveland,"1,125",573,50.93%
Lake,PRECINCT PAINESVILLE TWP H,AGQ,Northeast,Cleveland,"1,058",573,54.16%
Lake,PRECINCT PAINESVILLE TWP I,AGR,Northeast,Cleveland,724,454,62.71%
Lake,PRECINCT PAINESVILLE TWP J,AGS,Northeast,Cleveland,847,461,54.43%
Lake,PRECINCT FAIRPORT HBR AA,AGT,Northeast,Cleveland,"1,164",620,53.26%
Lake,PRECINCT FAIRPORT HBR BB,AGU,Northeast,Cleveland,993,570,57.40%
Lake,PRECINCT GRAND RIVER AA,AGY,Northeast,Cleveland,286,184,64.34%
Lake,PRECINCT PERRY TWP A,AGZ,Northeast,Cleveland,"1,163",726,62.42%
Lake,PRECINCT PERRY TWP B,AHA,Northeast,Cleveland,"1,128",589,52.22%
Lake,PRECINCT PERRY TWP C,AHB,Northeast,Cleveland,"1,035",637,61.55%
Lake,PRECINCT NORTH PERRY AA,AHC,Northeast,Cleveland,692,418,60.40%
Lake,PRECINCT PERRY VILLAGE AA,AHD,Northeast,Cleveland,"1,187",758,63.86%
Lake,PRECINCT TIMBERLAKE VILLAGE AA,AHE,Northeast,Cleveland,528,346,65.53%
Lake,PRECINCT WAITE HILL VLG AA,AHF,Northeast,Cleveland,420,304,72.38%
Lake,PRECINCT MENTOR CITY 1D,AHK,Northeast,Cleveland,"1,222",826,67.59%
Lake,PRECINCT MENTOR CITY 4I,AHR,Northeast,Cleveland,"1,156",795,68.77%
Lake,PRECINCT CONCORD TWP K,AHX,Northeast,Cleveland,680,477,70.15%
Lake,PRECINCT CONCORD TWP L,AHY,Northeast,Cleveland,"1,286",893,69.44%
Lake,PRECINCT CONCORD TWP M,AHZ,Northeast,Cleveland,"1,028",598,58.17%
Lake,PRECINCT CONCORD TWP N,AIA,Northeast,Cleveland,684,479,70.03%
Lake,PRECINCT PAINESVILLE TWP K,AIG,Northeast,Cleveland,616,238,38.64%
Lake,PRECINCT PERRY TWP D,AIL,Northeast,Cleveland,"1,090",673,61.74%
Lake,PRECINCT WILLOUGHBY CITY 2B,AIO,Northeast,Cleveland,"1,071",737,68.81%
Lake,PRECINCT WILLOUGHBY CITY 2C,AIP,Northeast,Cleveland,850,551,64.82%
Lake,PRECINCT WILLOUGHBY CITY 3C,AIQ,Northeast,Cleveland,"1,142",783,68.56%
Lake,PRECINCT WILLOUGHBY CITY 5C,AIR,Northeast,Cleveland,"1,116",662,59.32%
Lake,PRECINCT WILLOUGHBY CITY 6C,AIS,Northeast,Cleveland,832,490,58.89%
Lake,PRECINCT PAINESVILLE TWP L,AIT,Northeast,Cleveland,"1,393",892,64.03%
Lake,PRECINCT MENTOR CITY 2I,AIU,Northeast,Cleveland,"1,050",680,64.76%
Lake,PRECINCT PAINESVILLE CITY 4D,AIV,Northeast,Cleveland,585,249,42.56%
Lake,PRECINCT CONCORD TWP O,AIW,Northeast,Cleveland,622,421,67.68%
Lawrence,PRECINCT IRONTON 1A,AAA,Southeast,Charleston,378,199,52.65%
Lawrence,PRECINCT IRONTON 1B,AAB,Southeast,Charleston,239,99,41.42%
Lawrence,PRECINCT IRONTON 1C,AAC,Southeast,Charleston,226,67,29.65%
Lawrence,PRECINCT IRONTON 1D,AAD,Southeast,Charleston,229,51,22.27%
Lawrence,PRECINCT IRONTON 1E,AAE,Southeast,Charleston,475,245,51.58%
Lawrence,PRECINCT IRONTON 1F,AAF,Southeast,Charleston,540,255,47.22%
Lawrence,PRECINCT IRONTON 2A,AAG,Southeast,Charleston,280,56,20.00%
Lawrence,PRECINCT IRONTON 2B,AAH,Southeast,Charleston,157,39,24.84%
Lawrence,PRECINCT IRONTON 2C,AAI,Southeast,Charleston,213,103,48.36%
Lawrence,PRECINCT IRONTON 2D,AAJ,Southeast,Charleston,372,101,27.15%
Lawrence,PRECINCT IRONTON 3A,AAK,Southeast,Charleston,213,59,27.70%
Lawrence,PRECINCT IRONTON 3B,AAL,Southeast,Charleston,309,75,24.27%
Lawrence,PRECINCT IRONTON 3C,AAM,Southeast,Charleston,141,28,19.86%
Lawrence,PRECINCT IRONTON 3D,AAN,Southeast,Charleston,211,80,37.91%
Lawrence,PRECINCT IRONTON 3E,AAO,Southeast,Charleston,316,132,41.77%
Lawrence,PRECINCT IRONTON 4A,AAP,Southeast,Charleston,245,80,32.65%
Lawrence,PRECINCT IRONTON 4B,AAQ,Southeast,Charleston,210,103,49.05%
Lawrence,PRECINCT IRONTON 4C,AAR,Southeast,Charleston,254,125,49.21%
Lawrence,PRECINCT IRONTON 4D,AAS,Southeast,Charleston,325,120,36.92%
Lawrence,PRECINCT IRONTON 4E,AAT,Southeast,Charleston,355,150,42.25%
Lawrence,PRECINCT IRONTON 4F,AAU,Southeast,Charleston,401,205,51.12%
Lawrence,PRECINCT IRONTON 4G,AAV,Southeast,Charleston,425,130,30.59%
Lawrence,PRECINCT IRONTON 4H,AAW,Southeast,Charleston,219,86,39.27%
Lawrence,PRECINCT IRONTON 4I,AAX,Southeast,Charleston,356,175,49.16%
Lawrence,PRECINCT IRONTON 5A,AAY,Southeast,Charleston,355,185,52.11%
Lawrence,PRECINCT AID 1,AAZ,Southeast,Charleston,420,206,49.05%
Lawrence,PRECINCT AID 2,ABA,Southeast,Charleston,158,81,51.27%
Lawrence,PRECINCT DECATUR,ABB,Southeast,Charleston,453,181,39.96%
Lawrence,PRECINCT ELIZABETH 1,ABC,Southeast,Charleston,556,227,40.83%
Lawrence,PRECINCT ELIZABETH 2,ABD,Southeast,Charleston,909,340,37.40%
Lawrence,PRECINCT ELIZABETH 3,ABE,Southeast,Charleston,393,165,41.98%
Lawrence,PRECINCT FAYETTE 1,ABF,Southeast,Charleston,720,324,45.00%
Lawrence,PRECINCT FAYETTE 2,ABG,Southeast,Charleston,415,194,46.75%
Lawrence,PRECINCT FAYETTE 3,ABH,Southeast,Charleston,642,269,41.90%
Lawrence,PRECINCT SOUTH POINT 1,ABI,Southeast,Charleston,483,191,39.54%
Lawrence,PRECINCT SOUTH POINT 2,ABJ,Southeast,Charleston,840,387,46.07%
Lawrence,PRECINCT SOUTH POINT 3,ABK,Southeast,Charleston,514,232,45.14%
Lawrence,PRECINCT BURLINGTON 1,ABL,Southeast,Charleston,790,201,25.44%
Lawrence,PRECINCT BURLINGTON 2,ABM,Southeast,Charleston,845,361,42.72%
Lawrence,PRECINCT BURLINGTON 3,ABN,Southeast,Charleston,817,299,36.60%
Lawrence,PRECINCT HAMILTON,ABO,Southeast,Charleston,452,165,36.50%
Lawrence,PRECINCT HANGING ROCK,ABP,Southeast,Charleston,173,77,44.51%
Lawrence,PRECINCT LAWRENCE 1,ABQ,Southeast,Charleston,604,275,45.53%
Lawrence,PRECINCT LAWRENCE 2,ABR,Southeast,Charleston,504,255,50.60%
Lawrence,PRECINCT LAWRENCE 3,ABS,Southeast,Charleston,672,369,54.91%
Lawrence,PRECINCT MASON 1,ABT,Southeast,Charleston,437,153,35.01%
Lawrence,PRECINCT MASON 2,ABU,Southeast,Charleston,300,123,41.00%
Lawrence,PRECINCT PERRY 1,ABV,Southeast,Charleston,688,272,39.53%
Lawrence,PRECINCT PERRY 2,ABW,Southeast,Charleston,652,329,50.46%
Lawrence,PRECINCT PERRY 3,ABX,Southeast,Charleston,397,178,44.84%
Lawrence,PRECINCT SHERIDAN 1,ABY,Southeast,Charleston,"1,032",296,28.68%
Lawrence,PRECINCT SHERIDAN 2,ABZ,Southeast,Charleston,"1,049",245,23.36%
Lawrence,PRECINCT SOUTH POINT 4,ACA,Southeast,Charleston,397,127,31.99%
Lawrence,PRECINCT SOUTH POINT 5,ACB,Southeast,Charleston,616,314,50.97%
Lawrence,PRECINCT ATHALIA,ACC,Southeast,Charleston,174,74,42.53%
Lawrence,PRECINCT LABELLE 1,ACD,Southeast,Charleston,613,289,47.15%
Lawrence,PRECINCT LABELLE 2,ACE,Southeast,Charleston,"1,228",651,53.01%
Lawrence,PRECINCT LABELLE 3,ACF,Southeast,Charleston,638,250,39.18%
Lawrence,PRECINCT LABELLE 4,ACG,Southeast,Charleston,923,471,51.03%
Lawrence,PRECINCT LABELLE 5,ACH,Southeast,Charleston,564,272,48.23%
Lawrence,PRECINCT LABELLE 6,ACI,Southeast,Charleston,"1,061",553,52.12%
Lawrence,PRECINCT LABELLE 7,ACJ,Southeast,Charleston,476,198,41.60%
Lawrence,PRECINCT MILLER,ACK,Southeast,Charleston,920,448,48.70%
Lawrence,PRECINCT SYMMES,ACL,Southeast,Charleston,352,130,36.93%
Lawrence,PRECINCT BRADRICK 1,ACM,Southeast,Charleston,562,218,38.79%
Lawrence,PRECINCT BRADRICK 2,ACN,Southeast,Charleston,444,190,42.79%
Lawrence,PRECINCT UNION 1,ACO,Southeast,Charleston,914,413,45.19%
Lawrence,PRECINCT UNION 2,ACP,Southeast,Charleston,790,296,37.47%
Lawrence,PRECINCT UNION 3,ACQ,Southeast,Charleston,831,385,46.33%
Lawrence,PRECINCT UNION 4,ACR,Southeast,Charleston,"1,090",455,41.74%
Lawrence,PRECINCT UNION 5,ACS,Southeast,Charleston,624,306,49.04%
Lawrence,PRECINCT PROCTORVILLE,ACT,Southeast,Charleston,426,143,33.57%
Lawrence,PRECINCT CHESAPEAKE A,ACU,Southeast,Charleston,210,77,36.67%
Lawrence,PRECINCT CHESAPEAKE B,ACV,Southeast,Charleston,384,128,33.33%
Lawrence,PRECINCT UPPER 1,ACW,Southeast,Charleston,329,101,30.70%
Lawrence,PRECINCT UPPER 2,ACX,Southeast,Charleston,520,241,46.35%
Lawrence,PRECINCT UPPER 3,ACY,Southeast,Charleston,685,289,42.19%
Lawrence,PRECINCT UPPER 4,ACZ,Southeast,Charleston,381,172,45.14%
Lawrence,PRECINCT COAL GROVE A,ADA,Southeast,Charleston,381,67,17.59%
Lawrence,PRECINCT COAL GROVE B,ADB,Southeast,Charleston,638,206,32.29%
Lawrence,PRECINCT COAL GROVE C,ADC,Southeast,Charleston,534,215,40.26%
Lawrence,PRECINCT WASHINGTON,ADD,Southeast,Charleston,125,65,52.00%
Lawrence,PRECINCT WINDSOR 1,ADE,Southeast,Charleston,564,254,45.04%
Lawrence,PRECINCT WINDSOR 2,ADF,Southeast,Charleston,860,358,41.63%
Licking,HEATH 1-A,AAA,Central,Columbus,"1,359",762,56.07%
Licking,HEATH 1-B,AAB,Central,Columbus,"1,011",387,38.28%
Licking,HEATH 2-B,AAD,Central,Columbus,"1,231",536,43.54%
Licking,HEATH 2-A,AAE,Central,Columbus,"1,044",569,54.50%
Licking,HEATH 3-A,AAG,Central,Columbus,"1,127",583,51.73%
Licking,HEATH 3-B,AAH,Central,Columbus,"1,384",760,54.91%
Licking,NEWARK 1-A,AAJ,Central,Columbus,"1,917",563,29.37%
Licking,NEWARK 1-B,AAK,Central,Columbus,"1,783",555,31.13%
Licking,NEWARK 2-A,AAP,Central,Columbus,"1,126",373,33.13%
Licking,NEWARK 2-B,AAQ,Central,Columbus,"1,982",592,29.87%
Licking,NEWARK 2-C,AAS,Central,Columbus,947,268,28.30%
Licking,NEWARK 3-A,AAW,Central,Columbus,"1,690",866,51.24%
Licking,NEWARK 3-B,AAX,Central,Columbus,"1,998","1,149",57.51%
Licking,NEWARK 3-C,AAY,Central,Columbus,"1,045",444,42.49%
Licking,NEWARK 4-A,ABB,Central,Columbus,"1,494",647,43.31%
Licking,NEWARK 4-B,ABC,Central,Columbus,"1,388",645,46.47%
Licking,NEWARK 4-C,ABE,Central,Columbus,919,523,56.91%
Licking,NEWARK 4-D,ABF,Central,Columbus,994,501,50.40%
Licking,NEWARK 5-A,ABJ,Central,Columbus,"1,099",804,73.16%
Licking,NEWARK 5-B,ABK,Central,Columbus,"1,365",813,59.56%
Licking,NEWARK 5-C,ABM,Central,Columbus,969,575,59.34%
Licking,NEWARK 5-E,ABN,Central,Columbus,743,391,52.62%
Licking,NEWARK 5-D,ABO,Central,Columbus,922,418,45.34%
Licking,NEWARK 6-A,ABR,Central,Columbus,"1,176",672,57.14%
Licking,NEWARK 6-B,ABS,Central,Columbus,"1,249",654,52.36%
Licking,NEWARK 6-C,ABT,Central,Columbus,887,442,49.83%
Licking,NEWARK 6-D,ABU,Central,Columbus,921,340,36.92%
Licking,NEWARK 6-E,ABV,Central,Columbus,"1,335",873,65.39%
Licking,NEWARK 7-A,ABZ,Central,Columbus,"1,281",420,32.79%
Licking,NEWARK 7-B,ACA,Central,Columbus,"1,450",564,38.90%
Licking,NEWARK 7-C,ACB,Central,Columbus,"1,352",508,37.57%
Licking,BENNINGTON TOWNSHIP,ACJ,Central,Columbus,"1,305",775,59.39%
Licking,BOWLING GREEN TOWNSHIP,ACK,Central,Columbus,"1,280",816,63.75%
Licking,BURLINGTON TOWNSHIP,ACL,Central,Columbus,911,573,62.90%
Licking,EDEN FALL TOWNSHIP,ACM,Central,Columbus,"1,460",888,60.82%
Licking,ETNA TOWNSHIP A,ACN,Central,Columbus,"1,504",836,55.59%
Licking,ETNA TOWNSHIP B,ACP,Central,Columbus,"1,928","1,013",52.54%
Licking,ETNA TOWNSHIP C,ACQ,Central,Columbus,"1,651",844,51.12%
Licking,ETNA TOWNSHIP D,ACR,Central,Columbus,"1,937","1,021",52.71%
Licking,FRANKLIN TOWNSHIP,ACT,Central,Columbus,"1,629","1,005",61.69%
Licking,GRANVILLE TOWNSHIP A,ACV,Central,Columbus,"1,093",783,71.64%
Licking,GRANVILLE TOWNSHIP B,ACW,Central,Columbus,"1,021",732,71.69%
Licking,GRANVILLE TOWNSHIP C,ACX,Central,Columbus,"1,499","1,067",71.18%
Licking,GRANVILLE VILLAGE A,ACZ,Central,Columbus,"1,442",995,69.00%
Licking,GRANVILLE VILLAGE B,ADB,Central,Columbus,"1,253",920,73.42%
Licking,GRANVILLE VILLAGE C,ADC,Central,Columbus,"1,820",446,24.51%
Licking,HANOVER VILLAGE,ADD,Central,Columbus,841,517,61.47%
Licking,HANOVER TOWNSHIP,ADE,Central,Columbus,"1,328",713,53.69%
Licking,HARRISON TOWNSHIP A,ADH,Central,Columbus,"1,140",650,57.02%
Licking,HARRISON TWP B-KIRK,ADI,Central,Columbus,"1,360",846,62.21%
Licking,HARRISON TOWNSHIP C,ADJ,Central,Columbus,947,644,68.00%
Licking,HARRISON TOWNSHIP D,ADK,Central,Columbus,"1,572",945,60.11%
Licking,HARRISON TOWNSHIP E,ADL,Central,Columbus,"1,635","1,001",61.22%
Licking,HARTFORD TWP-VLG,ADM,Central,Columbus,997,618,61.99%
Licking,HOPEWELL TWP-GRATIOT VLG,ADO,Central,Columbus,966,604,62.53%
Licking,JERSEY TOWNSHIP A,ADP,Central,Columbus,"1,123",707,62.96%
Licking,JERSEY TOWNSHIP B,ADQ,Central,Columbus,852,576,67.61%
Licking,LIBERTY TOWNSHIP A,ADR,Central,Columbus,"1,006",632,62.82%
Licking,LIBERTY TOWNSHIP B,ADS,Central,Columbus,"1,104",745,67.48%
Licking,LICKING TOWNSHIP A,ADT,Central,Columbus,"1,721","1,009",58.63%
Licking,LICKING TOWNSHIP B,ADV,Central,Columbus,961,667,69.41%
Licking,LICKING TOWNSHIP C,ADW,Central,Columbus,"1,047",633,60.46%
Licking,MADISON TOWNSHIP A,ADX,Central,Columbus,"1,411",816,57.83%
Licking,MADISON TOWNSHIP B,ADZ,Central,Columbus,894,512,57.27%
Licking,MARY ANN TOWNSHIP,AEA,Central,Columbus,"1,436",764,53.20%
Licking,MCKEAN TOWNSHIP,AEC,Central,Columbus,"1,223",817,66.80%
Licking,MONROE TOWNSHIP A,AEE,Central,Columbus,857,516,60.21%
Licking,MONROE TOWNSHIP B,AEF,Central,Columbus,982,645,65.68%
Licking,JOHNSTOWN A,AEG,Central,Columbus,"1,390",792,56.98%
Licking,JOHNSTOWN B,AEI,Central,Columbus,"1,104",546,49.46%
Licking,NEWARK TOWNSHIP,AEK,Central,Columbus,"1,569",962,61.31%
Licking,NEWTON TWP A,AEO,Central,Columbus,"1,329",843,63.43%
Licking,NEWTON TWP B-ST LOU,AEQ,Central,Columbus,906,533,58.83%
Licking,PATASKALA 1-A,AES,Central,Columbus,"1,375",730,53.09%
Licking,PATASKALA 1-B,AET,Central,Columbus,"2,083","1,071",51.42%
Licking,PATASKALA 2-A,AEU,Central,Columbus,"1,419",687,48.41%
Licking,PATASKALA 2-B,AEV,Central,Columbus,"1,350",620,45.93%
Licking,PATASKALA 3-A,AEW,Central,Columbus,"1,526",766,50.20%
Licking,PATASKALA 3-B,AEX,Central,Columbus,"1,891","1,072",56.69%
Licking,PATASKALA 4-A,AEY,Central,Columbus,"1,251",599,47.88%
Licking,PATASKALA 4-B,AEZ,Central,Columbus,"1,682",827,49.17%
Licking,PERRY TOWNSHIP,AFA,Central,Columbus,"1,113",663,59.57%
Licking,ST ALBANS TWP A,AFC,Central,Columbus,933,634,67.95%
Licking,ST ALBANS TWP B-ALEX,AFD,Central,Columbus,"1,086",658,60.59%
Licking,UNION TOWNSHIP A,AFE,Central,Columbus,"1,690","1,213",71.78%
Licking,UNION TOWNSHIP B,AFF,Central,Columbus,"1,490",967,64.90%
Licking,HEBRON VILLAGE,AFH,Central,Columbus,"1,636",818,50.00%
Licking,BUCKEYE LAKE VILLAGE,AFJ,Central,Columbus,"1,685",707,41.96%
Licking,WASHINGTON TOWNSHIP,AFL,Central,Columbus,691,435,62.95%
Licking,UTICA VILLAGE,AFM,Central,Columbus,"1,293",576,44.55%
Licking,REYNOLDSBURG 2-A,AFR,Central,Columbus,"1,274",553,43.41%
Licking,REYNOLDSBURG 3-A,AFS,Central,Columbus,"1,533",808,52.71%
Licking,REYNOLDSBURG 3-B,AFT,Central,Columbus,"1,117",503,45.03%
Licking,REYNOLDSBURG 3-C,AFU,Central,Columbus,"1,691",788,46.60%
Licking,REYNOLDSBURG 3-D,AFV,Central,Columbus,"1,600",754,47.13%
Licking,JOHNSTOWN C,AFZ,Central,Columbus,"1,346",732,54.38%
Logan,PRECINCT FIRST WARD A,AAA,West,Dayton,"1,100",430,39.09%
Logan,PRECINCT FIRST WARD B,AAB,West,Dayton,"1,163",570,49.01%
Logan,PRECINCT SECOND WARD A,AAE,West,Dayton,"1,224",631,51.55%
Logan,PRECINCT SECOND WARD B,AAG,West,Dayton,"1,265",689,54.47%
Logan,PRECINCT THIRD WARD A,AAJ,West,Dayton,"1,048",262,25.00%
Logan,PRECINCT THIRD WARD B,AAL,West,Dayton,999,242,24.22%
Logan,PRECINCT FOURTH WARD A,AAM,West,Dayton,"1,025",456,44.49%
Logan,PRECINCT FOURTH WARD B,AAN,West,Dayton,"1,155",342,29.61%
Logan,PRECINCT BLOOMFIELD,AAQ,West,Dayton,310,201,64.84%
Logan,PRECINCT BOKESCREEK,AAR,West,Dayton,463,261,56.37%
Logan,PRECINCT WEST MANSFIELD,AAS,West,Dayton,481,241,50.10%
Logan,PRECINCT HARRISON,AAT,West,Dayton,"1,157",716,61.88%
Logan,PRECINCT JEFFERSON N,AAV,West,Dayton,989,608,61.48%
Logan,PRECINCT JEFFERSON S,AAX,West,Dayton,991,519,52.37%
Logan,PRECINCT LAKE,AAY,West,Dayton,504,311,61.71%
Logan,PRECINCT LIBERTY,AAZ,West,Dayton,979,672,68.64%
Logan,PRECINCT WEST LIBERTY,ABA,West,Dayton,"1,204",685,56.89%
Logan,PRECINCT McARTHUR,ABD,West,Dayton,"1,100",668,60.73%
Logan,PRECINCT MIAMI / QUINCY,ABE,West,Dayton,765,400,52.29%
Logan,PRECINCT DeGRAFF,ABG,West,Dayton,824,397,48.18%
Logan,PRECINCT MONROE,ABH,West,Dayton,"1,189",754,63.41%
Logan,PRECINCT PERRY,ABI,West,Dayton,689,408,59.22%
Logan,PRECINCT PLEASANT,ABJ,West,Dayton,561,316,56.33%
Logan,PRECINCT BELLE CENTER,ABK,West,Dayton,584,295,50.51%
Logan,PRECINCT RICHLAND,ABL,West,Dayton,"1,255",783,62.39%
Logan,PRECINCT RUSHCREEK,ABM,West,Dayton,"1,441",859,59.61%
Logan,PRECINCT LAKEVIEW,ABP,West,Dayton,782,317,40.54%
Logan,PRECINCT STOKES N,ABR,West,Dayton,"1,480",787,53.18%
Logan,PRECINCT STOKES SE,ABS,West,Dayton,513,354,69.01%
Logan,PRECINCT STOKES W,ABT,West,Dayton,748,331,44.25%
Logan,PRECINCT UNION,ABU,West,Dayton,590,347,58.81%
Logan,PRECINCT WASHINGTON N,ABV,West,Dayton,974,529,54.31%
Logan,PRECINCT WASHINGTON S,ABW,West,Dayton,529,313,59.17%
Logan,PRECINCT RUSSELLS POINT,ABX,West,Dayton,879,373,42.43%
Logan,PRECINCT ZANE,ABZ,West,Dayton,877,533,60.78%
Logan,PRECINCT HUNTSVILLE,ACA,West,Dayton,326,137,42.02%
Lorain,PRECINCT AMHERST CITY 1-A,AAA,Northeast,Cleveland,"1,184",793,66.98%
Lorain,PRECINCT AMHERST CITY 1-B,AAB,Northeast,Cleveland,"1,142",716,62.70%
Lorain,PRECINCT AMHERST CITY 2-A,AAE,Northeast,Cleveland,989,562,56.83%
Lorain,PRECINCT AMHERST CITY 2-B,AAF,Northeast,Cleveland,887,563,63.47%
Lorain,PRECINCT AMHERST CITY 2-C,AAG,Northeast,Cleveland,779,465,59.69%
Lorain,PRECINCT AMHERST CITY 3-A,AAH,Northeast,Cleveland,"1,104",566,51.27%
Lorain,PRECINCT AMHERST CITY 3-B,AAI,Northeast,Cleveland,918,537,58.50%
Lorain,PRECINCT AMHERST CITY 4-A,AAK,Northeast,Cleveland,"1,191",762,63.98%
Lorain,PRECINCT AMHERST CITY 4-B,AAL,Northeast,Cleveland,"1,380",806,58.41%
Lorain,PRECINCT AVON CITY 1-A,AAO,Northeast,Cleveland,"1,242",672,54.11%
Lorain,PRECINCT AVON CITY 1-B,AAP,Northeast,Cleveland,724,480,66.30%
Lorain,PRECINCT AVON CITY 2-A,AAQ,Northeast,Cleveland,"1,403",985,70.21%
Lorain,PRECINCT AVON CITY 2-B,AAR,Northeast,Cleveland,"1,075",631,58.70%
Lorain,PRECINCT AVON CITY 3-A,AAS,Northeast,Cleveland,996,632,63.45%
Lorain,PRECINCT AVON CITY 3-B,AAT,Northeast,Cleveland,716,476,66.48%
Lorain,PRECINCT AVON CITY 4-A,AAU,Northeast,Cleveland,"1,415",911,64.38%
Lorain,PRECINCT AVON CITY 4-B,AAV,Northeast,Cleveland,"1,311",849,64.76%
Lorain,PRECINCT AVON LAKE CITY 1-A,AAW,Northeast,Cleveland,"1,471","1,017",69.14%
Lorain,PRECINCT AVON LAKE CITY 1-B,AAX,Northeast,Cleveland,759,435,57.31%
Lorain,PRECINCT AVON LAKE CITY 1-C,AAY,Northeast,Cleveland,855,578,67.60%
Lorain,PRECINCT AVON LAKE CITY 1-D,AAZ,Northeast,Cleveland,982,690,70.26%
Lorain,PRECINCT AVON LAKE CITY 2-A,ABB,Northeast,Cleveland,"1,374",895,65.14%
Lorain,PRECINCT AVON LAKE CITY 2-B,ABC,Northeast,Cleveland,"1,380",884,64.06%
Lorain,PRECINCT AVON LAKE CITY 2-C,ABD,Northeast,Cleveland,639,437,68.39%
Lorain,PRECINCT AVON LAKE CITY 2-D,ABE,Northeast,Cleveland,"1,273",867,68.11%
Lorain,PRECINCT AVON LAKE CITY 3-A,ABG,Northeast,Cleveland,"1,326",852,64.25%
Lorain,PRECINCT AVON LAKE CITY 3-B,ABH,Northeast,Cleveland,"1,290",805,62.40%
Lorain,PRECINCT AVON LAKE CITY 3-C,ABI,Northeast,Cleveland,"1,369",873,63.77%
Lorain,PRECINCT AVON LAKE CITY 4-A,ABL,Northeast,Cleveland,"1,128",592,52.48%
Lorain,PRECINCT AVON LAKE CITY 4-B,ABM,Northeast,Cleveland,"1,294",812,62.75%
Lorain,PRECINCT AVON LAKE CITY 4-C,ABN,Northeast,Cleveland,"1,411",749,53.08%
Lorain,PRECINCT AVON LAKE CITY 4-D,ABO,Northeast,Cleveland,"1,364",896,65.69%
Lorain,PRECINCT ELYRIA CITY 1-A,ABP,Northeast,Cleveland,949,482,50.79%
Lorain,PRECINCT ELYRIA CITY 1-B,ABQ,Northeast,Cleveland,"1,286",555,43.16%
Lorain,PRECINCT ELYRIA CITY 1-C,ABR,Northeast,Cleveland,"1,160",509,43.88%
Lorain,PRECINCT ELYRIA CITY 1-D,ABS,Northeast,Cleveland,"1,093",392,35.86%
Lorain,PRECINCT ELYRIA CITY 2-A,ABW,Northeast,Cleveland,953,243,25.50%
Lorain,PRECINCT ELYRIA CITY 2-B,ABX,Northeast,Cleveland,996,309,31.02%
Lorain,PRECINCT ELYRIA CITY 2-C,ABY,Northeast,Cleveland,"1,418",475,33.50%
Lorain,PRECINCT ELYRIA CITY 2-D,ABZ,Northeast,Cleveland,"1,193",376,31.52%
Lorain,PRECINCT ELYRIA CITY 3-A,ACD,Northeast,Cleveland,"1,436",952,66.30%
Lorain,PRECINCT ELYRIA CITY 3-B,ACE,Northeast,Cleveland,962,406,42.20%
Lorain,PRECINCT ELYRIA CITY 3-C,ACF,Northeast,Cleveland,972,522,53.70%
Lorain,PRECINCT ELYRIA CITY 3-D,ACG,Northeast,Cleveland,"1,322",753,56.96%
Lorain,PRECINCT ELYRIA CITY 3-E,ACH,Northeast,Cleveland,"1,382",836,60.49%
Lorain,PRECINCT ELYRIA CITY 4-A,ACM,Northeast,Cleveland,"1,043",549,52.64%
Lorain,PRECINCT ELYRIA CITY 4-B,ACN,Northeast,Cleveland,"1,011",567,56.08%
Lorain,PRECINCT ELYRIA CITY 4-C,ACO,Northeast,Cleveland,"1,325",754,56.91%
Lorain,PRECINCT ELYRIA CITY 4-D,ACP,Northeast,Cleveland,"1,297",646,49.81%
Lorain,PRECINCT ELYRIA CITY 4-E,ACQ,Northeast,Cleveland,926,553,59.72%
Lorain,PRECINCT ELYRIA CITY 5-A,ACW,Northeast,Cleveland,"1,124",226,20.11%
Lorain,PRECINCT ELYRIA CITY 5-B,ACX,Northeast,Cleveland,908,295,32.49%
Lorain,PRECINCT ELYRIA CITY 5-C,ACY,Northeast,Cleveland,"1,384",437,31.58%
Lorain,PRECINCT ELYRIA CITY 5-D,ACZ,Northeast,Cleveland,904,215,23.78%
Lorain,PRECINCT ELYRIA CITY 6-A,ADC,Northeast,Cleveland,"1,162",490,42.17%
Lorain,PRECINCT ELYRIA CITY 6-B,ADD,Northeast,Cleveland,"1,227",426,34.72%
Lorain,PRECINCT ELYRIA CITY 6-C,ADE,Northeast,Cleveland,911,200,21.95%
Lorain,PRECINCT ELYRIA CITY 6-D,ADF,Northeast,Cleveland,"1,175",497,42.30%
Lorain,PRECINCT ELYRIA CITY 7-A,ADI,Northeast,Cleveland,"1,151",578,50.22%
Lorain,PRECINCT ELYRIA CITY 7-B,ADJ,Northeast,Cleveland,"1,323",526,39.76%
Lorain,PRECINCT ELYRIA CITY 7-C,ADK,Northeast,Cleveland,"1,189",440,37.01%
Lorain,PRECINCT ELYRIA CITY 7-D,ADL,Northeast,Cleveland,748,419,56.02%
Lorain,PRECINCT ELYRIA CITY 7-E,ADM,Northeast,Cleveland,752,355,47.21%
Lorain,PRECINCT LORAIN CITY 1-A,ADQ,Northeast,Cleveland,819,428,52.26%
Lorain,PRECINCT LORAIN CITY 1-B,ADR,Northeast,Cleveland,951,311,32.70%
Lorain,PRECINCT LORAIN CITY 1-C,ADS,Northeast,Cleveland,936,352,37.61%
Lorain,PRECINCT LORAIN CITY 1-D,ADT,Northeast,Cleveland,"1,094",448,40.95%
Lorain,PRECINCT LORAIN CITY 1-E,ADU,Northeast,Cleveland,"1,217",288,23.66%
Lorain,PRECINCT LORAIN CITY 2-A,ADX,Northeast,Cleveland,"1,042",179,17.18%
Lorain,PRECINCT LORAIN CITY 2-B,ADY,Northeast,Cleveland,"1,028",306,29.77%
Lorain,PRECINCT LORAIN CITY 2-C,ADZ,Northeast,Cleveland,811,152,18.74%
Lorain,PRECINCT LORAIN CITY 2-D,AEA,Northeast,Cleveland,910,142,15.60%
Lorain,PRECINCT LORAIN CITY 2-E,AEB,Northeast,Cleveland,443,216,48.76%
Lorain,PRECINCT LORAIN CITY 2-F,AEC,Northeast,Cleveland,602,178,29.57%
Lorain,PRECINCT LORAIN CITY 3-A,AEF,Northeast,Cleveland,"1,313",463,35.26%
Lorain,PRECINCT LORAIN CITY 3-B,AEG,Northeast,Cleveland,796,193,24.25%
Lorain,PRECINCT LORAIN CITY 3-C,AEH,Northeast,Cleveland,909,152,16.72%
Lorain,PRECINCT LORAIN CITY 3-D,AEI,Northeast,Cleveland,941,355,37.73%
Lorain,PRECINCT LORAIN CITY 3-E,AEJ,Northeast,Cleveland,"1,052",433,41.16%
Lorain,PRECINCT LORAIN CITY 4-A,AEM,Northeast,Cleveland,"1,189",526,44.24%
Lorain,PRECINCT LORAIN CITY 4-B,AEN,Northeast,Cleveland,"1,123",477,42.48%
Lorain,PRECINCT LORAIN CITY 4-C,AEO,Northeast,Cleveland,706,198,28.05%
Lorain,PRECINCT LORAIN CITY 4-D,AEP,Northeast,Cleveland,939,389,41.43%
Lorain,PRECINCT LORAIN CITY 4-E,AEQ,Northeast,Cleveland,746,340,45.58%
Lorain,PRECINCT LORAIN CITY 4-F,AER,Northeast,Cleveland,473,244,51.59%
Lorain,PRECINCT LORAIN CITY 5-A,AEW,Northeast,Cleveland,"1,036",241,23.26%
Lorain,PRECINCT LORAIN CITY 5-B,AEX,Northeast,Cleveland,"1,466",226,15.42%
Lorain,PRECINCT LORAIN CITY 5-C,AEY,Northeast,Cleveland,844,227,26.90%
Lorain,PRECINCT LORAIN CITY 5-D,AEZ,Northeast,Cleveland,"1,297",315,24.29%
Lorain,PRECINCT LORAIN CITY 6-A,AFD,Northeast,Cleveland,"1,160",370,31.90%
Lorain,PRECINCT LORAIN CITY 6-B,AFE,Northeast,Cleveland,"1,256",422,33.60%
Lorain,PRECINCT LORAIN CITY 6-C,AFF,Northeast,Cleveland,"1,083",406,37.49%
Lorain,PRECINCT LORAIN CITY 6-D,AFG,Northeast,Cleveland,"1,356",390,28.76%
Lorain,PRECINCT LORAIN CITY 7-A,AFL,Northeast,Cleveland,"1,518",651,42.89%
Lorain,PRECINCT LORAIN CITY 7-B,AFM,Northeast,Cleveland,800,418,52.25%
Lorain,PRECINCT LORAIN CITY 7-C,AFN,Northeast,Cleveland,977,364,37.26%
Lorain,PRECINCT LORAIN CITY 7-D,AFO,Northeast,Cleveland,958,317,33.09%
Lorain,PRECINCT LORAIN CITY 7-E,AFP,Northeast,Cleveland,803,220,27.40%
Lorain,PRECINCT LORAIN CITY 8-A,AFU,Northeast,Cleveland,"1,343",748,55.70%
Lorain,PRECINCT LORAIN CITY 8-B,AFV,Northeast,Cleveland,955,520,54.45%
Lorain,PRECINCT LORAIN CITY 8-C,AFW,Northeast,Cleveland,828,394,47.58%
Lorain,PRECINCT LORAIN CITY 8-D,AFX,Northeast,Cleveland,753,399,52.99%
Lorain,PRECINCT LORAIN CITY 8-E,AFY,Northeast,Cleveland,769,307,39.92%
Lorain,PRECINCT LORAIN CITY 8-F,AFZ,Northeast,Cleveland,"1,004",510,50.80%
Lorain,PRECINCT N. RIDGEVILLE 1-A,AGN,Northeast,Cleveland,"1,437",912,63.47%
Lorain,PRECINCT N. RIDGEVILLE 1-B,AGO,Northeast,Cleveland,"1,278",743,58.14%
Lorain,PRECINCT N. RIDGEVILLE 1-C,AGP,Northeast,Cleveland,"1,432",935,65.29%
Lorain,PRECINCT N. RIDGEVILLE 1-D,AGQ,Northeast,Cleveland,"1,470",995,67.69%
Lorain,PRECINCT N. RIDGEVILLE 2-A,AGS,Northeast,Cleveland,"1,247",583,46.75%
Lorain,PRECINCT N. RIDGEVILLE 2-B,AGT,Northeast,Cleveland,"1,168",663,56.76%
Lorain,PRECINCT N. RIDGEVILLE 2-C,AGU,Northeast,Cleveland,"1,066",657,61.63%
Lorain,PRECINCT N. RIDGEVILLE 2-D,AGV,Northeast,Cleveland,"1,186",681,57.42%
Lorain,PRECINCT N. RIDGEVILLE 3-A,AGX,Northeast,Cleveland,928,601,64.76%
Lorain,PRECINCT N. RIDGEVILLE 3-B,AGY,Northeast,Cleveland,"1,292",822,63.62%
Lorain,PRECINCT N. RIDGEVILLE 3-C,AGZ,Northeast,Cleveland,"1,339",816,60.94%
Lorain,PRECINCT N. RIDGEVILLE 3-D,AHA,Northeast,Cleveland,990,741,74.85%
Lorain,PRECINCT N. RIDGEVILLE 3-E,AHB,Northeast,Cleveland,"1,148",743,64.72%
Lorain,PRECINCT N. RIDGEVILLE 4-A,AHC,Northeast,Cleveland,910,454,49.89%
Lorain,PRECINCT N. RIDGEVILLE 4-B,AHD,Northeast,Cleveland,771,452,58.63%
Lorain,PRECINCT N. RIDGEVILLE 4-C,AHE,Northeast,Cleveland,814,563,69.16%
Lorain,PRECINCT N. RIDGEVILLE 4-D,AHF,Northeast,Cleveland,787,533,67.73%
Lorain,PRECINCT N. RIDGEVILLE 4-E,AHG,Northeast,Cleveland,725,392,54.07%
Lorain,PRECINCT N. RIDGEVILLE 4-F,AHH,Northeast,Cleveland,996,605,60.74%
Lorain,PRECINCT OBERLIN CITY #1,AHI,Northeast,Cleveland,919,534,58.11%
Lorain,PRECINCT OBERLIN CITY #6,AHJ,Northeast,Cleveland,"1,168",301,25.77%
Lorain,PRECINCT OBERLIN CITY #3,AHK,Northeast,Cleveland,937,276,29.46%
Lorain,PRECINCT OBERLIN CITY #7,AHL,Northeast,Cleveland,"1,768",412,23.30%
Lorain,PRECINCT OBERLIN CITY #4,AHM,Northeast,Cleveland,985,672,68.22%
Lorain,PRECINCT OBERLIN CITY #5,AHO,Northeast,Cleveland,981,493,50.25%
Lorain,PRECINCT SHEF. LAKE CITY 1-A,AHP,Northeast,Cleveland,"1,593",763,47.90%
Lorain,PRECINCT SHEF. LAKE CITY 2-A,AHR,Northeast,Cleveland,"1,389",757,54.50%
Lorain,PRECINCT SHEF. LAKE CITY 3-A,AHT,Northeast,Cleveland,"1,499",745,49.70%
Lorain,PRECINCT SHEF. LAKE CITY 4-A,AHV,Northeast,Cleveland,"1,682",766,45.54%
Lorain,PRECINCT VERMILION CITY 1-A,AHX,Northeast,Cleveland,798,465,58.27%
Lorain,PRECINCT VERMILION CITY 3-A/5-A,AHY,Northeast,Cleveland,"1,232",745,60.47%
Lorain,PRECINCT VERMILION CITY 4-A,AHZ,Northeast,Cleveland,"1,436",817,56.89%
Lorain,PRECINCT VERMILION CITY 5-B,AIC,Northeast,Cleveland,636,413,64.94%
Lorain,PRECINCT AMHERST TWP #1,AIE,Northeast,Cleveland,"1,101",656,59.58%
Lorain,PRECINCT AMHERST TWP #2,AIF,Northeast,Cleveland,"1,119",657,58.71%
Lorain,PRECINCT AMHERST TWP #3,AIG,Northeast,Cleveland,"1,151",554,48.13%
Lorain,PRECINCT AMHERST TWP #4,AIH,Northeast,Cleveland,821,511,62.24%
Lorain,PRECINCT S AMHERST VILL,AIK,Northeast,Cleveland,"1,045",614,58.76%
Lorain,PRECINCT BRIGHTON TWP,AIM,Northeast,Cleveland,646,414,64.09%
Lorain,PRECINCT BROWNHELM TWP,AIN,Northeast,Cleveland,"1,410",932,66.10%
Lorain,PRECINCT CAMDEN TWP/KIPTON VILL,AIO,Northeast,Cleveland,"1,104",698,63.22%
Lorain,PRECINCT CARLISLE TWP #1,AIQ,Northeast,Cleveland,642,394,61.37%
Lorain,PRECINCT CARLISLE TWP #2,AIR,Northeast,Cleveland,"1,460",781,53.49%
Lorain,PRECINCT CARLISLE TWP #3,AIS,Northeast,Cleveland,805,448,55.65%
Lorain,PRECINCT CARLISLE TWP #4,AIT,Northeast,Cleveland,992,680,68.55%
Lorain,PRECINCT CARLISLE TWP #5,AIU,Northeast,Cleveland,"1,396",877,62.82%
Lorain,PRECINCT COLUMBIA TWP #1,AIZ,Northeast,Cleveland,"1,484",846,57.01%
Lorain,PRECINCT COLUMBIA TWP #2,AJA,Northeast,Cleveland,"1,495",967,64.68%
Lorain,PRECINCT COLUMBIA TWP #3,AJB,Northeast,Cleveland,"1,371",844,61.56%
Lorain,PRECINCT COLUMBIA TWP #4,AJC,Northeast,Cleveland,"1,217",785,64.50%
Lorain,PRECINCT EATON TWP #1,AJF,Northeast,Cleveland,"1,326",810,61.09%
Lorain,PRECINCT EATON TWP #2,AJG,Northeast,Cleveland,"1,476",877,59.42%
Lorain,PRECINCT EATON TWP #3,AJH,Northeast,Cleveland,"1,507",755,50.10%
Lorain,PRECINCT ELYRIA TWP #1,AJL,Northeast,Cleveland,"1,171",601,51.32%
Lorain,PRECINCT ELYRIA TWP #2,AJM,Northeast,Cleveland,"1,151",633,55.00%
Lorain,PRECINCT GRAFTON TWP #1,AJP,Northeast,Cleveland,"1,127",720,63.89%
Lorain,PRECINCT GRAFTON TWP #2,AJQ,Northeast,Cleveland,936,601,64.21%
Lorain,PRECINCT GRAFTON VILL #1/#2,AJR,Northeast,Cleveland,755,422,55.89%
Lorain,PRECINCT GRAFTON VILL #3/#4,AJT,Northeast,Cleveland,"1,077",644,59.80%
Lorain,PRECINCT HENRIETTA #1,AJV,Northeast,Cleveland,678,449,66.22%
Lorain,PRECINCT HUNTINGTON TWP,AJX,Northeast,Cleveland,965,590,61.14%
Lorain,PRECINCT LAGRANGE TWP #1,AJY,Northeast,Cleveland,"1,321",690,52.23%
Lorain,PRECINCT LAGRANGE TWP #2,AJZ,Northeast,Cleveland,"1,483",865,58.33%
Lorain,PRECINCT LAGRANGE VILL NORTH,AKB,Northeast,Cleveland,864,493,57.06%
Lorain,PRECINCT PENFIELD TWP,AKC,Northeast,Cleveland,"1,317",875,66.44%
Lorain,PRECINCT PITTSFIELD TWP,AKD,Northeast,Cleveland,"1,165",754,64.72%
Lorain,PRECINCT ROCHESTER TWP & VILL,AKE,Northeast,Cleveland,558,372,66.67%
Lorain,PRECINCT NEW RUSSIA TWP,AKF,Northeast,Cleveland,"1,364",813,59.60%
Lorain,PRECINCT SHEFFIELD TWP EAST,AKH,Northeast,Cleveland,684,278,40.64%
Lorain,PRECINCT SHEFFIELD TWP NORTH,AKI,Northeast,Cleveland,730,269,36.85%
Lorain,PRECINCT SHEFFIELD TWP WEST,AKK,Northeast,Cleveland,960,285,29.69%
Lorain,PRECINCT SHEFFIELD VILL #1,AKL,Northeast,Cleveland,898,570,63.47%
Lorain,PRECINCT SHEFFIELD VILL #2,AKM,Northeast,Cleveland,"1,263",840,66.51%
Lorain,PRECINCT WELLINGTON TWP,AKN,Northeast,Cleveland,966,598,61.90%
Lorain,PRECINCT WELLINGTON VILL NORTH,AKO,Northeast,Cleveland,"1,478",675,45.67%
Lorain,PRECINCT WELLINGTON VILL WEST,AKP,Northeast,Cleveland,796,346,43.47%
Lorain,PRECINCT OBERLIN CITY #2,AKS,Northeast,Cleveland,769,402,52.28%
Lorain,PRECINCT AVON CITY 2-C,AKT,Northeast,Cleveland,"1,252",596,47.60%
Lorain,PRECINCT AVON CITY 3-C,AKU,Northeast,Cleveland,"1,458",882,60.49%
Lorain,PRECINCT AVON CITY 4-C,AKV,Northeast,Cleveland,"1,210",773,63.88%
Lorain,PRECINCT AVON CITY 1-C,AKY,Northeast,Cleveland,"1,353",799,59.05%
Lorain,PRECINCT AVON CITY 1-D,AKZ,Northeast,Cleveland,845,533,63.08%
Lorain,PRECINCT SHEFFIELD VILL #3,ALE,Northeast,Cleveland,"1,121",654,58.34%
Lorain,PRECINCT OBERLIN CITY #8,ALF,Northeast,Cleveland,"1,867",425,22.76%
Lorain,PRECINCT AVON CITY 1-E,ALH,Northeast,Cleveland,"1,245",769,61.77%
Lorain,PRECINCT N. RIDGEVILLE 3-F,ALJ,Northeast,Cleveland,652,412,63.19%
Lorain,PRECINCT N. RIDGEVILLE 3-G,ALK,Northeast,Cleveland,867,644,74.28%
Lorain,PRECINCT N. RIDGEVILLE 3-H,ALL,Northeast,Cleveland,916,778,84.93%
Lorain,PRECINCT N. RIDGEVILLE 1-E,ALM,Northeast,Cleveland,831,533,64.14%
Lorain,PRECINCT AVON LAKE CITY 1-E,ALN,Northeast,Cleveland,815,536,65.77%
Lorain,PRECINCT AVON LAKE CITY 2-E,ALO,Northeast,Cleveland,953,640,67.16%
Lorain,PRECINCT AVON CITY 1-F,ALP,Northeast,Cleveland,530,342,64.53%
Lorain,PRECINCT AVON CITY 1-G,ALQ,Northeast,Cleveland,844,528,62.56%
Lorain,PRECINCT LORAIN CITY 8-G,ALR,Northeast,Cleveland,"1,037",658,63.45%
Lorain,PRECINCT LAGRANGE VILL SOUTH,ALS,Northeast,Cleveland,857,422,49.24%
Lorain,PRECINCT LORAIN CITY 8-H,ALT,Northeast,Cleveland,596,386,64.77%
Lorain,PRECINCT N. RIDGEVILLE 1-F,ALU,Northeast,Cleveland,"1,076",749,69.61%
Lorain,PRECINCT HENRIETTA TWP #2,ALV,Northeast,Cleveland,672,418,62.20%
Lorain,PRECINCT WELLINGTON VILL EAST,ALX,Northeast,Cleveland,"1,041",529,50.82%
Lucas,PRECINCT MAUMEE 1,AAA,Northwest,Toledo,"1,030",546,53.01%
Lucas,PRECINCT MAUMEE 2,AAL,Northwest,Toledo,"1,140",619,54.30%
Lucas,PRECINCT MAUMEE 3,AAO,Northwest,Toledo,"1,304",712,54.60%
Lucas,PRECINCT MAUMEE 4,AAP,Northwest,Toledo,"1,178",569,48.30%
Lucas,PRECINCT MAUMEE 5,AAQ,Northwest,Toledo,"1,147",606,52.83%
Lucas,PRECINCT MAUMEE 6,AAR,Northwest,Toledo,"1,219",610,50.04%
Lucas,PRECINCT MAUMEE 7,AAS,Northwest,Toledo,890,500,56.18%
Lucas,PRECINCT MAUMEE 8,AAT,Northwest,Toledo,"1,199",534,44.54%
Lucas,PRECINCT MAUMEE 9,AAU,Northwest,Toledo,"1,241",660,53.18%
Lucas,PRECINCT OREGON 1,AAV,Northwest,Toledo,787,437,55.53%
Lucas,PRECINCT OREGON 10,AAW,Northwest,Toledo,"1,312",662,50.46%
Lucas,PRECINCT OREGON 11,AAX,Northwest,Toledo,953,330,34.63%
Lucas,PRECINCT OREGON 12,AAY,Northwest,Toledo,"1,173",750,63.94%
Lucas,PRECINCT OREGON 13,AAZ,Northwest,Toledo,937,365,38.95%
Lucas,PRECINCT OREGON 2,ABG,Northwest,Toledo,830,421,50.72%
Lucas,PRECINCT OREGON 3,ABK,Northwest,Toledo,"1,149",649,56.48%
Lucas,PRECINCT OREGON 4,ABL,Northwest,Toledo,801,497,62.05%
Lucas,PRECINCT OREGON 5,ABM,Northwest,Toledo,"1,346",785,58.32%
Lucas,PRECINCT OREGON 6,ABN,Northwest,Toledo,910,542,59.56%
Lucas,PRECINCT OREGON 7,ABO,Northwest,Toledo,"1,274",702,55.10%
Lucas,PRECINCT OREGON 8,ABP,Northwest,Toledo,"1,262",531,42.08%
Lucas,PRECINCT OREGON 9,ABQ,Northwest,Toledo,"1,324",565,42.67%
Lucas,PRECINCT SYLVANIA CITY 1,ABR,Northwest,Toledo,"1,259",809,64.26%
Lucas,PRECINCT SYLVANIA CITY 10,ABS,Northwest,Toledo,985,534,54.21%
Lucas,PRECINCT SYLVANIA CITY 11,ABT,Northwest,Toledo,"1,076",716,66.54%
Lucas,PRECINCT SYLVANIA CITY 12,ABU,Northwest,Toledo,"1,096",623,56.84%
Lucas,PRECINCT SYLVANIA CITY 13,ABV,Northwest,Toledo,"1,054",655,62.14%
Lucas,PRECINCT SYLVANIA CITY 2,ACC,Northwest,Toledo,"1,150",637,55.39%
Lucas,PRECINCT SYLVANIA CITY 3,ACI,Northwest,Toledo,882,528,59.86%
Lucas,PRECINCT SYLVANIA CITY 4,ACJ,Northwest,Toledo,964,594,61.62%
Lucas,PRECINCT SYLVANIA CITY 5,ACK,Northwest,Toledo,"1,300",832,64.00%
Lucas,PRECINCT SYLVANIA CITY 6,ACL,Northwest,Toledo,"1,229",710,57.77%
Lucas,PRECINCT SYLVANIA CITY 7,ACM,Northwest,Toledo,"1,177",516,43.84%
Lucas,PRECINCT SYLVANIA CITY 8,ACN,Northwest,Toledo,923,640,69.34%
Lucas,PRECINCT SYLVANIA CITY 9,ACO,Northwest,Toledo,867,482,55.59%
Lucas,PRECINCT TOLEDO 1A,ACP,Northwest,Toledo,"1,060",440,41.51%
Lucas,PRECINCT TOLEDO 1C,ACR,Northwest,Toledo,775,347,44.77%
Lucas,PRECINCT TOLEDO 1D,ACS,Northwest,Toledo,"1,315",643,48.90%
Lucas,PRECINCT TOLEDO 1E,ACT,Northwest,Toledo,691,167,24.17%
Lucas,PRECINCT TOLEDO 1F,ACU,Northwest,Toledo,939,449,47.82%
Lucas,PRECINCT TOLEDO 1G,ACV,Northwest,Toledo,933,415,44.48%
Lucas,PRECINCT TOLEDO 1H,ACW,Northwest,Toledo,722,345,47.78%
Lucas,PRECINCT TOLEDO 1I,ACX,Northwest,Toledo,"1,118",472,42.22%
Lucas,PRECINCT TOLEDO 1J,ACY,Northwest,Toledo,800,435,54.38%
Lucas,PRECINCT TOLEDO 1B,ADA,Northwest,Toledo,594,247,41.58%
Lucas,PRECINCT TOLEDO 2A,ADG,Northwest,Toledo,680,121,17.79%
Lucas,PRECINCT TOLEDO 2B,ADH,Northwest,Toledo,681,101,14.83%
Lucas,PRECINCT TOLEDO 2C,ADI,Northwest,Toledo,"1,082",213,19.69%
Lucas,PRECINCT TOLEDO 2E,ADK,Northwest,Toledo,"1,163",170,14.62%
Lucas,PRECINCT TOLEDO 2D,ADQ,Northwest,Toledo,545,114,20.92%
Lucas,PRECINCT TOLEDO 2F,ADR,Northwest,Toledo,997,138,13.84%
Lucas,PRECINCT TOLEDO 3A,ADT,Northwest,Toledo,738,242,32.79%
Lucas,PRECINCT TOLEDO 3B,ADU,Northwest,Toledo,"1,256",491,39.09%
Lucas,PRECINCT TOLEDO 3C,ADV,Northwest,Toledo,"1,097",313,28.53%
Lucas,PRECINCT TOLEDO 3D,ADW,Northwest,Toledo,880,338,38.41%
Lucas,PRECINCT TOLEDO 3E,ADX,Northwest,Toledo,880,387,43.98%
Lucas,PRECINCT TOLEDO 3F,ADY,Northwest,Toledo,774,224,28.94%
Lucas,PRECINCT TOLEDO 3G,ADZ,Northwest,Toledo,800,358,44.75%
Lucas,PRECINCT TOLEDO 3H,AEA,Northwest,Toledo,"1,267",453,35.75%
Lucas,PRECINCT TOLEDO 3I,AEC,Northwest,Toledo,584,170,29.11%
Lucas,PRECINCT TOLEDO 3J,AED,Northwest,Toledo,826,321,38.86%
Lucas,PRECINCT TOLEDO 3K,AEE,Northwest,Toledo,876,261,29.79%
Lucas,PRECINCT TOLEDO 3L,AEF,Northwest,Toledo,787,358,45.49%
Lucas,PRECINCT TOLEDO 4A,AEO,Northwest,Toledo,684,157,22.95%
Lucas,PRECINCT TOLEDO 4B,AEP,Northwest,Toledo,614,237,38.60%
Lucas,PRECINCT TOLEDO 4C,AER,Northwest,Toledo,652,139,21.32%
Lucas,PRECINCT TOLEDO 4D,AES,Northwest,Toledo,930,269,28.92%
Lucas,PRECINCT TOLEDO 4E,AET,Northwest,Toledo,"1,056",275,26.04%
Lucas,PRECINCT TOLEDO 4F,AEU,Northwest,Toledo,519,127,24.47%
Lucas,PRECINCT TOLEDO 4G,AEV,Northwest,Toledo,753,186,24.70%
Lucas,PRECINCT TOLEDO 4H,AEW,Northwest,Toledo,748,162,21.66%
Lucas,PRECINCT TOLEDO 5A,AFF,Northwest,Toledo,"1,032",386,37.40%
Lucas,PRECINCT TOLEDO 5B,AFG,Northwest,Toledo,"1,074",567,52.79%
Lucas,PRECINCT TOLEDO 5C,AFH,Northwest,Toledo,916,382,41.70%
Lucas,PRECINCT TOLEDO 5D,AFI,Northwest,Toledo,994,425,42.76%
Lucas,PRECINCT TOLEDO 5E,AFJ,Northwest,Toledo,"1,125",469,41.69%
Lucas,PRECINCT TOLEDO 5F,AFK,Northwest,Toledo,704,344,48.86%
Lucas,PRECINCT TOLEDO 5G,AFL,Northwest,Toledo,843,400,47.45%
Lucas,PRECINCT TOLEDO 5H,AFM,Northwest,Toledo,713,313,43.90%
Lucas,PRECINCT TOLEDO 5I,AFN,Northwest,Toledo,"1,291",809,62.66%
Lucas,PRECINCT TOLEDO 5J,AFO,Northwest,Toledo,956,487,50.94%
Lucas,PRECINCT TOLEDO 6A,AFV,Northwest,Toledo,"1,031",448,43.45%
Lucas,PRECINCT TOLEDO 6B,AFW,Northwest,Toledo,748,313,41.84%
Lucas,PRECINCT TOLEDO 6C,AFX,Northwest,Toledo,"1,150",416,36.17%
Lucas,PRECINCT TOLEDO 6D,AFY,Northwest,Toledo,"1,086",352,32.41%
Lucas,PRECINCT TOLEDO 6E,AFZ,Northwest,Toledo,"1,049",420,40.04%
Lucas,PRECINCT TOLEDO 6F,AGA,Northwest,Toledo,743,183,24.63%
Lucas,PRECINCT TOLEDO 6G,AGB,Northwest,Toledo,894,382,42.73%
Lucas,PRECINCT TOLEDO 6H,AGC,Northwest,Toledo,885,333,37.63%
Lucas,PRECINCT TOLEDO 14H,AGD,Northwest,Toledo,785,279,35.54%
Lucas,PRECINCT TOLEDO 14I,AGE,Northwest,Toledo,822,206,25.06%
Lucas,PRECINCT TOLEDO 7A,AGL,Northwest,Toledo,776,307,39.56%
Lucas,PRECINCT TOLEDO 7B,AGM,Northwest,Toledo,957,161,16.82%
Lucas,PRECINCT TOLEDO 7C,AGN,Northwest,Toledo,838,514,61.34%
Lucas,PRECINCT TOLEDO 7D,AGO,Northwest,Toledo,"1,023",626,61.19%
Lucas,PRECINCT TOLEDO 7E,AGP,Northwest,Toledo,780,325,41.67%
Lucas,PRECINCT TOLEDO 7G,AGR,Northwest,Toledo,"1,072",584,54.48%
Lucas,PRECINCT TOLEDO 7I,AGT,Northwest,Toledo,651,367,56.37%
Lucas,PRECINCT TOLEDO 7F,AGZ,Northwest,Toledo,584,362,61.99%
Lucas,PRECINCT TOLEDO 7H,AHA,Northwest,Toledo,528,310,58.71%
Lucas,PRECINCT TOLEDO 8A,AHB,Northwest,Toledo,917,172,18.76%
Lucas,PRECINCT TOLEDO 8B,AHC,Northwest,Toledo,721,219,30.37%
Lucas,PRECINCT TOLEDO 8C,AHD,Northwest,Toledo,607,182,29.98%
Lucas,PRECINCT TOLEDO 8D,AHE,Northwest,Toledo,888,227,25.56%
Lucas,PRECINCT TOLEDO 8E,AHF,Northwest,Toledo,"1,072",265,24.72%
Lucas,PRECINCT TOLEDO 8F,AHG,Northwest,Toledo,915,209,22.84%
Lucas,PRECINCT TOLEDO 8G,AHH,Northwest,Toledo,"1,032",276,26.74%
Lucas,PRECINCT TOLEDO 8H,AHI,Northwest,Toledo,952,206,21.64%
Lucas,PRECINCT TOLEDO 9A,AHR,Northwest,Toledo,860,267,31.05%
Lucas,PRECINCT TOLEDO 9C,AHT,Northwest,Toledo,937,285,30.42%
Lucas,PRECINCT TOLEDO 9D,AHU,Northwest,Toledo,"1,156",388,33.56%
Lucas,PRECINCT TOLEDO 9E,AHV,Northwest,Toledo,940,346,36.81%
Lucas,PRECINCT TOLEDO 9F,AHW,Northwest,Toledo,"1,211",317,26.18%
Lucas,PRECINCT TOLEDO 9G,AHX,Northwest,Toledo,"1,018",374,36.74%
Lucas,PRECINCT TOLEDO 9H,AHY,Northwest,Toledo,656,228,34.76%
Lucas,PRECINCT TOLEDO 10A,AIJ,Northwest,Toledo,760,199,26.18%
Lucas,PRECINCT TOLEDO 10C,AIL,Northwest,Toledo,808,244,30.20%
Lucas,PRECINCT TOLEDO 10D,AIM,Northwest,Toledo,798,247,30.95%
Lucas,PRECINCT TOLEDO 10E,AIN,Northwest,Toledo,640,156,24.38%
Lucas,PRECINCT TOLEDO 10F,AIO,Northwest,Toledo,413,126,30.51%
Lucas,PRECINCT TOLEDO 10G,AIP,Northwest,Toledo,803,450,56.04%
Lucas,PRECINCT TOLEDO 10I,AIR,Northwest,Toledo,792,348,43.94%
Lucas,PRECINCT TOLEDO 10H,AIS,Northwest,Toledo,670,267,39.85%
Lucas,PRECINCT TOLEDO 10B,AIW,Northwest,Toledo,776,304,39.18%
Lucas,PRECINCT TOLEDO 11A,AIY,Northwest,Toledo,904,298,32.96%
Lucas,PRECINCT TOLEDO 11B,AIZ,Northwest,Toledo,851,212,24.91%
Lucas,PRECINCT TOLEDO 11C,AJA,Northwest,Toledo,942,357,37.90%
Lucas,PRECINCT TOLEDO 11D,AJB,Northwest,Toledo,852,275,32.28%
Lucas,PRECINCT TOLEDO 11E,AJC,Northwest,Toledo,"1,010",386,38.22%
Lucas,PRECINCT TOLEDO 11F,AJD,Northwest,Toledo,804,312,38.81%
Lucas,PRECINCT TOLEDO 11G,AJE,Northwest,Toledo,881,308,34.96%
Lucas,PRECINCT TOLEDO 11H,AJF,Northwest,Toledo,653,230,35.22%
Lucas,PRECINCT TOLEDO 12A,AJP,Northwest,Toledo,944,429,45.44%
Lucas,PRECINCT TOLEDO 12B,AJQ,Northwest,Toledo,"1,347",843,62.58%
Lucas,PRECINCT TOLEDO 12C,AJR,Northwest,Toledo,905,472,52.15%
Lucas,PRECINCT TOLEDO 12D,AJS,Northwest,Toledo,"1,307",860,65.80%
Lucas,PRECINCT TOLEDO 12G,AJV,Northwest,Toledo,"1,170",491,41.97%
Lucas,PRECINCT TOLEDO 12H,AJW,Northwest,Toledo,821,243,29.60%
Lucas,PRECINCT TOLEDO 12E,AKD,Northwest,Toledo,532,90,16.92%
Lucas,PRECINCT TOLEDO 12F,AKE,Northwest,Toledo,930,386,41.51%
Lucas,PRECINCT TOLEDO 13A,AKJ,Northwest,Toledo,465,128,27.53%
Lucas,PRECINCT TOLEDO 13B,AKK,Northwest,Toledo,906,355,39.18%
Lucas,PRECINCT TOLEDO 13C,AKL,Northwest,Toledo,523,160,30.59%
Lucas,PRECINCT TOLEDO 13D,AKM,Northwest,Toledo,"1,000",280,28.00%
Lucas,PRECINCT TOLEDO 13E,AKN,Northwest,Toledo,692,295,42.63%
Lucas,PRECINCT TOLEDO 13G,AKP,Northwest,Toledo,867,270,31.14%
Lucas,PRECINCT TOLEDO 13H,AKQ,Northwest,Toledo,618,194,31.39%
Lucas,PRECINCT TOLEDO 13F,AKW,Northwest,Toledo,984,228,23.17%
Lucas,PRECINCT TOLEDO 14A,ALA,Northwest,Toledo,631,184,29.16%
Lucas,PRECINCT TOLEDO 14B,ALB,Northwest,Toledo,588,160,27.21%
Lucas,PRECINCT TOLEDO 14C,ALC,Northwest,Toledo,631,178,28.21%
Lucas,PRECINCT TOLEDO 14D,ALD,Northwest,Toledo,"1,024",356,34.77%
Lucas,PRECINCT TOLEDO 14F,ALF,Northwest,Toledo,641,165,25.74%
Lucas,PRECINCT TOLEDO 14G,ALG,Northwest,Toledo,554,136,24.55%
Lucas,PRECINCT TOLEDO 14E,ALM,Northwest,Toledo,649,188,28.97%
Lucas,PRECINCT TOLEDO 15A,ALQ,Northwest,Toledo,859,219,25.49%
Lucas,PRECINCT TOLEDO 15B,ALR,Northwest,Toledo,966,494,51.14%
Lucas,PRECINCT TOLEDO 15C,ALS,Northwest,Toledo,887,315,35.51%
Lucas,PRECINCT TOLEDO 15D,ALT,Northwest,Toledo,964,442,45.85%
Lucas,PRECINCT TOLEDO 15E,ALU,Northwest,Toledo,875,412,47.09%
Lucas,PRECINCT TOLEDO 15F,ALV,Northwest,Toledo,"1,027",399,38.85%
Lucas,PRECINCT TOLEDO 15G,ALW,Northwest,Toledo,"1,099",189,17.20%
Lucas,PRECINCT TOLEDO 15H,ALX,Northwest,Toledo,455,128,28.13%
Lucas,PRECINCT TOLEDO 15I,ALY,Northwest,Toledo,942,388,41.19%
Lucas,PRECINCT TOLEDO 16A,AMG,Northwest,Toledo,936,550,58.76%
Lucas,PRECINCT TOLEDO 16B,AMH,Northwest,Toledo,901,348,38.62%
Lucas,PRECINCT TOLEDO 16C,AMI,Northwest,Toledo,599,268,44.74%
Lucas,PRECINCT TOLEDO 16D,AMJ,Northwest,Toledo,766,455,59.40%
Lucas,PRECINCT TOLEDO 16E,AMK,Northwest,Toledo,"1,192",550,46.14%
Lucas,PRECINCT TOLEDO 16G,AMM,Northwest,Toledo,910,610,67.03%
Lucas,PRECINCT TOLEDO 16H,AMN,Northwest,Toledo,534,311,58.24%
Lucas,PRECINCT TOLEDO 16I,AMO,Northwest,Toledo,631,227,35.97%
Lucas,PRECINCT TOLEDO 16J,AMP,Northwest,Toledo,"1,114",608,54.58%
Lucas,PRECINCT TOLEDO 16F,AMX,Northwest,Toledo,571,187,32.75%
Lucas,PRECINCT TOLEDO 17A,AMZ,Northwest,Toledo,"1,195",274,22.93%
Lucas,PRECINCT TOLEDO 17B,ANA,Northwest,Toledo,772,120,15.54%
Lucas,PRECINCT TOLEDO 17C,ANB,Northwest,Toledo,627,140,22.33%
Lucas,PRECINCT TOLEDO 17E,AND,Northwest,Toledo,579,112,19.34%
Lucas,PRECINCT TOLEDO 17F,ANE,Northwest,Toledo,742,129,17.39%
Lucas,PRECINCT TOLEDO 17D,ANJ,Northwest,Toledo,"1,159",230,19.84%
Lucas,PRECINCT TOLEDO 18A,ANO,Northwest,Toledo,732,138,18.85%
Lucas,PRECINCT TOLEDO 18B,ANP,Northwest,Toledo,732,204,27.87%
Lucas,PRECINCT TOLEDO 18C,ANQ,Northwest,Toledo,564,69,12.23%
Lucas,PRECINCT TOLEDO 18D,ANR,Northwest,Toledo,817,240,29.38%
Lucas,PRECINCT TOLEDO 18E,ANS,Northwest,Toledo,786,277,35.24%
Lucas,PRECINCT TOLEDO 18F,ANT,Northwest,Toledo,791,191,24.15%
Lucas,PRECINCT TOLEDO 19A,ANY,Northwest,Toledo,792,158,19.95%
Lucas,PRECINCT TOLEDO 19B,ANZ,Northwest,Toledo,"1,051",205,19.51%
Lucas,PRECINCT TOLEDO 19D,AOB,Northwest,Toledo,880,171,19.43%
Lucas,PRECINCT TOLEDO 19E,AOC,Northwest,Toledo,792,154,19.44%
Lucas,PRECINCT TOLEDO 19C,AOG,Northwest,Toledo,982,181,18.43%
Lucas,PRECINCT TOLEDO 20A,AOJ,Northwest,Toledo,683,159,23.28%
Lucas,PRECINCT TOLEDO 20C,AOL,Northwest,Toledo,"1,086",283,26.06%
Lucas,PRECINCT TOLEDO 20D,AOM,Northwest,Toledo,680,221,32.50%
Lucas,PRECINCT TOLEDO 20E,AON,Northwest,Toledo,566,121,21.38%
Lucas,PRECINCT TOLEDO 20F,AOO,Northwest,Toledo,903,230,25.47%
Lucas,PRECINCT TOLEDO 20B,AOS,Northwest,Toledo,840,202,24.05%
Lucas,PRECINCT TOLEDO 21A,AOU,Northwest,Toledo,995,431,43.32%
Lucas,PRECINCT TOLEDO 21B,AOV,Northwest,Toledo,733,373,50.89%
Lucas,PRECINCT TOLEDO 21C,AOW,Northwest,Toledo,756,410,54.23%
Lucas,PRECINCT TOLEDO 21D,AOX,Northwest,Toledo,979,552,56.38%
Lucas,PRECINCT TOLEDO 21E,AOY,Northwest,Toledo,853,442,51.82%
Lucas,PRECINCT TOLEDO 21F,AOZ,Northwest,Toledo,607,293,48.27%
Lucas,PRECINCT TOLEDO 21G,APA,Northwest,Toledo,"1,066",509,47.75%
Lucas,PRECINCT TOLEDO 21H,APB,Northwest,Toledo,983,469,47.71%
Lucas,PRECINCT TOLEDO 21I,APK,Northwest,Toledo,"1,007",430,42.70%
Lucas,PRECINCT TOLEDO 21J,APL,Northwest,Toledo,968,500,51.65%
Lucas,PRECINCT TOLEDO 22A,APP,Northwest,Toledo,944,527,55.83%
Lucas,PRECINCT TOLEDO 22B,APQ,Northwest,Toledo,627,410,65.39%
Lucas,PRECINCT TOLEDO 22C,APR,Northwest,Toledo,818,505,61.74%
Lucas,PRECINCT TOLEDO 22D,APS,Northwest,Toledo,887,427,48.14%
Lucas,PRECINCT TOLEDO 22E,APT,Northwest,Toledo,905,406,44.86%
Lucas,PRECINCT TOLEDO 22F,APU,Northwest,Toledo,775,394,50.84%
Lucas,PRECINCT TOLEDO 22G,APV,Northwest,Toledo,864,548,63.43%
Lucas,PRECINCT TOLEDO 22H,APW,Northwest,Toledo,912,444,48.68%
Lucas,PRECINCT TOLEDO 22I,APX,Northwest,Toledo,617,283,45.87%
Lucas,PRECINCT TOLEDO 23A,AQG,Northwest,Toledo,977,443,45.34%
Lucas,PRECINCT TOLEDO 23B,AQH,Northwest,Toledo,942,534,56.69%
Lucas,PRECINCT TOLEDO 23C,AQI,Northwest,Toledo,"1,180",494,41.86%
Lucas,PRECINCT TOLEDO 23D,AQJ,Northwest,Toledo,865,337,38.96%
Lucas,PRECINCT TOLEDO 23E,AQK,Northwest,Toledo,814,512,62.90%
Lucas,PRECINCT TOLEDO 23F,AQL,Northwest,Toledo,710,229,32.25%
Lucas,PRECINCT TOLEDO 23G,AQM,Northwest,Toledo,838,402,47.97%
Lucas,PRECINCT TOLEDO 23H,AQN,Northwest,Toledo,"1,003",487,48.55%
Lucas,PRECINCT TOLEDO 23I,AQO,Northwest,Toledo,934,330,35.33%
Lucas,PRECINCT TOLEDO 23J,AQP,Northwest,Toledo,"1,106",542,49.01%
Lucas,PRECINCT TOLEDO 23K,AQQ,Northwest,Toledo,802,427,53.24%
Lucas,PRECINCT TOLEDO 23L,AQR,Northwest,Toledo,719,358,49.79%
Lucas,PRECINCT TOLEDO 24A,AQZ,Northwest,Toledo,"1,188",406,34.18%
Lucas,PRECINCT TOLEDO 24B,ARA,Northwest,Toledo,777,386,49.68%
Lucas,PRECINCT TOLEDO 24C,ARB,Northwest,Toledo,872,478,54.82%
Lucas,PRECINCT TOLEDO 24E,ARD,Northwest,Toledo,"1,170",508,43.42%
Lucas,PRECINCT TOLEDO 24F,ARE,Northwest,Toledo,"1,087",342,31.46%
Lucas,PRECINCT TOLEDO 24G,ARF,Northwest,Toledo,697,381,54.66%
Lucas,PRECINCT TOLEDO 24H,ARG,Northwest,Toledo,649,228,35.13%
Lucas,PRECINCT TOLEDO 24I,ARH,Northwest,Toledo,"1,023",378,36.95%
Lucas,PRECINCT TOLEDO 24J,ARI,Northwest,Toledo,730,471,64.52%
Lucas,PRECINCT TOLEDO 24K,ARJ,Northwest,Toledo,"1,252",474,37.86%
Lucas,PRECINCT TOLEDO 24D,ARO,Northwest,Toledo,809,225,27.81%
Lucas,PRECINCT HARDING 1,ARQ,Northwest,Toledo,490,284,57.96%
Lucas,PRECINCT JERUSALEM 1,ARR,Northwest,Toledo,"1,037",614,59.21%
Lucas,PRECINCT JERUSALEM 2,ARS,Northwest,Toledo,"1,152",661,57.38%
Lucas,PRECINCT MONCLOVA 1,ARV,Northwest,Toledo,"1,125",691,61.42%
Lucas,PRECINCT MONCLOVA 2,ARW,Northwest,Toledo,"1,258",882,70.11%
Lucas,PRECINCT MONCLOVA 3,ARX,Northwest,Toledo,"1,362",885,64.98%
Lucas,PRECINCT MONCLOVA 4,ARY,Northwest,Toledo,"1,209",715,59.14%
Lucas,PRECINCT OTTAWA HILLS 1,ASA,Northwest,Toledo,"1,278",831,65.02%
Lucas,PRECINCT OTTAWA HILLS 2,ASB,Northwest,Toledo,"1,337",845,63.20%
Lucas,PRECINCT OTTAWA HILLS 3,ASC,Northwest,Toledo,"1,117",707,63.29%
Lucas,PRECINCT PROVIDENCE 1,ASH,Northwest,Toledo,884,502,56.79%
Lucas,PRECINCT PROVIDENCE 2,ASI,Northwest,Toledo,842,548,65.08%
Lucas,PRECINCT PROVIDENCE 3,ASJ,Northwest,Toledo,764,469,61.39%
Lucas,PRECINCT RICHFIELD 1,ASK,Northwest,Toledo,"1,209",744,61.54%
Lucas,PRECINCT SPENCER 1,ASM,Northwest,Toledo,"1,218",607,49.84%
Lucas,PRECINCT SPRINGFIELD 1,ASO,Northwest,Toledo,"1,180",661,56.02%
Lucas,PRECINCT SPRINGFIELD 10,ASP,Northwest,Toledo,"1,272",461,36.24%
Lucas,PRECINCT SPRINGFIELD 11,ASQ,Northwest,Toledo,"1,375",853,62.04%
Lucas,PRECINCT SPRINGFIELD 12,ASR,Northwest,Toledo,"1,254",746,59.49%
Lucas,PRECINCT SPRINGFIELD 13,ASS,Northwest,Toledo,"1,080",484,44.81%
Lucas,PRECINCT SPRINGFIELD 14,AST,Northwest,Toledo,648,394,60.80%
Lucas,PRECINCT SPRINGFIELD 15,ASU,Northwest,Toledo,"1,041",569,54.66%
Lucas,PRECINCT SPRINGFIELD 16,ASV,Northwest,Toledo,"1,192",594,49.83%
Lucas,PRECINCT SPRINGFIELD 2,ASZ,Northwest,Toledo,"1,338",683,51.05%
Lucas,PRECINCT SPRINGFIELD 3,ATC,Northwest,Toledo,"1,323",690,52.15%
Lucas,PRECINCT SPRINGFIELD 4,ATD,Northwest,Toledo,"1,325",520,39.25%
Lucas,PRECINCT SPRINGFIELD 5,ATE,Northwest,Toledo,"1,054",435,41.27%
Lucas,PRECINCT SPRINGFIELD 6,ATF,Northwest,Toledo,"1,177",638,54.21%
Lucas,PRECINCT SPRINGFIELD 7,ATG,Northwest,Toledo,"1,305",837,64.14%
Lucas,PRECINCT SPRINGFIELD 8,ATH,Northwest,Toledo,"1,181",560,47.42%
Lucas,PRECINCT SPRINGFIELD 9,ATI,Northwest,Toledo,"1,290",813,63.02%
Lucas,PRECINCT SWANTON 1,ATJ,Northwest,Toledo,588,239,40.65%
Lucas,PRECINCT SWANTON 2,ATK,Northwest,Toledo,964,525,54.46%
Lucas,PRECINCT SWANTON 3,ATL,Northwest,Toledo,483,262,54.24%
Lucas,PRECINCT SYLVANIA TOWNSHIP A,ATM,Northwest,Toledo,"1,169",606,51.84%
Lucas,PRECINCT SYLVANIA TOWNSHIP B,ATO,Northwest,Toledo,"1,243",686,55.19%
Lucas,PRECINCT SYLVANIA TOWNSHIP C,ATP,Northwest,Toledo,"1,293",791,61.18%
Lucas,PRECINCT SYLVANIA TOWNSHIP D,ATQ,Northwest,Toledo,"1,052",649,61.69%
Lucas,PRECINCT SYLVANIA TOWNSHIP E,ATR,Northwest,Toledo,"1,341",815,60.78%
Lucas,PRECINCT SYLVANIA TOWNSHIP F,ATS,Northwest,Toledo,"1,217",669,54.97%
Lucas,PRECINCT SYLVANIA TOWNSHIP G,ATT,Northwest,Toledo,"1,076",650,60.41%
Lucas,PRECINCT SYLVANIA TOWNSHIP H,ATU,Northwest,Toledo,966,616,63.77%
Lucas,PRECINCT SYLVANIA TOWNSHIP I,ATV,Northwest,Toledo,919,579,63.00%
Lucas,PRECINCT SYLVANIA TOWNSHIP L,ATY,Northwest,Toledo,"1,071",628,58.64%
Lucas,PRECINCT SYLVANIA TOWNSHIP M,ATZ,Northwest,Toledo,"1,244",581,46.70%
Lucas,PRECINCT SYLVANIA TOWNSHIP N,AUA,Northwest,Toledo,680,438,64.41%
Lucas,PRECINCT SYLVANIA TOWNSHIP O,AUB,Northwest,Toledo,"1,057",638,60.36%
Lucas,PRECINCT SYLVANIA TOWNSHIP Q,AUD,Northwest,Toledo,"1,629",954,58.56%
Lucas,PRECINCT SYLVANIA TOWNSHIP R,AUE,Northwest,Toledo,831,498,59.93%
Lucas,PRECINCT SYLVANIA TOWNSHIP S,AUF,Northwest,Toledo,"1,120",668,59.64%
Lucas,PRECINCT SYLVANIA TOWNSHIP T,AUG,Northwest,Toledo,871,560,64.29%
Lucas,PRECINCT SYLVANIA TOWNSHIP U,AUH,Northwest,Toledo,860,426,49.53%
Lucas,PRECINCT WASHINGTON 1,AUN,Northwest,Toledo,"1,022",548,53.62%
Lucas,PRECINCT WASHINGTON 2,AUO,Northwest,Toledo,"1,083",492,45.43%
Lucas,PRECINCT WATERVILLE CITY 1,AUR,Northwest,Toledo,"1,080",595,55.09%
Lucas,PRECINCT WATERVILLE CITY 2,AUT,Northwest,Toledo,"1,068",651,60.96%
Lucas,PRECINCT WATERVILLE CITY 3,AUU,Northwest,Toledo,"1,195",703,58.83%
Lucas,PRECINCT WATERVILLE CITY 4,AUV,Northwest,Toledo,"1,299",785,60.43%
Lucas,PRECINCT WHITEHOUSE VILLAGE A,AUW,Northwest,Toledo,"1,251",724,57.87%
Lucas,PRECINCT WHITEHOUSE VILLAGE B,AUX,Northwest,Toledo,"1,396",905,64.83%
Lucas,PRECINCT WATERVILLE TOWNSHIP A,AUY,Northwest,Toledo,856,522,60.98%
Lucas,PRECINCT WATERVILLE TOWNSHIP B,AUZ,Northwest,Toledo,727,448,61.62%
Lucas,PRECINCT WHITEHOUSE VILLAGE C,AVA,Northwest,Toledo,"1,062",612,57.63%
Lucas,PRECINCT MONCLOVA 6,AVD,Northwest,Toledo,863,526,60.95%
Lucas,PRECINCT MONCLOVA 7,AVE,Northwest,Toledo,"1,314",874,66.51%
Lucas,PRECINCT MONCLOVA 8,AVJ,Northwest,Toledo,895,551,61.56%
Lucas,PRECINCT MONCLOVA 9,AVK,Northwest,Toledo,"1,166",721,61.84%
Lucas,PRECINCT MONCLOVA 5,AVL,Northwest,Toledo,"1,447","1,036",71.60%
Lucas,PRECINCT SYLVANIA TOWNSHIP J,AVT,Northwest,Toledo,"1,248",806,64.58%
Lucas,PRECINCT SYLVANIA TOWNSHIP K,AVU,Northwest,Toledo,"1,566",930,59.39%
Lucas,PRECINCT SYLVANIA TOWNSHIP P,AVV,Northwest,Toledo,"1,494",938,62.78%
Lucas,PRECINCT TOLEDO 9B,AVZ,Northwest,Toledo,"1,195",393,32.89%
Lucas,PRECINCT TOLEDO 7J,AWA,Northwest,Toledo,408,207,50.74%
Lucas,PRECINCT MONCLOVA 10,AWB,Northwest,Toledo,"1,086",738,67.96%
Madison,LONDON 1-A,AAA,Central,Columbus,458,224,48.91%
Madison,LONDON 1-B,AAB,Central,Columbus,"1,774",784,44.19%
Madison,LONDON 2,AAC,Central,Columbus,"1,588",947,59.63%
Madison,LONDON 3,AAD,Central,Columbus,"1,045",337,32.25%
Madison,LONDON 4,AAE,Central,Columbus,"1,564",683,43.67%
Madison,CANAAN,AAG,Central,Columbus,"1,613",974,60.38%
Madison,PLAIN CITY EAST,AAH,Central,Columbus,905,505,55.80%
Madison,PLAIN CITY WEST,AAJ,Central,Columbus,"1,505",951,63.19%
Madison,DARBY,AAK,Central,Columbus,543,336,61.88%
Madison,DEERCREEK,AAL,Central,Columbus,586,330,56.31%
Madison,FAIRFIELD,AAM,Central,Columbus,"1,035",647,62.51%
Madison,WEST JEFFERSON A,AAN,Central,Columbus,"1,462",723,49.45%
Madison,WEST JEFFERSON B,AAO,Central,Columbus,"1,160",582,50.17%
Madison,JEFFERSON TWP A,AAP,Central,Columbus,"1,337",788,58.94%
Madison,JEFFERSON TWP B,AAQ,Central,Columbus,906,612,67.55%
Madison,MONROE / PIKE,AAR,Central,Columbus,"1,279",638,49.88%
Madison,OAK RUN,AAS,Central,Columbus,403,270,67.00%
Madison,PAINT / RANGE / STOKES,AAT,Central,Columbus,"1,392",814,58.48%
Madison,MT STERLING,AAV,Central,Columbus,"1,095",543,49.59%
Madison,PLEASANT,AAW,Central,Columbus,875,508,58.06%
Madison,CHOCTAW LAKE EAST,AAY,Central,Columbus,758,477,62.93%
Madison,CHOCTAW LAKE WEST,AAZ,Central,Columbus,922,645,69.96%
Madison,SOMERFORD,ABB,Central,Columbus,784,476,60.71%
Madison,UNION,ABD,Central,Columbus,998,574,57.52%
Mahoning,PRECINCT CMP1 A,AAA,Northeast,Youngstown,601,141,23.46%
Mahoning,PRECINCT CMP1 B,AAB,Northeast,Youngstown,594,216,36.36%
Mahoning,PRECINCT CMP2 A,AAE,Northeast,Youngstown,514,283,55.06%
Mahoning,PRECINCT CMP2 B,AAF,Northeast,Youngstown,579,266,45.94%
Mahoning,PRECINCT CMP2 C,AAG,Northeast,Youngstown,595,341,57.31%
Mahoning,PRECINCT CMP3 A,AAI,Northeast,Youngstown,622,321,51.61%
Mahoning,PRECINCT CMP3 B,AAJ,Northeast,Youngstown,606,205,33.83%
Mahoning,PRECINCT CMP4 A,AAM,Northeast,Youngstown,728,267,36.68%
Mahoning,PRECINCT CMP4 B,AAN,Northeast,Youngstown,699,369,52.79%
Mahoning,PRECINCT CNF  1,AAS,Northeast,Youngstown,644,461,71.58%
Mahoning,PRECINCT CNF  2,AAW,Northeast,Youngstown,873,527,60.37%
Mahoning,PRECINCT CNF  3,AAX,Northeast,Youngstown,698,477,68.34%
Mahoning,PRECINCT CNF  4,AAY,Northeast,Youngstown,807,543,67.29%
Mahoning,PRECINCT CNF  5,AAZ,Northeast,Youngstown,679,471,69.37%
Mahoning,PRECINCT CNF  7,ABB,Northeast,Youngstown,733,493,67.26%
Mahoning,PRECINCT CNF  8,ABC,Northeast,Youngstown,791,582,73.58%
Mahoning,PRECINCT STR1 B,ABF,Northeast,Youngstown,310,128,41.29%
Mahoning,PRECINCT STR2 A,ABJ,Northeast,Youngstown,653,236,36.14%
Mahoning,PRECINCT STR2 B,ABK,Northeast,Youngstown,673,310,46.06%
Mahoning,PRECINCT STR3 A,ABO,Northeast,Youngstown,531,198,37.29%
Mahoning,PRECINCT STR3 B,ABP,Northeast,Youngstown,577,352,61.01%
Mahoning,PRECINCT STR3 C,ABQ,Northeast,Youngstown,567,355,62.61%
Mahoning,PRECINCT STR4 A,ABT,Northeast,Youngstown,747,431,57.70%
Mahoning,PRECINCT STR4 B,ABU,Northeast,Youngstown,606,380,62.71%
Mahoning,PRECINCT YGN1 A,ABY,Northeast,Youngstown,904,202,22.35%
Mahoning,PRECINCT YGN1 B,ABZ,Northeast,Youngstown,800,156,19.50%
Mahoning,PRECINCT YGN1 D,ACB,Northeast,Youngstown,951,255,26.81%
Mahoning,PRECINCT YGN1 E,ACC,Northeast,Youngstown,718,121,16.85%
Mahoning,PRECINCT YGN2 A,ACK,Northeast,Youngstown,853,171,20.05%
Mahoning,PRECINCT YGN2 B,ACL,Northeast,Youngstown,853,302,35.40%
Mahoning,PRECINCT YGN2 C,ACM,Northeast,Youngstown,956,223,23.33%
Mahoning,PRECINCT YGN2 D,ACN,Northeast,Youngstown,"1,081",353,32.65%
Mahoning,PRECINCT YGN2 E,ACO,Northeast,Youngstown,"1,112",347,31.21%
Mahoning,PRECINCT YGN3 A,ADD,Northeast,Youngstown,876,212,24.20%
Mahoning,PRECINCT YGN4 A,ADU,Northeast,Youngstown,981,385,39.25%
Mahoning,PRECINCT YGN4 C,ADW,Northeast,Youngstown,705,157,22.27%
Mahoning,PRECINCT YGN5 F,AEX,Northeast,Youngstown,850,370,43.53%
Mahoning,PRECINCT YGN6 A,AFP,Northeast,Youngstown,661,192,29.05%
Mahoning,PRECINCT YGN6 C,AFR,Northeast,Youngstown,796,214,26.88%
Mahoning,PRECINCT YGN6 D,AFS,Northeast,Youngstown,732,206,28.14%
Mahoning,PRECINCT YGN7 D,AGJ,Northeast,Youngstown,894,422,47.20%
Mahoning,PRECINCT YGN7 E,AGK,Northeast,Youngstown,549,139,25.32%
Mahoning,PRECINCT AUS 10,AHE,Northeast,Youngstown,850,406,47.76%
Mahoning,PRECINCT AUS 11,AHF,Northeast,Youngstown,790,509,64.43%
Mahoning,PRECINCT AUS 12,AHG,Northeast,Youngstown,751,444,59.12%
Mahoning,PRECINCT AUS 13,AHH,Northeast,Youngstown,702,303,43.16%
Mahoning,PRECINCT AUS 15,AHJ,Northeast,Youngstown,922,526,57.05%
Mahoning,PRECINCT AUS 17,AHL,Northeast,Youngstown,913,530,58.05%
Mahoning,PRECINCT AUS 18,AHM,Northeast,Youngstown,558,302,54.12%
Mahoning,PRECINCT AUS 19,AHN,Northeast,Youngstown,784,403,51.40%
Mahoning,PRECINCT AUS 20,AHP,Northeast,Youngstown,944,440,46.61%
Mahoning,PRECINCT AUS 22,AHR,Northeast,Youngstown,769,407,52.93%
Mahoning,PRECINCT AUS 24,AHT,Northeast,Youngstown,855,340,39.77%
Mahoning,PRECINCT AUS 25,AHU,Northeast,Youngstown,699,239,34.19%
Mahoning,PRECINCT AUS 26,AHV,Northeast,Youngstown,842,528,62.71%
Mahoning,PRECINCT AUS 28,AHX,Northeast,Youngstown,850,350,41.18%
Mahoning,PRECINCT AUS 29,AHY,Northeast,Youngstown,808,389,48.14%
Mahoning,PRECINCT AUS  3,AHZ,Northeast,Youngstown,795,515,64.78%
Mahoning,PRECINCT AUS 30,AIA,Northeast,Youngstown,603,249,41.29%
Mahoning,PRECINCT AUS 31,AIB,Northeast,Youngstown,982,439,44.70%
Mahoning,PRECINCT AUS 32,AIC,Northeast,Youngstown,580,211,36.38%
Mahoning,PRECINCT AUS 33,AID,Northeast,Youngstown,811,479,59.06%
Mahoning,PRECINCT AUS  4,AIK,Northeast,Youngstown,944,376,39.83%
Mahoning,PRECINCT AUS  5,AIV,Northeast,Youngstown,975,652,66.87%
Mahoning,PRECINCT AUS  6,AJG,Northeast,Youngstown,814,511,62.78%
Mahoning,PRECINCT AUS  7,AJJ,Northeast,Youngstown,785,423,53.89%
Mahoning,PRECINCT AUS  8,AJK,Northeast,Youngstown,751,463,61.65%
Mahoning,PRECINCT AUS  9,AJL,Northeast,Youngstown,531,312,58.76%
Mahoning,PRECINCT BVT  1,AJM,Northeast,Youngstown,845,549,64.97%
Mahoning,PRECINCT BVT  2,AJN,Northeast,Youngstown,906,591,65.23%
Mahoning,PRECINCT BVT  3,AJO,Northeast,Youngstown,830,541,65.18%
Mahoning,PRECINCT BVT  4,AJP,Northeast,Youngstown,"1,255",876,69.80%
Mahoning,PRECINCT BVT  5,AJQ,Northeast,Youngstown,"1,016",627,61.71%
Mahoning,PRECINCT BVT  6,AJR,Northeast,Youngstown,334,233,69.76%
Mahoning,PRECINCT BVT  7,AJS,Northeast,Youngstown,496,289,58.27%
Mahoning,PRECINCT BRT  1,AJV,Northeast,Youngstown,903,599,66.33%
Mahoning,PRECINCT BRT  2,AJW,Northeast,Youngstown,593,392,66.10%
Mahoning,PRECINCT BDM  1,AJY,Northeast,Youngstown,967,686,70.94%
Mahoning,PRECINCT BDM 10,AJZ,Northeast,Youngstown,800,475,59.38%
Mahoning,PRECINCT BDM 11,AKA,Northeast,Youngstown,793,372,46.91%
Mahoning,PRECINCT BDM 12,AKB,Northeast,Youngstown,658,415,63.07%
Mahoning,PRECINCT BDM 14,AKD,Northeast,Youngstown,700,320,45.71%
Mahoning,PRECINCT BDM 15,AKE,Northeast,Youngstown,788,344,43.65%
Mahoning,PRECINCT BDM 16,AKF,Northeast,Youngstown,506,341,67.39%
Mahoning,PRECINCT BDM 17,AKG,Northeast,Youngstown,677,403,59.53%
Mahoning,PRECINCT BDM 18,AKH,Northeast,Youngstown,"1,115",611,54.80%
Mahoning,PRECINCT BDM  2,AKJ,Northeast,Youngstown,964,583,60.48%
Mahoning,PRECINCT BDM 20,AKK,Northeast,Youngstown,962,523,54.37%
Mahoning,PRECINCT BDM 22,AKM,Northeast,Youngstown,"1,126",568,50.44%
Mahoning,PRECINCT BDM 23,AKN,Northeast,Youngstown,758,449,59.23%
Mahoning,PRECINCT BDM 25,AKP,Northeast,Youngstown,819,571,69.72%
Mahoning,PRECINCT BDM 27,AKR,Northeast,Youngstown,"1,004",532,52.99%
Mahoning,PRECINCT BDM 28,AKS,Northeast,Youngstown,976,572,58.61%
Mahoning,PRECINCT BDM 29,AKT,Northeast,Youngstown,723,491,67.91%
Mahoning,PRECINCT BDM  3,AKU,Northeast,Youngstown,813,472,58.06%
Mahoning,PRECINCT BDM 30,AKV,Northeast,Youngstown,910,505,55.49%
Mahoning,PRECINCT BDM 31,AKW,Northeast,Youngstown,552,389,70.47%
Mahoning,PRECINCT BDM 32,AKX,Northeast,Youngstown,512,285,55.66%
Mahoning,PRECINCT BDM 33,AKY,Northeast,Youngstown,594,405,68.18%
Mahoning,PRECINCT BDM 34,AKZ,Northeast,Youngstown,539,310,57.51%
Mahoning,PRECINCT BDM 36,ALB,Northeast,Youngstown,"1,102",586,53.18%
Mahoning,PRECINCT BDM 37,ALC,Northeast,Youngstown,891,543,60.94%
Mahoning,PRECINCT BDM  4,ALF,Northeast,Youngstown,744,496,66.67%
Mahoning,PRECINCT BDM  5,ALQ,Northeast,Youngstown,853,346,40.56%
Mahoning,PRECINCT BDM  6,AMB,Northeast,Youngstown,947,469,49.52%
Mahoning,PRECINCT BDM  7,AMM,Northeast,Youngstown,798,360,45.11%
Mahoning,PRECINCT BDM  9,AMS,Northeast,Youngstown,671,349,52.01%
Mahoning,PRECINCT CNT  1,AMT,Northeast,Youngstown,804,554,68.91%
Mahoning,PRECINCT CNT  2,AMV,Northeast,Youngstown,749,365,48.73%
Mahoning,PRECINCT CNT  3,AMW,Northeast,Youngstown,"1,288",912,70.81%
Mahoning,PRECINCT CNT  4,AMX,Northeast,Youngstown,800,575,71.88%
Mahoning,PRECINCT CNT  5,AMY,Northeast,Youngstown,847,560,66.12%
Mahoning,PRECINCT CNT  6,AMZ,Northeast,Youngstown,"1,111",778,70.03%
Mahoning,PRECINCT CNT  7,ANA,Northeast,Youngstown,810,542,66.91%
Mahoning,PRECINCT COT  1,AND,Northeast,Youngstown,430,260,60.47%
Mahoning,PRECINCT COT  2,ANE,Northeast,Youngstown,563,374,66.43%
Mahoning,PRECINCT ELT  1,ANG,Northeast,Youngstown,774,517,66.80%
Mahoning,PRECINCT ELT  2,ANH,Northeast,Youngstown,895,621,69.39%
Mahoning,PRECINCT GOT  1,ANJ,Northeast,Youngstown,691,472,68.31%
Mahoning,PRECINCT GOT  2,ANK,Northeast,Youngstown,808,523,64.73%
Mahoning,PRECINCT GOT  3,ANL,Northeast,Youngstown,623,384,61.64%
Mahoning,PRECINCT GRT  1,ANP,Northeast,Youngstown,715,488,68.25%
Mahoning,PRECINCT GRT  2,ANQ,Northeast,Youngstown,950,622,65.47%
Mahoning,PRECINCT GRT  3,ANR,Northeast,Youngstown,636,431,67.77%
Mahoning,PRECINCT WNV  1,ANT,Northeast,Youngstown,219,109,49.77%
Mahoning,PRECINCT JKT  1,ANU,Northeast,Youngstown,673,402,59.73%
Mahoning,PRECINCT JKT  2,ANV,Northeast,Youngstown,885,561,63.39%
Mahoning,PRECINCT MLT  1,ANX,Northeast,Youngstown,902,554,61.42%
Mahoning,PRECINCT MLT  2,ANY,Northeast,Youngstown,"1,093",682,62.40%
Mahoning,PRECINCT CBV  1,AOA,Northeast,Youngstown,715,385,53.85%
Mahoning,PRECINCT POT  1,AOC,Northeast,Youngstown,629,448,71.22%
Mahoning,PRECINCT POT 11,AOE,Northeast,Youngstown,758,551,72.69%
Mahoning,PRECINCT POT 12,AOF,Northeast,Youngstown,546,384,70.33%
Mahoning,PRECINCT POT 13,AOG,Northeast,Youngstown,767,557,72.62%
Mahoning,PRECINCT POT  2,AON,Northeast,Youngstown,"1,375",925,67.27%
Mahoning,PRECINCT POT  3,AOO,Northeast,Youngstown,447,247,55.26%
Mahoning,PRECINCT POT  4,AOP,Northeast,Youngstown,541,363,67.10%
Mahoning,PRECINCT POT  5,AOQ,Northeast,Youngstown,"1,104",766,69.38%
Mahoning,PRECINCT POT  6,AOR,Northeast,Youngstown,458,301,65.72%
Mahoning,PRECINCT POT  7,AOS,Northeast,Youngstown,712,461,64.75%
Mahoning,PRECINCT POT  8,AOT,Northeast,Youngstown,890,603,67.75%
Mahoning,PRECINCT POT  9,AOU,Northeast,Youngstown,864,552,63.89%
Mahoning,PRECINCT LWL  1,AOV,Northeast,Youngstown,408,213,52.21%
Mahoning,PRECINCT LWL  2,AOW,Northeast,Youngstown,396,216,54.55%
Mahoning,PRECINCT POV  1,AOY,Northeast,Youngstown,979,659,67.31%
Mahoning,PRECINCT POV  2,AOZ,Northeast,Youngstown,500,340,68.00%
Mahoning,PRECINCT POV  3,APA,Northeast,Youngstown,533,378,70.92%
Mahoning,PRECINCT BLV  1,APE,Northeast,Youngstown,543,298,54.88%
Mahoning,PRECINCT SMT  1,APF,Northeast,Youngstown,572,350,61.19%
Mahoning,PRECINCT SMT  2,APG,Northeast,Youngstown,246,85,34.55%
Mahoning,PRECINCT SMT  3,APH,Northeast,Youngstown,566,372,65.72%
Mahoning,PRECINCT SMT  4,API,Northeast,Youngstown,677,379,55.98%
Mahoning,PRECINCT SPT  1,APJ,Northeast,Youngstown,"1,035",691,66.76%
Mahoning,PRECINCT SPT  2,APK,Northeast,Youngstown,786,469,59.67%
Mahoning,PRECINCT SPT  3,APL,Northeast,Youngstown,620,396,63.87%
Mahoning,PRECINCT SPT  4,APM,Northeast,Youngstown,966,607,62.84%
Mahoning,PRECINCT SPT  5,APN,Northeast,Youngstown,"1,078",678,62.89%
Mahoning,PRECINCT SPT  6,APO,Northeast,Youngstown,594,346,58.25%
Mahoning,PRECINCT NMV  1,APS,Northeast,Youngstown,630,384,60.95%
Mahoning,PRECINCT NMV  2,APT,Northeast,Youngstown,508,321,63.19%
Mahoning,PRECINCT SBC  1,APV,Northeast,Youngstown,935,404,43.21%
Mahoning,PRECINCT SBC  2,APW,Northeast,Youngstown,429,290,67.60%
Mahoning,PRECINCT SBC  3,APX,Northeast,Youngstown,629,309,49.13%
Mahoning,PRECINCT SBC  4,APY,Northeast,Youngstown,543,265,48.80%
Mahoning,PRECINCT STR1 A,AQA,Northeast,Youngstown,456,136,29.82%
Mahoning,PRECINCT STR1 C,AQB,Northeast,Youngstown,494,232,46.96%
Mahoning,PRECINCT STR2 C,AQD,Northeast,Youngstown,603,235,38.97%
Mahoning,PRECINCT STR4 C,AQF,Northeast,Youngstown,619,334,53.96%
Mahoning,PRECINCT YGN7 A,AQH,Northeast,Youngstown,959,323,33.68%
Mahoning,PRECINCT YGN7 B,AQI,Northeast,Youngstown,790,223,28.23%
Mahoning,PRECINCT YGN7 C,AQJ,Northeast,Youngstown,"1,121",322,28.72%
Mahoning,PRECINCT YGN7 F,AQK,Northeast,Youngstown,745,277,37.18%
Mahoning,PRECINCT YGN7 G,AQL,Northeast,Youngstown,680,279,41.03%
Mahoning,PRECINCT YGN6 B,AQR,Northeast,Youngstown,704,128,18.18%
Mahoning,PRECINCT YGN6 E,AQS,Northeast,Youngstown,805,166,20.62%
Mahoning,PRECINCT YGN6 F,AQT,Northeast,Youngstown,988,410,41.50%
Mahoning,PRECINCT YGN6 G,AQU,Northeast,Youngstown,651,227,34.87%
Mahoning,PRECINCT YGN5 A,AQX,Northeast,Youngstown,"1,118",546,48.84%
Mahoning,PRECINCT YGN5 B,AQY,Northeast,Youngstown,"1,099",629,57.23%
Mahoning,PRECINCT YGN5 C,AQZ,Northeast,Youngstown,"1,040",667,64.13%
Mahoning,PRECINCT YGN5 D,ARA,Northeast,Youngstown,939,380,40.47%
Mahoning,PRECINCT YGN5 E,ARB,Northeast,Youngstown,"1,037",549,52.94%
Mahoning,PRECINCT YGN5 G,ARC,Northeast,Youngstown,601,249,41.43%
Mahoning,PRECINCT YGN4 B,ARL,Northeast,Youngstown,885,391,44.18%
Mahoning,PRECINCT YGN4 D,ARM,Northeast,Youngstown,"1,064",329,30.92%
Mahoning,PRECINCT YGN4 E,ARN,Northeast,Youngstown,"1,014",429,42.31%
Mahoning,PRECINCT YGN4 F,ARO,Northeast,Youngstown,810,208,25.68%
Mahoning,PRECINCT YGN3 B,ARX,Northeast,Youngstown,987,341,34.55%
Mahoning,PRECINCT YGN3 C,ARY,Northeast,Youngstown,"1,016",319,31.40%
Mahoning,PRECINCT YGN3 D,ARZ,Northeast,Youngstown,949,352,37.09%
Mahoning,PRECINCT YGN3 E,ASA,Northeast,Youngstown,785,196,24.97%
Mahoning,PRECINCT YGN3 F,ASB,Northeast,Youngstown,"1,115",587,52.65%
Mahoning,PRECINCT YGN2 F,ASG,Northeast,Youngstown,573,212,37.00%
Mahoning,PRECINCT YGN1 C,ASI,Northeast,Youngstown,836,289,34.57%
Mahoning,PRECINCT YGN1 F,ASJ,Northeast,Youngstown,865,191,22.08%
Mahoning,PRECINCT POT 10,ASL,Northeast,Youngstown,719,518,72.04%
Mahoning,PRECINCT AUS  1,ASM,Northeast,Youngstown,517,276,53.38%
Mahoning,PRECINCT AUS  2,ASN,Northeast,Youngstown,664,434,65.36%
Mahoning,PRECINCT AUS 14,ASO,Northeast,Youngstown,776,450,57.99%
Mahoning,PRECINCT AUS 16,ASP,Northeast,Youngstown,819,572,69.84%
Mahoning,PRECINCT AUS 21,ASQ,Northeast,Youngstown,280,169,60.36%
Mahoning,PRECINCT AUS 23,ASR,Northeast,Youngstown,"1,178",777,65.96%
Mahoning,PRECINCT AUS 27,ASS,Northeast,Youngstown,772,515,66.71%
Mahoning,PRECINCT BDM  8,ASW,Northeast,Youngstown,977,679,69.50%
Mahoning,PRECINCT BDM 13,ASX,Northeast,Youngstown,652,401,61.50%
Mahoning,PRECINCT BDM 19,ASY,Northeast,Youngstown,635,328,51.65%
Mahoning,PRECINCT BDM 21,ASZ,Northeast,Youngstown,528,318,60.23%
Mahoning,PRECINCT BDM 24,ATA,Northeast,Youngstown,994,638,64.19%
Mahoning,PRECINCT BDM 26,ATB,Northeast,Youngstown,746,491,65.82%
Mahoning,PRECINCT BDM 35,ATC,Northeast,Youngstown,901,571,63.37%
Mahoning,PRECINCT CNF  6,ATG,Northeast,Youngstown,817,566,69.28%
Mahoning,PRECINCT CNT  8,ATH,Northeast,Youngstown,"1,062",727,68.46%
Marion,PRECINCT MARION 1-A,AAA,Central,Columbus,"1,153",416,36.08%
Marion,PRECINCT MARION 1-B,AAB,Central,Columbus,"1,104",452,40.94%
Marion,PRECINCT MARION 2-A,AAH,Central,Columbus,"1,098",259,23.59%
Marion,PRECINCT MARION 2-B,AAJ,Central,Columbus,608,176,28.95%
Marion,PRECINCT MARION 3-A,AAN,Central,Columbus,"1,201",349,29.06%
Marion,PRECINCT MARION 3-B,AAO,Central,Columbus,937,283,30.20%
Marion,PRECINCT MARION 3-C,AAR,Central,Columbus,"1,235",553,44.78%
Marion,PRECINCT MARION 4-A,AAU,Central,Columbus,838,180,21.48%
Marion,PRECINCT MARION 4-B,AAW,Central,Columbus,817,218,26.68%
Marion,PRECINCT MARION 4-C,AAY,Central,Columbus,978,404,41.31%
Marion,PRECINCT MARION 4-D,AAZ,Central,Columbus,626,227,36.26%
Marion,PRECINCT MARION 5-A,ABB,Central,Columbus,964,340,35.27%
Marion,PRECINCT MARION 5-B,ABC,Central,Columbus,943,375,39.77%
Marion,PRECINCT MARION 5-C,ABD,Central,Columbus,796,216,27.14%
Marion,PRECINCT MARION 5-D,ABH,Central,Columbus,969,419,43.24%
Marion,PRECINCT MARION 6-A,ABJ,Central,Columbus,860,607,70.58%
Marion,PRECINCT MARION 6-B,ABK,Central,Columbus,903,570,63.12%
Marion,PRECINCT MARION 6-C,ABM,Central,Columbus,449,231,51.45%
Marion,PRECINCT MARION 6-D,ABN,Central,Columbus,969,502,51.81%
Marion,PRECINCT MARION 6-E,ABP,Central,Columbus,929,634,68.25%
Marion,PRECINCT MARION 6-F,ABR,Central,Columbus,507,156,30.77%
Marion,PRECINCT BIG ISLAND TWP,ABT,Central,Columbus,883,525,59.46%
Marion,PRECINCT CLARIDON TWP A,ABX,Central,Columbus,855,431,50.41%
Marion,PRECINCT CLARIDON TWP B,ABY,Central,Columbus,"1,080",687,63.61%
Marion,PRECINCT GRAND SALT,ACA,Central,Columbus,697,410,58.82%
Marion,PRECINCT GRAND PRAIRIE TWP,ACB,Central,Columbus,"1,116",672,60.22%
Marion,PRECINCT GREEN CAMP TWP,ACF,Central,Columbus,759,445,58.63%
Marion,PRECINCT MARION TWP A,ACG,Central,Columbus,666,349,52.40%
Marion,PRECINCT MARION TWP B,ACH,Central,Columbus,761,429,56.37%
Marion,PRECINCT MARION TWP C,ACI,Central,Columbus,770,532,69.09%
Marion,PRECINCT MARION TWP D,ACK,Central,Columbus,"1,240",615,49.60%
Marion,PRECINCT MARION TWP E,ACN,Central,Columbus,"1,260",580,46.03%
Marion,PRECINCT MARION TWP F,ACP,Central,Columbus,710,361,50.85%
Marion,PRECINCT MONTGOMERY TWP,ACR,Central,Columbus,"1,260",618,49.05%
Marion,PRECINCT BOWLING GREEN TWP,ACT,Central,Columbus,372,221,59.41%
Marion,PRECINCT PLEASANT TWP A,ACU,Central,Columbus,816,503,61.64%
Marion,PRECINCT PLEASANT TWP B,ACV,Central,Columbus,"1,127",703,62.38%
Marion,PRECINCT PLEASANT TWP C,ACX,Central,Columbus,"1,169",704,60.22%
Marion,PRECINCT PLEASANT TWP D,ACZ,Central,Columbus,546,346,63.37%
Marion,PRECINCT PROSPECT TWP,ADA,Central,Columbus,683,409,59.88%
Marion,PRECINCT PROSPECT VILLAGE,ADC,Central,Columbus,776,403,51.93%
Marion,PRECINCT RICHLAND TWP A,ADE,Central,Columbus,555,357,64.32%
Marion,PRECINCT RICHLAND TWP B,ADF,Central,Columbus,785,547,69.68%
Marion,PRECINCT SCOTT TULLY,ADI,Central,Columbus,907,545,60.09%
Marion,PRECINCT WALDO TWP,ADK,Central,Columbus,835,524,62.75%
Medina,PRECINCT BRUNSWICK CITY 1-A,AAA,Northeast,Cleveland,"1,163",714,61.39%
Medina,PRECINCT BRUNSWICK CITY 1-B,AAB,Northeast,Cleveland,"1,185",698,58.90%
Medina,PRECINCT BRUNSWICK CITY 1-C,AAC,Northeast,Cleveland,"1,165",718,61.63%
Medina,PRECINCT BRUNSWICK CITY 1-E,AAE,Northeast,Cleveland,933,551,59.06%
Medina,PRECINCT BRUNSWICK CITY 1-D,AAG,Northeast,Cleveland,"1,176",744,63.27%
Medina,PRECINCT BRUNSWICK CITY 2-A,AAI,Northeast,Cleveland,892,546,61.21%
Medina,PRECINCT BRUNSWICK CITY 2-B,AAJ,Northeast,Cleveland,"1,341",798,59.51%
Medina,PRECINCT BRUNSWICK CITY 2-C,AAK,Northeast,Cleveland,"1,332",796,59.76%
Medina,PRECINCT BRUNSWICK CITY 2-D,AAL,Northeast,Cleveland,"1,541",783,50.81%
Medina,PRECINCT BRUNSWICK CITY 2-E,AAN,Northeast,Cleveland,759,421,55.47%
Medina,PRECINCT BRUNSWICK CITY 3-A,AAP,Northeast,Cleveland,933,561,60.13%
Medina,PRECINCT BRUNSWICK CITY 3-B,AAQ,Northeast,Cleveland,"1,349",686,50.85%
Medina,PRECINCT BRUNSWICK CITY 3-C,AAR,Northeast,Cleveland,967,613,63.39%
Medina,PRECINCT BRUNSWICK CITY 3-D,AAS,Northeast,Cleveland,783,443,56.58%
Medina,PRECINCT BRUNSWICK CITY 3-F,AAU,Northeast,Cleveland,"1,086",601,55.34%
Medina,PRECINCT BRUNSWICK CITY 4-A,AAW,Northeast,Cleveland,"1,349",580,42.99%
Medina,PRECINCT BRUNSWICK CITY 4-B,AAX,Northeast,Cleveland,"1,062",672,63.28%
Medina,PRECINCT BRUNSWICK CITY 4-C,AAY,Northeast,Cleveland,"1,671",873,52.24%
Medina,PRECINCT BRUNSWICK CITY 4-D,AAZ,Northeast,Cleveland,926,446,48.16%
Medina,PRECINCT BRUNSWICK CITY 4-E,ABA,Northeast,Cleveland,986,673,68.26%
Medina,PRECINCT MEDINA CITY 1-A,ABE,Northeast,Cleveland,617,267,43.27%
Medina,PRECINCT MEDINA CITY 1-B,ABF,Northeast,Cleveland,"1,049",379,36.13%
Medina,PRECINCT MEDINA CITY 1-C,ABG,Northeast,Cleveland,"1,343",671,49.96%
Medina,PRECINCT MEDINA CITY 1-D,ABH,Northeast,Cleveland,"1,318",573,43.47%
Medina,PRECINCT MEDINA CITY 2-A,ABI,Northeast,Cleveland,"1,417",824,58.15%
Medina,PRECINCT MEDINA CITY 2-B,ABJ,Northeast,Cleveland,"1,154",567,49.13%
Medina,PRECINCT MEDINA CITY 2-D,ABL,Northeast,Cleveland,"1,001",557,55.64%
Medina,PRECINCT MEDINA CITY 2-C,ABM,Northeast,Cleveland,"1,121",716,63.87%
Medina,PRECINCT MEDINA CITY 3-A,ABP,Northeast,Cleveland,944,527,55.83%
Medina,PRECINCT MEDINA CITY 3-B,ABQ,Northeast,Cleveland,"1,204",591,49.09%
Medina,PRECINCT MEDINA CITY 3-D,ABS,Northeast,Cleveland,"1,116",676,60.57%
Medina,PRECINCT MEDINA CITY 3-C,ABU,Northeast,Cleveland,"1,309",804,61.42%
Medina,PRECINCT MEDINA CITY 4-A,ABW,Northeast,Cleveland,"1,132",630,55.65%
Medina,PRECINCT MEDINA CITY 4-B,ABX,Northeast,Cleveland,"1,468",905,61.65%
Medina,PRECINCT MEDINA CITY 4-D,ABZ,Northeast,Cleveland,976,509,52.15%
Medina,PRECINCT MEDINA CITY 4-C,ACB,Northeast,Cleveland,"1,119",681,60.86%
Medina,PRECINCT WADSWORTH CITY 1-A,ACD,Northeast,Cleveland,891,482,54.10%
Medina,PRECINCT WADSWORTH CITY 1-B,ACE,Northeast,Cleveland,627,372,59.33%
Medina,PRECINCT WADSWORTH CITY 1-C,ACF,Northeast,Cleveland,"1,285",753,58.60%
Medina,PRECINCT WADSWORTH CITY 1-D,ACG,Northeast,Cleveland,"1,125",640,56.89%
Medina,PRECINCT WADSWORTH CITY 2-A,ACJ,Northeast,Cleveland,"1,001",655,65.43%
Medina,PRECINCT WADSWORTH CITY 2-B,ACK,Northeast,Cleveland,709,450,63.47%
Medina,PRECINCT WADSWORTH CITY 2-C,ACL,Northeast,Cleveland,"1,105",664,60.09%
Medina,PRECINCT WADSWORTH CITY 2-D,ACM,Northeast,Cleveland,"1,105",702,63.53%
Medina,PRECINCT WADSWORTH CITY 3-A,ACP,Northeast,Cleveland,"1,129",639,56.60%
Medina,PRECINCT WADSWORTH CITY 3-B,ACQ,Northeast,Cleveland,"1,193",513,43.00%
Medina,PRECINCT WADSWORTH CITY 3-C,ACS,Northeast,Cleveland,"1,384",822,59.39%
Medina,PRECINCT WADSWORTH CITY 4-A,ACT,Northeast,Cleveland,"1,082",450,41.59%
Medina,PRECINCT WADSWORTH CITY 4-B,ACU,Northeast,Cleveland,"1,327",719,54.18%
Medina,PRECINCT WADSWORTH CITY 4-C,ACV,Northeast,Cleveland,"1,230",767,62.36%
Medina,PRECINCT BRHILLS TP A,ACY,Northeast,Cleveland,"1,024",651,63.57%
Medina,PRECINCT BRHILLS TP B,ACZ,Northeast,Cleveland,"1,459",940,64.43%
Medina,PRECINCT BRHILLS TP C,ADA,Northeast,Cleveland,"1,438",881,61.27%
Medina,PRECINCT BRHILLS TP D,ADB,Northeast,Cleveland,939,549,58.47%
Medina,PRECINCT BRHILLS TP E,ADC,Northeast,Cleveland,"1,222",832,68.09%
Medina,PRECINCT CHATHAM TP A,ADD,Northeast,Cleveland,900,596,66.22%
Medina,PRECINCT CHATHAM TP B,ADE,Northeast,Cleveland,784,489,62.37%
Medina,PRECINCT GRANGER TP A,ADF,Northeast,Cleveland,835,578,69.22%
Medina,PRECINCT GRANGER TP B,ADG,Northeast,Cleveland,956,663,69.35%
Medina,PRECINCT GRANGER TP C,ADH,Northeast,Cleveland,"1,137",746,65.61%
Medina,PRECINCT GRANGER TP D,ADI,Northeast,Cleveland,679,457,67.30%
Medina,PRECINCT GUILFORD TP A,ADJ,Northeast,Cleveland,"1,236",792,64.08%
Medina,PRECINCT GUILFORD TP B,ADL,Northeast,Cleveland,"1,119",716,63.99%
Medina,PRECINCT SEVILLE VIL A,ADN,Northeast,Cleveland,704,434,61.65%
Medina,PRECINCT SEVILLE VIL B,ADO,Northeast,Cleveland,"1,108",699,63.09%
Medina,PRECINCT HARRISVL TP A,ADP,Northeast,Cleveland,"1,245",796,63.94%
Medina,PRECINCT LODI VIL A,ADR,Northeast,Cleveland,741,309,41.70%
Medina,PRECINCT LODI VIL B,ADS,Northeast,Cleveland,912,503,55.15%
Medina,PRECINCT HINCKLEY TP A,ADU,Northeast,Cleveland,"1,487",999,67.18%
Medina,PRECINCT HINCKLEY TP C,ADW,Northeast,Cleveland,"1,225",792,64.65%
Medina,PRECINCT HINCKLEY TP D,ADX,Northeast,Cleveland,"1,242",836,67.31%
Medina,PRECINCT HINCKLEY TP E,ADY,Northeast,Cleveland,979,662,67.62%
Medina,PRECINCT HINCKLEY TP B,ADZ,Northeast,Cleveland,"1,386",964,69.55%
Medina,PRECINCT HOMER TWP,AEC,Northeast,Cleveland,698,472,67.62%
Medina,PRECINCT LAFAYETTE TP A,AED,Northeast,Cleveland,"1,066",701,65.76%
Medina,PRECINCT LAFAYETTE TP B,AEE,Northeast,Cleveland,"1,126",647,57.46%
Medina,PRECINCT LAFAYETTE TP C,AEF,Northeast,Cleveland,"1,267",702,55.41%
Medina,PRECINCT LAFAYETTE TP D,AEH,Northeast,Cleveland,965,631,65.39%
Medina,PRECINCT CHIPPEWA LAKE VIL,AEI,Northeast,Cleveland,509,312,61.30%
Medina,PRECINCT LITCHFIELD TP A,AEJ,Northeast,Cleveland,"1,184",739,62.42%
Medina,PRECINCT LITCHFIELD TP B,AEL,Northeast,Cleveland,"1,206",739,61.28%
Medina,PRECINCT LIVERPOOL TP A,AEM,Northeast,Cleveland,"1,167",737,63.15%
Medina,PRECINCT LIVERPOOL TP B,AEN,Northeast,Cleveland,"1,404",928,66.10%
Medina,PRECINCT LIVERPOOL TP C,AEO,Northeast,Cleveland,832,531,63.82%
Medina,PRECINCT LIVERPOOL TP D,AEP,Northeast,Cleveland,"1,085",658,60.65%
Medina,PRECINCT MEDINA TP A,AEQ,Northeast,Cleveland,"1,093",711,65.05%
Medina,PRECINCT MEDINA TP B,AER,Northeast,Cleveland,"1,391",940,67.58%
Medina,PRECINCT MEDINA TP C,AES,Northeast,Cleveland,"1,299",863,66.44%
Medina,PRECINCT MEDINA TP D,AET,Northeast,Cleveland,879,617,70.19%
Medina,PRECINCT MEDINA TP E,AEU,Northeast,Cleveland,"1,081",680,62.90%
Medina,PRECINCT MEDINA TP G,AEW,Northeast,Cleveland,749,468,62.48%
Medina,PRECINCT MEDINA TP F,AEX,Northeast,Cleveland,"1,043",671,64.33%
Medina,PRECINCT MONTVILLE TP A,AEY,Northeast,Cleveland,"1,069",678,63.42%
Medina,PRECINCT MONTVILLE TP B,AEZ,Northeast,Cleveland,"1,396",884,63.32%
Medina,PRECINCT MONTVILLE TP C,AFA,Northeast,Cleveland,"1,279",841,65.75%
Medina,PRECINCT MONTVILLE TP D,AFB,Northeast,Cleveland,"1,165",582,49.96%
Medina,PRECINCT MONTVILLE TP E,AFC,Northeast,Cleveland,882,581,65.87%
Medina,PRECINCT SHARON TP A,AFD,Northeast,Cleveland,"1,402",930,66.33%
Medina,PRECINCT SHARON TP B,AFE,Northeast,Cleveland,"1,087",725,66.70%
Medina,PRECINCT SHARON TP C,AFF,Northeast,Cleveland,"1,382",891,64.47%
Medina,PRECINCT SHARON TP D,AFG,Northeast,Cleveland,"1,002",700,69.86%
Medina,PRECINCT SPENCER TP,AFH,Northeast,Cleveland,"1,255",747,59.52%
Medina,PRECINCT SPENCER VIL,AFI,Northeast,Cleveland,410,212,51.71%
Medina,PRECINCT WADSWORTH TP A,AFJ,Northeast,Cleveland,"1,127",696,61.76%
Medina,PRECINCT WADSWORTH TP B,AFK,Northeast,Cleveland,853,514,60.26%
Medina,PRECINCT WADSWORTH TP C,AFL,Northeast,Cleveland,"1,377",900,65.36%
Medina,PRECINCT GLORIA GLENS PK VIL,AFN,Northeast,Cleveland,286,158,55.24%
Medina,PRECINCT WESTFIELD TP A,AFO,Northeast,Cleveland,853,520,60.96%
Medina,PRECINCT WESTFIELD TP B,AFP,Northeast,Cleveland,"1,198",723,60.35%
Medina,PRECINCT WESTFIELD CENTER VIL,AFQ,Northeast,Cleveland,998,696,69.74%
Medina,PRECINCT YORK TP A,AFR,Northeast,Cleveland,"1,045",669,64.02%
Medina,PRECINCT YORK TP B,AFT,Northeast,Cleveland,868,600,69.12%
Medina,PRECINCT BRUNSWICK CITY 3-E,AFV,Northeast,Cleveland,696,468,67.24%
Medina,PRECINCT WADSWORTH CITY 1-E,AFW,Northeast,Cleveland,989,613,61.98%
Medina,PRECINCT MONTVILLE TP F,AFY,Northeast,Cleveland,"1,051",660,62.80%
Medina,PRECINCT MONTVILLE TP G,AFZ,Northeast,Cleveland,"1,025",631,61.56%
Medina,PRECINCT BRHILLS TP F,AGA,Northeast,Cleveland,"1,640",935,57.01%
Medina,PRECINCT BRUNSWICK CITY 1-F,AGC,Northeast,Cleveland,"1,041",665,63.88%
Medina,PRECINCT MONTVILLE TP H,AGD,Northeast,Cleveland,"1,018",605,59.43%
Medina,PRECINCT YORK TP C,AGE,Northeast,Cleveland,"1,330",859,64.59%
Medina,PRECINCT MONTVILLE I,AGF,Northeast,Cleveland,"1,076",704,65.43%
Meigs,PRECINCT BEDFORD,AAA,Southeast,Charleston,868,491,56.57%
Meigs,PRECINCT EAST CHESTER,AAC,Southeast,Charleston,845,463,54.79%
Meigs,PRECINCT WEST CHESTER,AAD,Southeast,Charleston,815,460,56.44%
Meigs,PRECINCT COLUMBIA,AAE,Southeast,Charleston,880,515,58.52%
Meigs,PRECINCT LEBANON,AAF,Southeast,Charleston,584,268,45.89%
Meigs,PRECINCT LETART,AAG,Southeast,Charleston,499,253,50.70%
Meigs,PRECINCT NORTH OLIVE,AAH,Southeast,Charleston,593,357,60.20%
Meigs,PRECINCT SOUTH OLIVE,AAI,Southeast,Charleston,525,276,52.57%
Meigs,PRECINCT ORANGE,AAJ,Southeast,Charleston,725,430,59.31%
Meigs,PRECINCT EAST RUTLAND,AAK,Southeast,Charleston,519,268,51.64%
Meigs,PRECINCT RUTLAND VILLAGE,AAL,Southeast,Charleston,270,136,50.37%
Meigs,PRECINCT WEST RUTLAND,AAM,Southeast,Charleston,620,298,48.06%
Meigs,PRECINCT SALEM,AAN,Southeast,Charleston,634,314,49.53%
Meigs,PRECINCT BRADBURY,AAO,Southeast,Charleston,459,225,49.02%
Meigs,PRECINCT LAUREL CLIFF,AAP,Southeast,Charleston,431,204,47.33%
Meigs,PRECINCT ROCKSPRINGS,AAQ,Southeast,Charleston,332,160,48.19%
Meigs,PRECINCT MIDDLEPORT 4TH,AAR,Southeast,Charleston,429,150,34.97%
Meigs,PRECINCT MIDDLEPORT 2ND,AAS,Southeast,Charleston,481,170,35.34%
Meigs,PRECINCT MIDDLEPORT 3RD,AAT,Southeast,Charleston,505,202,40.00%
Meigs,PRECINCT POMEROY 1ST,AAU,Southeast,Charleston,299,107,35.79%
Meigs,PRECINCT POMEROY 2ND,AAV,Southeast,Charleston,414,150,36.23%
Meigs,PRECINCT POMEROY 3RD,AAW,Southeast,Charleston,221,82,37.10%
Meigs,PRECINCT SCIPIO,AAX,Southeast,Charleston,805,395,49.07%
Meigs,PRECINCT MINERSVILLE,AAY,Southeast,Charleston,565,286,50.62%
Meigs,PRECINCT RACINE,AAZ,Southeast,Charleston,597,374,62.65%
Meigs,PRECINCT RACINE VILLAGE,ABA,Southeast,Charleston,481,249,51.77%
Meigs,PRECINCT SYRACUSE VILLAGE,ABB,Southeast,Charleston,561,316,56.33%
Mercer,CELINA A,AAA,West,Dayton,"1,048",637,60.78%
Mercer,CELINA B,AAD,West,Dayton,"1,017",565,55.56%
Mercer,CELINA C,AAE,West,Dayton,985,585,59.39%
Mercer,CELINA D,AAF,West,Dayton,978,435,44.48%
Mercer,CELINA E,AAG,West,Dayton,819,341,41.64%
Mercer,CELINA F,AAH,West,Dayton,951,354,37.22%
Mercer,CELINA G,AAI,West,Dayton,951,364,38.28%
Mercer,CELINA H,AAJ,West,Dayton,653,412,63.09%
Mercer,BLACKCREEK TOWNSHIP,AAK,West,Dayton,400,229,57.25%
Mercer,BUTLER EAST,AAL,West,Dayton,628,449,71.50%
Mercer,BUTLER WEST,AAM,West,Dayton,733,530,72.31%
Mercer,COLDWATER CENTRAL,AAN,West,Dayton,793,510,64.31%
Mercer,COLDWATER NORTHEAST,AAO,West,Dayton,729,448,61.45%
Mercer,COLDWATER SOUTHEAST,AAQ,West,Dayton,865,472,54.57%
Mercer,CENTER TOWNSHIP,AAS,West,Dayton,801,488,60.92%
Mercer,DUBLIN TOWNSHIP,AAT,West,Dayton,732,443,60.52%
Mercer,ROCKFORD VILLAGE,AAU,West,Dayton,716,335,46.79%
Mercer,FRANKLIN EAST,AAW,West,Dayton,956,633,66.21%
Mercer,FRANKLIN WEST,AAX,West,Dayton,"1,054",685,64.99%
Mercer,GIBSON TOWNSHIP,AAY,West,Dayton,699,505,72.25%
Mercer,GRANVILLE TOWNSHIP EAST,AAZ,West,Dayton,534,393,73.60%
Mercer,ST. HENRY NORTH,ABC,West,Dayton,"1,040",719,69.13%
Mercer,ST. HENRY SOUTH,ABD,West,Dayton,707,477,67.47%
Mercer,HOPEWELL TOWNSHIP,ABE,West,Dayton,752,473,62.90%
Mercer,EAST JEFFERSON NORTH,ABF,West,Dayton,611,332,54.34%
Mercer,EAST JEFFERSON SOUTH,ABG,West,Dayton,665,432,64.96%
Mercer,WEST JEFFERSON,ABH,West,Dayton,869,529,60.87%
Mercer,LIBERTY TOWNSHIP,ABI,West,Dayton,594,347,58.42%
Mercer,MARION EAST,ABL,West,Dayton,"1,116",860,77.06%
Mercer,MARION WEST,ABM,West,Dayton,"1,101",817,74.21%
Mercer,FT. RECOVERY VILLAGE,ABN,West,Dayton,"1,015",610,60.10%
Mercer,RECOVERY TOWNSHIP,ABO,West,Dayton,863,596,69.06%
Mercer,MENDON-UNION,ABQ,West,Dayton,927,521,56.20%
Mercer,WASHINGTON TOWNSHIP,ABS,West,Dayton,802,534,66.58%
Mercer,COLDWATER WEST,ABT,West,Dayton,867,627,72.32%
Mercer,GRANVILLE TOWNSHIP WEST,ABU,West,Dayton,584,415,71.06%
Miami,PRECINCT PIQUA 1-A,AAA,West,Dayton,660,209,31.67%
Miami,PRECINCT PIQUA 1-B/D,AAB,West,Dayton,838,215,25.66%
Miami,PRECINCT PIQUA 1-C/E,AAC,West,Dayton,773,289,37.39%
Miami,PRECINCT PIQUA 2-A,AAD,West,Dayton,937,364,38.85%
Miami,PRECINCT PIQUA 2-B/C,AAE,West,Dayton,713,317,44.46%
Miami,PRECINCT PIQUA 2-D,AAF,West,Dayton,847,400,47.23%
Miami,PRECINCT PIQUA 3-A,AAG,West,Dayton,"1,203",506,42.06%
Miami,PRECINCT PIQUA 3-B/C,AAH,West,Dayton,568,196,34.51%
Miami,PRECINCT PIQUA 3-D/E,AAI,West,Dayton,730,256,35.07%
Miami,PRECINCT PIQUA 4-A,AAJ,West,Dayton,839,363,43.27%
Miami,PRECINCT PIQUA 4-B/C,AAK,West,Dayton,875,360,41.14%
Miami,PRECINCT PIQUA 4-D/E,AAL,West,Dayton,815,317,38.90%
Miami,PRECINCT PIQUA 5-A,AAM,West,Dayton,888,410,46.17%
Miami,PRECINCT PIQUA 5-B,AAN,West,Dayton,676,465,68.79%
Miami,PRECINCT PIQUA 5-C,AAO,West,Dayton,772,499,64.64%
Miami,PRECINCT PIQUA 5-D,AAP,West,Dayton,617,348,56.40%
Miami,PRECINCT TROY 6-D,AAQ,West,Dayton,699,314,44.92%
Miami,PRECINCT TIPP CITY B,AAR,West,Dayton,852,526,61.74%
Miami,PRECINCT TIPP CITY C,AAS,West,Dayton,"1,264",697,55.14%
Miami,PRECINCT TIPP CITY D,AAT,West,Dayton,"1,183",573,48.44%
Miami,PRECINCT TIPP CITY E,AAU,West,Dayton,"1,039",618,59.48%
Miami,PRECINCT TIPP CITY F,AAV,West,Dayton,"1,027",731,71.18%
Miami,PRECINCT TIPP CITY G,AAW,West,Dayton,949,594,62.59%
Miami,PRECINCT TROY 1-A,AAX,West,Dayton,912,497,54.50%
Miami,PRECINCT TROY 1-B,AAY,West,Dayton,558,244,43.73%
Miami,PRECINCT TROY 1-C,AAZ,West,Dayton,851,464,54.52%
Miami,PRECINCT TROY 1-D,ABA,West,Dayton,743,333,44.82%
Miami,PRECINCT TROY 2-A,ABB,West,Dayton,"1,090",776,71.19%
Miami,PRECINCT TROY 2-B,ABC,West,Dayton,971,481,49.54%
Miami,PRECINCT TROY 2-C,ABD,West,Dayton,"1,113",432,38.81%
Miami,PRECINCT TROY 3-A,ABE,West,Dayton,517,195,37.72%
Miami,PRECINCT TROY 3-B,ABF,West,Dayton,719,278,38.66%
Miami,PRECINCT TROY 3-D,ABG,West,Dayton,931,469,50.38%
Miami,PRECINCT TROY 4-A,ABH,West,Dayton,"1,229",832,67.70%
Miami,PRECINCT TROY 4-B,ABI,West,Dayton,832,450,54.09%
Miami,PRECINCT TROY 4-C,ABJ,West,Dayton,"1,095",431,39.36%
Miami,PRECINCT TROY 5-B,ABL,West,Dayton,954,474,49.69%
Miami,PRECINCT TROY 5-C,ABM,West,Dayton,921,444,48.21%
Miami,PRECINCT TROY 6-A,ABN,West,Dayton,432,247,57.18%
Miami,PRECINCT TROY 6-B,ABO,West,Dayton,952,492,51.68%
Miami,PRECINCT TIPP CITY H,ABP,West,Dayton,768,458,59.64%
Miami,PRECINCT BETHEL SOUTH CENTRAL,ABQ,West,Dayton,931,583,62.62%
Miami,PRECINCT BETHEL SOUTH EAST,ABR,West,Dayton,988,677,68.52%
Miami,PRECINCT BETHEL WEST,ABS,West,Dayton,663,444,66.97%
Miami,PRECINCT BETHEL EAST,ABT,West,Dayton,980,672,68.57%
Miami,PRECINCT CONCORD NORTH,ABU,West,Dayton,985,637,64.67%
Miami,PRECINCT BROWN/FLETCHER,ABV,West,Dayton,"1,110",645,58.11%
Miami,PRECINCT CONCORD WEST,ABW,West,Dayton,593,423,71.33%
Miami,PRECINCT CONCORD SOUTH EAST,ABX,West,Dayton,"1,198",762,63.61%
Miami,PRECINCT CONCORD EAST,ABY,West,Dayton,625,410,65.60%
Miami,PRECINCT CONCORD SOUTH,ABZ,West,Dayton,873,613,70.22%
Miami,PRECINCT ELIZABETH,ACA,West,Dayton,"1,246",847,67.98%
Miami,PRECINCT LOSTCREEK/CASSTOWN,ACB,West,Dayton,"1,176",782,66.50%
Miami,PRECINCT MONROE EAST CENTRAL,ACC,West,Dayton,860,565,65.70%
Miami,PRECINCT MONROE SOUTH,ACD,West,Dayton,682,427,62.61%
Miami,PRECINCT MONROE NORTH EAST,ACE,West,Dayton,903,480,53.16%
Miami,PRECINCT MONROE SOUTH EAST,ACF,West,Dayton,"1,069",714,66.79%
Miami,PRECINCT MONROE WEST,ACG,West,Dayton,"1,051",723,68.79%
Miami,PRECINCT NEWBERRY EAST,ACH,West,Dayton,"1,041",647,62.15%
Miami,PRECINCT NEWBERRY WEST,ACI,West,Dayton,802,501,62.47%
Miami,PRECINCT BRADFORD,ACJ,West,Dayton,668,327,48.95%
Miami,PRECINCT COVINGTON A/B,ACK,West,Dayton,798,374,46.87%
Miami,PRECINCT COVINGTON C/D,ACL,West,Dayton,876,484,55.25%
Miami,PRECINCT NEWTON EAST,ACM,West,Dayton,"1,020",672,65.88%
Miami,PRECINCT NEWTON WEST,ACN,West,Dayton,556,379,68.17%
Miami,PRECINCT PLEASANT HILL,ACO,West,Dayton,872,524,60.09%
Miami,PRECINCT SPRINGCREEK EAST,ACP,West,Dayton,767,484,63.10%
Miami,PRECINCT STAUNTON NORTH,ACQ,West,Dayton,867,589,67.94%
Miami,PRECINCT STAUNTON SOUTH,ACR,West,Dayton,651,417,64.06%
Miami,PRECINCT UNION EAST,ACS,West,Dayton,"1,150",759,66.00%
Miami,PRECINCT LAURA,ACT,West,Dayton,766,460,60.05%
Miami,PRECINCT LUDLOW CENTRAL,ACU,West,Dayton,604,353,58.44%
Miami,PRECINCT POTSDAM,ACV,West,Dayton,643,410,63.76%
Miami,PRECINCT UNION SOUTH CENTRAL,ACW,West,Dayton,647,470,72.64%
Miami,PRECINCT WEST MILTON A,ACX,West,Dayton,"1,070",571,53.36%
Miami,PRECINCT WEST MILTON B,ACY,West,Dayton,"1,127",654,58.03%
Miami,PRECINCT WEST MILTON C,ACZ,West,Dayton,958,520,54.28%
Miami,PRECINCT WASHINGTON,ADA,West,Dayton,"1,109",740,66.73%
Miami,PRECINCT TROY 3-C,ADB,West,Dayton,626,218,34.82%
Miami,PRECINCT TROY 5-A,ADC,West,Dayton,"1,311",669,51.03%
Miami,PRECINCT TROY 6-C,ADD,West,Dayton,"1,056",741,70.17%
Miami,PRECINCT HUBER HEIGHTS A,ADE,West,Dayton,"1,357",779,57.41%
Miami,PRECINCT SPRINGCREEK WEST,ADF,West,Dayton,781,496,63.51%
Miami,PRECINCT TIPP CITY A,ADG,West,Dayton,662,432,65.26%
Miami,PRECINCT HUBER HEIGHTS B,ADH,West,Dayton,766,371,48.43%
Miami,PRECINCT HUBER HEIGHTS C,ADI,West,Dayton,813,394,48.46%
Miami,PRECINCT HUBER HEIGHTS D,ADJ,West,Dayton,634,333,52.52%
Monroe,PRECINCT ADAMS,AAA,Southeast,Wheeling,456,229,50.22%
Monroe,PRECINCT BENTON,AAB,Southeast,Wheeling,208,114,54.81%
Monroe,PRECINCT BETHEL,AAC,Southeast,Wheeling,201,113,56.22%
Monroe,PRECINCT CENTER,AAE,Southeast,Wheeling,849,497,58.54%
Monroe,PRECINCT WOODSFIELD NORTH,AAG,Southeast,Wheeling,641,328,51.17%
Monroe,PRECINCT WOODSFIELD SOUTH,AAI,Southeast,Wheeling,834,368,44.12%
Monroe,PRECINCT FRANKLIN,AAK,Southeast,Wheeling,259,151,58.30%
Monroe,PRECINCT GREEN,AAL,Southeast,Wheeling,285,164,57.54%
Monroe,PRECINCT JACKSON,AAM,Southeast,Wheeling,307,165,53.75%
Monroe,PRECINCT LEE,AAN,Southeast,Wheeling,682,371,54.40%
Monroe,PRECINCT MALAGA,AAQ,Southeast,Wheeling,668,348,52.10%
Monroe,PRECINCT OHIO,AAR,Southeast,Wheeling,655,355,54.20%
Monroe,PRECINCT PERRY,AAT,Southeast,Wheeling,281,150,53.38%
Monroe,PRECINCT SALEM,AAV,Southeast,Wheeling,626,317,50.64%
Monroe,PRECINCT SENECA,AAW,Southeast,Wheeling,187,104,55.61%
Monroe,PRECINCT SUMMIT,AAX,Southeast,Wheeling,428,269,62.85%
Monroe,PRECINCT SUNSBURY,AAZ,Southeast,Wheeling,831,452,54.39%
Monroe,PRECINCT SWITZERLAND,ABA,Southeast,Wheeling,325,194,59.69%
Monroe,PRECINCT WASHINGTON,ABB,Southeast,Wheeling,310,161,51.94%
Monroe,PRECINCT WAYNE,ABC,Southeast,Wheeling,233,136,58.37%
Montgomery,CENTERVILLE-A,AAA,West,Dayton,"1,085",389,35.85%
Montgomery,CENTERVILLE-B,AAC,West,Dayton,"1,009",628,62.24%
Montgomery,CENTERVILLE-C,AAE,West,Dayton,668,438,65.57%
Montgomery,CENTERVILLE-D,AAF,West,Dayton,918,412,44.88%
Montgomery,CENTERVILLE-E,AAG,West,Dayton,"1,008",672,66.67%
Montgomery,CENTERVILLE-F,AAH,West,Dayton,"1,111",757,68.14%
Montgomery,CENTERVILLE-G,AAI,West,Dayton,"1,209",817,67.58%
Montgomery,CENTERVILLE-I,AAK,West,Dayton,"1,133",849,74.93%
Montgomery,CENTERVILLE-J,AAL,West,Dayton,"1,085",760,70.05%
Montgomery,CENTERVILLE-K,AAM,West,Dayton,"1,125",786,69.87%
Montgomery,CENTERVILLE-M,AAO,West,Dayton,"1,098",749,68.21%
Montgomery,CENTERVILLE-N,AAP,West,Dayton,"1,076",621,57.71%
Montgomery,CENTERVILLE-O,AAQ,West,Dayton,"1,313",931,70.91%
Montgomery,CENTERVILLE-P,AAR,West,Dayton,"1,178",783,66.47%
Montgomery,CENTERVILLE-H,AAS,West,Dayton,"1,158",832,71.85%
Montgomery,CENTERVILLE-L,AAT,West,Dayton,"1,160",834,71.90%
Montgomery,DAYTON 1-A,ABC,West,Dayton,"1,699",176,10.36%
Montgomery,DAYTON 1-B,ABD,West,Dayton,"1,047",531,50.72%
Montgomery,DAYTON 1-C,ABE,West,Dayton,"1,114",360,32.32%
Montgomery,DAYTON 1-D,ABG,West,Dayton,775,259,33.42%
Montgomery,DAYTON 1-E,ABH,West,Dayton,966,536,55.49%
Montgomery,DAYTON 2-A,ABM,West,Dayton,"1,047",269,25.69%
Montgomery,DAYTON 2-B,ABN,West,Dayton,782,365,46.68%
Montgomery,DAYTON 2-C,ABP,West,Dayton,950,332,34.95%
Montgomery,DAYTON 3-A,ABU,West,Dayton,646,162,25.08%
Montgomery,DAYTON 3-B,ABV,West,Dayton,576,221,38.37%
Montgomery,DAYTON 3-C,ABW,West,Dayton,"1,121",681,60.75%
Montgomery,DAYTON 3-D,ABX,West,Dayton,890,332,37.30%
Montgomery,DAYTON 3-E,ABY,West,Dayton,682,197,28.89%
Montgomery,DAYTON 3-F,ABZ,West,Dayton,"1,029",560,54.42%
Montgomery,DAYTON 3-G,ACA,West,Dayton,969,315,32.51%
Montgomery,DAYTON 3-H,ACB,West,Dayton,944,298,31.57%
Montgomery,DAYTON 3-I,ACC,West,Dayton,"1,109",586,52.84%
Montgomery,DAYTON 3-J,ACD,West,Dayton,"1,164",494,42.44%
Montgomery,DAYTON 3-K,ACE,West,Dayton,"1,103",601,54.49%
Montgomery,DAYTON 3-L,ACF,West,Dayton,"1,062",625,58.85%
Montgomery,DAYTON 4-A,ACK,West,Dayton,"1,042",364,34.93%
Montgomery,DAYTON 4-B,ACL,West,Dayton,898,236,26.28%
Montgomery,DAYTON 4-C,ACO,West,Dayton,809,301,37.21%
Montgomery,DAYTON 5-A,ACR,West,Dayton,764,253,33.12%
Montgomery,DAYTON 5-C,ACT,West,Dayton,683,205,30.01%
Montgomery,DAYTON 5-D,ACU,West,Dayton,972,300,30.86%
Montgomery,DAYTON 5-B,ACW,West,Dayton,824,303,36.77%
Montgomery,DAYTON 6-A,ADA,West,Dayton,986,322,32.66%
Montgomery,DAYTON 6-B,ADB,West,Dayton,"1,006",300,29.82%
Montgomery,DAYTON 6-C,ADC,West,Dayton,812,229,28.20%
Montgomery,DAYTON 7-A,ADJ,West,Dayton,876,228,26.03%
Montgomery,DAYTON 7-B,ADK,West,Dayton,491,219,44.60%
Montgomery,DAYTON 8-A,ADO,West,Dayton,"1,133",515,45.45%
Montgomery,DAYTON 8-B,ADP,West,Dayton,"1,207",492,40.76%
Montgomery,DAYTON 8-C,ADQ,West,Dayton,"1,093",466,42.63%
Montgomery,DAYTON 8-D,ADS,West,Dayton,"1,202",456,37.94%
Montgomery,DAYTON 9-A,ADY,West,Dayton,"1,082",675,62.38%
Montgomery,DAYTON 9-B,ADZ,West,Dayton,"1,064",550,51.69%
Montgomery,DAYTON 9-C,AEA,West,Dayton,"1,053",624,59.26%
Montgomery,DAYTON 9-D,AEC,West,Dayton,"1,094",476,43.51%
Montgomery,DAYTON 10-A,AEH,West,Dayton,865,433,50.06%
Montgomery,DAYTON 10-C,AEJ,West,Dayton,667,330,49.48%
Montgomery,DAYTON 10-D,AEK,West,Dayton,837,397,47.43%
Montgomery,DAYTON 10-B,AEM,West,Dayton,721,368,51.04%
Montgomery,DAYTON 10-E,AEN,West,Dayton,796,373,46.86%
Montgomery,DAYTON 11-A,AEQ,West,Dayton,692,307,44.36%
Montgomery,DAYTON 11-B,AER,West,Dayton,"1,003",221,22.03%
Montgomery,DAYTON 11-C,AET,West,Dayton,925,268,28.97%
Montgomery,DAYTON 11-D,AEU,West,Dayton,"1,024",404,39.45%
Montgomery,DAYTON 12-A,AEZ,West,Dayton,"1,063",470,44.21%
Montgomery,DAYTON 12-B,AFA,West,Dayton,755,348,46.09%
Montgomery,DAYTON 12-D,AFC,West,Dayton,"1,013",235,23.20%
Montgomery,DAYTON 12-C,AFE,West,Dayton,"1,091",362,33.18%
Montgomery,DAYTON 13-A,AFH,West,Dayton,795,278,34.97%
Montgomery,DAYTON 13-B,AFI,West,Dayton,746,131,17.56%
Montgomery,DAYTON 14-A,AFO,West,Dayton,961,367,38.19%
Montgomery,DAYTON 14-B,AFP,West,Dayton,680,131,19.26%
Montgomery,DAYTON 14-C,AFQ,West,Dayton,973,227,23.33%
Montgomery,DAYTON 14-D,AFR,West,Dayton,"1,130",357,31.59%
Montgomery,DAYTON 15-A,AFX,West,Dayton,917,321,35.01%
Montgomery,DAYTON 15-B,AFY,West,Dayton,"1,071",379,35.39%
Montgomery,DAYTON 15-C,AFZ,West,Dayton,712,238,33.43%
Montgomery,DAYTON 15-D,AGA,West,Dayton,792,292,36.87%
Montgomery,DAYTON 16-A,AGG,West,Dayton,861,309,35.89%
Montgomery,DAYTON 16-B,AGH,West,Dayton,768,191,24.87%
Montgomery,DAYTON 16-C,AGI,West,Dayton,854,247,28.92%
Montgomery,DAYTON 16-D,AGJ,West,Dayton,"1,150",551,47.91%
Montgomery,DAYTON 16-E,AGK,West,Dayton,802,288,35.91%
Montgomery,DAYTON 17-A,AGO,West,Dayton,730,221,30.27%
Montgomery,DAYTON 17-C,AGQ,West,Dayton,"1,073",297,27.68%
Montgomery,DAYTON 17-D,AGR,West,Dayton,814,205,25.18%
Montgomery,DAYTON 17-B,AGS,West,Dayton,"1,099",284,25.84%
Montgomery,DAYTON 18-A,AGZ,West,Dayton,704,242,34.38%
Montgomery,DAYTON 18-B,AHA,West,Dayton,916,423,46.18%
Montgomery,DAYTON 18-C,AHB,West,Dayton,970,223,22.99%
Montgomery,DAYTON 18-D,AHC,West,Dayton,824,237,28.76%
Montgomery,DAYTON 19-A,AHH,West,Dayton,679,105,15.46%
Montgomery,DAYTON 19-B,AHI,West,Dayton,"1,028",280,27.24%
Montgomery,DAYTON 19-C,AHJ,West,Dayton,789,282,35.74%
Montgomery,DAYTON 20-A,AHO,West,Dayton,"1,116",604,54.12%
Montgomery,DAYTON 20-B,AHP,West,Dayton,"1,199",621,51.79%
Montgomery,DAYTON 20-C,AHQ,West,Dayton,"1,001",515,51.45%
Montgomery,DAYTON 20-D,AHR,West,Dayton,715,364,50.91%
Montgomery,DAYTON 21-A,AHW,West,Dayton,821,206,25.09%
Montgomery,DAYTON 21-B,AHX,West,Dayton,986,218,22.11%
Montgomery,DAYTON 21-C,AHY,West,Dayton,950,382,40.21%
Montgomery,DAYTON 22-A,AID,West,Dayton,"1,166",490,42.02%
Montgomery,DAYTON 22-B,AIE,West,Dayton,"1,076",544,50.56%
Montgomery,DAYTON 22-C,AIF,West,Dayton,"1,210",451,37.27%
Montgomery,ENGLEWOOD-A,AIM,West,Dayton,958,634,66.18%
Montgomery,ENGLEWOOD-B,AIN,West,Dayton,"1,037",603,58.15%
Montgomery,ENGLEWOOD-C,AIO,West,Dayton,"1,027",479,46.64%
Montgomery,ENGLEWOOD-D,AIP,West,Dayton,"1,128",642,56.91%
Montgomery,ENGLEWOOD-E,AIQ,West,Dayton,"1,080",651,60.28%
Montgomery,ENGLEWOOD-F,AIR,West,Dayton,918,549,59.80%
Montgomery,ENGLEWOOD-G,AIS,West,Dayton,957,635,66.35%
Montgomery,ENGLEWOOD-H,AIT,West,Dayton,776,492,63.40%
Montgomery,ENGLEWOOD-J,AIV,West,Dayton,962,533,55.41%
Montgomery,ENGLEWOOD-I,AIX,West,Dayton,752,446,59.31%
Montgomery,HUBER HEIGHTS 1-A,AJA,West,Dayton,"1,128",609,53.99%
Montgomery,HUBER HEIGHTS 1-B,AJB,West,Dayton,"1,151",690,59.95%
Montgomery,HUBER HEIGHTS 1-C,AJC,West,Dayton,"1,144",455,39.77%
Montgomery,HUBER HEIGHTS 1-D,AJD,West,Dayton,"1,265",762,60.24%
Montgomery,HUBER HEIGHTS 2-A,AJI,West,Dayton,"1,199",635,52.96%
Montgomery,HUBER HEIGHTS 2-B,AJJ,West,Dayton,"1,103",632,57.30%
Montgomery,HUBER HEIGHTS 3-A,AJN,West,Dayton,884,498,56.33%
Montgomery,HUBER HEIGHTS 3-B,AJO,West,Dayton,995,321,32.26%
Montgomery,HUBER HEIGHTS 3-C,AJP,West,Dayton,876,435,49.66%
Montgomery,HUBER HEIGHTS 3-D,AJQ,West,Dayton,"1,137",579,50.92%
Montgomery,HUBER HEIGHTS 4-A,AJU,West,Dayton,"1,156",526,45.50%
Montgomery,HUBER HEIGHTS 4-B,AJV,West,Dayton,"1,120",556,49.64%
Montgomery,HUBER HEIGHTS 4-C,AJW,West,Dayton,"1,205",499,41.41%
Montgomery,HUBER HEIGHTS 4-D,AJY,West,Dayton,"1,156",512,44.29%
Montgomery,HUBER HEIGHTS 5-A,AKB,West,Dayton,"1,165",470,40.34%
Montgomery,HUBER HEIGHTS 5-C,AKD,West,Dayton,"1,058",504,47.64%
Montgomery,HUBER HEIGHTS 5-B,AKF,West,Dayton,"1,061",467,44.02%
Montgomery,HUBER HEIGHTS 6-A,AKJ,West,Dayton,992,569,57.36%
Montgomery,HUBER HEIGHTS 6-B,AKK,West,Dayton,"1,105",647,58.55%
Montgomery,HUBER HEIGHTS 6-C,AKM,West,Dayton,"1,030",609,59.13%
Montgomery,KETTERING 1-A,AKQ,West,Dayton,920,441,47.93%
Montgomery,KETTERING 1-B,AKR,West,Dayton,882,476,53.97%
Montgomery,KETTERING 1-C,AKS,West,Dayton,"1,214",642,52.88%
Montgomery,KETTERING 1-D,AKT,West,Dayton,"1,256",565,44.98%
Montgomery,KETTERING 1-E,AKU,West,Dayton,914,488,53.39%
Montgomery,KETTERING 1-F,AKV,West,Dayton,823,426,51.76%
Montgomery,KETTERING 1-G,AKW,West,Dayton,957,509,53.19%
Montgomery,KETTERING 1-I,AKY,West,Dayton,"1,109",570,51.40%
Montgomery,KETTERING 1-H,AKZ,West,Dayton,"1,123",641,57.08%
Montgomery,KETTERING 2-A,ALH,West,Dayton,"1,100",564,51.27%
Montgomery,KETTERING 2-B,ALI,West,Dayton,851,577,67.80%
Montgomery,KETTERING 2-C,ALJ,West,Dayton,998,615,61.62%
Montgomery,KETTERING 2-D,ALK,West,Dayton,"1,056",553,52.37%
Montgomery,KETTERING 2-E,ALL,West,Dayton,"1,121",678,60.48%
Montgomery,KETTERING 2-G,ALN,West,Dayton,"1,147",799,69.66%
Montgomery,KETTERING 2-H,ALO,West,Dayton,"1,121",701,62.53%
Montgomery,KETTERING 2-I,ALP,West,Dayton,847,541,63.87%
Montgomery,KETTERING 2-F,ALQ,West,Dayton,825,463,56.12%
Montgomery,KETTERING 3-A,AMB,West,Dayton,"1,066",672,63.04%
Montgomery,KETTERING 3-B,AMC,West,Dayton,"1,020",629,61.67%
Montgomery,KETTERING 3-D,AMD,West,Dayton,"1,120",402,35.89%
Montgomery,KETTERING 3-E,AME,West,Dayton,"1,088",668,61.40%
Montgomery,KETTERING 3-F,AMF,West,Dayton,875,470,53.71%
Montgomery,KETTERING 3-H,AMH,West,Dayton,998,611,61.22%
Montgomery,KETTERING 3-I,AMI,West,Dayton,837,611,73.00%
Montgomery,KETTERING 3-K,AMK,West,Dayton,"1,106",764,69.08%
Montgomery,KETTERING 3-C,AML,West,Dayton,907,677,74.64%
Montgomery,KETTERING 3-G,AMM,West,Dayton,823,539,65.49%
Montgomery,KETTERING 3-J,AMO,West,Dayton,753,574,76.23%
Montgomery,KETTERING 4-A,AMX,West,Dayton,"1,105",756,68.42%
Montgomery,KETTERING 4-B,AMY,West,Dayton,"1,222",680,55.65%
Montgomery,KETTERING 4-C,AMZ,West,Dayton,702,465,66.24%
Montgomery,KETTERING 4-D,ANA,West,Dayton,"1,138",676,59.40%
Montgomery,KETTERING 4-E,ANB,West,Dayton,954,585,61.32%
Montgomery,KETTERING 4-F,ANC,West,Dayton,936,640,68.38%
Montgomery,KETTERING 4-G,AND,West,Dayton,"1,164",864,74.23%
Montgomery,KETTERING 4-H,ANE,West,Dayton,944,458,48.52%
Montgomery,KETTERING 4-I,ANF,West,Dayton,"1,086",688,63.35%
Montgomery,KETTERING 4-J,ANG,West,Dayton,"1,057",662,62.63%
Montgomery,KETTERING 4-K,ANH,West,Dayton,904,571,63.16%
Montgomery,MIAMISBURG 1-A,ANU,West,Dayton,"1,042",660,63.34%
Montgomery,MIAMISBURG 1-B,ANV,West,Dayton,"1,146",610,53.23%
Montgomery,MIAMISBURG 1-C,ANX,West,Dayton,"1,125",645,57.33%
Montgomery,MIAMISBURG 2-A,ANZ,West,Dayton,857,425,49.59%
Montgomery,MIAMISBURG 2-B,AOA,West,Dayton,"1,148",476,41.46%
Montgomery,MIAMISBURG 2-C,AOB,West,Dayton,"1,167",657,56.30%
Montgomery,MIAMISBURG 3-A,AOE,West,Dayton,886,506,57.11%
Montgomery,MIAMISBURG 3-B,AOF,West,Dayton,986,658,66.73%
Montgomery,MIAMISBURG 3-C,AOG,West,Dayton,996,579,58.13%
Montgomery,MIAMISBURG 4-A,AOJ,West,Dayton,969,578,59.65%
Montgomery,MIAMISBURG 4-B,AOK,West,Dayton,824,542,65.78%
Montgomery,MIAMISBURG 4-C,AON,West,Dayton,764,472,61.78%
Montgomery,MIAMISBURG 4-D,AOO,West,Dayton,"1,160",825,71.12%
Montgomery,MORAINE 1-A,AOP,West,Dayton,788,299,37.94%
Montgomery,MORAINE 2-A,AOR,West,Dayton,"1,140",584,51.23%
Montgomery,MORAINE 3-A,AOT,West,Dayton,791,311,39.32%
Montgomery,MORAINE 4-A,AOU,West,Dayton,687,285,41.48%
Montgomery,OAKWOOD-A,AOV,West,Dayton,"1,023",715,69.89%
Montgomery,OAKWOOD-B,AOW,West,Dayton,983,696,70.80%
Montgomery,OAKWOOD-D,AOX,West,Dayton,868,577,66.47%
Montgomery,OAKWOOD-F,AOY,West,Dayton,"1,049",695,66.25%
Montgomery,OAKWOOD-C,AOZ,West,Dayton,807,529,65.55%
Montgomery,OAKWOOD-E,APA,West,Dayton,903,614,68.00%
Montgomery,OAKWOOD-G,APB,West,Dayton,941,655,69.61%
Montgomery,PAGE MANOR,API,West,Dayton,"1,164",293,25.17%
Montgomery,RIVERSIDE-A,APJ,West,Dayton,833,533,63.99%
Montgomery,RIVERSIDE-B,APK,West,Dayton,798,370,46.37%
Montgomery,RIVERSIDE-C,APL,West,Dayton,"1,168",394,33.73%
Montgomery,RIVERSIDE-D,APM,West,Dayton,890,510,57.30%
Montgomery,RIVERSIDE-E,APN,West,Dayton,"1,082",392,36.23%
Montgomery,RIVERSIDE-G,APP,West,Dayton,709,375,52.89%
Montgomery,RIVERSIDE-H,APQ,West,Dayton,660,206,31.21%
Montgomery,RIVERSIDE-I,APR,West,Dayton,879,447,50.85%
Montgomery,RIVERSIDE-J,APS,West,Dayton,718,371,51.67%
Montgomery,RIVERSIDE-K,APT,West,Dayton,833,548,65.79%
Montgomery,RIVERSIDE-L,APU,West,Dayton,675,288,42.67%
Montgomery,RIVERSIDE-F,APY,West,Dayton,813,437,53.75%
Montgomery,RIVERSIDE-M,APZ,West,Dayton,969,485,50.05%
Montgomery,TROTWOOD 1-A,AQI,West,Dayton,"1,037",551,53.13%
Montgomery,TROTWOOD 1-B,AQJ,West,Dayton,622,315,50.64%
Montgomery,TROTWOOD 1-C,AQK,West,Dayton,845,425,50.30%
Montgomery,TROTWOOD 1-D,AQL,West,Dayton,931,324,34.80%
Montgomery,TROTWOOD 1-E,AQM,West,Dayton,"1,103",521,47.23%
Montgomery,TROTWOOD 4-D,AQN,West,Dayton,718,358,49.86%
Montgomery,TROTWOOD 2-A,AQQ,West,Dayton,"1,006",412,40.95%
Montgomery,TROTWOOD 2-B,AQR,West,Dayton,"1,159",467,40.29%
Montgomery,TROTWOOD 2-C,AQS,West,Dayton,907,356,39.25%
Montgomery,TROTWOOD 2-D,AQT,West,Dayton,602,323,53.65%
Montgomery,TROTWOOD 2-E,AQU,West,Dayton,674,392,58.16%
Montgomery,TROTWOOD 3-A,AQX,West,Dayton,753,329,43.69%
Montgomery,TROTWOOD 3-B,AQY,West,Dayton,878,450,51.25%
Montgomery,TROTWOOD 3-C,AQZ,West,Dayton,928,293,31.57%
Montgomery,TROTWOOD 4-A,ARD,West,Dayton,998,451,45.19%
Montgomery,TROTWOOD 4-B,ARE,West,Dayton,"1,178",348,29.54%
Montgomery,TROTWOOD 4-C,ARF,West,Dayton,820,249,30.37%
Montgomery,UNION-A,ARI,West,Dayton,655,341,52.06%
Montgomery,UNION-B,ARJ,West,Dayton,942,565,59.98%
Montgomery,UNION-C,ARK,West,Dayton,938,576,61.41%
Montgomery,UNION-D,ARL,West,Dayton,"1,027",591,57.55%
Montgomery,VANDALIA-A,ARO,West,Dayton,"1,049",469,44.71%
Montgomery,VANDALIA-B,ARP,West,Dayton,613,292,47.63%
Montgomery,VANDALIA-C,ARQ,West,Dayton,"1,037",599,57.76%
Montgomery,VANDALIA-D,ARR,West,Dayton,943,519,55.04%
Montgomery,VANDALIA-E,ARS,West,Dayton,771,403,52.27%
Montgomery,VANDALIA-F,ART,West,Dayton,"1,147",689,60.07%
Montgomery,VANDALIA-G,ARU,West,Dayton,799,545,68.21%
Montgomery,VANDALIA-H,ARV,West,Dayton,"1,051",710,67.55%
Montgomery,VANDALIA-J,ARX,West,Dayton,"1,099",751,68.33%
Montgomery,VANDALIA-I,ASA,West,Dayton,990,570,57.58%
Montgomery,W CARROLLTON-A,ASE,West,Dayton,"1,022",463,45.30%
Montgomery,W CARROLLTON-B,ASF,West,Dayton,"1,018",540,53.05%
Montgomery,W CARROLLTON-C,ASG,West,Dayton,974,540,55.44%
Montgomery,W CARROLLTON-D,ASH,West,Dayton,898,564,62.81%
Montgomery,W CARROLLTON-E,ASI,West,Dayton,991,327,33.00%
Montgomery,W CARROLLTON-F,ASJ,West,Dayton,981,404,41.18%
Montgomery,W CARROLLTON-G,ASK,West,Dayton,977,554,56.70%
Montgomery,BUTLER TWP A,ASU,West,Dayton,"1,023",666,65.10%
Montgomery,BUTLER TWP B,ASV,West,Dayton,959,601,62.67%
Montgomery,BUTLER TWP C,ASW,West,Dayton,"1,099",738,67.15%
Montgomery,BUTLER TWP D,ASX,West,Dayton,"1,006",684,67.99%
Montgomery,BUTLER TWP F,ASZ,West,Dayton,797,575,72.15%
Montgomery,BUTLER TWP G,ATA,West,Dayton,801,381,47.57%
Montgomery,BUTLER TWP E,ATB,West,Dayton,705,512,72.62%
Montgomery,PHILLIPSBURG,ATE,West,Dayton,301,156,51.83%
Montgomery,CLAY TWP A,ATF,West,Dayton,702,465,66.24%
Montgomery,CLAY TWP B,ATG,West,Dayton,808,494,61.14%
Montgomery,CLAY TWP C,ATH,West,Dayton,"1,184",745,62.92%
Montgomery,BROOKVILLE-A,ATJ,West,Dayton,"1,096",634,57.85%
Montgomery,BROOKVILLE-B,ATK,West,Dayton,"1,032",575,55.72%
Montgomery,BROOKVILLE-C,ATL,West,Dayton,"1,110",717,64.59%
Montgomery,BROOKVILLE-D,ATM,West,Dayton,924,584,63.20%
Montgomery,GERMAN TWP A,ATO,West,Dayton,"1,126",753,66.87%
Montgomery,GERMAN TWP B,ATP,West,Dayton,"1,161",738,63.57%
Montgomery,GERMANTOWN-A,ATR,West,Dayton,"1,100",655,59.55%
Montgomery,GERMANTOWN-B,ATS,West,Dayton,955,457,47.85%
Montgomery,GERMANTOWN-C,ATU,West,Dayton,976,579,59.32%
Montgomery,HARRISON TWP A,ATX,West,Dayton,743,266,35.80%
Montgomery,HARRISON TWP B,ATZ,West,Dayton,869,360,41.43%
Montgomery,HARRISON TWP C,AUB,West,Dayton,"1,270",345,27.17%
Montgomery,HARRISON TWP D,AUD,West,Dayton,"1,126",599,53.20%
Montgomery,HARRISON TWP E,AUE,West,Dayton,568,221,38.91%
Montgomery,HARRISON TWP G,AUF,West,Dayton,920,376,40.87%
Montgomery,HARRISON TWP H,AUG,West,Dayton,"1,144",359,31.38%
Montgomery,HARRISON TWP I,AUH,West,Dayton,976,340,34.84%
Montgomery,HARRISON TWP J,AUI,West,Dayton,882,381,43.20%
Montgomery,HARRISON TWP K,AUJ,West,Dayton,"1,144",317,27.71%
Montgomery,HARRISON TWP L,AUK,West,Dayton,"1,043",549,52.64%
Montgomery,HARRISON TWP M,AUL,West,Dayton,"1,162",631,54.30%
Montgomery,HARRISON TWP N,AUM,West,Dayton,830,303,36.51%
Montgomery,HARRISON TWP F,AUN,West,Dayton,627,246,39.23%
Montgomery,FARMERSVILLE,AUZ,West,Dayton,670,383,57.16%
Montgomery,JACK/NEW LEBANON-A,AVA,West,Dayton,637,312,48.98%
Montgomery,JACK/NEW LEBANON-B,AVB,West,Dayton,971,522,53.76%
Montgomery,JACKSON TWP A,AVD,West,Dayton,"1,185",777,65.57%
Montgomery,JACKSON TWP B,AVE,West,Dayton,771,514,66.67%
Montgomery,JEFFERSON TWP A,AVG,West,Dayton,"1,174",690,58.77%
Montgomery,JEFFERSON TWP B,AVH,West,Dayton,"1,076",362,33.64%
Montgomery,JEFFERSON TWP C,AVI,West,Dayton,860,517,60.12%
Montgomery,JEFFERSON TWP D,AVJ,West,Dayton,"1,074",489,45.53%
Montgomery,MIAMI TWP A,AVP,West,Dayton,"1,129",564,49.96%
Montgomery,MIAMI TWP B,AVQ,West,Dayton,"1,086",506,46.59%
Montgomery,MIAMI TWP C,AVR,West,Dayton,"1,063",598,56.26%
Montgomery,MIAMI TWP D,AVS,West,Dayton,"1,280",473,36.95%
Montgomery,MIAMI TWP E,AVT,West,Dayton,"1,147",835,72.80%
Montgomery,MIAMI TWP F,AVU,West,Dayton,"1,084",529,48.80%
Montgomery,MIAMI TWP G,AVV,West,Dayton,986,441,44.73%
Montgomery,MIAMI TWP H,AVW,West,Dayton,"1,074",476,44.32%
Montgomery,MIAMI TWP I,AVX,West,Dayton,654,283,43.27%
Montgomery,MIAMI TWP J,AVY,West,Dayton,823,466,56.62%
Montgomery,MIAMI TWP K,AVZ,West,Dayton,"1,159",699,60.31%
Montgomery,MIAMI TWP L,AWA,West,Dayton,812,470,57.88%
Montgomery,MIAMI TWP N,AWC,West,Dayton,816,556,68.14%
Montgomery,MIAMI TWP O,AWD,West,Dayton,933,613,65.70%
Montgomery,MIAMI TWP P,AWE,West,Dayton,924,276,29.87%
Montgomery,MIAMI TWP Q,AWF,West,Dayton,"1,169",508,43.46%
Montgomery,MIAMI TWP R,AWG,West,Dayton,658,303,46.05%
Montgomery,MIAMI TWP S,AWH,West,Dayton,992,616,62.10%
Montgomery,MIAMI TWP T,AWI,West,Dayton,799,418,52.32%
Montgomery,MIAMI TWP M,AWJ,West,Dayton,912,458,50.22%
Montgomery,PER/NEW LEBANON,AWO,West,Dayton,782,341,43.61%
Montgomery,PERRY TWP A,AWQ,West,Dayton,670,448,66.87%
Montgomery,PERRY TWP B,AWR,West,Dayton,769,530,68.92%
Montgomery,PERRY TWP C,AWS,West,Dayton,863,578,66.98%
Montgomery,CLAYTON 1-A,AWT,West,Dayton,743,513,69.04%
Montgomery,CLAYTON 1-B,AWU,West,Dayton,858,563,65.62%
Montgomery,CLAYTON 1-C,AWV,West,Dayton,977,640,65.51%
Montgomery,CLAYTON 1-D,AWW,West,Dayton,773,477,61.71%
Montgomery,CLAYTON 2-A,AWY,West,Dayton,837,508,60.69%
Montgomery,CLAYTON 2-B,AWZ,West,Dayton,"1,142",677,59.28%
Montgomery,CLAYTON 2-C,AXA,West,Dayton,"1,159",711,61.35%
Montgomery,CLAYTON 3-A,AXD,West,Dayton,"1,052",687,65.30%
Montgomery,CLAYTON 3-B,AXE,West,Dayton,"1,101",650,59.04%
Montgomery,CLAYTON 3-C,AXF,West,Dayton,"1,125",521,46.31%
Montgomery,WASHINGTON TWP A,AXI,West,Dayton,907,622,68.58%
Montgomery,WASHINGTON TWP B,AXK,West,Dayton,"1,097",762,69.46%
Montgomery,WASHINGTON TWP C,AXM,West,Dayton,"1,045",701,67.08%
Montgomery,WASHINGTON TWP D,AXO,West,Dayton,953,669,70.20%
Montgomery,WASHINGTON TWP E,AXQ,West,Dayton,"1,101",800,72.66%
Montgomery,WASHINGTON TWP F,AXS,West,Dayton,691,487,70.48%
Montgomery,WASHINGTON TWP G,AXU,West,Dayton,"1,251",827,66.11%
Montgomery,WASHINGTON TWP H,AXW,West,Dayton,942,693,73.57%
Montgomery,WASHINGTON TWP I,AXY,West,Dayton,"1,151",582,50.56%
Montgomery,WASHINGTON TWP J,AYA,West,Dayton,"1,195",677,56.65%
Montgomery,WASHINGTON TWP K,AYC,West,Dayton,"1,030",694,67.38%
Montgomery,WASHINGTON TWP L,AYE,West,Dayton,"1,004",546,54.38%
Montgomery,WASHINGTON TWP M,AYF,West,Dayton,"1,104",740,67.03%
Montgomery,WASHINGTON TWP N,AYG,West,Dayton,"1,111",600,54.01%
Montgomery,WASHINGTON TWP O,AYH,West,Dayton,"1,030",593,57.57%
Montgomery,WASHINGTON TWP P,AYI,West,Dayton,"1,096",713,65.05%
Montgomery,WASHINGTON TWP Q,AYJ,West,Dayton,"1,101",614,55.77%
Montgomery,WASHINGTON TWP S,AYL,West,Dayton,950,668,70.32%
Montgomery,WASHINGTON TWP T,AYM,West,Dayton,"1,083",605,55.86%
Montgomery,WASHINGTON TWP U,AYN,West,Dayton,"1,025",711,69.37%
Montgomery,WASHINGTON TWP V,AYO,West,Dayton,942,668,70.91%
Montgomery,WASHINGTON TWP W,AYP,West,Dayton,828,431,52.05%
Montgomery,WASHINGTON TWP X,AYQ,West,Dayton,855,599,70.06%
Montgomery,WASHINGTON TWP R,AYS,West,Dayton,835,564,67.54%
Montgomery,DAYTON 2-D,AYZ,West,Dayton,988,211,21.36%
Montgomery,DAYTON 23-A,AZG,West,Dayton,909,439,48.29%
Montgomery,CENTERVILLE Q,AZH,West,Dayton,"1,148",718,62.54%
Montgomery,CENTERVILLE-R,AZI,West,Dayton,"1,152",633,54.95%
Montgomery,DAYTON 11-E,AZJ,West,Dayton,715,295,41.26%
Montgomery,GERMANTOWN-D,AZK,West,Dayton,950,513,54.00%
Montgomery,HARRISON TWP O,AZL,West,Dayton,"1,060",593,55.94%
Montgomery,HUBER HEIGHTS 3-E,AZM,West,Dayton,820,398,48.54%
Montgomery,HUBER HEIGHTS 5-D,AZN,West,Dayton,"1,101",501,45.50%
Montgomery,HUBER HEIGHTS 6-D,AZO,West,Dayton,916,488,53.28%
Montgomery,KETTERING 2-J,AZP,West,Dayton,807,345,42.75%
Montgomery,MIAMISBURG 3-D,AZQ,West,Dayton,964,532,55.19%
Montgomery,MIAMI TWP U,AZR,West,Dayton,843,380,45.08%
Montgomery,MIAMI TWP V,AZS,West,Dayton,983,422,42.93%
Montgomery,MORAINE 4-B,AZT,West,Dayton,801,240,29.96%
Montgomery,OAKWOOD-H,AZU,West,Dayton,719,474,65.92%
Montgomery,RIVERSIDE N,AZV,West,Dayton,847,292,34.47%
Montgomery,RIVERSIDE O,AZW,West,Dayton,934,489,52.36%
Montgomery,RIVERSIDE P,AZX,West,Dayton,848,436,51.42%
Montgomery,TROTWOOD 3-D,AZY,West,Dayton,"1,082",442,40.85%
Montgomery,UNION E,AZZ,West,Dayton,"1,178",617,52.38%
Montgomery,VANDALIA-K,BAA,West,Dayton,"1,157",655,56.61%
Montgomery,WASHINGTON TWP Y,BAB,West,Dayton,"1,083",669,61.77%
Montgomery,WASHINGTON TWP Z,BAC,West,Dayton,902,654,72.51%
Montgomery,WASHINGTON TWP AA,BAD,West,Dayton,969,675,69.66%
Montgomery,WASHINGTON TWP BB,BAE,West,Dayton,810,480,59.26%
Montgomery,WASHINGTON TWP CC,BAF,West,Dayton,989,694,70.17%
Montgomery,W CARROLLTON H,BAG,West,Dayton,872,433,49.66%
Montgomery,W CARROLLTON I,BAH,West,Dayton,938,250,26.65%
Morgan,PRECINCT EAST BLOOM TOWNSHIP,AAA,Central,Columbus,497,287,57.75%
Morgan,PRECINCT W.BLOOM/DEERFIELD,AAB,Central,Columbus,696,379,54.45%
Morgan,PRECINCT BRISTOL/MANCHESTER,AAC,Central,Columbus,242,122,50.41%
Morgan,PRECINCT CENTER TOWNSHIP,AAD,Central,Columbus,450,239,53.11%
Morgan,PRECINCT HOMER/UNION,AAF,Central,Columbus,"1,018",553,54.32%
Morgan,PRECINCT MALTA,AAI,Central,Columbus,"1,126",613,54.44%
Morgan,PRECINCT CHESTERHILL/MARION,AAL,Central,Columbus,703,369,52.49%
Morgan,PRECINCT MEIGSVILLE TOWNSHIP,AAN,Central,Columbus,674,393,58.31%
Morgan,PRECINCT MCCONN A/MORGAN,AAP,Central,Columbus,874,444,50.80%
Morgan,PRECINCT MCCONN B/MCCONN C,AAQ,Central,Columbus,627,320,51.04%
Morgan,PRECINCT PENN TOWNSHIP,AAS,Central,Columbus,453,260,57.40%
Morgan,PRECINCT STOCKPORT/WINDSOR,AAU,Central,Columbus,"1,326",663,50.00%
Morgan,PRECINCT YORK TOWNSHIP,AAW,Central,Columbus,550,283,51.45%
Morrow,BENNINGTON TWP EAST,AAA,Central,Columbus,"1,119",661,59.07%
Morrow,BENNINGTON TWP WEST,AAC,Central,Columbus,"1,284",668,52.02%
Morrow,CANAAN TWP,AAD,Central,Columbus,663,365,55.05%
Morrow,CARDINGTON TWP,AAE,Central,Columbus,792,474,59.85%
Morrow,CARDINGTON VILLAGE E,AAF,Central,Columbus,697,320,45.91%
Morrow,CARDINGTON VILLAGE W,AAG,Central,Columbus,682,289,42.38%
Morrow,CHESTER TWP EAST,AAH,Central,Columbus,710,398,56.06%
Morrow,CHESTER TWP WEST,AAI,Central,Columbus,663,346,52.19%
Morrow,CONGRESS TWP EAST,AAJ,Central,Columbus,884,523,59.16%
Morrow,CONGRESS TWP WEST,AAK,Central,Columbus,"1,268",756,59.62%
Morrow,FRANKLIN TWP,AAL,Central,Columbus,"1,186",638,53.79%
Morrow,EDISON VILLAGE,AAM,Central,Columbus,311,148,47.59%
Morrow,GILEAD TWP NE,AAN,Central,Columbus,472,292,61.86%
Morrow,GILEAD TWP SE,AAO,Central,Columbus,563,344,61.10%
Morrow,GILEAD TWP W,AAP,Central,Columbus,535,330,61.68%
Morrow,MT GILEAD VILLAGE E,AAQ,Central,Columbus,466,234,50.21%
Morrow,MT GILEAD VILLAGE N,AAR,Central,Columbus,658,290,44.07%
Morrow,MT GILEAD VILLAGE NW,AAS,Central,Columbus,769,344,44.73%
Morrow,MT GILEAD VILLAGE SW,AAT,Central,Columbus,535,191,35.70%
Morrow,HARMONY TWP N,AAV,Central,Columbus,785,428,54.52%
Morrow,LINCOLN TWP E,AAW,Central,Columbus,601,294,48.92%
Morrow,LINCOLN TWP W,AAX,Central,Columbus,854,432,50.59%
Morrow,N BLOOMFIELD TWP E,AAY,Central,Columbus,756,418,55.29%
Morrow,N BLOOMFIELD TWP W,AAZ,Central,Columbus,607,334,55.02%
Morrow,PERRY TWP N,ABA,Central,Columbus,558,293,52.51%
Morrow,PERRY TWP S,ABB,Central,Columbus,354,201,56.78%
Morrow,PERU TWP,ABC,Central,Columbus,"1,186",657,55.40%
Morrow,S BLOOMFIELD TWP E,ABD,Central,Columbus,730,440,60.27%
Morrow,S BLOOMFIELD TWP W,ABE,Central,Columbus,637,386,60.60%
Morrow,TROY TWP,ABF,Central,Columbus,861,474,55.05%
Morrow,WASHINGTON TWP,ABH,Central,Columbus,940,504,53.62%
Morrow,WESTFIELD TWP,ABI,Central,Columbus,894,514,57.49%
Morrow,HARMONY TWP S,ABJ,Central,Columbus,"1,164",566,48.63%
Muskingum,PRECINCT ZANESVILLE 1-A,AAA,Central,Zanesville,961,226,23.52%
Muskingum,PRECINCT ZANESVILLE 1-B,AAB,Central,Zanesville,"1,092",332,30.40%
Muskingum,PRECINCT ZANESVILLE 2-A,AAE,Central,Zanesville,"1,133",460,40.60%
Muskingum,PRECINCT ZANESVILLE 2-B,AAF,Central,Zanesville,"1,061",248,23.37%
Muskingum,PRECINCT ZANESVILLE 3-A,AAI,Central,Zanesville,"1,086",320,29.47%
Muskingum,PRECINCT ZANESVILLE 3-B,AAJ,Central,Zanesville,"1,008",242,24.01%
Muskingum,PRECINCT ZANESVILLE 4-A,AAL,Central,Zanesville,"1,185",334,28.19%
Muskingum,PRECINCT ZANESVILLE 4-B,AAN,Central,Zanesville,"1,147",463,40.37%
Muskingum,PRECINCT ZANESVILLE 5-A,AAO,Central,Zanesville,968,481,49.69%
Muskingum,PRECINCT ZANESVILLE 5-B,AAQ,Central,Zanesville,790,302,38.23%
Muskingum,PRECINCT ZANESVILLE 6-A,AAS,Central,Zanesville,850,370,43.53%
Muskingum,PRECINCT ZANESVILLE 6-B,AAT,Central,Zanesville,924,473,51.19%
Muskingum,PRECINCT ZANESVILLE 6-C,AAU,Central,Zanesville,"1,033",491,47.53%
Muskingum,PRECINCT ADAMS,AAX,Central,Zanesville,264,141,53.41%
Muskingum,PRECINCT BLUE ROCK,AAY,Central,Zanesville,440,258,58.64%
Muskingum,PRECINCT BRUSH CREEK,AAZ,Central,Zanesville,785,350,44.59%
Muskingum,PRECINCT CASS,ABB,Central,Zanesville,"1,120",630,56.25%
Muskingum,PRECINCT CLAY,ABC,Central,Zanesville,549,223,40.62%
Muskingum,PRECINCT FALLS A,ABD,Central,Zanesville,771,496,64.33%
Muskingum,PRECINCT FALLS B,ABE,Central,Zanesville,975,609,62.46%
Muskingum,PRECINCT FALLS C,ABF,Central,Zanesville,615,280,45.53%
Muskingum,PRECINCT FALLS D,ABG,Central,Zanesville,"1,233",785,63.67%
Muskingum,PRECINCT FALLS E,ABH,Central,Zanesville,864,541,62.62%
Muskingum,PRECINCT FALLS G,ABJ,Central,Zanesville,545,305,55.96%
Muskingum,PRECINCT FALLS F,ABL,Central,Zanesville,602,323,53.65%
Muskingum,PRECINCT FALLS H,ABM,Central,Zanesville,469,307,65.46%
Muskingum,PRECINCT HARRISON,ABN,Central,Zanesville,953,497,52.15%
Muskingum,PRECINCT HIGHLAND,ABP,Central,Zanesville,605,380,62.81%
Muskingum,PRECINCT HOPEWELL A,ABQ,Central,Zanesville,645,342,53.02%
Muskingum,PRECINCT HOPEWELL B,ABR,Central,Zanesville,719,423,58.83%
Muskingum,PRECINCT HOPEWELL C,ABS,Central,Zanesville,763,467,61.21%
Muskingum,PRECINCT FRAZEYSBURG,ABT,Central,Zanesville,821,370,45.07%
Muskingum,PRECINCT JACKSON,ABU,Central,Zanesville,772,489,63.34%
Muskingum,PRECINCT DRESDEN NORTH,ABV,Central,Zanesville,601,288,47.92%
Muskingum,PRECINCT DRESDEN SOUTH,ABW,Central,Zanesville,547,290,53.02%
Muskingum,PRECINCT LICKING A,ABX,Central,Zanesville,804,511,63.56%
Muskingum,PRECINCT LICKING B,ABY,Central,Zanesville,886,526,59.37%
Muskingum,PRECINCT MADISON,ABZ,Central,Zanesville,288,165,57.29%
Muskingum,PRECINCT MEIGS,ACA,Central,Zanesville,134,89,66.42%
Muskingum,PRECINCT MONROE,ACB,Central,Zanesville,277,147,53.07%
Muskingum,PRECINCT MUSKINGUM A,ACC,Central,Zanesville,"1,145",636,55.55%
Muskingum,PRECINCT MUSKINGUM B,ACD,Central,Zanesville,"1,214",718,59.14%
Muskingum,PRECINCT MUSKINGUM C,ACE,Central,Zanesville,"1,066",644,60.41%
Muskingum,PRECINCT FULTONHAM,ACF,Central,Zanesville,604,252,41.72%
Muskingum,PRECINCT IRONSPOT,ACG,Central,Zanesville,327,164,50.15%
Muskingum,PRECINCT MOXAHALA,ACH,Central,Zanesville,835,367,43.95%
Muskingum,PRECINCT ROLLING PLAINS,ACI,Central,Zanesville,807,414,51.30%
Muskingum,PRECINCT WHITE COTTAGE,ACJ,Central,Zanesville,784,413,52.68%
Muskingum,PRECINCT PERRY NORTH,ACK,Central,Zanesville,696,433,62.21%
Muskingum,PRECINCT PERRY SOUTH,ACL,Central,Zanesville,"1,197",733,61.24%
Muskingum,PRECINCT RICH HILL,ACM,Central,Zanesville,334,226,67.66%
Muskingum,PRECINCT SALEM,ACN,Central,Zanesville,608,345,56.74%
Muskingum,PRECINCT SALT CREEK,ACO,Central,Zanesville,766,445,58.09%
Muskingum,PRECINCT SPRINGFIELD A,ACP,Central,Zanesville,769,411,53.45%
Muskingum,PRECINCT SPRINGFIELD B,ACQ,Central,Zanesville,"1,137",579,50.92%
Muskingum,PRECINCT SPRINGFIELD C,ACR,Central,Zanesville,488,251,51.43%
Muskingum,PRECINCT SOUTH ZANESVILLE,ACT,Central,Zanesville,"1,087",437,40.20%
Muskingum,PRECINCT NORWICH,ACV,Central,Zanesville,795,504,63.40%
Muskingum,PRECINCT UNION,ACW,Central,Zanesville,478,310,64.85%
Muskingum,PRECINCT NEW CONCORD,ACX,Central,Zanesville,"1,009",576,57.09%
Muskingum,PRECINCT WASHINGTON A,ACZ,Central,Zanesville,893,461,51.62%
Muskingum,PRECINCT WASHINGTON B,ADA,Central,Zanesville,764,431,56.41%
Muskingum,PRECINCT WASHINGTON C,ADB,Central,Zanesville,947,468,49.42%
Muskingum,PRECINCT DUNCAN FALLS,ADD,Central,Zanesville,871,493,56.60%
Muskingum,PRECINCT WAYNE A,ADE,Central,Zanesville,632,281,44.46%
Muskingum,PRECINCT WAYNE B,ADF,Central,Zanesville,931,601,64.55%
Muskingum,PRECINCT WAYNE C,ADG,Central,Zanesville,921,550,59.72%
Muskingum,PRECINCT ZANESVILLE 5-C,ADH,Central,Zanesville,"1,307",748,57.23%
Noble,BEAVER,AAA,Southeast,Wheeling,353,210,59.49%
Noble,BROOKFIELD/NOBLE,AAB,Southeast,Wheeling,736,482,65.49%
Noble,BUFFALO/SENECA,AAC,Southeast,Wheeling,914,556,60.83%
Noble,CENTER EAST/SARAHSVILLE,AAD,Southeast,Wheeling,413,267,64.65%
Noble,CENTER WEST,AAF,Southeast,Wheeling,363,229,63.09%
Noble,ELK,AAH,Southeast,Wheeling,193,120,62.18%
Noble,ENOCH,AAI,Southeast,Wheeling,319,185,57.99%
Noble,JACKSON/DEXTER CITY 2,AAJ,Southeast,Wheeling,338,176,52.07%
Noble,JEFFERSON/DEXTER CITY 3,AAK,Southeast,Wheeling,171,98,57.31%
Noble,MARION/SUMMERFIELD,AAL,Southeast,Wheeling,384,206,53.65%
Noble,AVA/BELLE VALLEY,AAN,Southeast,Wheeling,315,151,47.94%
Noble,MAPLE HEIGHTS,AAP,Southeast,Wheeling,475,272,57.26%
Noble,DUDLEY,AAR,Southeast,Wheeling,400,225,56.25%
Noble,OLIVE/DEXTER CITY 1,AAS,Southeast,Wheeling,612,367,59.97%
Noble,CALDWELL ONE/TWO,AAT,Southeast,Wheeling,616,365,59.25%
Noble,CALDWELL THREE/FOUR,AAV,Southeast,Wheeling,604,284,47.02%
Noble,SHARON,AAY,Southeast,Wheeling,260,170,65.38%
Noble,STOCK,AAZ,Southeast,Wheeling,215,123,57.21%
Noble,WAYNE,ABA,Southeast,Wheeling,378,248,65.61%
Ottawa,PORT CLINTON 1A,AAA,Northwest,Toledo,982,457,46.54%
Ottawa,PORT CLINTON 2A,AAD,Northwest,Toledo,"1,121",590,52.63%
Ottawa,PORT CLINTON 3A,AAH,Northwest,Toledo,973,495,50.87%
Ottawa,PORT CLINTON 4A,AAL,Northwest,Toledo,962,436,45.32%
Ottawa,ALLEN 3,AAM,Northwest,Toledo,716,427,59.64%
Ottawa,ALLEN 2,AAO,Northwest,Toledo,"1,024",614,59.96%
Ottawa,ALLEN 4,AAP,Northwest,Toledo,943,610,64.69%
Ottawa,BAY 1 (PCS),AAT,Northwest,Toledo,924,551,59.63%
Ottawa,BENTON 2,AAU,Northwest,Toledo,883,546,61.83%
Ottawa,BENTON 3,AAW,Northwest,Toledo,956,567,59.31%
Ottawa,CARROLL 1,AAY,Northwest,Toledo,835,537,64.31%
Ottawa,CARROLL 2,AAZ,Northwest,Toledo,753,468,62.15%
Ottawa,CATAWBA ISLAND 1,ABB,Northwest,Toledo,546,406,74.36%
Ottawa,CATAWBA ISLAND 2,ABC,Northwest,Toledo,911,667,73.22%
Ottawa,CATAWBA ISLAND 4,ABF,Northwest,Toledo,869,617,71.00%
Ottawa,CATAWBA ISLAND 3,ABG,Northwest,Toledo,"1,117",804,71.98%
Ottawa,CLAY 3,ABH,Northwest,Toledo,872,531,60.89%
Ottawa,CLAY 4,ABL,Northwest,Toledo,969,594,61.30%
Ottawa,CLAY 1 (GENOA),ABO,Northwest,Toledo,811,435,53.64%
Ottawa,CLAY 2 (GENOA),ABP,Northwest,Toledo,639,369,57.75%
Ottawa,DANBURY 5,ABR,Northwest,Toledo,"1,090",676,62.02%
Ottawa,DANBURY 2,ABT,Northwest,Toledo,861,585,67.94%
Ottawa,DANBURY 4,ABW,Northwest,Toledo,732,501,68.44%
Ottawa,DANBURY 3,ABX,Northwest,Toledo,831,543,65.34%
Ottawa,DANBURY 1 (MARBLEHEAD),ACA,Northwest,Toledo,782,570,72.89%
Ottawa,ERIE 1,ACC,Northwest,Toledo,812,458,56.40%
Ottawa,HARRIS 3 (WOODMORE),ACE,Northwest,Toledo,636,421,66.19%
Ottawa,HARRIS 4 (WOODMORE),ACG,Northwest,Toledo,524,347,66.22%
Ottawa,HARRIS 1 (ELMORE),ACH,Northwest,Toledo,"1,016",634,62.40%
Ottawa,PORTAGE 1,ACL,Northwest,Toledo,950,548,57.68%
Ottawa,PUT-IN-BAY 1 (PUT-IN-BAY),ACQ,Northwest,Toledo,730,499,68.36%
Ottawa,SALEM 5,ACS,Northwest,Toledo,881,601,68.22%
Ottawa,SALEM 4,ACU,Northwest,Toledo,954,575,60.27%
Ottawa,SALEM 1 (OAK HARBOR),ACV,Northwest,Toledo,591,364,61.59%
Ottawa,SALEM 2 (OAK HARBOR),ACW,Northwest,Toledo,690,348,50.43%
Ottawa,SALEM 3 (OAK HARBOR),ACY,Northwest,Toledo,647,361,55.80%
Paulding,AUGLAIZE TWP,AAB,West,Ft. Wayne,900,501,55.67%
Paulding,BENTON TWP,AAC,West,Ft. Wayne,710,434,61.13%
Paulding,BLUE CREEK TWP,AAE,West,Ft. Wayne,427,232,54.33%
Paulding,BROWN TWP,AAF,West,Ft. Wayne,"1,282",654,51.01%
Paulding,CARRYALL TWP,AAJ,West,Ft. Wayne,918,545,59.37%
Paulding,ANTWERP VILLAGE,AAM,West,Ft. Wayne,"1,130",520,46.02%
Paulding,CRANE TWP & CECIL,AAO,West,Ft. Wayne,879,449,51.08%
Paulding,EMERALD TWP,AAP,West,Ft. Wayne,535,314,58.69%
Paulding,HARRISON TWP,AAQ,West,Ft. Wayne,"1,055",517,49.00%
Paulding,JACKSON TWP & BROUGHTON,AAU,West,Ft. Wayne,666,418,62.76%
Paulding,PAULDING VILLAGE 3,AAV,West,Ft. Wayne,579,263,45.42%
Paulding,LATTY TWP & GROVER HILL,AAX,West,Ft. Wayne,592,318,53.72%
Paulding,PAULDING TWP & LATTY VILLAGE,AAY,West,Ft. Wayne,842,482,57.24%
Paulding,PAULDING VILLAGE 1,ABD,West,Ft. Wayne,835,423,50.66%
Paulding,PAULDING VILLAGE 2,ABE,West,Ft. Wayne,886,292,32.96%
Paulding,WASHINGTON TWP,ABG,West,Ft. Wayne,465,267,57.42%
Perry,05BEAR,AAA,Central,Columbus,931,487,52.31%
Perry,06CLAY,AAC,Central,Columbus,999,511,51.15%
Perry,07COAL,AAF,Central,Columbus,557,265,47.58%
Perry,11HARS,AAG,Central,Columbus,531,279,52.54%
Perry,10ROSEVILLE,AAH,Central,Columbus,490,175,35.71%
Perry,12HARN,AAI,Central,Columbus,558,282,50.54%
Perry,08CRKSABCD,AAK,Central,Columbus,828,307,37.08%
Perry,09CRKSEF,AAL,Central,Columbus,480,175,36.46%
Perry,13HOPEE,AAM,Central,Columbus,724,499,68.92%
Perry,14HOPEW,AAO,Central,Columbus,985,636,64.57%
Perry,16JACKE,AAP,Central,Columbus,652,391,59.97%
Perry,15JUNCTY,AAQ,Central,Columbus,442,199,45.02%
Perry,17JACKW,AAR,Central,Columbus,632,360,56.96%
Perry,18MADISON,AAS,Central,Columbus,816,442,54.17%
Perry,19MCRK,AAT,Central,Columbus,463,242,52.27%
Perry,20MONR,AAV,Central,Columbus,838,373,44.51%
Perry,21PIKES,AAX,Central,Columbus,577,308,53.38%
Perry,22PIKEW,AAY,Central,Columbus,"1,009",561,55.60%
Perry,23PLEASANT,AAZ,Central,Columbus,607,351,57.83%
Perry,25READE,ABA,Central,Columbus,598,397,66.39%
Perry,26READN,ABB,Central,Columbus,631,415,65.77%
Perry,27READS,ABC,Central,Columbus,824,497,60.32%
Perry,24SOMERSET,ABE,Central,Columbus,938,528,56.29%
Perry,28SALT,ABH,Central,Columbus,691,333,48.19%
Perry,31THORNE,ABI,Central,Columbus,711,477,67.09%
Perry,29THORNVILLE,ABJ,Central,Columbus,759,499,65.74%
Perry,30THORNW,ABK,Central,Columbus,484,266,54.96%
Perry,01NEWLEXAB,ABM,Central,Columbus,543,180,33.15%
Perry,02NEWLEXCEF,ABN,Central,Columbus,636,248,38.99%
Perry,03NEWLEXD,ABO,Central,Columbus,446,181,40.58%
Perry,04NEWLEXGHI,ABR,Central,Columbus,935,433,46.31%
Perry,33THORNBUCK,ABT,Central,Columbus,886,617,69.64%
Perry,32THORNS,ABU,Central,Columbus,444,291,65.54%
Pickaway,CIRCLEVILLE 1-A,AAA,Central,Columbus,"1,046",657,62.81%
Pickaway,CIRCLEVILLE 1-B,AAB,Central,Columbus,699,379,54.22%
Pickaway,CIRCLEVILLE 1-C,AAC,Central,Columbus,952,599,62.92%
Pickaway,CIRCLEVILLE 2-A,AAE,Central,Columbus,826,398,48.18%
Pickaway,CIRCLEVILLE 2-B,AAF,Central,Columbus,"1,244",566,45.50%
Pickaway,CIRCLEVILLE 3-A,AAI,Central,Columbus,"1,304",563,43.17%
Pickaway,CIRCLEVILLE 3-B,AAJ,Central,Columbus,850,292,34.35%
Pickaway,CIRCLEVILLE 4-A,AAM,Central,Columbus,"1,058",345,32.61%
Pickaway,CIRCLEVILLE 4-B,AAN,Central,Columbus,656,228,34.76%
Pickaway,CIRCLEVILLE-NORTH,AAP,Central,Columbus,419,279,66.59%
Pickaway,CIRCLEVILLE-NORTHWEST,AAQ,Central,Columbus,332,212,63.86%
Pickaway,CIRCLEVILLE-SOUTH,AAR,Central,Columbus,"1,019",509,49.95%
Pickaway,DARBY CLARKS LAKE,AAS,Central,Columbus,703,400,56.90%
Pickaway,DARBY-NORTH,AAT,Central,Columbus,778,500,64.27%
Pickaway,DARBY-SOUTH,AAU,Central,Columbus,651,350,53.76%
Pickaway,DEERCREEK/WILLIAMSPORT,AAW,Central,Columbus,985,496,50.36%
Pickaway,HARRISON TOWNSHIP,AAX,Central,Columbus,"1,002",465,46.41%
Pickaway,SOUTH BLOOMFIELD-NORTH,AAY,Central,Columbus,476,242,50.84%
Pickaway,ASHVILLE-EAST,ABA,Central,Columbus,720,413,57.36%
Pickaway,ASHVILLE-NORTH,ABB,Central,Columbus,"1,291",665,51.51%
Pickaway,ASHVILLE-WEST,ABC,Central,Columbus,878,367,41.80%
Pickaway,JACKSON TOWNSHIP,ABD,Central,Columbus,812,526,64.78%
Pickaway,MONROE TOWNSHIP,ABG,Central,Columbus,846,523,61.82%
Pickaway,DARBYVILLE/MUHLENBERG,ABI,Central,Columbus,613,361,58.89%
Pickaway,PERRY/NEW HOLLAND,ABJ,Central,Columbus,786,440,55.98%
Pickaway,PICKAWAY-EAST,ABL,Central,Columbus,990,593,59.90%
Pickaway,PICKAWAY-WEST,ABM,Central,Columbus,578,351,60.73%
Pickaway,SALTCREEK-NORTH/TARLTON,ABN,Central,Columbus,852,444,52.11%
Pickaway,SALTCREEK-SOUTH,ABO,Central,Columbus,"1,060",582,54.91%
Pickaway,COMMERCIAL POINT-EAST,ABQ,Central,Columbus,756,409,54.10%
Pickaway,SCIOTO-SOUTH,ABT,Central,Columbus,"1,162",704,60.59%
Pickaway,WALNUT-EAST,ABU,Central,Columbus,"1,116",716,64.16%
Pickaway,WALNUT-WEST,ABV,Central,Columbus,"1,046",656,62.72%
Pickaway,WASHINGTON-CENTRAL,ABW,Central,Columbus,450,315,70.00%
Pickaway,WASHINGTON-NORTH,ABX,Central,Columbus,861,534,62.02%
Pickaway,WASHINGTON-SOUTH,ABY,Central,Columbus,874,531,60.76%
Pickaway,WAYNE TOWNSHIP,ABZ,Central,Columbus,328,192,58.54%
Pickaway,MADISON TOWNSHIP,ACA,Central,Columbus,"1,064",582,54.70%
Pickaway,SCIOTO-NORTHEAST,ACB,Central,Columbus,458,272,59.39%
Pickaway,SCIOTO-NORTH,ACC,Central,Columbus,"1,182",675,57.11%
Pickaway,SOUTHERN POINT,ACD,Central,Columbus,"1,188",631,53.11%
Pickaway,COMMERCIAL POINT-WEST,ACE,Central,Columbus,780,417,53.46%
Pickaway,SOUTH BLOOMFIELD-SOUTH,ACF,Central,Columbus,"1,141",489,42.86%
Pike,WARD 1,AAA,Central,Columbus,498,266,53.41%
Pike,WARD 2,AAB,Central,Columbus,846,497,58.75%
Pike,WARD 3,AAE,Central,Columbus,580,252,43.45%
Pike,WARD 4,AAF,Central,Columbus,418,163,39.00%
Pike,WARD 5,AAG,Central,Columbus,546,245,44.87%
Pike,BEAVER TWP,AAH,Central,Columbus,778,358,46.02%
Pike,BEAVER VILLAGE,AAI,Central,Columbus,257,97,37.74%
Pike,BENTON TWP,AAJ,Central,Columbus,"1,048",403,38.45%
Pike,CAMP CREEK TWP,AAK,Central,Columbus,640,265,41.41%
Pike,JACKSON TWP,AAL,Central,Columbus,779,339,43.52%
Pike,MARION TWP,AAN,Central,Columbus,720,329,45.69%
Pike,MIFFLIN TWP,AAO,Central,Columbus,722,287,39.75%
Pike,NEWTON TWP,AAP,Central,Columbus,"1,231",555,45.09%
Pike,PEBBLE TWP,AAQ,Central,Columbus,"1,551",671,43.26%
Pike,PEE PEE TWP A,AAR,Central,Columbus,"1,262",640,50.71%
Pike,PERRY TWP,AAS,Central,Columbus,387,175,45.22%
Pike,SCIOTO TWP,AAT,Central,Columbus,710,293,41.27%
Pike,SEAL TWP,AAU,Central,Columbus,778,338,43.44%
Pike,SUNFISH TWP,AAV,Central,Columbus,747,355,47.52%
Pike,UNION TWP,AAW,Central,Columbus,949,375,39.52%
Pike,PIKETON VILLAGE,AAX,Central,Columbus,"1,331",563,42.30%
Pike,PEE PEE TWP B,AAY,Central,Columbus,"1,036",497,47.97%
Portage,PRECINCT AURORA 1-A,AAA,Northeast,Cleveland,"1,159",595,51.34%
Portage,PRECINCT AURORA 1-B,AAB,Northeast,Cleveland,807,530,65.68%
Portage,PRECINCT AURORA 2-A,AAC,Northeast,Cleveland,"1,098",690,62.84%
Portage,PRECINCT AURORA 2-B,AAD,Northeast,Cleveland,"1,091",744,68.19%
Portage,PRECINCT AURORA 3-A,AAE,Northeast,Cleveland,"1,221",756,61.92%
Portage,PRECINCT AURORA 3-B,AAF,Northeast,Cleveland,"1,081",681,63.00%
Portage,PRECINCT AURORA 4-A,AAG,Northeast,Cleveland,815,580,71.17%
Portage,PRECINCT AURORA 4-B,AAH,Northeast,Cleveland,"1,278",780,61.03%
Portage,PRECINCT AURORA 5-A,AAJ,Northeast,Cleveland,832,609,73.20%
Portage,PRECINCT AURORA 5-B,AAK,Northeast,Cleveland,821,596,72.59%
Portage,PRECINCT AURORA 5-C,AAL,Northeast,Cleveland,898,604,67.26%
Portage,PRECINCT AURORA 6-A,AAM,Northeast,Cleveland,"1,117",790,70.73%
Portage,PRECINCT AURORA 6-B,AAN,Northeast,Cleveland,921,577,62.65%
Portage,PRECINCT KENT 1-A,AAO,Northeast,Cleveland,982,541,55.09%
Portage,PRECINCT KENT 1-B,AAP,Northeast,Cleveland,753,522,69.32%
Portage,PRECINCT KENT 1-C,AAQ,Northeast,Cleveland,664,362,54.52%
Portage,PRECINCT KENT 2-A,AAT,Northeast,Cleveland,"1,102",682,61.89%
Portage,PRECINCT KENT 2-B,AAU,Northeast,Cleveland,766,418,54.57%
Portage,PRECINCT KENT 2-C,AAV,Northeast,Cleveland,731,420,57.46%
Portage,PRECINCT KENT 2-D,AAW,Northeast,Cleveland,711,409,57.52%
Portage,PRECINCT KENT 3-A,AAZ,Northeast,Cleveland,846,408,48.23%
Portage,PRECINCT KENT 3-B,ABA,Northeast,Cleveland,643,334,51.94%
Portage,PRECINCT KENT 3-C,ABB,Northeast,Cleveland,688,310,45.06%
Portage,PRECINCT KENT 3-D,ABC,Northeast,Cleveland,533,278,52.16%
Portage,PRECINCT KENT 4-A,ABE,Northeast,Cleveland,988,214,21.66%
Portage,PRECINCT KENT 5-A,ABG,Northeast,Cleveland,522,201,38.51%
Portage,PRECINCT KENT 5-B,ABH,Northeast,Cleveland,613,327,53.34%
Portage,PRECINCT KENT 6-A,ABJ,Northeast,Cleveland,518,283,54.63%
Portage,PRECINCT KENT 6-B,ABK,Northeast,Cleveland,726,365,50.28%
Portage,PRECINCT KENT 6-C,ABL,Northeast,Cleveland,326,105,32.21%
Portage,PRECINCT RAVENNA 1-A,ABN,Northeast,Cleveland,725,243,33.52%
Portage,PRECINCT RAVENNA 1-B,ABO,Northeast,Cleveland,632,303,47.94%
Portage,PRECINCT RAVENNA 2-A,ABQ,Northeast,Cleveland,594,264,44.44%
Portage,PRECINCT RAVENNA 2-B,ABR,Northeast,Cleveland,772,461,59.72%
Portage,PRECINCT RAVENNA 2-C,ABS,Northeast,Cleveland,807,375,46.47%
Portage,PRECINCT RAVENNA 3-A,ABV,Northeast,Cleveland,670,260,38.81%
Portage,PRECINCT RAVENNA 3-B,ABW,Northeast,Cleveland,678,352,51.92%
Portage,PRECINCT RAVENNA 3-C,ABX,Northeast,Cleveland,"1,013",523,51.63%
Portage,PRECINCT RAVENNA 4-A,ACA,Northeast,Cleveland,609,240,39.41%
Portage,PRECINCT RAVENNA 4-B,ACB,Northeast,Cleveland,759,461,60.74%
Portage,PRECINCT STREETSBORO 1-A,ACD,Northeast,Cleveland,666,329,49.40%
Portage,PRECINCT STREETSBORO 1-B,ACE,Northeast,Cleveland,716,377,52.65%
Portage,PRECINCT STREETSBORO 2-A,ACG,Northeast,Cleveland,"1,178",659,55.94%
Portage,PRECINCT STREETSBORO 2-B,ACH,Northeast,Cleveland,793,269,33.92%
Portage,PRECINCT STREETSBORO 2-C,ACI,Northeast,Cleveland,"1,057",559,52.89%
Portage,PRECINCT STREETSBORO 3-A,ACK,Northeast,Cleveland,628,237,37.74%
Portage,PRECINCT STREETSBORO 3-B,ACL,Northeast,Cleveland,"1,248",785,62.90%
Portage,PRECINCT STREETSBORO 4-A,ACN,Northeast,Cleveland,778,517,66.45%
Portage,PRECINCT STREETSBORO 4-B,ACO,Northeast,Cleveland,994,626,62.98%
Portage,PRECINCT STREETSBORO 4-C,ACP,Northeast,Cleveland,"1,370",688,50.22%
Portage,PRECINCT ATWATER A,ACQ,Northeast,Cleveland,902,552,61.20%
Portage,PRECINCT ATWATER B,ACR,Northeast,Cleveland,857,561,65.46%
Portage,PRECINCT BRIMFIELD A,ACT,Northeast,Cleveland,"1,363",742,54.44%
Portage,PRECINCT BRIMFIELD B,ACU,Northeast,Cleveland,"1,283",750,58.46%
Portage,PRECINCT BRIMFIELD C,ACV,Northeast,Cleveland,"1,698",998,58.78%
Portage,PRECINCT BRIMFIELD D,ACW,Northeast,Cleveland,871,555,63.72%
Portage,PRECINCT BRIMFIELD E,ACX,Northeast,Cleveland,"1,061",613,57.78%
Portage,PRECINCT BRIMFIELD F,ACY,Northeast,Cleveland,"1,032",585,56.69%
Portage,PRECINCT BRIMFIELD G,ACZ,Northeast,Cleveland,829,430,51.87%
Portage,PRECINCT CHARLESTOWN A,ADE,Northeast,Cleveland,545,337,61.83%
Portage,PRECINCT CHARLESTOWN B,ADF,Northeast,Cleveland,618,277,44.82%
Portage,PRECINCT DEERFIELD A,ADG,Northeast,Cleveland,898,437,48.66%
Portage,PRECINCT DEERFIELD B,ADH,Northeast,Cleveland,966,583,60.35%
Portage,PRECINCT EDINBURG A,ADJ,Northeast,Cleveland,973,614,63.10%
Portage,PRECINCT EDINBURG B,ADK,Northeast,Cleveland,860,512,59.53%
Portage,PRECINCT FRANKLIN A,ADM,Northeast,Cleveland,705,499,70.78%
Portage,PRECINCT FRANKLIN B,ADN,Northeast,Cleveland,908,660,72.69%
Portage,PRECINCT FRANKLIN C,ADO,Northeast,Cleveland,787,463,58.83%
Portage,PRECINCT FRANKLIN D,ADP,Northeast,Cleveland,"1,091",514,47.11%
Portage,PRECINCT FRANKLIN E,ADQ,Northeast,Cleveland,801,485,60.55%
Portage,PRECINCT FREEDOM A,ADU,Northeast,Cleveland,913,542,59.36%
Portage,PRECINCT FREEDOM B,ADV,Northeast,Cleveland,948,581,61.29%
Portage,PRECINCT GARRETTSVILLE A,ADX,Northeast,Cleveland,"1,033",618,59.83%
Portage,PRECINCT GARRETTSVILLE B,ADY,Northeast,Cleveland,693,376,54.26%
Portage,PRECINCT HIRAM VILLAGE,ADZ,Northeast,Cleveland,600,215,35.83%
Portage,PRECINCT HIRAM TWP A,AEA,Northeast,Cleveland,907,589,64.94%
Portage,PRECINCT HIRAM TWP B,AEB,Northeast,Cleveland,924,640,69.26%
Portage,PRECINCT MANTUA TWP A,AED,Northeast,Cleveland,914,547,59.85%
Portage,PRECINCT MANTUA TWP B,AEE,Northeast,Cleveland,900,557,61.89%
Portage,PRECINCT MANTUA TWP C,AEF,Northeast,Cleveland,864,539,62.38%
Portage,PRECINCT MANTUA TWP D,AEG,Northeast,Cleveland,752,479,63.70%
Portage,PRECINCT MANTUA VILLAGE,AEJ,Northeast,Cleveland,689,384,55.73%
Portage,PRECINCT MOGADORE VILLAGE,AEL,Northeast,Cleveland,726,460,63.36%
Portage,PRECINCT NELSON A,AEN,Northeast,Cleveland,921,482,52.33%
Portage,PRECINCT NELSON B,AEO,Northeast,Cleveland,960,521,54.27%
Portage,PRECINCT PALMYRA A,AEQ,Northeast,Cleveland,570,361,63.33%
Portage,PRECINCT PALMYRA B,AER,Northeast,Cleveland,677,391,57.75%
Portage,PRECINCT PARIS A,AET,Northeast,Cleveland,539,316,58.63%
Portage,PRECINCT PARIS B,AEU,Northeast,Cleveland,564,343,60.82%
Portage,PRECINCT RANDOLPH A,AEV,Northeast,Cleveland,862,590,68.45%
Portage,PRECINCT RANDOLPH B,AEW,Northeast,Cleveland,984,556,56.50%
Portage,PRECINCT RANDOLPH C,AEX,Northeast,Cleveland,925,638,68.97%
Portage,PRECINCT RANDOLPH D,AEY,Northeast,Cleveland,958,660,68.89%
Portage,PRECINCT RAVENNA TWP A,AFB,Northeast,Cleveland,783,406,51.85%
Portage,PRECINCT RAVENNA TWP B,AFC,Northeast,Cleveland,783,334,42.66%
Portage,PRECINCT RAVENNA TWP C,AFD,Northeast,Cleveland,717,327,45.61%
Portage,PRECINCT RAVENNA TWP D,AFE,Northeast,Cleveland,654,286,43.73%
Portage,PRECINCT RAVENNA TWP E,AFF,Northeast,Cleveland,"1,077",596,55.34%
Portage,PRECINCT RAVENNA TWP F,AFG,Northeast,Cleveland,896,470,52.46%
Portage,PRECINCT RAVENNA TWP G,AFH,Northeast,Cleveland,951,548,57.62%
Portage,PRECINCT ROOTSTOWN A,AFL,Northeast,Cleveland,"1,121",748,66.73%
Portage,PRECINCT ROOTSTOWN B,AFM,Northeast,Cleveland,909,568,62.49%
Portage,PRECINCT ROOTSTOWN C,AFN,Northeast,Cleveland,879,417,47.44%
Portage,PRECINCT ROOTSTOWN D,AFO,Northeast,Cleveland,761,402,52.83%
Portage,PRECINCT ROOTSTOWN E,AFP,Northeast,Cleveland,702,448,63.82%
Portage,PRECINCT ROOTSTOWN F,AFQ,Northeast,Cleveland,920,539,58.59%
Portage,PRECINCT ROOTSTOWN G,AFR,Northeast,Cleveland,972,624,64.20%
Portage,PRECINCT SHALERSVILLE A,AFS,Northeast,Cleveland,932,496,53.22%
Portage,PRECINCT SHALERSVILLE B,AFT,Northeast,Cleveland,733,466,63.57%
Portage,PRECINCT SHALERSVILLE C,AFU,Northeast,Cleveland,723,393,54.36%
Portage,PRECINCT SHALERSVILLE D,AFV,Northeast,Cleveland,946,591,62.47%
Portage,PRECINCT SUFFIELD A,AFX,Northeast,Cleveland,962,616,64.03%
Portage,PRECINCT SUFFIELD B,AFY,Northeast,Cleveland,829,505,60.92%
Portage,PRECINCT SUFFIELD C,AFZ,Northeast,Cleveland,831,531,63.90%
Portage,PRECINCT SUFFIELD D,AGA,Northeast,Cleveland,819,484,59.10%
Portage,PRECINCT SUFFIELD E,AGB,Northeast,Cleveland,948,585,61.71%
Portage,PRECINCT SUGAR BUSH KNOLLS,AGE,Northeast,Cleveland,192,141,73.44%
Portage,PRECINCT WINDHAM TWP A,AGF,Northeast,Cleveland,560,257,45.89%
Portage,PRECINCT WINDHAM TWP B,AGG,Northeast,Cleveland,652,389,59.66%
Portage,PRECINCT WINDHAM VIL A,AGH,Northeast,Cleveland,397,146,36.78%
Portage,PRECINCT WINDHAM VIL B,AGI,Northeast,Cleveland,653,290,44.41%
Portage,PRECINCT KENT 1-D,AGJ,Northeast,Cleveland,773,522,67.53%
Portage,PRECINCT KENT 4-B,AGK,Northeast,Cleveland,608,163,26.81%
Portage,PRECINCT KENT 5-C,AGL,Northeast,Cleveland,914,202,22.10%
Portage,PRECINCT KENT 6-D,AGM,Northeast,Cleveland,544,177,32.54%
Portage,PRECINCT PALMYRA C,AGP,Northeast,Cleveland,701,398,56.78%
Portage,PRECINCT STREETSBORO 1-C,AGQ,Northeast,Cleveland,821,384,46.77%
Portage,PRECINCT STREETSBORO 3-C,AGR,Northeast,Cleveland,930,537,57.74%
Portage,PRECINCT STREETSBORO 1-D,AGS,Northeast,Cleveland,826,472,57.14%
Preble,PRECINCT EATON 1,AAA,West,Dayton,682,391,57.33%
Preble,PRECINCT EATON 2,AAB,West,Dayton,821,366,44.58%
Preble,PRECINCT EATON 3,AAC,West,Dayton,459,263,57.30%
Preble,PRECINCT EATON 4,AAD,West,Dayton,"1,000",512,51.20%
Preble,PRECINCT EATON 5,AAE,West,Dayton,683,248,36.31%
Preble,PRECINCT EATON 6,AAF,West,Dayton,514,289,56.23%
Preble,PRECINCT EATON 7,AAG,West,Dayton,887,479,54.00%
Preble,PRECINCT EATON 8,AAH,West,Dayton,696,396,56.90%
Preble,PRECINCT DIXON,AAI,West,Dayton,397,274,69.02%
Preble,PRECINCT GASPER 1,AAJ,West,Dayton,360,227,63.06%
Preble,PRECINCT GASPER 2,AAK,West,Dayton,"1,237",712,57.56%
Preble,PRECINCT GASPER 3,AAL,West,Dayton,"1,249",733,58.69%
Preble,PRECINCT GRATIS VILLAGE,AAM,West,Dayton,557,297,53.32%
Preble,PRECINCT GRATIS NORTH,AAN,West,Dayton,998,596,59.72%
Preble,PRECINCT WEST ELKTON-GRATIS SOUTH,AAP,West,Dayton,"1,410",819,58.09%
Preble,PRECINCT HARRISON SOUTHEAST,AAQ,West,Dayton,699,485,69.38%
Preble,PRECINCT VERONA; HARRISON-NORTHEAST,AAR,West,Dayton,512,269,52.54%
Preble,PRECINCT HARRISON WEST,AAS,West,Dayton,614,370,60.26%
Preble,PRECINCT LEWISBURG NORTH,AAT,West,Dayton,720,370,51.39%
Preble,PRECINCT LEWISBURG SOUTH,AAU,West,Dayton,497,252,50.70%
Preble,PRECINCT COLLEGE CORNER-ISRAEL 1,AAV,West,Dayton,326,179,54.91%
Preble,PRECINCT ISRAEL II,AAW,West,Dayton,534,312,58.43%
Preble,PRECINCT JACKSON,AAX,West,Dayton,789,477,60.46%
Preble,PRECINCT JEFFERSON NORTH,AAY,West,Dayton,710,470,66.20%
Preble,PRECINCT JEFFERSON SOUTH,AAZ,West,Dayton,537,299,55.68%
Preble,PRECINCT NEW PARIS NORTH,ABA,West,Dayton,469,184,39.23%
Preble,PRECINCT NEW PARIS SOUTH,ABB,West,Dayton,548,216,39.42%
Preble,PRECINCT LANIER SOUTHEAST,ABC,West,Dayton,"1,011",652,64.49%
Preble,PRECINCT LANIER NORTHWEST,ABD,West,Dayton,886,525,59.26%
Preble,PRECINCT WEST ALEXANDRIA SOUTH,ABF,West,Dayton,611,322,52.70%
Preble,PRECINCT MONROE,ABG,West,Dayton,738,437,59.21%
Preble,PRECINCT ELDORADO,ABH,West,Dayton,358,197,55.03%
Preble,PRECINCT WEST MANCHESTER,ABI,West,Dayton,259,147,56.76%
Preble,PRECINCT SOMERS EAST,ABK,West,Dayton,748,421,56.28%
Preble,PRECINCT SOMERS WEST,ABL,West,Dayton,619,377,60.90%
Preble,PRECINCT CAMDEN 1,ABM,West,Dayton,728,288,39.56%
Preble,PRECINCT CAMDEN 2,ABN,West,Dayton,483,210,43.48%
Preble,PRECINCT TWIN EAST,ABP,West,Dayton,750,434,57.87%
Preble,PRECINCT TWIN WEST,ABQ,West,Dayton,842,494,58.67%
Preble,PRECINCT WEST ALEXANDRIA NORTH,ABR,West,Dayton,329,168,51.06%
Preble,PRECINCT WASHINGTON EAST,ABS,West,Dayton,557,348,62.48%
Preble,PRECINCT WASHINGTON WEST,ABT,West,Dayton,735,455,61.90%
Putnam,BLANCHARD TWP,AAB,Northwest,Toledo,816,558,68.38%
Putnam,GREENSBURG TWP,AAC,Northwest,Toledo,996,692,69.48%
Putnam,JACKSON TWP,AAF,Northwest,Toledo,639,451,70.58%
Putnam,JENNINGS TWP,AAG,Northwest,Toledo,"1,400",984,70.29%
Putnam,LIBERTY TWP,AAK,Northwest,Toledo,"1,147",721,62.86%
Putnam,MONROE TWP/CONTINENTAL,AAN,Northwest,Toledo,"1,323",774,58.50%
Putnam,MONTEREY TWP,AAO,Northwest,Toledo,792,584,73.74%
Putnam,OTTOVILLE CORP,AAP,Northwest,Toledo,691,447,64.69%
Putnam,OTTAWA TWP EAST,AAQ,Northwest,Toledo,"1,090",753,69.08%
Putnam,GLANDORF CORP,AAT,Northwest,Toledo,737,555,75.31%
Putnam,OTTAWA CORP 1,AAU,Northwest,Toledo,"1,255",804,64.06%
Putnam,OTTAWA CORP 2,AAV,Northwest,Toledo,777,399,51.35%
Putnam,OTTAWA CORP 3,AAX,Northwest,Toledo,927,506,54.58%
Putnam,PALMER TWP,ABA,Northwest,Toledo,792,525,66.29%
Putnam,PERRY TWP,ABE,Northwest,Toledo,662,408,61.63%
Putnam,PLEASANT TWP,ABF,Northwest,Toledo,"1,169",826,70.66%
Putnam,COL GROVE CORP,ABH,Northwest,Toledo,"1,398",800,57.22%
Putnam,RILEY TWP,ABK,Northwest,Toledo,732,513,70.08%
Putnam,PANDORA CORP,ABM,Northwest,Toledo,825,499,60.48%
Putnam,SUGAR CREEK TWP,ABO,Northwest,Toledo,816,486,59.56%
Putnam,UNION TWP,ABQ,Northwest,Toledo,"1,104",813,73.64%
Putnam,KALIDA CORP,ABR,Northwest,Toledo,994,684,68.81%
Putnam,VAN BUREN TWP,ABT,Northwest,Toledo,494,312,63.16%
Putnam,LEIPSIC CORP,ABW,Northwest,Toledo,"1,367",618,45.21%
Putnam,OTTAWA TWP. WEST,ABZ,Northwest,Toledo,763,542,71.04%
Richland,PRECINCT MAN 1 - A,AAA,Northeast,Cleveland,989,598,60.47%
Richland,PRECINCT MAN 1 - B,AAB,Northeast,Cleveland,931,602,64.66%
Richland,PRECINCT MAN 1 - C,AAC,Northeast,Cleveland,948,346,36.50%
Richland,PRECINCT MAN 1 - D,AAD,Northeast,Cleveland,"1,342",785,58.49%
Richland,PRECINCT MAN 1 - E,AAE,Northeast,Cleveland,"1,562",837,53.59%
Richland,PRECINCT MAN 1 - F,AAF,Northeast,Cleveland,718,472,65.74%
Richland,PRECINCT MAN 2 - A,AAG,Northeast,Cleveland,927,436,47.03%
Richland,PRECINCT MAN 2 - B,AAH,Northeast,Cleveland,937,353,37.67%
Richland,PRECINCT MAN 2 - C,AAI,Northeast,Cleveland,885,195,22.03%
Richland,PRECINCT MAN 2 - D,AAJ,Northeast,Cleveland,"1,093",733,67.06%
Richland,PRECINCT MAN 2 - E,AAK,Northeast,Cleveland,"1,116",660,59.14%
Richland,PRECINCT MAN 2 - F,AAL,Northeast,Cleveland,"1,135",609,53.66%
Richland,PRECINCT MAN 3 - A,AAM,Northeast,Cleveland,855,226,26.43%
Richland,PRECINCT MAN 3 - B,AAN,Northeast,Cleveland,928,445,47.95%
Richland,PRECINCT MAN 3 - C,AAO,Northeast,Cleveland,940,479,50.96%
Richland,PRECINCT MAN 3 - D,AAP,Northeast,Cleveland,"1,098",477,43.44%
Richland,PRECINCT MAN 3 - E,AAQ,Northeast,Cleveland,"1,180",599,50.76%
Richland,PRECINCT MAN 4 - A,AAR,Northeast,Cleveland,930,345,37.10%
Richland,PRECINCT MAN 4 - B,AAS,Northeast,Cleveland,"1,011",305,30.17%
Richland,PRECINCT MAN 4 - C,AAT,Northeast,Cleveland,"1,024",228,22.27%
Richland,PRECINCT MAN 4 - D,AAU,Northeast,Cleveland,736,227,30.84%
Richland,PRECINCT MAN 4 - E,AAV,Northeast,Cleveland,"1,014",261,25.74%
Richland,PRECINCT MAN 5 - A,AAW,Northeast,Cleveland,801,260,32.46%
Richland,PRECINCT MAN 5 - B,AAX,Northeast,Cleveland,846,184,21.75%
Richland,PRECINCT MAN 6 - A,AAY,Northeast,Cleveland,953,208,21.83%
Richland,PRECINCT MAN 6 - B,AAZ,Northeast,Cleveland,"1,564",469,29.99%
Richland,PRECINCT MAN 6 - D,ABB,Northeast,Cleveland,939,285,30.35%
Richland,PRECINCT MAN 6 - E,ABC,Northeast,Cleveland,"1,191",441,37.03%
Richland,PRECINCT SHL 1 - A,ABD,Northeast,Cleveland,741,325,43.86%
Richland,PRECINCT SHL 1 - B,ABE,Northeast,Cleveland,715,406,56.78%
Richland,PRECINCT SHL 2 - A,ABF,Northeast,Cleveland,697,372,53.37%
Richland,PRECINCT SHL 2 - B,ABG,Northeast,Cleveland,720,379,52.64%
Richland,PRECINCT SHL 3 - A,ABH,Northeast,Cleveland,797,377,47.30%
Richland,PRECINCT SHL 3 - B,ABI,Northeast,Cleveland,606,223,36.80%
Richland,PRECINCT SHL 4 - A,ABJ,Northeast,Cleveland,926,472,50.97%
Richland,PRECINCT SHL 4 - B,ABK,Northeast,Cleveland,720,454,63.06%
Richland,PRECINCT BLMG,ABL,Northeast,Cleveland,537,296,55.12%
Richland,PRECINCT BUTLER,ABM,Northeast,Cleveland,434,210,48.39%
Richland,PRECINCT CASS,ABN,Northeast,Cleveland,737,378,51.29%
Richland,PRECINCT FRANK,ABO,Northeast,Cleveland,"1,170",693,59.23%
Richland,PRECINCT JACK A,ABP,Northeast,Cleveland,821,527,64.19%
Richland,PRECINCT JACK B,ABQ,Northeast,Cleveland,925,543,58.70%
Richland,PRECINCT JEFF A,ABR,Northeast,Cleveland,"1,482",913,61.61%
Richland,PRECINCT JEFF C,ABS,Northeast,Cleveland,914,515,56.35%
Richland,PRECINCT JEFF D,ABT,Northeast,Cleveland,"1,227",785,63.98%
Richland,PRECINCT MAD A,ABU,Northeast,Cleveland,"1,194",611,51.17%
Richland,PRECINCT MAD D,ABV,Northeast,Cleveland,"1,068",449,42.04%
Richland,PRECINCT MAD E,ABW,Northeast,Cleveland,"1,317",702,53.30%
Richland,PRECINCT MAD G,ABX,Northeast,Cleveland,"1,307",545,41.70%
Richland,PRECINCT MAD I,ABY,Northeast,Cleveland,"1,237",552,44.62%
Richland,PRECINCT MAD O,ABZ,Northeast,Cleveland,959,529,55.16%
Richland,PRECINCT MIFF A,ACA,Northeast,Cleveland,739,381,51.56%
Richland,PRECINCT MIFF B,ACB,Northeast,Cleveland,846,531,62.77%
Richland,PRECINCT MIFF C,ACC,Northeast,Cleveland,719,402,55.91%
Richland,PRECINCT MIFF D,ACD,Northeast,Cleveland,958,582,60.75%
Richland,PRECINCT MIFF E,ACE,Northeast,Cleveland,"1,027",515,50.15%
Richland,PRECINCT MON A,ACG,Northeast,Cleveland,"1,043",680,65.20%
Richland,PRECINCT MON B,ACH,Northeast,Cleveland,994,732,73.64%
Richland,PRECINCT PERRY,ACI,Northeast,Cleveland,894,550,61.52%
Richland,PRECINCT PLY,ACJ,Northeast,Cleveland,"1,255",654,52.11%
Richland,PRECINCT SAND,ACK,Northeast,Cleveland,746,447,59.92%
Richland,PRECINCT SHARON,ACL,Northeast,Cleveland,669,412,61.58%
Richland,PRECINCT ONT 1 - A,ACM,Northeast,Cleveland,"1,168",605,51.80%
Richland,PRECINCT ONT 2 - A,ACN,Northeast,Cleveland,"1,082",546,50.46%
Richland,PRECINCT ONT 3 - A,ACO,Northeast,Cleveland,"1,373",762,55.50%
Richland,PRECINCT ONT 4 - A,ACP,Northeast,Cleveland,"1,262",789,62.52%
Richland,PRECINCT SPFLD A,ACQ,Northeast,Cleveland,648,405,62.50%
Richland,PRECINCT SPFLD B,ACR,Northeast,Cleveland,"1,156",726,62.80%
Richland,PRECINCT SPFLD C,ACS,Northeast,Cleveland,861,511,59.35%
Richland,PRECINCT SPFLD D,ACT,Northeast,Cleveland,710,468,65.92%
Richland,PRECINCT LEX B,ACU,Northeast,Cleveland,"1,187",541,45.58%
Richland,PRECINCT LEX C,ACV,Northeast,Cleveland,"1,022",645,63.11%
Richland,PRECINCT LEX E,ACW,Northeast,Cleveland,"1,286",773,60.11%
Richland,PRECINCT TROY A,ACX,Northeast,Cleveland,922,608,65.94%
Richland,PRECINCT TROY B,ACY,Northeast,Cleveland,"1,124",727,64.68%
Richland,PRECINCT WASH A,ACZ,Northeast,Cleveland,859,577,67.17%
Richland,PRECINCT WASH B,ADA,Northeast,Cleveland,870,567,65.17%
Richland,PRECINCT WASH C,ADB,Northeast,Cleveland,"1,042",667,64.01%
Richland,PRECINCT WASH D,ADC,Northeast,Cleveland,779,525,67.39%
Richland,PRECINCT WASH F,ADE,Northeast,Cleveland,"1,186",754,63.58%
Richland,PRECINCT WELLER,ADF,Northeast,Cleveland,"1,286",787,61.20%
Richland,PRECINCT WORTH A,ADG,Northeast,Cleveland,603,337,55.89%
Richland,PRECINCT WORTH B,ADH,Northeast,Cleveland,"1,401",870,62.10%
Ross,PRECINCT CHILLICOTHE 1-A,AAA,Central,Columbus,"1,092",557,51.01%
Ross,PRECINCT CHILLICOTHE 1-B,AAB,Central,Columbus,586,392,66.89%
Ross,PRECINCT CHILLICOTHE 1-C,AAC,Central,Columbus,762,456,59.84%
Ross,PRECINCT CHILLICOTHE 1-D,AAD,Central,Columbus,689,487,70.68%
Ross,PRECINCT CHILLICOTHE 2-A,AAG,Central,Columbus,859,474,55.18%
Ross,PRECINCT CHILLICOTHE 2-B,AAH,Central,Columbus,524,278,53.05%
Ross,PRECINCT CHILLICOTHE 2-C,AAI,Central,Columbus,705,442,62.70%
Ross,PRECINCT CHILLICOTHE 2-D,AAJ,Central,Columbus,680,405,59.56%
Ross,PRECINCT CHILLICOTHE 3-A,AAL,Central,Columbus,586,269,45.90%
Ross,PRECINCT CHILLICOTHE 3-B,AAM,Central,Columbus,486,211,43.42%
Ross,PRECINCT CHILLICOTHE 3-C,AAN,Central,Columbus,473,153,32.35%
Ross,PRECINCT CHILLICOTHE 3-D,AAO,Central,Columbus,825,360,43.64%
Ross,PRECINCT CHILLICOTHE 4-A,AAQ,Central,Columbus,591,184,31.13%
Ross,PRECINCT CHILLICOTHE 4-B,AAR,Central,Columbus,627,165,26.32%
Ross,PRECINCT CHILLICOTHE 4-C,AAS,Central,Columbus,812,276,33.99%
Ross,PRECINCT CHILLICOTHE 5-A,AAU,Central,Columbus,533,239,44.84%
Ross,PRECINCT CHILLICOTHE 5-B,AAV,Central,Columbus,632,298,47.15%
Ross,PRECINCT CHILLICOTHE 5-C,AAW,Central,Columbus,626,337,53.83%
Ross,PRECINCT CHILLICOTHE 5-D,AAX,Central,Columbus,499,211,42.28%
Ross,PRECINCT CHILLICOTHE 6-A,ABA,Central,Columbus,701,208,29.67%
Ross,PRECINCT CHILLICOTHE 6-B,ABB,Central,Columbus,462,126,27.27%
Ross,PRECINCT CHILLICOTHE 6-C,ABC,Central,Columbus,751,233,31.03%
Ross,PRECINCT BUCKSKIN NORTH,ABE,Central,Columbus,563,338,60.04%
Ross,PRECINCT BUCKSKIN SOUTH SALEM,ABF,Central,Columbus,687,326,47.45%
Ross,PRECINCT COLERAIN ADELPHI,ABH,Central,Columbus,629,293,46.58%
Ross,PRECINCT COLERAIN WEST,ABJ,Central,Columbus,634,384,60.57%
Ross,PRECINCT CONCORD AUSTIN,ABK,Central,Columbus,455,245,53.85%
Ross,PRECINCT CONCORD FRANK CORP.,ABL,Central,Columbus,654,342,52.29%
Ross,PRECINCT CONCORD FRANK PREC.,ABM,Central,Columbus,830,500,60.24%
Ross,PRECINCT CONCORD ROXABELL,ABN,Central,Columbus,837,452,54.00%
Ross,PRECINCT DEER CLARK,ABP,Central,Columbus,617,318,51.54%
Ross,PRECINCT FRANKLIN NORTH,ABQ,Central,Columbus,370,168,45.41%
Ross,PRECINCT FRANKLIN SOUTH,ABR,Central,Columbus,527,249,47.25%
Ross,PRECINCT GREEN KINGSTON,ABS,Central,Columbus,621,309,49.76%
Ross,PRECINCT GREEN NORTH,ABT,Central,Columbus,716,456,63.69%
Ross,PRECINCT GREEN SOUTH,ABU,Central,Columbus,"1,003",633,63.11%
Ross,PRECINCT HARRISON TWP.,ABV,Central,Columbus,765,387,50.59%
Ross,PRECINCT HUNTINGTON EAST,ABW,Central,Columbus,878,403,45.90%
Ross,PRECINCT HUNTINGTON NORTH,ABX,Central,Columbus,"1,222",614,50.25%
Ross,PRECINCT HUNTINGTON SOUTH,ABY,Central,Columbus,723,331,45.78%
Ross,PRECINCT HUNTINGTON WEST,ABZ,Central,Columbus,751,339,45.14%
Ross,PRECINCT JEFFERSON TWP.,ACA,Central,Columbus,696,339,48.71%
Ross,PRECINCT LIBERTY EAST,ACB,Central,Columbus,752,349,46.41%
Ross,PRECINCT LIBERTY WEST,ACC,Central,Columbus,968,522,53.93%
Ross,PRECINCT PAINT TWP.,ACD,Central,Columbus,730,375,51.37%
Ross,PRECINCT PAXTON BAINBRIDGE,ACE,Central,Columbus,467,201,43.04%
Ross,PRECINCT PAXTON PAXTON,ACF,Central,Columbus,611,334,54.66%
Ross,PRECINCT SCIOTO CENTRAL,ACG,Central,Columbus,649,303,46.69%
Ross,PRECINCT SCIOTO NORTH,ACJ,Central,Columbus,206,60,29.13%
Ross,PRECINCT SCIOTO SIX,ACK,Central,Columbus,850,496,58.35%
Ross,PRECINCT SCIOTO SOUTH,ACL,Central,Columbus,713,320,44.88%
Ross,PRECINCT SCIOTO WEST,ACM,Central,Columbus,907,365,40.24%
Ross,PRECINCT SPRINGFIELD NORTH,ACN,Central,Columbus,"1,172",637,54.35%
Ross,PRECINCT SPRINGFIELD SOUTH,ACO,Central,Columbus,553,306,55.33%
Ross,PRECINCT TWIN CENTRAL,ACP,Central,Columbus,614,288,46.91%
Ross,PRECINCT TWIN EAST,ACQ,Central,Columbus,364,189,51.92%
Ross,PRECINCT TWIN NORTH,ACR,Central,Columbus,537,323,60.15%
Ross,PRECINCT TWIN SOUTH,ACS,Central,Columbus,664,354,53.31%
Ross,PRECINCT UNION CENTRAL,ACT,Central,Columbus,580,336,57.93%
Ross,PRECINCT UNION EAST,ACU,Central,Columbus,"1,008",495,49.11%
Ross,PRECINCT UNION NORTH,ACV,Central,Columbus,371,181,48.79%
Ross,PRECINCT UNION PV,ACW,Central,Columbus,"1,292",628,48.61%
Ross,PRECINCT UNION SOUTH,ACX,Central,Columbus,"1,061",496,46.75%
Ross,PRECINCT UNION WEST,ACY,Central,Columbus,"1,107",612,55.28%
Ross,PRECINCT GREEN WEST,ADA,Central,Columbus,"1,070",616,57.57%
Sandusky,BELLEVUE CITY 1-A,AAA,Northwest,Toledo,996,603,60.54%
Sandusky,BELLEVUE CITY 1-B,AAC,Northwest,Toledo,753,357,47.41%
Sandusky,BELLEVUE CITY 2-A,AAD,Northwest,Toledo,365,170,46.58%
Sandusky,BELLEVUE CITY 2-B,AAE,Northwest,Toledo,819,443,54.09%
Sandusky,CLYDE CITY A,AAG,Northwest,Toledo,879,423,48.12%
Sandusky,CLYDE CITY B,AAI,Northwest,Toledo,682,337,49.41%
Sandusky,CLYDE CITY C,AAJ,Northwest,Toledo,679,298,43.89%
Sandusky,CLYDE CITY D,AAK,Northwest,Toledo,759,339,44.66%
Sandusky,CLYDE CITY E,AAL,Northwest,Toledo,"1,051",640,60.89%
Sandusky,FREMONT CITY 1-A,AAM,Northwest,Toledo,758,302,39.84%
Sandusky,FREMONT CITY 1-B,AAO,Northwest,Toledo,738,247,33.47%
Sandusky,FREMONT CITY 1-C,AAQ,Northwest,Toledo,484,188,38.84%
Sandusky,FREMONT CITY 1-D,AAR,Northwest,Toledo,570,345,60.53%
Sandusky,FREMONT CITY 2-A,AAT,Northwest,Toledo,599,235,39.23%
Sandusky,FREMONT CITY 2-B,AAU,Northwest,Toledo,660,257,38.94%
Sandusky,FREMONT CITY 2-C,AAW,Northwest,Toledo,680,325,47.79%
Sandusky,FREMONT CITY 2-D,AAY,Northwest,Toledo,576,210,36.46%
Sandusky,FREMONT CITY 3-A,ABA,Northwest,Toledo,750,245,32.67%
Sandusky,FREMONT CITY 3-B,ABC,Northwest,Toledo,"1,012",521,51.48%
Sandusky,FREMONT CITY 3-C,ABE,Northwest,Toledo,865,405,46.82%
Sandusky,FREMONT CITY 4-A,ABH,Northwest,Toledo,658,322,48.94%
Sandusky,FREMONT CITY 4-B,ABJ,Northwest,Toledo,817,310,37.94%
Sandusky,FREMONT CITY 4-C,ABL,Northwest,Toledo,456,111,24.34%
Sandusky,FREMONT CITY 4-D,ABM,Northwest,Toledo,507,247,48.72%
Sandusky,BALLVILLE A,ABN,Northwest,Toledo,857,550,64.18%
Sandusky,BALLVILLE B,ABO,Northwest,Toledo,430,292,67.91%
Sandusky,BALLVILLE C,ABP,Northwest,Toledo,568,344,60.56%
Sandusky,BALLVILLE D,ABR,Northwest,Toledo,867,633,73.01%
Sandusky,BALLVILLE E,ABS,Northwest,Toledo,772,476,61.66%
Sandusky,BALLVILLE F,ABV,Northwest,Toledo,571,402,70.40%
Sandusky,BALLVILLE G,ABW,Northwest,Toledo,601,385,64.06%
Sandusky,GREEN SPRINGS,ABX,Northwest,Toledo,408,226,55.39%
Sandusky,GREEN CREEK A,ABY,Northwest,Toledo,518,318,61.39%
Sandusky,GREEN CREEK B,ABZ,Northwest,Toledo,566,340,60.07%
Sandusky,GREEN CREEK C,ACA,Northwest,Toledo,690,374,54.20%
Sandusky,GREEN CREEK D,ACB,Northwest,Toledo,570,349,61.23%
Sandusky,JACKSON A,ACC,Northwest,Toledo,641,408,63.65%
Sandusky,JACKSON B,ACD,Northwest,Toledo,380,214,56.32%
Sandusky,MADISON,ACE,Northwest,Toledo,842,530,62.95%
Sandusky,GIBSONBURG A,ACG,Northwest,Toledo,808,396,49.01%
Sandusky,GIBSONBURG B,ACI,Northwest,Toledo,801,471,58.80%
Sandusky,RICE,ACK,Northwest,Toledo,836,441,52.75%
Sandusky,RILEY,ACM,Northwest,Toledo,844,539,63.86%
Sandusky,SANDUSKY A,ACO,Northwest,Toledo,608,351,57.73%
Sandusky,SANDUSKY B,ACP,Northwest,Toledo,384,260,67.71%
Sandusky,SANDUSKY C,ACQ,Northwest,Toledo,748,373,49.87%
Sandusky,SANDUSKY D,ACS,Northwest,Toledo,854,560,65.57%
Sandusky,SCOTT,ACV,Northwest,Toledo,907,543,59.87%
Sandusky,TOWNSEND,ACX,Northwest,Toledo,"1,059",618,58.36%
Sandusky,HELENA,ACZ,Northwest,Toledo,152,92,60.53%
Sandusky,LINDSEY,ADA,Northwest,Toledo,317,199,62.78%
Sandusky,WASHINGTON A,ADB,Northwest,Toledo,489,326,66.67%
Sandusky,WASHINGTON B,ADC,Northwest,Toledo,745,443,59.46%
Sandusky,WOODVILLE TWP,ADE,Northwest,Toledo,918,608,66.23%
Sandusky,WOODVILLE VLG A,ADG,Northwest,Toledo,908,570,62.78%
Sandusky,WOODVILLE VLG B,ADI,Northwest,Toledo,526,307,58.37%
Sandusky,YORK A,ADJ,Northwest,Toledo,714,456,63.87%
Sandusky,YORK B,ADK,Northwest,Toledo,936,533,56.94%
Scioto,PRECINCT PORTSMOUTH 1-A,AAA,Southeast,Charleston,565,233,41.24%
Scioto,PRECINCT PORTSMOUTH 1-B,AAB,Southeast,Charleston,595,174,29.24%
Scioto,PRECINCT PORTSMOUTH 1-C,AAC,Southeast,Charleston,722,306,42.38%
Scioto,PRECINCT PORTSMOUTH 2-A,AAI,Southeast,Charleston,360,81,22.50%
Scioto,PRECINCT PORTSMOUTH 2-B,AAJ,Southeast,Charleston,429,85,19.81%
Scioto,PRECINCT PORTSMOUTH 2-C,AAK,Southeast,Charleston,424,159,37.50%
Scioto,PRECINCT PORTSMOUTH 3-A,AAO,Southeast,Charleston,336,177,52.68%
Scioto,PRECINCT PORTSMOUTH 3-B,AAP,Southeast,Charleston,414,101,24.40%
Scioto,PRECINCT PORTSMOUTH 3-C,AAQ,Southeast,Charleston,736,395,53.67%
Scioto,PRECINCT PORTSMOUTH 3-D,AAR,Southeast,Charleston,743,443,59.62%
Scioto,PRECINCT PORTSMOUTH 4-A,AAX,Southeast,Charleston,665,155,23.31%
Scioto,PRECINCT PORTSMOUTH 4-B,AAY,Southeast,Charleston,844,218,25.83%
Scioto,PRECINCT PORTSMOUTH 5-A,ABD,Southeast,Charleston,447,127,28.41%
Scioto,PRECINCT PORTSMOUTH 5-B,ABE,Southeast,Charleston,447,201,44.97%
Scioto,PRECINCT PORTSMOUTH 5-C,ABF,Southeast,Charleston,439,263,59.91%
Scioto,PRECINCT PORTSMOUTH 5-D,ABG,Southeast,Charleston,504,228,45.24%
Scioto,PRECINCT PORTSMOUTH 6-A,ABJ,Southeast,Charleston,454,146,32.16%
Scioto,PRECINCT PORTSMOUTH 6-B,ABK,Southeast,Charleston,526,195,37.07%
Scioto,PRECINCT PORTSMOUTH 6-C,ABL,Southeast,Charleston,707,254,35.93%
Scioto,PRECINCT BLOOM TOWNSHIP A,ABQ,Southeast,Charleston,642,336,52.34%
Scioto,PRECINCT BLOOM TOWNSHIP B,ABR,Southeast,Charleston,633,338,53.40%
Scioto,PRECINCT SOUTH WEBSTER VILLAGE,ABS,Southeast,Charleston,473,321,67.86%
Scioto,PRECINCT OTWAY/BRUSH CREEK,ABU,Southeast,Charleston,725,361,49.79%
Scioto,PRECINCT CLAY TOWNSHIP A,ABV,Southeast,Charleston,848,493,58.14%
Scioto,PRECINCT CLAY TOWNSHIP B,ABW,Southeast,Charleston,642,284,44.24%
Scioto,PRECINCT CLAY TOWNSHIP C,ABX,Southeast,Charleston,425,223,52.47%
Scioto,PRECINCT CLAY TOWNSHIP D,ABY,Southeast,Charleston,490,233,47.55%
Scioto,PRECINCT GREEN TOWNSHIP A,ACB,Southeast,Charleston,606,327,53.96%
Scioto,PRECINCT GREEN TOWNSHIP B,ACC,Southeast,Charleston,481,216,44.91%
Scioto,PRECINCT GREEN TOWNSHIP C,ACD,Southeast,Charleston,554,302,54.51%
Scioto,PRECINCT GREEN TOWNSHIP D,ACE,Southeast,Charleston,351,183,52.14%
Scioto,PRECINCT GREEN TOWNSHIP E,ACF,Southeast,Charleston,637,283,44.43%
Scioto,PRECINCT HARRISON A,ACG,Southeast,Charleston,630,321,50.95%
Scioto,PRECINCT HARRISON B,ACH,Southeast,Charleston,573,320,55.85%
Scioto,PRECINCT HARRISON C,ACI,Southeast,Charleston,613,265,43.23%
Scioto,PRECINCT HARRISON D,ACJ,Southeast,Charleston,415,213,51.33%
Scioto,PRECINCT HARRISON E,ACK,Southeast,Charleston,496,225,45.36%
Scioto,PRECINCT JEFFERSON  A,ACL,Southeast,Charleston,684,315,46.05%
Scioto,PRECINCT JEFFERSON  B,ACM,Southeast,Charleston,398,200,50.25%
Scioto,PRECINCT JEFFERSON C,ACN,Southeast,Charleston,510,297,58.24%
Scioto,PRECINCT MADISON  A,ACO,Southeast,Charleston,614,353,57.49%
Scioto,PRECINCT MADISON  B,ACP,Southeast,Charleston,585,326,55.73%
Scioto,PRECINCT MADISON C,ACQ,Southeast,Charleston,563,303,53.82%
Scioto,PRECINCT MADISON D,ACR,Southeast,Charleston,732,420,57.38%
Scioto,PRECINCT MORGAN A,ACS,Southeast,Charleston,663,300,45.25%
Scioto,PRECINCT MORGAN B,ACT,Southeast,Charleston,667,347,52.02%
Scioto,PRECINCT NEW BOSTON 1-A,ACU,Southeast,Charleston,677,191,28.21%
Scioto,PRECINCT NEW BOSTON 2-A,ACW,Southeast,Charleston,537,195,36.31%
Scioto,PRECINCT NILE TOWNSHIP A,ADC,Southeast,Charleston,609,311,51.07%
Scioto,PRECINCT NILE TOWNSHIP B,ADD,Southeast,Charleston,919,506,55.06%
Scioto,PRECINCT NILE TOWNSHIP C,ADE,Southeast,Charleston,146,54,36.99%
Scioto,PRECINCT PORTER  A,ADF,Southeast,Charleston,812,399,49.14%
Scioto,PRECINCT PORTER  B,ADG,Southeast,Charleston,967,409,42.30%
Scioto,PRECINCT PORTER  C,ADH,Southeast,Charleston,597,280,46.90%
Scioto,PRECINCT PORTER D,ADI,Southeast,Charleston,597,277,46.40%
Scioto,PRECINCT PORTER E,ADJ,Southeast,Charleston,407,224,55.04%
Scioto,PRECINCT PORTER F,ADK,Southeast,Charleston,775,462,59.61%
Scioto,PRECINCT PORTER G,ADL,Southeast,Charleston,981,516,52.60%
Scioto,PRECINCT PORTER H,ADM,Southeast,Charleston,575,304,52.87%
Scioto,PRECINCT PORTER I,ADN,Southeast,Charleston,769,397,51.63%
Scioto,PRECINCT RARDEN VIL/TWP,ADR,Southeast,Charleston,661,319,48.26%
Scioto,PRECINCT RUSH TOWNSHIP A,ADT,Southeast,Charleston,555,263,47.39%
Scioto,PRECINCT RUSH TOWNSHIP B,ADU,Southeast,Charleston,520,274,52.69%
Scioto,PRECINCT RUSH TOWNSHIP C,ADV,Southeast,Charleston,525,321,61.14%
Scioto,PRECINCT UNION TOWNSHIP A,ADW,Southeast,Charleston,788,387,49.11%
Scioto,PRECINCT UNION TOWNSHIP B,ADX,Southeast,Charleston,557,280,50.27%
Scioto,PRECINCT VALLEY TOWNSHIP A,ADY,Southeast,Charleston,637,429,67.35%
Scioto,PRECINCT VALLEY TOWNSHIP B,ADZ,Southeast,Charleston,519,211,40.66%
Scioto,PRECINCT VALLEY TOWNSHIP C,AEA,Southeast,Charleston,437,223,51.03%
Scioto,PRECINCT VERNON TOWNSHIP A,AEC,Southeast,Charleston,446,212,47.53%
Scioto,PRECINCT VERNON TOWNSHIP B,AED,Southeast,Charleston,875,420,48.00%
Scioto,PRECINCT WASH A,AEE,Southeast,Charleston,659,315,47.80%
Scioto,PRECINCT WASH B,AEF,Southeast,Charleston,740,292,39.46%
Scioto,PRECINCT WASH C,AEG,Southeast,Charleston,549,228,41.53%
Scioto,PRECINCT WASH D,AEH,Southeast,Charleston,322,129,40.06%
Scioto,PRECINCT WASH E,AEI,Southeast,Charleston,881,350,39.73%
Scioto,PRECINCT RUSH TOWNSHIP D,AEP,Southeast,Charleston,274,121,44.16%
Seneca,PRECINCT FOSTORIA 1-A,AAA,Northwest,Toledo,927,423,45.63%
Seneca,PRECINCT FOSTORIA 1-B,AAC,Northwest,Toledo,764,289,37.83%
Seneca,PRECINCT FOSTORIA 3-A,AAE,Northwest,Toledo,778,272,34.96%
Seneca,PRECINCT FOSTORIA 3-B,AAF,Northwest,Toledo,813,219,26.94%
Seneca,PRECINCT FOSTORIA 4-A,AAI,Northwest,Toledo,970,300,30.93%
Seneca,PRECINCT FOSTORIA 4-B,AAL,Northwest,Toledo,725,291,40.14%
Seneca,PRECINCT TIFFIN 1-A,AAM,Northwest,Toledo,518,177,34.17%
Seneca,PRECINCT TIFFIN 1-B,AAN,Northwest,Toledo,938,383,40.83%
Seneca,PRECINCT TIFFIN 1-C,AAO,Northwest,Toledo,688,362,52.62%
Seneca,PRECINCT TIFFIN 2-A,AAR,Northwest,Toledo,965,383,39.69%
Seneca,PRECINCT TIFFIN 2-B,AAS,Northwest,Toledo,502,159,31.67%
Seneca,PRECINCT TIFFIN 2-C,AAT,Northwest,Toledo,"1,123",538,47.91%
Seneca,PRECINCT TIFFIN 3-A,AAW,Northwest,Toledo,651,232,35.64%
Seneca,PRECINCT TIFFIN 3-B,AAX,Northwest,Toledo,711,276,38.82%
Seneca,PRECINCT TIFFIN 3-C,AAY,Northwest,Toledo,603,335,55.56%
Seneca,PRECINCT TIFFIN 3-D,AAZ,Northwest,Toledo,577,264,45.75%
Seneca,PRECINCT TIFFIN 4-A,ABB,Northwest,Toledo,746,478,64.08%
Seneca,PRECINCT TIFFIN 4-B,ABC,Northwest,Toledo,"1,104",760,68.84%
Seneca,PRECINCT TIFFIN 4-C,ABE,Northwest,Toledo,833,366,43.94%
Seneca,PRECINCT TIFFIN 4-D,ABG,Northwest,Toledo,486,316,65.02%
Seneca,PRECINCT GREEN SPRINGS VILLAGE,ABI,Northwest,Toledo,409,215,52.57%
Seneca,PRECINCT ADAMS TOWNSHIP,ABJ,Northwest,Toledo,853,533,62.49%
Seneca,PRECINCT NEW RIEGEL VILLAGE,ABL,Northwest,Toledo,163,97,59.51%
Seneca,PRECINCT BIG SPRING TOWNSHIP,ABM,Northwest,Toledo,989,622,62.89%
Seneca,PRECINCT BLOOM TOWNSHIP,ABO,Northwest,Toledo,537,352,65.55%
Seneca,PRECINCT BLOOMVILLE VILLAGE,ABP,Northwest,Toledo,498,246,49.40%
Seneca,PRECINCT CLINTON A,ABQ,Northwest,Toledo,538,318,59.11%
Seneca,PRECINCT CLINTON B,ABR,Northwest,Toledo,606,342,56.44%
Seneca,PRECINCT CLINTON C,ABS,Northwest,Toledo,807,541,67.04%
Seneca,PRECINCT CLINTON D,ABT,Northwest,Toledo,595,375,63.03%
Seneca,PRECINCT CLINTON E,ABU,Northwest,Toledo,384,279,72.66%
Seneca,PRECINCT EDEN NORTH,ABV,Northwest,Toledo,818,562,68.70%
Seneca,PRECINCT EDEN SOUTH,ABX,Northwest,Toledo,519,345,66.47%
Seneca,PRECINCT HOPEWELL A,ABY,Northwest,Toledo,712,392,55.06%
Seneca,PRECINCT HOPEWELL B,ABZ,Northwest,Toledo,627,396,63.16%
Seneca,PRECINCT HOPEWELL C,ACA,Northwest,Toledo,485,325,67.01%
Seneca,PRECINCT JACKSON TOWNSHIP,ACB,Northwest,Toledo,897,550,61.32%
Seneca,PRECINCT BETTSVILLE VILLAGE,ACD,Northwest,Toledo,365,194,53.15%
Seneca,PRECINCT LIBERTY A,ACE,Northwest,Toledo,495,325,65.66%
Seneca,PRECINCT LIBERTY B,ACF,Northwest,Toledo,449,258,57.46%
Seneca,PRECINCT LOUDON NORTH,ACG,Northwest,Toledo,"1,002",558,55.69%
Seneca,PRECINCT LOUDON SOUTH,ACH,Northwest,Toledo,427,268,62.76%
Seneca,PRECINCT PLEASANT TOWNSHIP,ACJ,Northwest,Toledo,"1,044",638,61.11%
Seneca,PRECINCT REED TOWNSHIP,ACL,Northwest,Toledo,509,334,65.62%
Seneca,PRECINCT SCIPIO TOWNSHIP,ACM,Northwest,Toledo,770,490,63.64%
Seneca,PRECINCT REPUBLIC VILL,ACN,Northwest,Toledo,352,201,57.10%
Seneca,PRECINCT SENECA A,ACP,Northwest,Toledo,614,389,63.36%
Seneca,PRECINCT SENECA B,ACQ,Northwest,Toledo,425,279,65.65%
Seneca,PRECINCT THOMPSON TOWNSHIP,ACR,Northwest,Toledo,877,489,55.76%
Seneca,PRECINCT ATTICA VILLAGE,ACT,Northwest,Toledo,577,343,59.45%
Seneca,PRECINCT VENICE TOWNSHIP,ACU,Northwest,Toledo,563,370,65.72%
Shelby,PRECINCT 0002 SIDNEY 1ST WARD B,AAA,West,Dayton,"1,138",605,53.16%
Shelby,PRECINCT 0001 SIDNEY 1ST WARD A,AAB,West,Dayton,997,407,40.82%
Shelby,PRECINCT 0003 SIDNEY 1ST WARD C,AAF,West,Dayton,"1,365",842,61.68%
Shelby,PRECINCT 0004 SIDNEY 2ND WARD A,AAH,West,Dayton,872,281,32.22%
Shelby,PRECINCT 0005 SIDNEY 2ND WARD B,AAJ,West,Dayton,816,441,54.04%
Shelby,PRECINCT 0006 SIDNEY 2ND WARD C,AAL,West,Dayton,567,312,55.03%
Shelby,PRECINCT 0007 SIDNEY 2ND WARD D,AAM,West,Dayton,"1,084",486,44.83%
Shelby,PRECINCT 0008 SIDNEY 3RD WARD A,AAN,West,Dayton,"1,311",412,31.43%
Shelby,PRECINCT 0009 SIDNEY 3RD WARD B,AAQ,West,Dayton,"1,564",694,44.37%
Shelby,PRECINCT 0010 SIDNEY 4TH WARD A,AAS,West,Dayton,958,277,28.91%
Shelby,PRECINCT 0011 SIDNEY 4TH WARD B,AAT,West,Dayton,664,329,49.55%
Shelby,PRECINCT 0012 SIDNEY 4TH WARD C,AAU,West,Dayton,862,425,49.30%
Shelby,PRECINCT 0013 SIDNEY 4TH WARD D,AAY,West,Dayton,895,577,64.47%
Shelby,PRECINCT 0014 CLINTON,AAZ,West,Dayton,671,383,57.08%
Shelby,PRECINCT 0015 CYNTHIAN EAST,ABC,West,Dayton,601,409,68.05%
Shelby,PRECINCT 0016 CYNTHIAN WEST,ABD,West,Dayton,782,556,71.10%
Shelby,PRECINCT 0017 ANNA VLG,ABE,West,Dayton,"1,020",569,55.78%
Shelby,PRECINCT 0019 DINSMORE,ABF,West,Dayton,"1,016",692,68.11%
Shelby,PRECINCT 0018 BOTKINS VLG,ABH,West,Dayton,830,528,63.61%
Shelby,PRECINCT 0020 FRANKLIN,ABK,West,Dayton,"1,215",790,65.02%
Shelby,PRECINCT 0021 GREEN,ABM,West,Dayton,624,380,60.90%
Shelby,PRECINCT 0023 JACKSON,ABO,West,Dayton,675,454,67.26%
Shelby,PRECINCT 0022 JACKSON CENTER VLG,ABQ,West,Dayton,959,525,54.74%
Shelby,PRECINCT 0024 LORAMIE EAST,ABS,West,Dayton,780,490,62.82%
Shelby,PRECINCT 0025 LORAMIE WEST,ABU,West,Dayton,994,772,77.67%
Shelby,PRECINCT 0027 MCLEAN,ABV,West,Dayton,"1,259",702,55.76%
Shelby,PRECINCT 0026 FORT LORAMIE VLG,ABX,West,Dayton,"1,120",575,51.34%
Shelby,PRECINCT 0028 ORANGE,ABZ,West,Dayton,888,570,64.19%
Shelby,PRECINCT 0029 PERRY,ACB,West,Dayton,635,366,57.64%
Shelby,PRECINCT 0030 SALEM E,ACD,West,Dayton,800,460,57.50%
Shelby,PRECINCT 0031 SALEM W,ACF,West,Dayton,731,486,66.48%
Shelby,PRECINCT 0032 TURTLE CREEK,ACG,West,Dayton,"1,085",681,62.76%
Shelby,PRECINCT 0033 VAN BUREN NORTH,ACJ,West,Dayton,698,423,60.60%
Shelby,PRECINCT 0034 VAN BUREN SOUTH,ACL,West,Dayton,914,620,67.83%
Shelby,PRECINCT 0035 WASHINGTON,ACN,West,Dayton,"1,313",773,58.87%
Stark,ALLIANCE 1-A,AAA,Northeast,Cleveland,630,154,24.44%
Stark,ALLIANCE 1-B,AAB,Northeast,Cleveland,609,204,33.50%
Stark,ALLIANCE 1-C,AAC,Northeast,Cleveland,785,285,36.31%
Stark,ALLIANCE 1-D,AAD,Northeast,Cleveland,560,155,27.68%
Stark,ALLIANCE 2-A,AAF,Northeast,Cleveland,"1,116",335,30.02%
Stark,ALLIANCE 2-B,AAG,Northeast,Cleveland,569,137,24.08%
Stark,ALLIANCE 2-C,AAH,Northeast,Cleveland,616,142,23.05%
Stark,ALLIANCE 3-B,AAJ,Northeast,Cleveland,583,339,58.15%
Stark,ALLIANCE 3-A,AAK,Northeast,Cleveland,"1,141",457,40.05%
Stark,ALLIANCE 3-C,AAM,Northeast,Cleveland,"1,283",626,48.79%
Stark,ALLIANCE 4-A,AAN,Northeast,Cleveland,863,572,66.28%
Stark,ALLIANCE 4-B,AAO,Northeast,Cleveland,537,316,58.85%
Stark,ALLIANCE 4-C,AAP,Northeast,Cleveland,"1,071",583,54.44%
Stark,ALLIANCE 4-D,AAQ,Northeast,Cleveland,645,394,61.09%
Stark,ALLIANCE 4-E,AAR,Northeast,Cleveland,583,352,60.38%
Stark,ALLIANCE 4-F,AAS,Northeast,Cleveland,586,317,54.10%
Stark,CANTON CITY 1-B,AAW,Northeast,Cleveland,"1,059",330,31.16%
Stark,CANTON CITY 1-C,AAX,Northeast,Cleveland,938,310,33.05%
Stark,CANTON CITY 1-D,AAY,Northeast,Cleveland,"1,022",341,33.37%
Stark,CANTON CITY 1-A,AAZ,Northeast,Cleveland,"1,060",275,25.94%
Stark,CANTON CITY 2-A,ABA,Northeast,Cleveland,504,105,20.83%
Stark,CANTON CITY 2-B,ABB,Northeast,Cleveland,758,184,24.27%
Stark,CANTON CITY 2-C,ABC,Northeast,Cleveland,561,130,23.17%
Stark,CANTON CITY 2-D,ABD,Northeast,Cleveland,"1,187",209,17.61%
Stark,CANTON CITY 2-E,ABE,Northeast,Cleveland,"1,189",295,24.81%
Stark,CANTON CITY 3-B,ABH,Northeast,Cleveland,469,153,32.62%
Stark,CANTON CITY 3-A,ABI,Northeast,Cleveland,"1,204",598,49.67%
Stark,CANTON CITY 3-D,ABL,Northeast,Cleveland,979,322,32.89%
Stark,CANTON CITY 3-C,ABM,Northeast,Cleveland,788,247,31.35%
Stark,CANTON CITY 3-E,ABN,Northeast,Cleveland,"1,135",542,47.75%
Stark,CANTON CITY 4-A,ABP,Northeast,Cleveland,646,229,35.45%
Stark,CANTON CITY 4-B,ABQ,Northeast,Cleveland,655,105,16.03%
Stark,CANTON CITY 4-C,ABR,Northeast,Cleveland,797,339,42.53%
Stark,CANTON CITY 4-D,ABS,Northeast,Cleveland,896,242,27.01%
Stark,CANTON CITY 4-E,ABU,Northeast,Cleveland,"1,125",242,21.51%
Stark,CANTON CITY 4-F,ABV,Northeast,Cleveland,515,83,16.12%
Stark,CANTON CITY 5-A,ABX,Northeast,Cleveland,"1,126",337,29.93%
Stark,CANTON CITY 5-B,ABY,Northeast,Cleveland,595,166,27.90%
Stark,CANTON CITY 5-C,ABZ,Northeast,Cleveland,932,280,30.04%
Stark,CANTON CITY 5-D,ACC,Northeast,Cleveland,"1,115",317,28.43%
Stark,CANTON CITY 6-A,ACD,Northeast,Cleveland,"1,193",386,32.36%
Stark,CANTON CITY 6-B,ACF,Northeast,Cleveland,"1,002",238,23.75%
Stark,CANTON CITY 6-C,ACG,Northeast,Cleveland,"1,246",388,31.14%
Stark,CANTON CITY 6-D,ACI,Northeast,Cleveland,487,163,33.47%
Stark,CANTON CITY 7-A,ACK,Northeast,Cleveland,387,160,41.34%
Stark,CANTON CITY 7-B,ACL,Northeast,Cleveland,563,171,30.37%
Stark,CANTON CITY 7-C,ACM,Northeast,Cleveland,"1,012",427,42.19%
Stark,CANTON CITY 7-D,ACO,Northeast,Cleveland,507,247,48.72%
Stark,CANTON CITY 7-E,ACP,Northeast,Cleveland,556,262,47.12%
Stark,CANTON CITY 7-F,ACQ,Northeast,Cleveland,644,395,61.34%
Stark,CANTON CITY 7-G,ACS,Northeast,Cleveland,"1,193",515,43.17%
Stark,CANTON CITY 8-A,ACT,Northeast,Cleveland,"1,268",644,50.79%
Stark,CANTON CITY 8-C,ACW,Northeast,Cleveland,"1,109",532,47.97%
Stark,CANTON CITY 8-B,ACY,Northeast,Cleveland,"1,192",829,69.55%
Stark,CANTON CITY 8-D,ADB,Northeast,Cleveland,"1,110",762,68.65%
Stark,CANTON CITY 8-E,ADC,Northeast,Cleveland,546,228,41.76%
Stark,CANTON CITY 8-F,ADD,Northeast,Cleveland,553,387,69.98%
Stark,CANTON CITY 9-A,ADE,Northeast,Cleveland,698,176,25.21%
Stark,CANTON CITY 9-B,ADF,Northeast,Cleveland,669,289,43.20%
Stark,CANTON CITY 9-C,ADG,Northeast,Cleveland,690,250,36.23%
Stark,CANTON CITY 9-D,ADH,Northeast,Cleveland,543,233,42.91%
Stark,CANTON CITY 9-E,ADJ,Northeast,Cleveland,643,234,36.39%
Stark,CANTON CITY 9-F,ADK,Northeast,Cleveland,596,242,40.60%
Stark,CANTON CITY 9-G,ADL,Northeast,Cleveland,"1,246",757,60.75%
Stark,LOUISVILLE A,ADM,Northeast,Cleveland,870,527,60.57%
Stark,LOUISVILLE B,ADN,Northeast,Cleveland,736,363,49.32%
Stark,LOUISVILLE D,ADP,Northeast,Cleveland,869,598,68.81%
Stark,LOUISVILLE E,ADQ,Northeast,Cleveland,885,535,60.45%
Stark,LOUISVILLE C,ADR,Northeast,Cleveland,997,503,50.45%
Stark,LOUISVILLE F,ADS,Northeast,Cleveland,793,461,58.13%
Stark,MASSILLON 1-A,ADT,Northeast,Cleveland,775,477,61.55%
Stark,MASSILLON 1-B,ADU,Northeast,Cleveland,746,316,42.36%
Stark,MASSILLON 1-C,ADV,Northeast,Cleveland,749,397,53.00%
Stark,MASSILLON 1-D,ADW,Northeast,Cleveland,617,376,60.94%
Stark,MASSILLON 1-E,ADX,Northeast,Cleveland,675,402,59.56%
Stark,MASSILLON 2-A,ADY,Northeast,Cleveland,706,383,54.25%
Stark,MASSILLON 2-B,ADZ,Northeast,Cleveland,753,337,44.75%
Stark,MASSILLON 2-C,AEA,Northeast,Cleveland,929,313,33.69%
Stark,MASSILLON 2-D,AEB,Northeast,Cleveland,827,361,43.65%
Stark,MASSILLON 3-A,AEC,Northeast,Cleveland,754,280,37.14%
Stark,MASSILLON 3-B,AED,Northeast,Cleveland,538,351,65.24%
Stark,MASSILLON 3-C,AEE,Northeast,Cleveland,806,389,48.26%
Stark,MASSILLON 3-D,AEF,Northeast,Cleveland,627,245,39.07%
Stark,MASSILLON 3-E,AEG,Northeast,Cleveland,769,554,72.04%
Stark,MASSILLON 4-A,AEI,Northeast,Cleveland,"1,257",382,30.39%
Stark,MASSILLON 4-B,AEJ,Northeast,Cleveland,654,160,24.46%
Stark,MASSILLON 5-A,AEM,Northeast,Cleveland,"1,043",420,40.27%
Stark,MASSILLON 5-B,AEN,Northeast,Cleveland,"1,038",449,43.26%
Stark,MASSILLON 6-A,AEO,Northeast,Cleveland,"1,363",830,60.90%
Stark,MASSILLON 6-B,AEP,Northeast,Cleveland,837,444,53.05%
Stark,MASSILLON 6-C,AEQ,Northeast,Cleveland,540,311,57.59%
Stark,MASSILLON 6-D,AER,Northeast,Cleveland,749,385,51.40%
Stark,NORTH CANTON 1-A,AET,Northeast,Cleveland,822,443,53.89%
Stark,NORTH CANTON 1-C,AEV,Northeast,Cleveland,596,348,58.39%
Stark,NORTH CANTON 1-B,AEW,Northeast,Cleveland,"1,282",726,56.63%
Stark,NORTH CANTON 2-A,AEX,Northeast,Cleveland,"1,051",670,63.75%
Stark,NORTH CANTON 2-C,AEZ,Northeast,Cleveland,736,591,80.30%
Stark,NORTH CANTON 2-B,AFA,Northeast,Cleveland,"1,084",597,55.07%
Stark,NORTH CANTON 2-D,AFB,Northeast,Cleveland,837,453,54.12%
Stark,NORTH CANTON 3-B,AFD,Northeast,Cleveland,872,600,68.81%
Stark,NORTH CANTON 3-A,AFE,Northeast,Cleveland,"1,126",727,64.56%
Stark,NORTH CANTON 3-C,AFF,Northeast,Cleveland,"1,246",870,69.82%
Stark,NORTH CANTON 4-A,AFH,Northeast,Cleveland,989,651,65.82%
Stark,NORTH CANTON 4-B,AFI,Northeast,Cleveland,857,540,63.01%
Stark,NORTH CANTON 4-C,AFK,Northeast,Cleveland,"1,165",735,63.09%
Stark,BETHLEHEM 1,AFL,Northeast,Cleveland,300,210,70.00%
Stark,BETHLEHEM 2,AFM,Northeast,Cleveland,827,543,65.66%
Stark,BETHLEHEM 3,AFN,Northeast,Cleveland,810,482,59.51%
Stark,BETHLEHEM 4,AFO,Northeast,Cleveland,749,372,49.67%
Stark,NAVARRE A,AFR,Northeast,Cleveland,"1,136",602,52.99%
Stark,CANTON TWP 7,AFT,Northeast,Cleveland,669,342,51.12%
Stark,CANTON TWP 4,AFU,Northeast,Cleveland,"1,239",607,48.99%
Stark,CANTON TWP 2,AFX,Northeast,Cleveland,"1,328",757,57.00%
Stark,CANTON TWP 3,AFY,Northeast,Cleveland,"1,186",572,48.23%
Stark,CANTON TWP 5,AGA,Northeast,Cleveland,"1,353",782,57.80%
Stark,CANTON TWP 6,AGB,Northeast,Cleveland,"1,014",442,43.59%
Stark,CANTON TWP 1,AGE,Northeast,Cleveland,"1,083",621,57.34%
Stark,MEYERS LAKE A,AGF,Northeast,Cleveland,575,408,70.96%
Stark,JACKSON 10,AGH,Northeast,Cleveland,920,413,44.89%
Stark,JACKSON 11,AGI,Northeast,Cleveland,"1,036",499,48.17%
Stark,JACKSON 13,AGK,Northeast,Cleveland,642,387,60.28%
Stark,JACKSON 1,AGL,Northeast,Cleveland,"1,279",653,51.06%
Stark,JACKSON 14,AGM,Northeast,Cleveland,"1,057",610,57.71%
Stark,JACKSON 15,AGN,Northeast,Cleveland,"1,269",788,62.10%
Stark,JACKSON 16,AGP,Northeast,Cleveland,"1,095",706,64.47%
Stark,JACKSON 2,AGR,Northeast,Cleveland,661,476,72.01%
Stark,JACKSON 18,AGS,Northeast,Cleveland,"1,182",772,65.31%
Stark,JACKSON 12,AGT,Northeast,Cleveland,"1,055",582,55.17%
Stark,JACKSON 19,AGU,Northeast,Cleveland,784,485,61.86%
Stark,JACKSON 20,AGV,Northeast,Cleveland,823,517,62.82%
Stark,JACKSON 21,AGW,Northeast,Cleveland,"1,290",827,64.11%
Stark,JACKSON 22,AGX,Northeast,Cleveland,818,538,65.77%
Stark,JACKSON 23,AGY,Northeast,Cleveland,"1,322",890,67.32%
Stark,JACKSON 24,AHA,Northeast,Cleveland,644,367,56.99%
Stark,JACKSON 3,AHC,Northeast,Cleveland,810,420,51.85%
Stark,JACKSON 25,AHD,Northeast,Cleveland,875,500,57.14%
Stark,JACKSON 26,AHE,Northeast,Cleveland,788,479,60.79%
Stark,JACKSON 27,AHF,Northeast,Cleveland,672,429,63.84%
Stark,JACKSON 17,AHG,Northeast,Cleveland,"1,279",841,65.75%
Stark,JACKSON 28,AHH,Northeast,Cleveland,933,511,54.77%
Stark,JACKSON 4,AHI,Northeast,Cleveland,"1,340",839,62.61%
Stark,JACKSON 29,AHJ,Northeast,Cleveland,956,634,66.32%
Stark,JACKSON 30,AHK,Northeast,Cleveland,"1,316",770,58.51%
Stark,JACKSON 5,AHM,Northeast,Cleveland,"1,229",812,66.07%
Stark,JACKSON 6,AHN,Northeast,Cleveland,"1,082",720,66.54%
Stark,JACKSON 7,AHO,Northeast,Cleveland,823,563,68.41%
Stark,JACKSON 8,AHP,Northeast,Cleveland,584,332,56.85%
Stark,JACKSON 9,AHQ,Northeast,Cleveland,790,442,55.95%
Stark,LAKE 1,AHS,Northeast,Cleveland,757,466,61.56%
Stark,LAKE 9,AHT,Northeast,Cleveland,830,387,46.63%
Stark,LAKE 11,AHV,Northeast,Cleveland,630,404,64.13%
Stark,LAKE 10,AHW,Northeast,Cleveland,"1,179",705,59.80%
Stark,LAKE 12,AHX,Northeast,Cleveland,999,590,59.06%
Stark,LAKE 13,AHY,Northeast,Cleveland,861,529,61.44%
Stark,LAKE 15,AIA,Northeast,Cleveland,"1,038",685,65.99%
Stark,LAKE 16,AIB,Northeast,Cleveland,893,551,61.70%
Stark,LAKE 17,AIC,Northeast,Cleveland,"1,033",686,66.41%
Stark,LAKE 2,AID,Northeast,Cleveland,729,461,63.24%
Stark,LAKE 18,AIE,Northeast,Cleveland,"1,340",830,61.94%
Stark,LAKE 3,AIF,Northeast,Cleveland,"1,306",853,65.31%
Stark,LAKE 4,AIG,Northeast,Cleveland,"1,016",631,62.11%
Stark,LAKE 5,AIH,Northeast,Cleveland,940,612,65.11%
Stark,LAKE 6,AII,Northeast,Cleveland,"1,168",753,64.47%
Stark,LAKE 7,AIK,Northeast,Cleveland,720,464,64.44%
Stark,LAKE 8,AIL,Northeast,Cleveland,918,529,57.63%
Stark,LAKE A,AIN,Northeast,Cleveland,"1,180",671,56.86%
Stark,LAWRENCE 1,AIO,Northeast,Cleveland,703,451,64.15%
Stark,LAWRENCE 2,AIQ,Northeast,Cleveland,"1,372",862,62.83%
Stark,LAWRENCE 3,AIS,Northeast,Cleveland,947,627,66.21%
Stark,LAWRENCE 4,AIT,Northeast,Cleveland,929,607,65.34%
Stark,LAWRENCE 5,AIU,Northeast,Cleveland,750,456,60.80%
Stark,CANAL FULTON A,AIX,Northeast,Cleveland,714,414,57.98%
Stark,CANAL FULTON B,AIY,Northeast,Cleveland,858,488,56.88%
Stark,CANAL FULTON C,AIZ,Northeast,Cleveland,987,492,49.85%
Stark,CANAL FULTON D,AJA,Northeast,Cleveland,"1,203",802,66.67%
Stark,LEXINGTON 1,AJB,Northeast,Cleveland,980,548,55.92%
Stark,LEXINGTON 2,AJC,Northeast,Cleveland,844,460,54.50%
Stark,LEXINGTON 3,AJD,Northeast,Cleveland,741,483,65.18%
Stark,LEXINGTON 4,AJE,Northeast,Cleveland,779,361,46.34%
Stark,MARLBORO 1,AJJ,Northeast,Cleveland,"1,360",889,65.37%
Stark,MARLBORO 2,AJK,Northeast,Cleveland,960,664,69.17%
Stark,MARLBORO 3,AJL,Northeast,Cleveland,838,554,66.11%
Stark,NIMISHILLEN 1,AJO,Northeast,Cleveland,789,416,52.72%
Stark,NIMISHILLEN 2,AJP,Northeast,Cleveland,736,467,63.45%
Stark,NIMISHILLEN 3,AJQ,Northeast,Cleveland,"1,021",714,69.93%
Stark,NIMISHILLEN 4,AJR,Northeast,Cleveland,"1,103",711,64.46%
Stark,NIMISHILLEN 5,AJS,Northeast,Cleveland,"1,387",908,65.47%
Stark,NIMISHILLEN 6,AJU,Northeast,Cleveland,862,610,70.77%
Stark,NIMISHILLEN 7,AJW,Northeast,Cleveland,865,498,57.57%
Stark,OSNABURG 1,AJX,Northeast,Cleveland,570,349,61.23%
Stark,OSNABURG 2,AJY,Northeast,Cleveland,"1,004",596,59.36%
Stark,OSNABURG 3,AJZ,Northeast,Cleveland,"1,077",578,53.67%
Stark,OSNABURG A,AKD,Northeast,Cleveland,"1,008",487,48.31%
Stark,PARIS 1,AKF,Northeast,Cleveland,667,333,49.93%
Stark,PARIS 2,AKG,Northeast,Cleveland,933,599,64.20%
Stark,PARIS 3,AKH,Northeast,Cleveland,840,509,60.60%
Stark,PARIS A,AKL,Northeast,Cleveland,"1,197",628,52.46%
Stark,PERRY 1,AKO,Northeast,Cleveland,668,292,43.71%
Stark,PERRY 9,AKQ,Northeast,Cleveland,969,590,60.89%
Stark,PERRY 10,AKR,Northeast,Cleveland,"1,146",670,58.46%
Stark,PERRY 12,AKT,Northeast,Cleveland,"1,278",728,56.96%
Stark,PERRY 13,AKU,Northeast,Cleveland,"1,171",758,64.73%
Stark,PERRY 7,AKV,Northeast,Cleveland,"1,129",565,50.04%
Stark,PERRY 11,AKX,Northeast,Cleveland,"1,175",621,52.85%
Stark,PERRY 2,AKZ,Northeast,Cleveland,"1,175",596,50.72%
Stark,PERRY 15,ALB,Northeast,Cleveland,726,474,65.29%
Stark,PERRY 14,ALC,Northeast,Cleveland,"1,170",586,50.09%
Stark,PERRY 8,ALD,Northeast,Cleveland,"1,203",629,52.29%
Stark,PERRY 16,ALF,Northeast,Cleveland,"1,224",755,61.68%
Stark,PERRY 17,ALH,Northeast,Cleveland,690,418,60.58%
Stark,PERRY 18,ALJ,Northeast,Cleveland,437,244,55.84%
Stark,PERRY 3,ALK,Northeast,Cleveland,"1,134",675,59.52%
Stark,PERRY 19,ALM,Northeast,Cleveland,565,316,55.93%
Stark,PERRY 4,ALN,Northeast,Cleveland,"1,381",797,57.71%
Stark,PERRY 5,ALO,Northeast,Cleveland,569,309,54.31%
Stark,PERRY 6,ALP,Northeast,Cleveland,"1,176",628,53.40%
Stark,PIKE 2,ALU,Northeast,Cleveland,"1,038",604,58.19%
Stark,PIKE 3,ALW,Northeast,Cleveland,773,473,61.19%
Stark,PIKE 1,ALY,Northeast,Cleveland,879,489,55.63%
Stark,PLAIN 1,AMA,Northeast,Cleveland,905,422,46.63%
Stark,PLAIN 10,AMC,Northeast,Cleveland,752,500,66.49%
Stark,PLAIN 11,AMD,Northeast,Cleveland,725,478,65.93%
Stark,PLAIN 12,AME,Northeast,Cleveland,778,388,49.87%
Stark,PLAIN 2,AMF,Northeast,Cleveland,"1,285",696,54.16%
Stark,PLAIN 7,AMG,Northeast,Cleveland,"1,153",777,67.39%
Stark,PLAIN 14,AMI,Northeast,Cleveland,870,584,67.13%
Stark,PLAIN 15,AMJ,Northeast,Cleveland,812,347,42.73%
Stark,PLAIN 17,AMM,Northeast,Cleveland,787,522,66.33%
Stark,PLAIN 18,AMN,Northeast,Cleveland,680,441,64.85%
Stark,PLAIN 20,AMP,Northeast,Cleveland,"1,256",738,58.76%
Stark,PLAIN 13,AMQ,Northeast,Cleveland,859,469,54.60%
Stark,PLAIN 21,AMR,Northeast,Cleveland,"1,110",690,62.16%
Stark,PLAIN 9,AMT,Northeast,Cleveland,"1,385",854,61.66%
Stark,PLAIN 22,AMU,Northeast,Cleveland,"1,065",661,62.07%
Stark,PLAIN 23,AMV,Northeast,Cleveland,741,227,30.63%
Stark,PLAIN 16,AMX,Northeast,Cleveland,"1,367",868,63.50%
Stark,PLAIN 24,AMY,Northeast,Cleveland,789,535,67.81%
Stark,PLAIN 19,AMZ,Northeast,Cleveland,"1,248",844,67.63%
Stark,PLAIN 25,ANA,Northeast,Cleveland,836,472,56.46%
Stark,PLAIN 26,ANB,Northeast,Cleveland,900,602,66.89%
Stark,PLAIN 27,ANC,Northeast,Cleveland,736,505,68.61%
Stark,PLAIN 28,AND,Northeast,Cleveland,928,536,57.76%
Stark,PLAIN 3,ANF,Northeast,Cleveland,775,480,61.94%
Stark,PLAIN 4,ANG,Northeast,Cleveland,605,264,43.64%
Stark,PLAIN 5,ANH,Northeast,Cleveland,582,246,42.27%
Stark,PLAIN 6,ANI,Northeast,Cleveland,601,337,56.07%
Stark,PLAIN 8,ANK,Northeast,Cleveland,"1,323",889,67.20%
Stark,SANDY 2,ANM,Northeast,Cleveland,"1,110",577,51.98%
Stark,SANDY 1,ANO,Northeast,Cleveland,"1,120",600,53.57%
Stark,SUGARCREEK 1,ANP,Northeast,Cleveland,988,590,59.72%
Stark,SUGARCREEK 2,ANQ,Northeast,Cleveland,918,531,57.84%
Stark,SUGARCREEK A,ANT,Northeast,Cleveland,576,297,51.56%
Stark,SUGARCREEK B,ANU,Northeast,Cleveland,611,325,53.19%
Stark,SUGARCREEK C,ANV,Northeast,Cleveland,744,374,50.27%
Stark,TUSCARAWAS 1,ANX,Northeast,Cleveland,763,461,60.42%
Stark,TUSCARAWAS 2,ANY,Northeast,Cleveland,"1,144",668,58.39%
Stark,TUSCARAWAS 3,AOB,Northeast,Cleveland,"1,267",816,64.40%
Stark,TUSCARAWAS 4,AOC,Northeast,Cleveland,781,497,63.64%
Stark,WASHINGTON 2,AOH,Northeast,Cleveland,976,642,65.78%
Stark,WASHINGTON 3,AOI,Northeast,Cleveland,870,573,65.86%
Stark,WASHINGTON 1,AOJ,Northeast,Cleveland,"1,259",832,66.08%
Stark,JACKSON 31,AOO,Northeast,Cleveland,953,603,63.27%
Stark,LOUISVILLE G,AOP,Northeast,Cleveland,987,501,50.76%
Stark,MASSILLON 4-C,AOQ,Northeast,Cleveland,"1,219",818,67.10%
Stark,JACKSON 32,AOR,Northeast,Cleveland,684,438,64.04%
Stark,LAKE 19,AOS,Northeast,Cleveland,907,613,67.59%
Stark,MASSILLON 5-C,AOT,Northeast,Cleveland,"1,084",616,56.83%
Stark,LAKE 14,AOU,Northeast,Cleveland,587,359,61.16%
Stark,LAKE 20,AOV,Northeast,Cleveland,872,587,67.32%
Stark,LAKE 21,AOW,Northeast,Cleveland,839,512,61.03%
Stark,JACKSON 33,AOX,Northeast,Cleveland,"1,235",824,66.72%
Stark,LAKE B,AOY,Northeast,Cleveland,"1,125",619,55.02%
Stark,LAWRENCE 6,AOZ,Northeast,Cleveland,"1,200",704,58.67%
Summit,AKRON 1-A,AAA,Northeast,Cleveland,729,233,31.96%
Summit,AKRON 1-B,AAC,Northeast,Cleveland,430,82,19.07%
Summit,AKRON 1-C,AAE,Northeast,Cleveland,995,557,55.98%
Summit,AKRON 1-D,AAF,Northeast,Cleveland,861,348,40.42%
Summit,AKRON 1-E,AAG,Northeast,Cleveland,956,682,71.34%
Summit,AKRON 1-F,AAH,Northeast,Cleveland,"1,064",518,48.68%
Summit,AKRON 1-G,AAJ,Northeast,Cleveland,917,575,62.70%
Summit,AKRON 1-H,AAL,Northeast,Cleveland,"1,217",390,32.05%
Summit,AKRON 1-I,AAN,Northeast,Cleveland,"1,004",718,71.51%
Summit,AKRON 1-J,AAP,Northeast,Cleveland,"1,052",780,74.14%
Summit,AKRON 1-K,AAR,Northeast,Cleveland,969,553,57.07%
Summit,AKRON 2-A,ABE,Northeast,Cleveland,506,210,41.50%
Summit,AKRON 2-B,ABH,Northeast,Cleveland,866,262,30.25%
Summit,AKRON 2-C,ABI,Northeast,Cleveland,951,318,33.44%
Summit,AKRON 2-D,ABJ,Northeast,Cleveland,941,324,34.43%
Summit,AKRON 2-E,ABK,Northeast,Cleveland,929,504,54.25%
Summit,AKRON 2-F,ABL,Northeast,Cleveland,837,373,44.56%
Summit,AKRON 2-G,ABN,Northeast,Cleveland,"1,039",327,31.47%
Summit,AKRON 3-A,ABW,Northeast,Cleveland,953,207,21.72%
Summit,AKRON 3-B,ABX,Northeast,Cleveland,753,145,19.26%
Summit,AKRON 3-C,ABY,Northeast,Cleveland,948,298,31.43%
Summit,AKRON 3-D,ACA,Northeast,Cleveland,900,380,42.22%
Summit,AKRON 3-E,ACB,Northeast,Cleveland,795,210,26.42%
Summit,AKRON 3-F,ACC,Northeast,Cleveland,798,296,37.09%
Summit,AKRON 3-G,ACE,Northeast,Cleveland,879,247,28.10%
Summit,AKRON 3-H,ACG,Northeast,Cleveland,904,288,31.86%
Summit,AKRON 3-I,ACH,Northeast,Cleveland,876,223,25.46%
Summit,AKRON 4-A,ACO,Northeast,Cleveland,885,249,28.14%
Summit,AKRON 4-B,ACR,Northeast,Cleveland,911,491,53.90%
Summit,AKRON 4-C,ACT,Northeast,Cleveland,988,580,58.70%
Summit,AKRON 4-D,ACV,Northeast,Cleveland,964,362,37.55%
Summit,AKRON 4-E,ACW,Northeast,Cleveland,958,626,65.34%
Summit,AKRON 4-F,ACY,Northeast,Cleveland,"1,001",484,48.35%
Summit,AKRON 4-G,ACZ,Northeast,Cleveland,816,291,35.66%
Summit,AKRON 4-H,ADA,Northeast,Cleveland,873,463,53.04%
Summit,AKRON 4-I,ADB,Northeast,Cleveland,980,376,38.37%
Summit,AKRON 4-J,ADD,Northeast,Cleveland,855,360,42.11%
Summit,AKRON 5-A,ADO,Northeast,Cleveland,888,263,29.62%
Summit,AKRON 5-B,ADP,Northeast,Cleveland,651,115,17.67%
Summit,AKRON 5-C,ADQ,Northeast,Cleveland,946,285,30.13%
Summit,AKRON 5-D,ADS,Northeast,Cleveland,858,217,25.29%
Summit,AKRON 5-E,ADT,Northeast,Cleveland,809,126,15.57%
Summit,AKRON 5-F,ADU,Northeast,Cleveland,"1,061",234,22.05%
Summit,AKRON 5-G,ADV,Northeast,Cleveland,842,216,25.65%
Summit,AKRON 5-H,ADY,Northeast,Cleveland,842,278,33.02%
Summit,AKRON 6-A,AEF,Northeast,Cleveland,937,427,45.57%
Summit,AKRON 6-B,AEG,Northeast,Cleveland,880,392,44.55%
Summit,AKRON 6-C,AEH,Northeast,Cleveland,923,353,38.24%
Summit,AKRON 6-D,AEJ,Northeast,Cleveland,985,514,52.18%
Summit,AKRON 6-E,AEL,Northeast,Cleveland,922,402,43.60%
Summit,AKRON 6-F,AEN,Northeast,Cleveland,913,534,58.49%
Summit,AKRON 6-G,AEQ,Northeast,Cleveland,998,455,45.59%
Summit,AKRON 6-H,AER,Northeast,Cleveland,927,473,51.02%
Summit,AKRON 6-I,AEU,Northeast,Cleveland,941,450,47.82%
Summit,AKRON 6-J,AEV,Northeast,Cleveland,942,436,46.28%
Summit,AKRON 7-A,AFF,Northeast,Cleveland,902,383,42.46%
Summit,AKRON 7-B,AFK,Northeast,Cleveland,961,446,46.41%
Summit,AKRON 7-C,AFL,Northeast,Cleveland,840,277,32.98%
Summit,AKRON 7-D,AFM,Northeast,Cleveland,"1,045",249,23.83%
Summit,AKRON 7-E,AFN,Northeast,Cleveland,879,296,33.67%
Summit,AKRON 7-F,AFO,Northeast,Cleveland,929,513,55.22%
Summit,AKRON 7-G,AFQ,Northeast,Cleveland,901,258,28.63%
Summit,AKRON 7-H,AFR,Northeast,Cleveland,"1,038",627,60.40%
Summit,AKRON 7-I,AFS,Northeast,Cleveland,952,444,46.64%
Summit,AKRON 8-A,AGH,Northeast,Cleveland,742,474,63.88%
Summit,AKRON 8-B,AGN,Northeast,Cleveland,"1,108",774,69.86%
Summit,AKRON 8-C,AGP,Northeast,Cleveland,898,532,59.24%
Summit,AKRON 8-D,AGQ,Northeast,Cleveland,847,493,58.21%
Summit,AKRON 8-E,AGS,Northeast,Cleveland,770,600,77.92%
Summit,AKRON 8-F,AGT,Northeast,Cleveland,"1,033",707,68.44%
Summit,FAIRLAWN 6-A,AGU,Northeast,Cleveland,838,559,66.71%
Summit,AKRON 8-G,AGV,Northeast,Cleveland,929,477,51.35%
Summit,AKRON 8-H,AGW,Northeast,Cleveland,"1,061",381,35.91%
Summit,AKRON 8-I,AGY,Northeast,Cleveland,"1,015",611,60.20%
Summit,AKRON 8-J,AGZ,Northeast,Cleveland,844,575,68.13%
Summit,AKRON 8-K,AHA,Northeast,Cleveland,"1,038",751,72.35%
Summit,AKRON 8-L,AHB,Northeast,Cleveland,777,544,70.01%
Summit,AKRON 8-M,AHC,Northeast,Cleveland,968,676,69.83%
Summit,AKRON 9-A,AHJ,Northeast,Cleveland,923,343,37.16%
Summit,AKRON 9-B,AHK,Northeast,Cleveland,959,366,38.16%
Summit,AKRON 9-C,AHL,Northeast,Cleveland,931,326,35.02%
Summit,AKRON 9-D,AHN,Northeast,Cleveland,"1,035",482,46.57%
Summit,AKRON 9-E,AHO,Northeast,Cleveland,990,415,41.92%
Summit,AKRON 9-F,AHP,Northeast,Cleveland,895,262,29.27%
Summit,AKRON 9-G,AHR,Northeast,Cleveland,988,416,42.11%
Summit,AKRON 9-H,AHS,Northeast,Cleveland,971,379,39.03%
Summit,AKRON 10-A,AIF,Northeast,Cleveland,"1,011",367,36.30%
Summit,AKRON 10-B,AIG,Northeast,Cleveland,"1,008",427,42.36%
Summit,AKRON 10-C,AIH,Northeast,Cleveland,824,230,27.91%
Summit,AKRON 10-D,AII,Northeast,Cleveland,925,200,21.62%
Summit,AKRON 10-E,AIM,Northeast,Cleveland,949,432,45.52%
Summit,AKRON 10-F,AIN,Northeast,Cleveland,"1,001",425,42.46%
Summit,AKRON 10-G,AIP,Northeast,Cleveland,882,308,34.92%
Summit,AKRON 10-H,AIQ,Northeast,Cleveland,"1,066",459,43.06%
Summit,BARBERTON 1-A,AJA,Northeast,Cleveland,833,364,43.70%
Summit,BARBERTON 1-B,AJD,Northeast,Cleveland,838,360,42.96%
Summit,BARBERTON 2-A,AJG,Northeast,Cleveland,939,472,50.27%
Summit,BARBERTON 2-B,AJH,Northeast,Cleveland,887,525,59.19%
Summit,BARBERTON 3-A,AJL,Northeast,Cleveland,"1,052",406,38.59%
Summit,BARBERTON 3-B,AJM,Northeast,Cleveland,946,503,53.17%
Summit,BARBERTON 3-C,AJO,Northeast,Cleveland,931,655,70.35%
Summit,BARBERTON 4-A,AJR,Northeast,Cleveland,740,242,32.70%
Summit,BARBERTON 4-B,AJT,Northeast,Cleveland,754,249,33.02%
Summit,BARBERTON 5-A,AJV,Northeast,Cleveland,756,311,41.14%
Summit,BARBERTON 5-B,AJW,Northeast,Cleveland,785,364,46.37%
Summit,BARBERTON 6-A,AKA,Northeast,Cleveland,784,495,63.14%
Summit,BARBERTON 6-B,AKC,Northeast,Cleveland,759,308,40.58%
Summit,CUY FALLS 1-A,AKF,Northeast,Cleveland,"1,105",570,51.58%
Summit,CUY FALLS 1-B,AKG,Northeast,Cleveland,"1,127",498,44.19%
Summit,CUY FALLS 1-C,AKJ,Northeast,Cleveland,991,440,44.40%
Summit,CUY FALLS 2-A,AKO,Northeast,Cleveland,878,417,47.49%
Summit,CUY FALLS 2-B,AKP,Northeast,Cleveland,811,415,51.17%
Summit,CUY FALLS 2-C,AKS,Northeast,Cleveland,842,543,64.49%
Summit,CUY FALLS 3-A,AKV,Northeast,Cleveland,859,531,61.82%
Summit,CUY FALLS 3-B,AKW,Northeast,Cleveland,829,564,68.03%
Summit,CUY FALLS 3-C,AKZ,Northeast,Cleveland,907,587,64.72%
Summit,CUY FALLS 3-D,ALA,Northeast,Cleveland,880,570,64.77%
Summit,CUY FALLS 4-A,ALE,Northeast,Cleveland,829,346,41.74%
Summit,CUY FALLS 4-B,ALF,Northeast,Cleveland,847,457,53.96%
Summit,CUY FALLS 4-C,ALH,Northeast,Cleveland,884,521,58.94%
Summit,CUY FALLS 5-A,ALN,Northeast,Cleveland,782,295,37.72%
Summit,CUY FALLS 5-B,ALO,Northeast,Cleveland,782,563,71.99%
Summit,CUY FALLS 5-C,ALP,Northeast,Cleveland,"1,008",557,55.26%
Summit,CUY FALLS 5-D,ALQ,Northeast,Cleveland,856,522,60.98%
Summit,CUY FALLS 6-A,ALV,Northeast,Cleveland,823,482,58.57%
Summit,CUY FALLS 6-B,ALW,Northeast,Cleveland,839,504,60.07%
Summit,CUY FALLS 6-C,ALY,Northeast,Cleveland,854,475,55.62%
Summit,CUY FALLS 7-A,AMC,Northeast,Cleveland,857,513,59.86%
Summit,CUY FALLS 7-B,AME,Northeast,Cleveland,849,371,43.70%
Summit,CUY FALLS 7-C,AMG,Northeast,Cleveland,673,403,59.88%
Summit,CUY FALLS 7-D,AMH,Northeast,Cleveland,853,427,50.06%
Summit,CUY FALLS 8-A,AMJ,Northeast,Cleveland,996,629,63.15%
Summit,CUY FALLS 8-B,AMK,Northeast,Cleveland,967,615,63.60%
Summit,CUY FALLS 8-C,AMM,Northeast,Cleveland,"1,072",708,66.04%
Summit,CUY FALLS 8-D,AMN,Northeast,Cleveland,935,650,69.52%
Summit,CUY FALLS 8-E,AMO,Northeast,Cleveland,"1,366",925,67.72%
Summit,FAIRLAWN 1-A,AMS,Northeast,Cleveland,944,651,68.96%
Summit,FAIRLAWN 2-A,AMU,Northeast,Cleveland,987,667,67.58%
Summit,FAIRLAWN 3-A,AMW,Northeast,Cleveland,943,589,62.46%
Summit,FAIRLAWN 4-A,AMY,Northeast,Cleveland,"1,069",532,49.77%
Summit,FAIRLAWN 5-A,ANA,Northeast,Cleveland,879,537,61.09%
Summit,GREEN 1-A,ANC,Northeast,Cleveland,"1,236",674,54.53%
Summit,MACEDONIA A,ANE,Northeast,Cleveland,"1,076",654,60.78%
Summit,MACEDONIA B,ANG,Northeast,Cleveland,633,418,66.03%
Summit,MACEDONIA C,ANH,Northeast,Cleveland,852,553,64.91%
Summit,MACEDONIA D,ANI,Northeast,Cleveland,809,552,68.23%
Summit,MACEDONIA E,ANJ,Northeast,Cleveland,"1,067",716,67.10%
Summit,MACEDONIA F,ANK,Northeast,Cleveland,742,500,67.39%
Summit,NORTON 1-A,ANO,Northeast,Cleveland,665,423,63.61%
Summit,NORTON 1-B,ANP,Northeast,Cleveland,677,414,61.15%
Summit,NORTON 2-A,ANS,Northeast,Cleveland,778,437,56.17%
Summit,NORTON 2-B,ANU,Northeast,Cleveland,606,395,65.18%
Summit,NORTON 3-A,AOA,Northeast,Cleveland,763,500,65.53%
Summit,NORTON 3-B,AOC,Northeast,Cleveland,656,384,58.54%
Summit,STOW 1-A,AOD,Northeast,Cleveland,861,582,67.60%
Summit,STOW 1-B,AOE,Northeast,Cleveland,807,473,58.61%
Summit,STOW 1-C,AOG,Northeast,Cleveland,895,524,58.55%
Summit,STOW 1-D,AOI,Northeast,Cleveland,937,651,69.48%
Summit,STOW 1-E,AOJ,Northeast,Cleveland,888,567,63.85%
Summit,STOW 2-A,AOO,Northeast,Cleveland,944,643,68.11%
Summit,STOW 2-B,AOP,Northeast,Cleveland,974,602,61.81%
Summit,STOW 2-C,AOR,Northeast,Cleveland,978,681,69.63%
Summit,STOW 2-D,AOS,Northeast,Cleveland,"1,024",683,66.70%
Summit,STOW 2-E,AOT,Northeast,Cleveland,895,586,65.47%
Summit,STOW 3-A,AOY,Northeast,Cleveland,578,313,54.15%
Summit,STOW 3-B,AOZ,Northeast,Cleveland,905,563,62.21%
Summit,STOW 3-C,APB,Northeast,Cleveland,880,497,56.48%
Summit,STOW 3-D,APC,Northeast,Cleveland,"1,101",710,64.49%
Summit,STOW 4-A,API,Northeast,Cleveland,907,602,66.37%
Summit,STOW 4-B,APK,Northeast,Cleveland,932,574,61.59%
Summit,STOW 4-C,APL,Northeast,Cleveland,931,524,56.28%
Summit,STOW 4-D,APM,Northeast,Cleveland,"1,006",618,61.43%
Summit,STOW 4-E,APN,Northeast,Cleveland,929,635,68.35%
Summit,TALLMADGE 1-A,APQ,Northeast,Cleveland,789,568,71.99%
Summit,TALLMADGE 1-B,APR,Northeast,Cleveland,733,492,67.12%
Summit,TALLMADGE 1-C,APS,Northeast,Cleveland,766,309,40.34%
Summit,TALLMADGE 2-A,APV,Northeast,Cleveland,824,492,59.71%
Summit,TALLMADGE 2-B,APX,Northeast,Cleveland,792,539,68.06%
Summit,TALLMADGE 2-C,APZ,Northeast,Cleveland,881,578,65.61%
Summit,TALLMADGE 3-A,AQC,Northeast,Cleveland,859,498,57.97%
Summit,TALLMADGE 3-B,AQE,Northeast,Cleveland,789,471,59.70%
Summit,TALLMADGE 3-C,AQF,Northeast,Cleveland,743,475,63.93%
Summit,TALLMADGE 4-A,AQG,Northeast,Cleveland,728,459,63.05%
Summit,TALLMADGE 4-B,AQH,Northeast,Cleveland,761,377,49.54%
Summit,TALLMADGE 4-C,AQI,Northeast,Cleveland,927,482,52.00%
Summit,TWINSBURG 1-A,AQL,Northeast,Cleveland,890,577,64.83%
Summit,TWINSBURG 1-B,AQN,Northeast,Cleveland,868,499,57.49%
Summit,TWINSBURG 2-A,AQP,Northeast,Cleveland,932,587,62.98%
Summit,TWINSBURG 2-B,AQQ,Northeast,Cleveland,830,532,64.10%
Summit,TWINSBURG 3-A,AQS,Northeast,Cleveland,"1,012",614,60.67%
Summit,TWINSBURG 3-B,AQT,Northeast,Cleveland,"1,121",719,64.14%
Summit,TWINSBURG 4-A,AQV,Northeast,Cleveland,971,671,69.10%
Summit,TWINSBURG 4-B,AQW,Northeast,Cleveland,921,436,47.34%
Summit,TWINSBURG 5-A,AQX,Northeast,Cleveland,"1,130",698,61.77%
Summit,TWINSBURG 5-B,AQY,Northeast,Cleveland,956,512,53.56%
Summit,NORTHFIELD VILL B,AQZ,Northeast,Cleveland,594,299,50.34%
Summit,SILVER LAKE VILL A,ARA,Northeast,Cleveland,524,371,70.80%
Summit,BATH TWP A,ARB,Northeast,Cleveland,995,694,69.75%
Summit,SILVER LAKE VILL C,ARC,Northeast,Cleveland,536,390,72.76%
Summit,BATH TWP B,ARD,Northeast,Cleveland,929,639,68.78%
Summit,BATH TWP C,ARE,Northeast,Cleveland,"1,214",830,68.37%
Summit,BATH TWP D,ARH,Northeast,Cleveland,943,670,71.05%
Summit,BATH TWP E,ARI,Northeast,Cleveland,967,690,71.35%
Summit,BATH TWP F,ARK,Northeast,Cleveland,924,653,70.67%
Summit,PENINSULA VILL,ARO,Northeast,Cleveland,427,298,69.79%
Summit,BOSTON TWP,ARP,Northeast,Cleveland,551,360,65.34%
Summit,BOSTON HTS VILL,ARR,Northeast,Cleveland,"1,075",718,66.79%
Summit,CLINTON VILL,ARS,Northeast,Cleveland,852,528,61.97%
Summit,COPLEY TWP A,ARW,Northeast,Cleveland,"1,037",623,60.08%
Summit,COPLEY TWP B,ARX,Northeast,Cleveland,967,560,57.91%
Summit,COPLEY TWP C,ARY,Northeast,Cleveland,"1,037",611,58.92%
Summit,LAKEMORE VILL A,ARZ,Northeast,Cleveland,"1,042",630,60.46%
Summit,LAKEMORE VILL B,ASA,Northeast,Cleveland,902,469,52.00%
Summit,COPLEY TWP D,ASD,Northeast,Cleveland,"1,012",632,62.45%
Summit,COPLEY TWP E,ASE,Northeast,Cleveland,"1,033",713,69.02%
Summit,COPLEY TWP F,ASF,Northeast,Cleveland,"1,353",830,61.35%
Summit,COPLEY TWP G,ASG,Northeast,Cleveland,"1,353",854,63.12%
Summit,COPLEY TWP H,ASH,Northeast,Cleveland,"1,070",640,59.81%
Summit,COVENTRY TWP A,ASI,Northeast,Cleveland,917,436,47.55%
Summit,COVENTRY TWP B,ASK,Northeast,Cleveland,853,485,56.86%
Summit,COVENTRY TWP C,ASL,Northeast,Cleveland,875,475,54.29%
Summit,COVENTRY TWP D,ASO,Northeast,Cleveland,916,512,55.90%
Summit,COVENTRY TWP E,ASP,Northeast,Cleveland,881,548,62.20%
Summit,COVENTRY TWP F,ASR,Northeast,Cleveland,888,488,54.95%
Summit,NEW FRANKLIN 1-A,ASW,Northeast,Cleveland,694,432,62.25%
Summit,NEW FRANKLIN 2-A,ASZ,Northeast,Cleveland,901,541,60.04%
Summit,NEW FRANKLIN 2-B,ATA,Northeast,Cleveland,845,531,62.84%
Summit,NEW FRANKLIN 1-B,ATB,Northeast,Cleveland,976,573,58.71%
Summit,NEW FRANKLIN 3-A,ATC,Northeast,Cleveland,870,538,61.84%
Summit,NORTON 4-A,ATE,Northeast,Cleveland,959,514,53.60%
Summit,NEW FRANKLIN 3-B,ATF,Northeast,Cleveland,875,501,57.26%
Summit,NORTON 4-B,ATG,Northeast,Cleveland,937,530,56.56%
Summit,MOGADORE VILL A,ATN,Northeast,Cleveland,887,529,59.64%
Summit,MOGADORE VILL B,ATO,Northeast,Cleveland,906,497,54.86%
Summit,MUNROE FALLS 2-A,ATS,Northeast,Cleveland,596,370,62.08%
Summit,MUNROE FALLS 3-A,ATV,Northeast,Cleveland,597,407,68.17%
Summit,MUNROE FALLS 1-A,ATW,Northeast,Cleveland,617,423,68.56%
Summit,NORTHFIELD VILL C,ATZ,Northeast,Cleveland,536,276,51.49%
Summit,NORTHFIELD VILL A,AUA,Northeast,Cleveland,565,325,57.52%
Summit,NORTHFIELD VILL D,AUB,Northeast,Cleveland,644,320,49.69%
Summit,NFLD CTR TWP A,AUE,Northeast,Cleveland,"1,032",674,65.31%
Summit,NFLD CTR TWP B,AUF,Northeast,Cleveland,835,567,67.90%
Summit,NFLD CTR TWP C,AUG,Northeast,Cleveland,742,533,71.83%
Summit,REMINDERVILLE A,AUI,Northeast,Cleveland,"1,385",773,55.81%
Summit,REMINDERVILLE B,AUJ,Northeast,Cleveland,840,557,66.31%
Summit,RICHFIELD TWP Y,AUL,Northeast,Cleveland,"1,106",771,69.71%
Summit,RICHFIELD TWP Z,AUM,Northeast,Cleveland,"1,032",682,66.09%
Summit,RICHFIELD VILL A,AUN,Northeast,Cleveland,951,603,63.41%
Summit,RICHFIELD VILL B,AUQ,Northeast,Cleveland,940,599,63.72%
Summit,SAGAMORE HILLS TWP A,AUS,Northeast,Cleveland,"1,005",750,74.63%
Summit,SAGAMORE HILLS TWP B,AUT,Northeast,Cleveland,944,655,69.39%
Summit,SAGAMORE HILLS TWP C,AUU,Northeast,Cleveland,999,751,75.18%
Summit,SAGAMORE HILLS TWP D,AUX,Northeast,Cleveland,"1,026",720,70.18%
Summit,SAGAMORE HILLS TWP E,AUY,Northeast,Cleveland,"1,090",733,67.25%
Summit,SAGAMORE HILLS TWP F,AUZ,Northeast,Cleveland,50,11,22.00%
Summit,SAGAMORE HILLS TWP G,AVC,Northeast,Cleveland,917,600,65.43%
Summit,SILVER LAKE VILL D,AVF,Northeast,Cleveland,513,359,69.98%
Summit,SILVER LAKE VILL B,AVG,Northeast,Cleveland,550,374,68.00%
Summit,SPRINGFIELD TWP A,AVH,Northeast,Cleveland,"1,011",499,49.36%
Summit,SPRINGFIELD TWP B,AVI,Northeast,Cleveland,877,434,49.49%
Summit,SPRINGFIELD TWP C,AVK,Northeast,Cleveland,960,561,58.44%
Summit,SPRINGFIELD TWP D,AVN,Northeast,Cleveland,980,644,65.71%
Summit,SPRINGFIELD TWP E,AVO,Northeast,Cleveland,"1,008",663,65.77%
Summit,SPRINGFIELD TWP F,AVS,Northeast,Cleveland,883,454,51.42%
Summit,SPRINGFIELD TWP G,AVT,Northeast,Cleveland,614,342,55.70%
Summit,TWINSBURG TWP A,AVX,Northeast,Cleveland,"1,269",825,65.01%
Summit,TWINSBURG TWP B,AVY,Northeast,Cleveland,648,265,40.90%
Summit,GREEN 1-B,AVZ,Northeast,Cleveland,932,627,67.27%
Summit,GREEN 1-C,AWA,Northeast,Cleveland,875,484,55.31%
Summit,GREEN 1-D,AWB,Northeast,Cleveland,"1,158",683,58.98%
Summit,GREEN 2-A,AWH,Northeast,Cleveland,799,459,57.45%
Summit,GREEN 2-B,AWI,Northeast,Cleveland,930,547,58.82%
Summit,GREEN 2-C,AWJ,Northeast,Cleveland,884,468,52.94%
Summit,GREEN 2-D,AWK,Northeast,Cleveland,"1,141",642,56.27%
Summit,GREEN 3-A,AWM,Northeast,Cleveland,972,600,61.73%
Summit,GREEN 3-B,AWN,Northeast,Cleveland,908,600,66.08%
Summit,GREEN 3-C,AWP,Northeast,Cleveland,"1,018",642,63.06%
Summit,GREEN 3-D,AWQ,Northeast,Cleveland,"1,045",677,64.78%
Summit,GREEN 4-A,AWU,Northeast,Cleveland,928,567,61.10%
Summit,GREEN 4-B,AWV,Northeast,Cleveland,"1,139",696,61.11%
Summit,GREEN 4-C,AWX,Northeast,Cleveland,866,496,57.27%
Summit,GREEN 4-D,AWY,Northeast,Cleveland,882,554,62.81%
Summit,HUDSON 1-A,AXA,Northeast,Cleveland,860,579,67.33%
Summit,HUDSON 1-B,AXB,Northeast,Cleveland,956,633,66.21%
Summit,HUDSON 1-C,AXC,Northeast,Cleveland,889,628,70.64%
Summit,HUDSON 2-A,AXH,Northeast,Cleveland,"1,100",715,65.00%
Summit,HUDSON 2-B,AXI,Northeast,Cleveland,"1,019",690,67.71%
Summit,HUDSON 2-C,AXJ,Northeast,Cleveland,855,543,63.51%
Summit,HUDSON 3-A,AXO,Northeast,Cleveland,889,612,68.84%
Summit,HUDSON 3-B,AXQ,Northeast,Cleveland,884,593,67.08%
Summit,HUDSON 3-C,AXS,Northeast,Cleveland,913,627,68.67%
Summit,HUDSON 4-A,AXV,Northeast,Cleveland,829,552,66.59%
Summit,HUDSON 4-B,AXX,Northeast,Cleveland,811,570,70.28%
Summit,HUDSON 4-C,AYA,Northeast,Cleveland,879,622,70.76%
Summit,NEW FRANKLIN 4-B,AYD,Northeast,Cleveland,691,375,54.27%
Summit,NEW FRANKLIN 4-A,AYE,Northeast,Cleveland,782,482,61.64%
Summit,COPLEY TWP I,AYH,Northeast,Cleveland,960,557,58.02%
Summit,HUDSON 1-D,AYI,Northeast,Cleveland,882,628,71.20%
Summit,AKRON 1-L,AYJ,Northeast,Cleveland,987,314,31.81%
Summit,AKRON 1-M,AYK,Northeast,Cleveland,744,102,13.71%
Summit,AKRON 2-H,AYL,Northeast,Cleveland,731,192,26.27%
Summit,AKRON 2-I,AYM,Northeast,Cleveland,820,271,33.05%
Summit,AKRON 2-J,AYN,Northeast,Cleveland,919,387,42.11%
Summit,AKRON 2-K,AYO,Northeast,Cleveland,985,336,34.11%
Summit,AKRON 2-L,AYP,Northeast,Cleveland,966,413,42.75%
Summit,AKRON 2-M,AYQ,Northeast,Cleveland,745,225,30.20%
Summit,AKRON 3-J,AYR,Northeast,Cleveland,937,326,34.79%
Summit,AKRON 3-K,AYS,Northeast,Cleveland,781,153,19.59%
Summit,AKRON 3-L,AYT,Northeast,Cleveland,"1,128",211,18.71%
Summit,AKRON 3-M,AYU,Northeast,Cleveland,603,104,17.25%
Summit,AKRON 3-N,AYV,Northeast,Cleveland,552,125,22.64%
Summit,AKRON 4-K,AYW,Northeast,Cleveland,710,219,30.85%
Summit,AKRON 4-L,AYX,Northeast,Cleveland,860,409,47.56%
Summit,AKRON 4-M,AYY,Northeast,Cleveland,903,346,38.32%
Summit,AKRON 4-N,AYZ,Northeast,Cleveland,908,417,45.93%
Summit,AKRON 4-O,AZA,Northeast,Cleveland,851,554,65.10%
Summit,AKRON 4-P,AZB,Northeast,Cleveland,860,319,37.09%
Summit,AKRON 5-I,AZC,Northeast,Cleveland,765,179,23.40%
Summit,AKRON 5-J,AZD,Northeast,Cleveland,904,206,22.79%
Summit,AKRON 5-K,AZE,Northeast,Cleveland,830,201,24.22%
Summit,AKRON 5-L,AZF,Northeast,Cleveland,858,263,30.65%
Summit,AKRON 5-M,AZG,Northeast,Cleveland,769,100,13.00%
Summit,AKRON 5-N,AZH,Northeast,Cleveland,542,99,18.27%
Summit,AKRON 6-K,AZI,Northeast,Cleveland,943,429,45.49%
Summit,AKRON 6-L,AZJ,Northeast,Cleveland,933,509,54.56%
Summit,AKRON 6-M,AZK,Northeast,Cleveland,962,347,36.07%
Summit,AKRON 7-J,AZL,Northeast,Cleveland,935,534,57.11%
Summit,AKRON 7-K,AZM,Northeast,Cleveland,842,188,22.33%
Summit,AKRON 7-L,AZN,Northeast,Cleveland,947,386,40.76%
Summit,AKRON 7-M,AZO,Northeast,Cleveland,883,341,38.62%
Summit,AKRON 8-N,AZP,Northeast,Cleveland,743,334,44.95%
Summit,AKRON 8-O,AZQ,Northeast,Cleveland,977,678,69.40%
Summit,AKRON 8-P,AZR,Northeast,Cleveland,954,631,66.14%
Summit,AKRON 8-Q,AZS,Northeast,Cleveland,784,568,72.45%
Summit,AKRON 9-I,AZT,Northeast,Cleveland,"1,056",293,27.75%
Summit,AKRON 9-J,AZU,Northeast,Cleveland,"1,010",412,40.79%
Summit,AKRON 9-K,AZV,Northeast,Cleveland,975,274,28.10%
Summit,AKRON 10-I,AZW,Northeast,Cleveland,808,290,35.89%
Summit,AKRON 10-J,AZX,Northeast,Cleveland,989,279,28.21%
Summit,AKRON 10-K,AZY,Northeast,Cleveland,929,404,43.49%
Summit,AKRON 10-L,AZZ,Northeast,Cleveland,396,104,26.26%
Summit,AKRON 10-M,BAA,Northeast,Cleveland,948,355,37.45%
Summit,BARBERTON 1-C,BAB,Northeast,Cleveland,905,432,47.73%
Summit,BARBERTON 2-C,BAC,Northeast,Cleveland,875,368,42.06%
Summit,BARBERTON 4-C,BAD,Northeast,Cleveland,808,354,43.81%
Summit,BARBERTON 5-C,BAE,Northeast,Cleveland,737,298,40.43%
Summit,BARBERTON 6-C,BAF,Northeast,Cleveland,825,434,52.61%
Summit,CUY FALLS 1-D,BAG,Northeast,Cleveland,955,511,53.51%
Summit,CUY FALLS 2-D,BAH,Northeast,Cleveland,837,436,52.09%
Summit,CUY FALLS 2-E,BAI,Northeast,Cleveland,829,461,55.61%
Summit,CUY FALLS 3-E,BAJ,Northeast,Cleveland,918,518,56.43%
Summit,CUY FALLS 4-D,BAK,Northeast,Cleveland,872,488,55.96%
Summit,CUY FALLS 4-E,BAL,Northeast,Cleveland,821,464,56.52%
Summit,CUY FALLS 5-E,BAM,Northeast,Cleveland,872,442,50.69%
Summit,CUY FALLS 6-D,BAN,Northeast,Cleveland,768,437,56.90%
Summit,CUY FALLS 6-E,BAO,Northeast,Cleveland,792,447,56.44%
Summit,CUY FALLS 7-E,BAP,Northeast,Cleveland,825,499,60.48%
Summit,CUY FALLS 8-F,BAQ,Northeast,Cleveland,714,375,52.52%
Summit,GREEN 1-E,BAR,Northeast,Cleveland,944,626,66.31%
Summit,GREEN 2-E,BAS,Northeast,Cleveland,876,533,60.84%
Summit,GREEN 3-E,BAT,Northeast,Cleveland,972,619,63.68%
Summit,GREEN 4-E,BAU,Northeast,Cleveland,834,516,61.87%
Summit,HUDSON 1-E,BAV,Northeast,Cleveland,904,584,64.60%
Summit,HUDSON 2-D,BAW,Northeast,Cleveland,"1,157",837,72.34%
Summit,HUDSON 2-E,BAX,Northeast,Cleveland,953,662,69.46%
Summit,HUDSON 3-D,BAY,Northeast,Cleveland,859,530,61.70%
Summit,HUDSON 3-E,BAZ,Northeast,Cleveland,862,577,66.94%
Summit,HUDSON 4-D,BBA,Northeast,Cleveland,833,573,68.79%
Summit,HUDSON 4-E,BBB,Northeast,Cleveland,877,590,67.27%
Summit,MACEDONIA G,BBC,Northeast,Cleveland,654,434,66.36%
Summit,MACEDONIA H,BBD,Northeast,Cleveland,868,565,65.09%
Summit,MACEDONIA I,BBE,Northeast,Cleveland,529,338,63.89%
Summit,MACEDONIA J,BBF,Northeast,Cleveland,742,529,71.29%
Summit,MACEDONIA K,BBG,Northeast,Cleveland,476,323,67.86%
Summit,MACEDONIA L,BBH,Northeast,Cleveland,621,421,67.79%
Summit,MUNROE FALLS 1-B,BBI,Northeast,Cleveland,662,398,60.12%
Summit,MUNROE FALLS 2-B,BBJ,Northeast,Cleveland,689,423,61.39%
Summit,MUNROE FALLS 3-B,BBK,Northeast,Cleveland,561,383,68.27%
Summit,NEW FRANKLIN 1-C,BBL,Northeast,Cleveland,742,427,57.55%
Summit,NEW FRANKLIN 2-C,BBM,Northeast,Cleveland,898,586,65.26%
Summit,NEW FRANKLIN 3-C,BBN,Northeast,Cleveland,875,608,69.49%
Summit,NEW FRANKLIN 4-C,BBO,Northeast,Cleveland,759,430,56.65%
Summit,NORTON 1-C,BBP,Northeast,Cleveland,708,428,60.45%
Summit,NORTON 2-C,BBQ,Northeast,Cleveland,703,427,60.74%
Summit,NORTON 3-C,BBR,Northeast,Cleveland,661,423,63.99%
Summit,STOW 1-F,BBS,Northeast,Cleveland,897,524,58.42%
Summit,STOW 1-G,BBT,Northeast,Cleveland,968,636,65.70%
Summit,STOW 2-F,BBU,Northeast,Cleveland,908,635,69.93%
Summit,STOW 2-G,BBV,Northeast,Cleveland,897,628,70.01%
Summit,STOW 3-E,BBW,Northeast,Cleveland,968,520,53.72%
Summit,STOW 3-F,BBX,Northeast,Cleveland,881,433,49.15%
Summit,STOW 4-F,BBY,Northeast,Cleveland,"1,000",474,47.40%
Summit,STOW 4-G,BBZ,Northeast,Cleveland,918,582,63.40%
Summit,TALLMADGE 1-D,BCA,Northeast,Cleveland,902,498,55.21%
Summit,TALLMADGE 2-D,BCB,Northeast,Cleveland,849,619,72.91%
Summit,TALLMADGE 3-D,BCC,Northeast,Cleveland,707,455,64.36%
Summit,TALLMADGE 4-D,BCD,Northeast,Cleveland,905,582,64.31%
Summit,TWINSBURG 1-C,BCE,Northeast,Cleveland,865,582,67.28%
Summit,TWINSBURG 2-C,BCF,Northeast,Cleveland,936,622,66.45%
Summit,TWINSBURG 3-C,BCG,Northeast,Cleveland,914,588,64.33%
Summit,TWINSBURG 4-C,BCH,Northeast,Cleveland,929,654,70.40%
Summit,TWINSBURG 5-C,BCI,Northeast,Cleveland,789,519,65.78%
Summit,REMINDERVILLE C,BCJ,Northeast,Cleveland,"1,211",673,55.57%
Summit,RICHFIELD VILL C,BCK,Northeast,Cleveland,978,700,71.57%
Summit,BATH TWP G,BCL,Northeast,Cleveland,"1,094",774,70.75%
Summit,BATH TWP H,BCM,Northeast,Cleveland,895,604,67.49%
Summit,COPLEY TWP J,BCN,Northeast,Cleveland,"1,087",760,69.92%
Summit,COPLEY TWP K,BCO,Northeast,Cleveland,"1,034",688,66.54%
Summit,COPLEY TWP L,BCP,Northeast,Cleveland,"1,102",752,68.24%
Summit,COVENTRY TWP G,BCQ,Northeast,Cleveland,868,480,55.30%
Summit,COVENTRY TWP H,BCR,Northeast,Cleveland,938,587,62.58%
Summit,NFLD CTR TWP D,BCS,Northeast,Cleveland,812,549,67.61%
Summit,NFLD CTR TWP E,BCT,Northeast,Cleveland,848,579,68.28%
Summit,SAGAMORE HILLS TWP H,BCU,Northeast,Cleveland,"1,041",747,71.76%
Summit,SAGAMORE HILLS TWP I,BCV,Northeast,Cleveland,534,365,68.35%
Summit,SAGAMORE HILLS TWP J,BCW,Northeast,Cleveland,827,584,70.62%
Summit,SPRINGFIELD TWP H,BCX,Northeast,Cleveland,"1,016",633,62.30%
Summit,SPRINGFIELD TWP I,BCY,Northeast,Cleveland,938,572,60.98%
Summit,SPRINGFIELD TWP J,BCZ,Northeast,Cleveland,934,452,48.39%
Summit,TWINSBURG TWP C,BDA,Northeast,Cleveland,792,498,62.88%
Trumbull,GIRARD CITY 1A,AAA,Northeast,Youngstown,777,580,74.65%
Trumbull,GIRARD CITY 1B,AAB,Northeast,Youngstown,765,405,52.94%
Trumbull,GIRARD CITY 2A,AAE,Northeast,Youngstown,850,511,60.12%
Trumbull,GIRARD CITY 2B,AAF,Northeast,Youngstown,928,458,49.35%
Trumbull,GIRARD CITY 3A,AAI,Northeast,Youngstown,803,313,38.98%
Trumbull,GIRARD CITY 3D,AAL,Northeast,Youngstown,852,424,49.77%
Trumbull,GIRARD CITY 4A,AAM,Northeast,Youngstown,658,299,45.44%
Trumbull,GIRARD CITY 4C,AAO,Northeast,Youngstown,694,252,36.31%
Trumbull,HUBBARD CITY 1A,AAQ,Northeast,Youngstown,593,405,68.30%
Trumbull,HUBBARD CITY 1B,AAR,Northeast,Youngstown,604,346,57.28%
Trumbull,HUBBARD CITY 2B,AAT,Northeast,Youngstown,867,563,64.94%
Trumbull,HUBBARD CITY 2C,AAU,Northeast,Youngstown,877,557,63.51%
Trumbull,HUBBARD CITY 3A,AAW,Northeast,Youngstown,618,318,51.46%
Trumbull,HUBBARD CITY 3B,AAX,Northeast,Youngstown,586,287,48.98%
Trumbull,HUBBARD CITY 4A,AAZ,Northeast,Youngstown,564,343,60.82%
Trumbull,HUBBARD CITY 4B,ABA,Northeast,Youngstown,741,421,56.82%
Trumbull,NILES CITY 1A,ABD,Northeast,Youngstown,798,467,58.52%
Trumbull,NILES CITY 1C,ABF,Northeast,Youngstown,"1,066",508,47.65%
Trumbull,NILES CITY 1D,ABG,Northeast,Youngstown,"1,053",488,46.34%
Trumbull,NILES CITY 2A,ABJ,Northeast,Youngstown,995,706,70.95%
Trumbull,NILES CITY 2B,ABK,Northeast,Youngstown,835,540,64.67%
Trumbull,NILES CITY 2C,ABL,Northeast,Youngstown,923,523,56.66%
Trumbull,NILES CITY 2E,ABN,Northeast,Youngstown,740,384,51.89%
Trumbull,NILES CITY 3A,ABP,Northeast,Youngstown,885,453,51.19%
Trumbull,NILES CITY 3C,ABR,Northeast,Youngstown,952,351,36.87%
Trumbull,NILES CITY 3D,ABS,Northeast,Youngstown,"1,019",478,46.91%
Trumbull,NILES CITY 4A,ABX,Northeast,Youngstown,863,377,43.68%
Trumbull,NILES CITY 4C,ABZ,Northeast,Youngstown,899,403,44.83%
Trumbull,NILES CITY 4D,ACA,Northeast,Youngstown,"1,066",479,44.93%
Trumbull,WARREN CITY 1A,ACF,Northeast,Youngstown,"1,182",571,48.31%
Trumbull,WARREN CITY 1B,ACG,Northeast,Youngstown,954,214,22.43%
Trumbull,WARREN CITY 1E,ACJ,Northeast,Youngstown,928,355,38.25%
Trumbull,WARREN CITY 1G,ACL,Northeast,Youngstown,"1,090",540,49.54%
Trumbull,WARREN CITY 2C,ACS,Northeast,Youngstown,"1,082",369,34.10%
Trumbull,WARREN CITY 2F,ACV,Northeast,Youngstown,"1,011",333,32.94%
Trumbull,WARREN CITY 2G,ACW,Northeast,Youngstown,789,180,22.81%
Trumbull,WARREN CITY 3D,ADA,Northeast,Youngstown,816,432,52.94%
Trumbull,WARREN CITY 3G,ADD,Northeast,Youngstown,"1,041",452,43.42%
Trumbull,WARREN CITY 3J,ADF,Northeast,Youngstown,752,471,62.63%
Trumbull,WARREN CITY 3K,ADG,Northeast,Youngstown,"1,127",758,67.26%
Trumbull,WARREN CITY 3L,ADH,Northeast,Youngstown,"1,094",555,50.73%
Trumbull,WARREN CITY 4A,ADI,Northeast,Youngstown,"1,072",341,31.81%
Trumbull,WARREN CITY 4D,ADL,Northeast,Youngstown,984,270,27.44%
Trumbull,WARREN CITY 4F,ADN,Northeast,Youngstown,630,172,27.30%
Trumbull,WARREN CITY 5D,ADT,Northeast,Youngstown,813,394,48.46%
Trumbull,WARREN CITY 5E,ADU,Northeast,Youngstown,812,373,45.94%
Trumbull,WARREN CITY 5F,ADV,Northeast,Youngstown,748,334,44.65%
Trumbull,WARREN CITY 5G,ADW,Northeast,Youngstown,773,251,32.47%
Trumbull,WARREN CITY 5K,ADZ,Northeast,Youngstown,851,537,63.10%
Trumbull,WARREN CITY 6B,AEC,Northeast,Youngstown,913,226,24.75%
Trumbull,WARREN CITY 6D,AEE,Northeast,Youngstown,803,248,30.88%
Trumbull,WARREN CITY 6G,AEH,Northeast,Youngstown,929,283,30.46%
Trumbull,WARREN CITY 7A,AEI,Northeast,Youngstown,"1,047",361,34.48%
Trumbull,WARREN CITY 7C,AEK,Northeast,Youngstown,"1,091",407,37.31%
Trumbull,WARREN CITY 7D,AEL,Northeast,Youngstown,769,220,28.61%
Trumbull,BAZETTA TWP B,AER,Northeast,Youngstown,"1,339",796,59.45%
Trumbull,BAZETTA TWP C,AES,Northeast,Youngstown,624,401,64.26%
Trumbull,BAZETTA TWP D,AET,Northeast,Youngstown,779,561,72.02%
Trumbull,BAZETTA TWP F,AEV,Northeast,Youngstown,589,390,66.21%
Trumbull,BAZETTA TWP G,AEW,Northeast,Youngstown,"1,220",763,62.54%
Trumbull,BLOOMFIELD TWP,AEX,Northeast,Youngstown,598,325,54.35%
Trumbull,BRACEVILLE TWP B,AEZ,Northeast,Youngstown,842,527,62.59%
Trumbull,BRACEVILLE TWP C,AFA,Northeast,Youngstown,936,529,56.52%
Trumbull,BRISTOL TWP A,AFB,Northeast,Youngstown,961,555,57.75%
Trumbull,BRISTOL TWP C,AFD,Northeast,Youngstown,944,552,58.47%
Trumbull,BROOKFIELD TWP B,AFE,Northeast,Youngstown,808,456,56.44%
Trumbull,BROOKFIELD TWP D,AFG,Northeast,Youngstown,834,312,37.41%
Trumbull,BROOKFIELD TWP E,AFH,Northeast,Youngstown,836,389,46.53%
Trumbull,BROOKFIELD TWP H,AFK,Northeast,Youngstown,839,501,59.71%
Trumbull,BROOKFIELD TWP K,AFM,Northeast,Youngstown,"1,019",694,68.11%
Trumbull,BROOKFIELD TWP L,AFN,Northeast,Youngstown,548,283,51.64%
Trumbull,BROOKFIELD TWP A,AFQ,Northeast,Youngstown,934,592,63.38%
Trumbull,CHAMPION TWP A,AFR,Northeast,Youngstown,"1,069",679,63.52%
Trumbull,CHAMPION TWP B,AFS,Northeast,Youngstown,903,545,60.35%
Trumbull,CHAMPION TWP C,AFT,Northeast,Youngstown,886,479,54.06%
Trumbull,CHAMPION TWP E,AFV,Northeast,Youngstown,949,600,63.22%
Trumbull,CHAMPION TWP F,AFW,Northeast,Youngstown,996,599,60.14%
Trumbull,CHAMPION TWP G,AFX,Northeast,Youngstown,"1,136",673,59.24%
Trumbull,CHAMPION TWP K,AGA,Northeast,Youngstown,648,403,62.19%
Trumbull,FARMINGTON TWP,AGC,Northeast,Youngstown,"1,056",524,49.62%
Trumbull,WEST FARMINGTON VILLAGE,AGD,Northeast,Youngstown,293,147,50.17%
Trumbull,FOWLER TWP A,AGE,Northeast,Youngstown,865,542,62.66%
Trumbull,FOWLER TWP C,AGG,Northeast,Youngstown,968,592,61.16%
Trumbull,GREENE TWP,AGH,Northeast,Youngstown,562,327,58.19%
Trumbull,GUSTAVUS TWP,AGI,Northeast,Youngstown,575,399,69.39%
Trumbull,HARTFORD TWP A,AGK,Northeast,Youngstown,721,454,62.97%
Trumbull,HARTFORD TWP B,AGL,Northeast,Youngstown,812,510,62.81%
Trumbull,HOWLAND TWP A,AGN,Northeast,Youngstown,760,401,52.76%
Trumbull,HOWLAND TWP B,AGO,Northeast,Youngstown,756,332,43.92%
Trumbull,HOWLAND TWP E,AGR,Northeast,Youngstown,816,471,57.72%
Trumbull,HOWLAND TWP H,AGU,Northeast,Youngstown,"1,130",758,67.08%
Trumbull,HOWLAND TWP J,AGV,Northeast,Youngstown,"1,015",659,64.93%
Trumbull,HOWLAND TWP L,AGW,Northeast,Youngstown,520,267,51.35%
Trumbull,HOWLAND TWP N,AGY,Northeast,Youngstown,"1,019",661,64.87%
Trumbull,HOWLAND TWP R,AHB,Northeast,Youngstown,"1,082",666,61.55%
Trumbull,HOWLAND TWP S,AHC,Northeast,Youngstown,"1,025",653,63.71%
Trumbull,HOWLAND TWP U,AHE,Northeast,Youngstown,831,598,71.96%
Trumbull,HOWLAND TWP V,AHF,Northeast,Youngstown,"1,115",617,55.34%
Trumbull,HOWLAND TWP W,AHG,Northeast,Youngstown,622,399,64.15%
Trumbull,HOWLAND TWP X,AHH,Northeast,Youngstown,"1,204",835,69.35%
Trumbull,HOWLAND TWP Y,AHI,Northeast,Youngstown,"1,076",626,58.18%
Trumbull,HUBBARD TWP A,AHJ,Northeast,Youngstown,998,635,63.63%
Trumbull,HUBBARD TWP B,AHK,Northeast,Youngstown,855,507,59.30%
Trumbull,HUBBARD TWP D,AHM,Northeast,Youngstown,994,596,59.96%
Trumbull,HUBBARD TWP F,AHO,Northeast,Youngstown,939,501,53.35%
Trumbull,JOHNSTON TWP A,AHR,Northeast,Youngstown,704,455,64.63%
Trumbull,JOHNSTON TWP B,AHS,Northeast,Youngstown,588,352,59.86%
Trumbull,KINSMAN TWP A,AHT,Northeast,Youngstown,624,372,59.62%
Trumbull,KINSMAN TWP C,AHV,Northeast,Youngstown,587,399,67.97%
Trumbull,LIBERTY TWP A,AHW,Northeast,Youngstown,696,366,52.59%
Trumbull,LIBERTY TWP B,AHX,Northeast,Youngstown,854,529,61.94%
Trumbull,LIBERTY TWP C,AHY,Northeast,Youngstown,"1,002",526,52.50%
Trumbull,LIBERTY TWP D,AHZ,Northeast,Youngstown,"1,051",568,54.04%
Trumbull,LIBERTY TWP E,AIA,Northeast,Youngstown,"1,155",539,46.67%
Trumbull,LIBERTY TWP G,AIC,Northeast,Youngstown,"1,147",495,43.16%
Trumbull,LIBERTY TWP J,AIE,Northeast,Youngstown,"1,109",742,66.91%
Trumbull,LIBERTY TWP L,AIG,Northeast,Youngstown,558,339,60.75%
Trumbull,LIBERTY TWP N,AII,Northeast,Youngstown,"1,246",702,56.34%
Trumbull,LORDSTOWN VILLAGE A,AIP,Northeast,Youngstown,697,420,60.26%
Trumbull,LORDSTOWN VILLAGE B,AIQ,Northeast,Youngstown,999,554,55.46%
Trumbull,LORDSTOWN VILLAGE C,AIR,Northeast,Youngstown,834,487,58.39%
Trumbull,MECCA TWP A,AIT,Northeast,Youngstown,917,558,60.85%
Trumbull,MECCA TWP B,AIU,Northeast,Youngstown,749,454,60.61%
Trumbull,MESPO TWP A,AIW,Northeast,Youngstown,736,304,41.30%
Trumbull,NEWTON TWP A,AIY,Northeast,Youngstown,995,516,51.86%
Trumbull,NEWTON TWP B,AIZ,Northeast,Youngstown,779,438,56.23%
Trumbull,NEWTON TWP D,AJB,Northeast,Youngstown,"1,069",630,58.93%
Trumbull,NEWTON FALLS VILLAGE 1A,AJD,Northeast,Youngstown,806,415,51.49%
Trumbull,NEWTON FALLS VILLAGE 2A,AJF,Northeast,Youngstown,573,269,46.95%
Trumbull,NEWTON FALLS VILLAGE 3A,AJG,Northeast,Youngstown,958,414,43.22%
Trumbull,NEWTON FALLS VILLAGE 4A,AJH,Northeast,Youngstown,662,335,50.60%
Trumbull,SOUTHINGTON TWP B,AJJ,Northeast,Youngstown,750,441,58.80%
Trumbull,SOUTHINGTON TWP C,AJK,Northeast,Youngstown,925,520,56.22%
Trumbull,SOUTHINGTON TWP D,AJL,Northeast,Youngstown,791,454,57.40%
Trumbull,VERNON TWP A,AJM,Northeast,Youngstown,941,560,59.51%
Trumbull,VIENNA TWP A,AJO,Northeast,Youngstown,"1,167",752,64.44%
Trumbull,VIENNA TWP B,AJP,Northeast,Youngstown,"1,055",696,65.97%
Trumbull,VIENNA TWP C,AJQ,Northeast,Youngstown,833,476,57.14%
Trumbull,WARREN TWP B,AJU,Northeast,Youngstown,832,430,51.68%
Trumbull,WARREN TWP D,AJW,Northeast,Youngstown,863,350,40.56%
Trumbull,WARREN TWP E,AJX,Northeast,Youngstown,833,453,54.38%
Trumbull,WARREN TWP F,AJY,Northeast,Youngstown,596,247,41.44%
Trumbull,WEATHERSFIELD TWP A,AKA,Northeast,Youngstown,902,386,42.79%
Trumbull,WEATHERSFIELD TWP B,AKB,Northeast,Youngstown,807,457,56.63%
Trumbull,WEATHERSFIELD TWP C,AKC,Northeast,Youngstown,372,184,49.46%
Trumbull,WEATHERSFIELD TWP D,AKD,Northeast,Youngstown,"1,026",654,63.74%
Trumbull,WEATHERSFIELD TWP E,AKE,Northeast,Youngstown,789,432,54.75%
Trumbull,WEATHERSFIELD TWP G,AKG,Northeast,Youngstown,729,397,54.46%
Trumbull,WEATHERSFIELD TWP J,AKI,Northeast,Youngstown,744,428,57.53%
Trumbull,MCDONALD VILLAGE A,AKM,Northeast,Youngstown,771,481,62.39%
Trumbull,MCDONALD VILLAGE B,AKN,Northeast,Youngstown,643,364,56.61%
Trumbull,MCDONALD VILLAGE C,AKO,Northeast,Youngstown,862,564,65.43%
Trumbull,CORTLAND CITY A,AKQ,Northeast,Youngstown,987,698,70.72%
Trumbull,CORTLAND CITY C,AKS,Northeast,Youngstown,901,615,68.26%
Trumbull,CORTLAND CITY D,AKT,Northeast,Youngstown,994,577,58.05%
Trumbull,CORTLAND CITY F,AKV,Northeast,Youngstown,808,459,56.81%
Trumbull,CORTLAND CITY G,AKW,Northeast,Youngstown,810,535,66.05%
Trumbull,CORTLAND CITY H,AKX,Northeast,Youngstown,820,523,63.78%
Tuscarawas,PRECINCT DOVER 1-A,AAA,Northeast,Cleveland,610,303,49.67%
Tuscarawas,PRECINCT DOVER 1-B,AAB,Northeast,Cleveland,692,385,55.64%
Tuscarawas,PRECINCT DOVER 1-C,AAC,Northeast,Cleveland,921,588,63.84%
Tuscarawas,PRECINCT DOVER 2-A,AAE,Northeast,Cleveland,690,405,58.70%
Tuscarawas,PRECINCT DOVER 2-B,AAF,Northeast,Cleveland,964,623,64.63%
Tuscarawas,PRECINCT DOVER 2-C,AAG,Northeast,Cleveland,968,570,58.88%
Tuscarawas,PRECINCT DOVER 3-A,AAI,Northeast,Cleveland,636,345,54.25%
Tuscarawas,PRECINCT DOVER 3-B,AAJ,Northeast,Cleveland,640,287,44.84%
Tuscarawas,PRECINCT DOVER 3-C,AAK,Northeast,Cleveland,660,362,54.85%
Tuscarawas,PRECINCT DOVER 4-A,AAM,Northeast,Cleveland,505,198,39.21%
Tuscarawas,PRECINCT DOVER 4-B,AAN,Northeast,Cleveland,506,234,46.25%
Tuscarawas,PRECINCT DOVER 4-C,AAO,Northeast,Cleveland,647,346,53.48%
Tuscarawas,PRECINCT NEW PHILA 1-A,AAQ,Northeast,Cleveland,704,270,38.35%
Tuscarawas,PRECINCT NEW PHILA 1-B,AAR,Northeast,Cleveland,582,263,45.19%
Tuscarawas,PRECINCT NEW PHILA 1-C,AAS,Northeast,Cleveland,788,391,49.62%
Tuscarawas,PRECINCT NEW PHILA 1-D,AAT,Northeast,Cleveland,503,247,49.11%
Tuscarawas,PRECINCT NEW PHILA 2-A,AAX,Northeast,Cleveland,741,388,52.36%
Tuscarawas,PRECINCT NEW PHILA 2-B,AAY,Northeast,Cleveland,700,467,66.71%
Tuscarawas,PRECINCT NEW PHILA 2-C,AAZ,Northeast,Cleveland,972,521,53.60%
Tuscarawas,PRECINCT NEW PHILA 2-D,ABA,Northeast,Cleveland,653,280,42.88%
Tuscarawas,PRECINCT NEW PHILA 3-A,ABE,Northeast,Cleveland,684,217,31.73%
Tuscarawas,PRECINCT NEW PHILA 3-B,ABF,Northeast,Cleveland,556,211,37.95%
Tuscarawas,PRECINCT NEW PHILA 3-C,ABG,Northeast,Cleveland,433,149,34.41%
Tuscarawas,PRECINCT NEW PHILA 3-D,ABH,Northeast,Cleveland,651,257,39.48%
Tuscarawas,PRECINCT NEW PHILA 4-A,ABK,Northeast,Cleveland,663,432,65.16%
Tuscarawas,PRECINCT NEW PHILA 4-B,ABL,Northeast,Cleveland,779,438,56.23%
Tuscarawas,PRECINCT NEW PHILA 4-C,ABM,Northeast,Cleveland,"1,091",657,60.22%
Tuscarawas,PRECINCT UHRICHSVILLE #1,ABO,Northeast,Cleveland,635,312,49.13%
Tuscarawas,PRECINCT UHRICHSVILLE #2,ABQ,Northeast,Cleveland,673,187,27.79%
Tuscarawas,PRECINCT UHRICHSVILLE #3,ABS,Northeast,Cleveland,794,238,29.97%
Tuscarawas,PRECINCT UHRICHSVILLE #4,ABU,Northeast,Cleveland,802,303,37.78%
Tuscarawas,PRECINCT AUBURN TWP,ABW,Northeast,Cleveland,536,298,55.60%
Tuscarawas,PRECINCT BALTIC VILLAGE,ABX,Northeast,Cleveland,395,191,48.35%
Tuscarawas,PRECINCT BUCKS TWP,ABY,Northeast,Cleveland,507,281,55.42%
Tuscarawas,PRECINCT CLAY TWP,ABZ,Northeast,Cleveland,478,251,52.51%
Tuscarawas,PRECINCT GNADENHUTTEN,ACA,Northeast,Cleveland,872,479,54.93%
Tuscarawas,PRECINCT DOVER TWP #1,ACD,Northeast,Cleveland,807,492,60.97%
Tuscarawas,PRECINCT DOVER TWP #2,ACE,Northeast,Cleveland,791,477,60.30%
Tuscarawas,PRECINCT DOVER TWP #3,ACF,Northeast,Cleveland,991,617,62.26%
Tuscarawas,PRECINCT DOVER TWP #4/PARRAL,ACG,Northeast,Cleveland,663,348,52.49%
Tuscarawas,PRECINCT FAIRFIELD TWP,ACI,Northeast,Cleveland,"1,076",611,56.78%
Tuscarawas,PRECINCT FRANKLIN TWP,ACK,Northeast,Cleveland,"1,378",797,57.84%
Tuscarawas,PRECINCT STRASBURG VILL #1,ACM,Northeast,Cleveland,"1,064",617,57.99%
Tuscarawas,PRECINCT STRASBURG VILL #2,ACN,Northeast,Cleveland,810,445,54.94%
Tuscarawas,PRECINCT MIDVALE VILLAGE,ACP,Northeast,Cleveland,393,158,40.20%
Tuscarawas,PRECINCT GOSHEN 1/ROSWELL,ACR,Northeast,Cleveland,745,420,56.38%
Tuscarawas,PRECINCT GOSHEN TWP #2,ACS,Northeast,Cleveland,744,423,56.85%
Tuscarawas,PRECINCT GOSHEN #3/BARNHILL,ACT,Northeast,Cleveland,826,392,47.46%
Tuscarawas,PRECINCT GOSHEN TWP #4,ACU,Northeast,Cleveland,751,411,54.73%
Tuscarawas,PRECINCT STONECREEK/JEFF TWP,ACX,Northeast,Cleveland,642,395,61.53%
Tuscarawas,PRECINCT LAWRENCE #1/ZOAR,ACZ,Northeast,Cleveland,695,361,51.94%
Tuscarawas,PRECINCT LAWRENCE TWP #2,ADA,Northeast,Cleveland,"1,286",834,64.85%
Tuscarawas,PRECINCT LAWRENCE TWP #3,ADB,Northeast,Cleveland,565,320,56.64%
Tuscarawas,PRECINCT LAWRENCE TWP #4,ADC,Northeast,Cleveland,919,578,62.89%
Tuscarawas,PRECINCT BOLIVAR VILLAGE,ADE,Northeast,Cleveland,623,370,59.39%
Tuscarawas,PRECINCT MILL TOWNSHIP,ADG,Northeast,Cleveland,"1,329",682,51.32%
Tuscarawas,PRECINCT DENNISON VILLAGE 1,ADI,Northeast,Cleveland,731,324,44.32%
Tuscarawas,PRECINCT DENNISON VILLAGE 2,ADJ,Northeast,Cleveland,834,300,35.97%
Tuscarawas,PRECINCT OXFORD TOWNSHIP,ADM,Northeast,Cleveland,692,395,57.08%
Tuscarawas,PRECINCT NEWCOMERSTOWN #1,ADN,Northeast,Cleveland,845,378,44.73%
Tuscarawas,PRECINCT NEWCOMERSTOWN #2,ADO,Northeast,Cleveland,699,250,35.77%
Tuscarawas,PRECINCT NEWCOMERSTOWN #3,ADP,Northeast,Cleveland,620,247,39.84%
Tuscarawas,PRECINCT PERRY TOWNSHIP,ADS,Northeast,Cleveland,261,143,54.79%
Tuscarawas,PRECINCT RUSH TOWNSHIP,ADT,Northeast,Cleveland,532,261,49.06%
Tuscarawas,PRECINCT SALEM TWP,ADV,Northeast,Cleveland,723,429,59.34%
Tuscarawas,PRECINCT PORT WASHINGTON VLG,ADW,Northeast,Cleveland,322,152,47.20%
Tuscarawas,PRECINCT MINERAL CITY,ADY,Northeast,Cleveland,384,179,46.61%
Tuscarawas,PRECINCT SANDY TWP EAST,ADZ,Northeast,Cleveland,788,357,45.30%
Tuscarawas,PRECINCT SANDY TWP WEST,AEA,Northeast,Cleveland,679,391,57.58%
Tuscarawas,PRECINCT SUGARCREEK TOWNSHIP,AEC,Northeast,Cleveland,917,497,54.20%
Tuscarawas,PRECINCT SUGARCREEK VLG 1,AED,Northeast,Cleveland,"1,010",554,54.85%
Tuscarawas,PRECINCT SUGARCREEK VLG 2,AEE,Northeast,Cleveland,564,303,53.72%
Tuscarawas,PRECINCT UNION TOWNSHIP,AEG,Northeast,Cleveland,856,510,59.58%
Tuscarawas,PRECINCT WARREN TOWNSHIP,AEI,Northeast,Cleveland,767,473,61.67%
Tuscarawas,PRECINCT WARWICK TWP EAST,AEJ,Northeast,Cleveland,551,287,52.09%
Tuscarawas,PRECINCT WARWICK TWP WEST,AEK,Northeast,Cleveland,570,314,55.09%
Tuscarawas,PRECINCT TUSCARAWAS VILLAGE,AEM,Northeast,Cleveland,705,379,53.76%
Tuscarawas,PRECINCT WASHINGTON TWP,AEN,Northeast,Cleveland,418,253,60.53%
Tuscarawas,PRECINCT WAYNE TOWNSHIP,AEO,Northeast,Cleveland,"1,075",519,48.28%
Tuscarawas,PRECINCT YORK TOWNSHIP,AEP,Northeast,Cleveland,917,579,63.14%
Tuscarawas,PRECINCT NEW PHILA 4-D,AEU,Northeast,Cleveland,592,358,60.47%
Union,MARYSVILLE 1,AAA,Central,Columbus,983,372,37.84%
Union,MARYSVILLE 13,AAB,Central,Columbus,"1,243",661,53.18%
Union,MARYSVILLE 9,AAD,Central,Columbus,"1,432",775,54.12%
Union,MARYSVILLE 12,AAE,Central,Columbus,"1,567",591,37.72%
Union,MARYSVILLE 3,AAG,Central,Columbus,"1,715",971,56.62%
Union,MARYSVILLE 10,AAH,Central,Columbus,744,385,51.75%
Union,MARYSVILLE 11,AAI,Central,Columbus,"1,401",941,67.17%
Union,MARYSVILLE 6,AAJ,Central,Columbus,"1,179",557,47.24%
Union,MARYSVILLE 5,AAK,Central,Columbus,"1,100",475,43.18%
Union,MARYSVILLE 7,AAL,Central,Columbus,671,410,61.10%
Union,MARYSVILLE 8,AAM,Central,Columbus,806,520,64.52%
Union,ALLEN 1,AAN,Central,Columbus,768,513,66.80%
Union,CLAIBOURNE,AAP,Central,Columbus,917,520,56.71%
Union,RICHWOOD 1,AAQ,Central,Columbus,708,322,45.48%
Union,RICHWOOD 2,AAS,Central,Columbus,680,327,48.09%
Union,DARBY 2,AAV,Central,Columbus,927,656,70.77%
Union,DARBY 1,AAW,Central,Columbus,894,617,69.02%
Union,DOVER 1,AAX,Central,Columbus,739,431,58.32%
Union,DOVER 2,AAY,Central,Columbus,918,568,61.87%
Union,JACKSON,AAZ,Central,Columbus,609,364,59.77%
Union,JEROME 1,ABA,Central,Columbus,"1,367",967,70.74%
Union,JEROME 2,ABB,Central,Columbus,667,445,66.72%
Union,JEROME 3,ABC,Central,Columbus,"1,319",890,67.48%
Union,JEROME 4,ABD,Central,Columbus,"1,150",694,60.35%
Union,PLAIN CITY,ABE,Central,Columbus,510,297,58.24%
Union,JEROME 5,ABF,Central,Columbus,681,464,68.14%
Union,LEESBURG,ABH,Central,Columbus,"1,000",569,56.90%
Union,LIBERTY 1,ABI,Central,Columbus,664,413,62.20%
Union,LIBERTY 2,ABJ,Central,Columbus,834,540,64.75%
Union,MILLCREEK,ABK,Central,Columbus,"1,024",705,68.85%
Union,PARIS,ABL,Central,Columbus,"1,229",789,64.20%
Union,TAYLOR 1,ABO,Central,Columbus,492,313,63.62%
Union,TAYLOR 2,ABP,Central,Columbus,691,393,56.87%
Union,MILFORD CENTER,ABQ,Central,Columbus,530,244,46.04%
Union,UNION,ABS,Central,Columbus,683,487,71.30%
Union,WASHINGTON,ABT,Central,Columbus,549,298,54.28%
Union,YORK,ABU,Central,Columbus,962,563,58.52%
Union,MARYSVILLE 14,ABV,Central,Columbus,"1,059",602,56.85%
Union,ALLEN 2,ABW,Central,Columbus,"1,099",772,70.25%
Union,DUBLIN CITY 1,ABX,Central,Columbus,"1,688","1,141",67.59%
Union,DUBLIN CITY 2,ABY,Central,Columbus,"1,465",885,60.41%
Union,MARYSVILLE 2,ABZ,Central,Columbus,754,438,58.09%
Union,MARYSVILLE 4,ACA,Central,Columbus,939,405,43.13%
Union,MARYSVILLE 15,ACB,Central,Columbus,"1,018",652,64.05%
Union,JEROME 6,ACC,Central,Columbus,"1,204",814,67.61%
Van Wert,PRECINCT DELPHOS 3A,AAA,West,Ft. Wayne,307,143,46.58%
Van Wert,PRECINCT DELPHOS 3B,AAB,West,Ft. Wayne,425,193,45.41%
Van Wert,PRECINCT DELPHOS 3C,AAC,West,Ft. Wayne,454,196,43.17%
Van Wert,PRECINCT DELPHOS 4A,AAD,West,Ft. Wayne,332,163,49.10%
Van Wert,PRECINCT DELPHOS 4B,AAE,West,Ft. Wayne,457,285,62.36%
Van Wert,PRECINCT VAN WERT 1A,AAF,West,Ft. Wayne,512,140,27.34%
Van Wert,PRECINCT VAN WERT 1B,AAG,West,Ft. Wayne,467,131,28.05%
Van Wert,PRECINCT VAN WERT 1D,AAH,West,Ft. Wayne,392,102,26.02%
Van Wert,PRECINCT VAN WERT 2A,AAI,West,Ft. Wayne,377,140,37.14%
Van Wert,PRECINCT VAN WERT 2B,AAJ,West,Ft. Wayne,524,182,34.73%
Van Wert,PRECINCT VAN WERT 2C,AAK,West,Ft. Wayne,558,188,33.69%
Van Wert,PRECINCT VAN WERT 2D,AAL,West,Ft. Wayne,572,277,48.43%
Van Wert,PRECINCT VAN WERT 3A,AAM,West,Ft. Wayne,358,139,38.83%
Van Wert,PRECINCT VAN WERT 3B,AAN,West,Ft. Wayne,527,184,34.91%
Van Wert,PRECINCT VAN WERT 3C,AAO,West,Ft. Wayne,711,337,47.40%
Van Wert,PRECINCT VAN WERT 3D,AAP,West,Ft. Wayne,498,234,46.99%
Van Wert,PRECINCT VAN WERT 4A,AAQ,West,Ft. Wayne,367,159,43.32%
Van Wert,PRECINCT VAN WERT 4B,AAR,West,Ft. Wayne,517,232,44.87%
Van Wert,PRECINCT VAN WERT 4C,AAS,West,Ft. Wayne,498,294,59.04%
Van Wert,PRECINCT VAN WERT 4D,AAT,West,Ft. Wayne,764,530,69.37%
Van Wert,PRECINCT HARRISON,AAU,West,Ft. Wayne,777,475,61.13%
Van Wert,PRECINCT HOAGLIN,AAV,West,Ft. Wayne,498,249,50.00%
Van Wert,PRECINCT JACKSON,AAW,West,Ft. Wayne,345,201,58.26%
Van Wert,PRECINCT JENNINGS,AAX,West,Ft. Wayne,434,252,58.06%
Van Wert,PRECINCT LIBERTY,AAY,West,Ft. Wayne,597,366,61.31%
Van Wert,PRECINCT OHIO CITY,AAZ,West,Ft. Wayne,465,228,49.03%
Van Wert,PRECINCT PLEASANT EAST,ABA,West,Ft. Wayne,424,261,61.56%
Van Wert,PRECINCT PLEASANT NORTH,ABB,West,Ft. Wayne,566,361,63.78%
Van Wert,PRECINCT PLEASANT WEST,ABC,West,Ft. Wayne,445,275,61.80%
Van Wert,PRECINCT RIDGE,ABD,West,Ft. Wayne,936,533,56.94%
Van Wert,PRECINCT TULLY,ABF,West,Ft. Wayne,722,416,57.62%
Van Wert,PRECINCT CONVOY,ABG,West,Ft. Wayne,716,353,49.30%
Van Wert,PRECINCT UNION,ABI,West,Ft. Wayne,655,348,53.13%
Van Wert,PRECINCT WASHINGTON EAST,ABJ,West,Ft. Wayne,552,366,66.30%
Van Wert,PRECINCT WASHINGTON WEST,ABK,West,Ft. Wayne,483,308,63.77%
Van Wert,PRECINCT MIDDLE POINT,ABL,West,Ft. Wayne,369,175,47.43%
Van Wert,PRECINCT WILLSHIRE,ABM,West,Ft. Wayne,693,311,44.88%
Van Wert,PRECINCT WREN,ABN,West,Ft. Wayne,424,223,52.59%
Van Wert,PRECINCT YORK,ABO,West,Ft. Wayne,548,316,57.66%
Vinton,PRECINCT BROWN TOWNSHIP,AAA,Southeast,Charleston,199,87,43.72%
Vinton,PRECINCT CLINTON TOWNSHIP,AAB,Southeast,Charleston,652,321,49.23%
Vinton,PRECINCT HAMDEN NORTH,AAD,Southeast,Charleston,289,105,36.33%
Vinton,PRECINCT HAMDEN SOUTH,AAE,Southeast,Charleston,226,94,41.59%
Vinton,PRECINCT EAGLE TOWNSHIP,AAF,Southeast,Charleston,395,166,42.03%
Vinton,PRECINCT ELK TOWNSHIP,AAG,Southeast,Charleston,932,469,50.32%
Vinton,PRECINCT MCARTHUR EAST,AAH,Southeast,Charleston,514,187,36.38%
Vinton,PRECINCT MCARTHUR NORTHWEST,AAI,Southeast,Charleston,425,221,52.00%
Vinton,PRECINCT MCARTHUR SOUTHWEST,AAJ,Southeast,Charleston,286,112,39.16%
Vinton,PRECINCT HARRISON TOWNSHIP,AAK,Southeast,Charleston,707,332,46.96%
Vinton,PRECINCT JACKSON TOWNSHIP,AAL,Southeast,Charleston,455,253,55.60%
Vinton,PRECINCT KNOX TOWNSHIP,AAM,Southeast,Charleston,405,230,56.79%
Vinton,PRECINCT MADISON TOWNSHIP,AAN,Southeast,Charleston,200,126,63.00%
Vinton,PRECINCT ZALESKI CORP,AAO,Southeast,Charleston,184,91,49.46%
Vinton,PRECINCT RICHLAND NORTHWEST,AAP,Southeast,Charleston,559,246,44.01%
Vinton,PRECINCT RICHLAND SOUTHEAST,AAQ,Southeast,Charleston,517,254,49.13%
Vinton,PRECINCT SWAN TOWNSHIP,AAR,Southeast,Charleston,629,335,53.26%
Vinton,PRECINCT VINTON TOWNSHIP,AAS,Southeast,Charleston,348,190,54.60%
Vinton,PRECINCT WILKESVILLE TOWNSHIP,AAU,Southeast,Charleston,474,258,54.43%
Vinton,PRECINCT WILKESVILLE CORP,AAW,Southeast,Charleston,85,38,44.71%
Warren,FRANKLIN CITY E,AAA,Southwest,Cincinnati,848,267,31.49%
Warren,FRANKLIN CITY B,AAB,Southwest,Cincinnati,852,477,55.99%
Warren,FRANKLIN CITY H,AAC,Southwest,Cincinnati,"1,019",513,50.34%
Warren,FRANKLIN CITY F,AAD,Southwest,Cincinnati,886,377,42.55%
Warren,FRANKLIN CITY D,AAE,Southwest,Cincinnati,689,269,39.04%
Warren,FRANKLIN CITY A,AAF,Southwest,Cincinnati,831,467,56.20%
Warren,FRANKLIN CITY I,AAG,Southwest,Cincinnati,979,582,59.45%
Warren,FRANKLIN TWP K,AAH,Southwest,Cincinnati,"1,067",613,57.45%
Warren,FRANKLIN CITY C,AAI,Southwest,Cincinnati,"1,198",451,37.65%
Warren,LEBANON CITY H,AAJ,Southwest,Cincinnati,778,339,43.57%
Warren,LEBANON CITY D,AAK,Southwest,Cincinnati,709,347,48.94%
Warren,LEBANON CITY G,AAL,Southwest,Cincinnati,883,380,43.04%
Warren,LEBANON CITY C,AAM,Southwest,Cincinnati,910,520,57.14%
Warren,LEBANON CITY E,AAN,Southwest,Cincinnati,965,521,53.99%
Warren,LEBANON CITY F,AAO,Southwest,Cincinnati,"1,671",855,51.17%
Warren,LEBANON CITY A,AAP,Southwest,Cincinnati,"1,056",651,61.65%
Warren,LEBANON CITY B,AAQ,Southwest,Cincinnati,966,504,52.17%
Warren,LEBANON CITY K,AAR,Southwest,Cincinnati,894,438,48.99%
Warren,LEBANON CITY J,AAS,Southwest,Cincinnati,981,574,58.51%
Warren,LEBANON CITY N,AAT,Southwest,Cincinnati,"1,317",856,65.00%
Warren,MASON CITY N,AAU,Southwest,Cincinnati,737,458,62.14%
Warren,MASON CITY M,AAV,Southwest,Cincinnati,767,395,51.50%
Warren,MASON CITY L,AAW,Southwest,Cincinnati,698,351,50.29%
Warren,MASON CITY W,AAX,Southwest,Cincinnati,610,267,43.77%
Warren,MASON CITY F,AAY,Southwest,Cincinnati,"1,250",729,58.32%
Warren,MASON CITY B,AAZ,Southwest,Cincinnati,"1,127",659,58.47%
Warren,MASON CITY V,ABA,Southwest,Cincinnati,"1,034",650,62.86%
Warren,MASON CITY P,ABB,Southwest,Cincinnati,923,652,70.64%
Warren,MASON CITY S,ABC,Southwest,Cincinnati,548,265,48.36%
Warren,MASON CITY Y,ABD,Southwest,Cincinnati,"1,361",893,65.61%
Warren,MASON CITY R,ABE,Southwest,Cincinnati,788,436,55.33%
Warren,MASON CITY Q,ABF,Southwest,Cincinnati,632,336,53.16%
Warren,MASON CITY T,ABG,Southwest,Cincinnati,"1,111",703,63.28%
Warren,MASON CITY K,ABH,Southwest,Cincinnati,911,525,57.63%
Warren,MASON CITY I,ABI,Southwest,Cincinnati,"1,065",569,53.43%
Warren,CLEARCREEK TWP A,ABJ,Southwest,Cincinnati,"1,005",657,65.37%
Warren,CLEARCREEK TWP K,ABK,Southwest,Cincinnati,"1,028",682,66.34%
Warren,CLEARCREEK TWP I,ABL,Southwest,Cincinnati,887,569,64.15%
Warren,CLEARCREEK TWP E,ABM,Southwest,Cincinnati,"1,075",742,69.02%
Warren,CLEARCREEK TWP L,ABN,Southwest,Cincinnati,961,615,64.00%
Warren,CLEARCREEK TWP M,ABO,Southwest,Cincinnati,945,624,66.03%
Warren,CLEARCREEK TWP C,ABP,Southwest,Cincinnati,537,362,67.41%
Warren,CLEARCREEK TWP H,ABQ,Southwest,Cincinnati,"1,108",745,67.24%
Warren,DEERFIELD TWP R,ABR,Southwest,Cincinnati,766,448,58.49%
Warren,DEERFIELD TWP E,ABS,Southwest,Cincinnati,843,572,67.85%
Warren,DEERFIELD TWP Z,ABT,Southwest,Cincinnati,963,572,59.40%
Warren,DEERFIELD TWP O,ABU,Southwest,Cincinnati,777,591,76.06%
Warren,DEERFIELD TWP I,ABV,Southwest,Cincinnati,"1,186",679,57.25%
Warren,DEERFIELD TWP C,ABW,Southwest,Cincinnati,"1,068",583,54.59%
Warren,DEERFIELD TWP Q,ABX,Southwest,Cincinnati,740,534,72.16%
Warren,DEERFIELD TWP Y,ABY,Southwest,Cincinnati,774,490,63.31%
Warren,DEERFIELD TWP P,ABZ,Southwest,Cincinnati,902,623,69.07%
Warren,DEERFIELD TWP CC,ACA,Southwest,Cincinnati,"1,336","1,005",75.22%
Warren,DEERFIELD TWP AA,ACB,Southwest,Cincinnati,"1,257",632,50.28%
Warren,DEERFIELD TWP X,ACD,Southwest,Cincinnati,"1,151",701,60.90%
Warren,DEERFIELD TWP S,ACE,Southwest,Cincinnati,775,504,65.03%
Warren,DEERFIELD TWP T,ACF,Southwest,Cincinnati,943,646,68.50%
Warren,DEERFIELD TWP J,ACG,Southwest,Cincinnati,840,524,62.38%
Warren,DEERFIELD TWP G,ACH,Southwest,Cincinnati,"1,043",584,55.99%
Warren,DEERFIELD TWP M,ACI,Southwest,Cincinnati,734,487,66.35%
Warren,DEERFIELD TWP L,ACJ,Southwest,Cincinnati,"1,276",776,60.82%
Warren,DEERFIELD TWP U,ACK,Southwest,Cincinnati,"1,223",838,68.52%
Warren,FRANKLIN TWP B,ACM,Southwest,Cincinnati,665,381,57.29%
Warren,FRANKLIN TWP A,ACO,Southwest,Cincinnati,"1,164",599,51.46%
Warren,FRANKLIN TWP C,ACP,Southwest,Cincinnati,"1,097",534,48.68%
Warren,FRANKLIN TWP G,ACS,Southwest,Cincinnati,"1,388",831,59.87%
Warren,FRANKLIN TWP F,ACT,Southwest,Cincinnati,796,487,61.18%
Warren,FRANKLIN TWP I,ACU,Southwest,Cincinnati,"1,089",666,61.16%
Warren,FRANKLIN TWP D,ACW,Southwest,Cincinnati,"1,119",686,61.30%
Warren,FRANKLIN TWP E,ACX,Southwest,Cincinnati,745,407,54.63%
Warren,FRANKLIN TWP H,ACY,Southwest,Cincinnati,827,272,32.89%
Warren,CARLISLE CITY 3-A,ACZ,Southwest,Cincinnati,"1,438",720,50.07%
Warren,CARLISLE CITY 2-A,ADB,Southwest,Cincinnati,"1,229",542,44.10%
Warren,CARLISLE CITY 1-B,ADC,Southwest,Cincinnati,930,542,58.28%
Warren,HAMILTON TWP R,ADD,Southwest,Cincinnati,"1,158",775,66.93%
Warren,MAINEVILLE VILLAGE,ADE,Southwest,Cincinnati,659,342,51.90%
Warren,HAMILTON TWP N,ADF,Southwest,Cincinnati,"1,335",880,65.92%
Warren,HAMILTON TWP I,ADG,Southwest,Cincinnati,"1,352",790,58.43%
Warren,HAMILTON TWP A,ADH,Southwest,Cincinnati,639,455,71.21%
Warren,HAMILTON TWP S,ADI,Southwest,Cincinnati,968,668,69.01%
Warren,HAMILTON TWP D,ADJ,Southwest,Cincinnati,985,662,67.21%
Warren,HAMILTON TWP O,ADK,Southwest,Cincinnati,"1,098",720,65.57%
Warren,HARLAN TWP B,ADL,Southwest,Cincinnati,806,507,62.90%
Warren,HARLAN TWP C,ADM,Southwest,Cincinnati,694,446,64.27%
Warren,HARLAN TWP E,ADN,Southwest,Cincinnati,657,397,60.43%
Warren,HARLAN TWP D,ADO,Southwest,Cincinnati,824,535,64.93%
Warren,MASSIE TWP,ADQ,Southwest,Cincinnati,880,562,63.86%
Warren,SALEM TWP B,ADR,Southwest,Cincinnati,687,381,55.46%
Warren,SALEM TWP C,ADS,Southwest,Cincinnati,"1,027",662,64.46%
Warren,SALEM TWP A,ADT,Southwest,Cincinnati,778,505,64.91%
Warren,MORROW VILLAGE,ADU,Southwest,Cincinnati,"1,565",720,46.01%
Warren,TURTLECREEK TWP D,ADW,Southwest,Cincinnati,957,647,67.61%
Warren,TURTLECREEK TWP H,ADX,Southwest,Cincinnati,"1,007",656,65.14%
Warren,TURTLECREEK TWP E,ADY,Southwest,Cincinnati,724,497,68.65%
Warren,TURTLECREEK TWP C,ADZ,Southwest,Cincinnati,658,472,71.73%
Warren,TURTLECREEK TWP A,AEA,Southwest,Cincinnati,"1,447",901,62.27%
Warren,TURTLECREEK TWP J,AEB,Southwest,Cincinnati,887,624,70.35%
Warren,TURTLECREEK TWP F,AEC,Southwest,Cincinnati,"1,298",899,69.26%
Warren,TURTLECREEK TWP K,AED,Southwest,Cincinnati,630,352,55.87%
Warren,TURTLECREEK TWP G,AEE,Southwest,Cincinnati,784,514,65.56%
Warren,UNION TWP B,AEF,Southwest,Cincinnati,"1,050",721,68.67%
Warren,SOUTH LEBANON CITY A,AEG,Southwest,Cincinnati,989,401,40.55%
Warren,SOUTH LEBANON CITY B,AEH,Southwest,Cincinnati,"1,210",614,50.74%
Warren,SOUTH LEBANON CITY C,AEI,Southwest,Cincinnati,795,493,62.01%
Warren,UNION TWP A,AEJ,Southwest,Cincinnati,"1,258",777,61.76%
Warren,WASHINGTON TWP A,AEK,Southwest,Cincinnati,"1,267",822,64.88%
Warren,WASHINGTON TWP B,AEL,Southwest,Cincinnati,918,575,62.64%
Warren,WAYNE TWP D,AEM,Southwest,Cincinnati,"1,311",925,70.56%
Warren,WAYNE TWP B,AEN,Southwest,Cincinnati,"1,128",780,69.15%
Warren,WAYNE TWP C,AEO,Southwest,Cincinnati,873,494,56.59%
Warren,WAYNE TWP A,AEP,Southwest,Cincinnati,"1,264",852,67.41%
Warren,WAYNESVILLE VILLAGE A,AEQ,Southwest,Cincinnati,"1,008",566,56.15%
Warren,WAYNESVILLE VILLAGE B,AER,Southwest,Cincinnati,"1,041",656,63.02%
Warren,SPRINGBORO CITY 4-B,AES,Southwest,Cincinnati,"1,144",727,63.55%
Warren,SPRINGBORO CITY 1-C,AET,Southwest,Cincinnati,"1,129",803,71.12%
Warren,SPRINGBORO CITY 2-A,AEV,Southwest,Cincinnati,779,548,70.35%
Warren,SPRINGBORO CITY 3-C,AEW,Southwest,Cincinnati,"1,000",548,54.80%
Warren,SPRINGBORO CITY 1-A,AEX,Southwest,Cincinnati,"1,095",746,68.13%
Warren,SPRINGBORO CITY 3-B,AEY,Southwest,Cincinnati,873,496,56.82%
Warren,SPRINGBORO CITY 4-C,AEZ,Southwest,Cincinnati,473,262,55.39%
Warren,SPRINGBORO CITY 4-A,AFA,Southwest,Cincinnati,638,427,66.93%
Warren,SPRINGBORO CITY 2-D,AFB,Southwest,Cincinnati,"1,093",695,63.59%
Warren,SPRINGBORO CITY 3-A,AFC,Southwest,Cincinnati,907,484,53.36%
Warren,MASON CITY J,AFE,Southwest,Cincinnati,667,402,60.27%
Warren,MASON CITY X,AFF,Southwest,Cincinnati,762,473,62.07%
Warren,LEBANON CITY M,AFG,Southwest,Cincinnati,"1,069",634,59.31%
Warren,DEERFIELD TWP V,AFH,Southwest,Cincinnati,"1,180",537,45.51%
Warren,DEERFIELD TWP N,AFI,Southwest,Cincinnati,604,418,69.21%
Warren,DEERFIELD TWP BB,AFJ,Southwest,Cincinnati,"1,013",705,69.60%
Warren,CLEARCREEK TWP G,AFK,Southwest,Cincinnati,785,520,66.24%
Warren,MASON CITY C,AFL,Southwest,Cincinnati,"1,256",759,60.43%
Warren,DEERFIELD TWP H,AFM,Southwest,Cincinnati,745,315,42.28%
Warren,SPRINGBORO CITY 1-D,AFN,Southwest,Cincinnati,"1,039",641,61.69%
Warren,SPRINGBORO CITY 2-B,AFO,Southwest,Cincinnati,839,468,55.78%
Warren,MASON CITY D,AFP,Southwest,Cincinnati,"1,101",706,64.12%
Warren,HAMILTON TWP G,AFQ,Southwest,Cincinnati,974,572,58.73%
Warren,HAMILTON TWP K,AFR,Southwest,Cincinnati,561,364,64.88%
Warren,MASON CITY G,AFS,Southwest,Cincinnati,"1,393",770,55.28%
Warren,DEERFIELD TWP F,AFT,Southwest,Cincinnati,"1,040",666,64.04%
Warren,MASON CITY E,AFU,Southwest,Cincinnati,"1,160",650,56.03%
Warren,MASON CITY A,AFV,Southwest,Cincinnati,"1,083",690,63.71%
Warren,SPRINGBORO CITY 1-B,AFX,Southwest,Cincinnati,"1,553",902,58.08%
Warren,LEBANON CITY L,AFY,Southwest,Cincinnati,"1,274",779,61.15%
Warren,LEBANON CITY I,AFZ,Southwest,Cincinnati,694,419,60.37%
Warren,HAMILTON TWP L,AGA,Southwest,Cincinnati,"1,054",645,61.20%
Warren,MASON CITY O,AGB,Southwest,Cincinnati,714,449,62.89%
Warren,MASON CITY H,AGC,Southwest,Cincinnati,863,528,61.18%
Warren,DEERFIELD TWP D,AGD,Southwest,Cincinnati,922,526,57.05%
Warren,DEERFIELD TWP K,AGE,Southwest,Cincinnati,"1,496",865,57.82%
Warren,CLEARCREEK TWP D,AGF,Southwest,Cincinnati,"1,359",915,67.33%
Warren,HAMILTON TWP F,AGG,Southwest,Cincinnati,838,458,54.65%
Warren,HAMILTON TWP P,AGH,Southwest,Cincinnati,926,563,60.80%
Warren,HAMILTON TWP C,AGI,Southwest,Cincinnati,"1,076",568,52.79%
Warren,HAMILTON TWP B,AGJ,Southwest,Cincinnati,"1,119",603,53.89%
Warren,SPRINGBORO CITY 2-C,AGK,Southwest,Cincinnati,"1,192",727,60.99%
Warren,CLEARCREEK TWP F,AGL,Southwest,Cincinnati,883,571,64.67%
Warren,TURTLECREEK TWP I,AGM,Southwest,Cincinnati,812,548,67.49%
Warren,DEERFIELD TWP A,AGO,Southwest,Cincinnati,"1,526",827,54.19%
Warren,HARLAN TWP A,AGP,Southwest,Cincinnati,642,404,62.93%
Warren,CARLISLE CITY 1-A,AGQ,Southwest,Cincinnati,562,314,55.87%
Warren,CLEARCREEK TWP J,AGR,Southwest,Cincinnati,922,593,64.32%
Warren,HAMILTON TWP J,AGS,Southwest,Cincinnati,919,571,62.13%
Warren,HAMILTON TWP H,AGT,Southwest,Cincinnati,999,591,59.16%
Warren,TURTLECREEK TWP B,AGU,Southwest,Cincinnati,762,485,63.65%
Warren,HAMILTON TWP Q,AGV,Southwest,Cincinnati,610,394,64.59%
Warren,HAMILTON TWP E,AGW,Southwest,Cincinnati,"1,110",675,60.81%
Warren,HAMILTON TWP M,AGX,Southwest,Cincinnati,"1,462",750,51.30%
Warren,CLEARCREEK TWP B,AGY,Southwest,Cincinnati,"1,021",740,72.48%
Warren,DEERFIELD TWP B,AGZ,Southwest,Cincinnati,"1,257",722,57.44%
Warren,SOUTH LEBANON CITY D,AHA,Southwest,Cincinnati,"1,422",931,65.47%
Warren,MASON CITY Z,AHB,Southwest,Cincinnati,981,563,57.39%
Warren,CLEARCREEK TWP N,AHC,Southwest,Cincinnati,"1,368",795,58.11%
Warren,HAMILTON TWP T,AHD,Southwest,Cincinnati,785,579,73.76%
Warren,HAMILTON TWP U,AHE,Southwest,Cincinnati,"1,097",810,73.84%
Warren,TURTLECREEK TWP L,AHF,Southwest,Cincinnati,"1,137",489,43.01%
Washington,BELPRE 1A,AAA,Southeast,Parkersburg,"1,202",596,49.58%
Washington,BELPRE 2A,AAC,Southeast,Parkersburg,"1,127",548,48.62%
Washington,BELPRE 3A,AAE,Southeast,Parkersburg,"1,286",764,59.41%
Washington,BELPRE 4A,AAG,Southeast,Parkersburg,"1,249",726,58.13%
Washington,MARIETTA 1A,AAI,Southeast,Parkersburg,"1,056",386,36.55%
Washington,MARIETTA 1B,AAJ,Southeast,Parkersburg,"1,081",558,51.62%
Washington,MARIETTA 2A,AAN,Southeast,Parkersburg,"1,111",520,46.80%
Washington,MARIETTA 2B,AAO,Southeast,Parkersburg,987,397,40.22%
Washington,MARIETTA 3A,AAS,Southeast,Parkersburg,793,469,59.14%
Washington,MARIETTA 3B,AAT,Southeast,Parkersburg,891,436,48.93%
Washington,MARIETTA 3C,AAU,Southeast,Parkersburg,653,284,43.49%
Washington,MARIETTA 4A,AAY,Southeast,Parkersburg,761,312,41.00%
Washington,MARIETTA 4B,AAZ,Southeast,Parkersburg,"1,064",570,53.57%
Washington,MARIETTA 4C,ABA,Southeast,Parkersburg,357,197,55.18%
Washington,LOWELL / ADAMS,ABF,Southeast,Parkersburg,"1,064",566,53.20%
Washington,AURELIUS,ABG,Southeast,Parkersburg,206,82,39.81%
Washington,VINCENT,ABI,Southeast,Parkersburg,706,391,55.38%
Washington,LITTLE HOCKING,ABJ,Southeast,Parkersburg,"1,403",790,56.31%
Washington,ROCKLAND EAST,ABL,Southeast,Parkersburg,612,343,56.05%
Washington,ROCKLAND WEST,ABM,Southeast,Parkersburg,923,539,58.40%
Washington,DECATUR,ABN,Southeast,Parkersburg,963,525,54.52%
Washington,DUNHAM EAST,ABP,Southeast,Parkersburg,"1,055",549,52.04%
Washington,DUNHAM WEST,ABQ,Southeast,Parkersburg,901,484,53.72%
Washington,FAIRFIELD,ABR,Southeast,Parkersburg,748,394,52.67%
Washington,FEARING,ABS,Southeast,Parkersburg,647,387,59.81%
Washington,MATAMORAS / GRANDVIEW,ABU,Southeast,Parkersburg,"1,055",561,53.18%
Washington,INDEPENDENCE,ABV,Southeast,Parkersburg,206,94,45.63%
Washington,LAWRENCE,ABW,Southeast,Parkersburg,544,300,55.15%
Washington,LIBERTY,ABX,Southeast,Parkersburg,291,165,56.70%
Washington,LUDLOW,ABY,Southeast,Parkersburg,202,133,65.84%
Washington,MTTA EAST A,ABZ,Southeast,Parkersburg,642,350,54.52%
Washington,MTTA EAST B,ACA,Southeast,Parkersburg,788,436,55.33%
Washington,MTTA EAST C,ACB,Southeast,Parkersburg,706,384,54.39%
Washington,MTTA EAST D,ACC,Southeast,Parkersburg,"1,001",560,55.94%
Washington,MTTA WEST,ACD,Southeast,Parkersburg,30,16,53.33%
Washington,MUSK EAST A,ACE,Southeast,Parkersburg,867,557,64.24%
Washington,MUSK EAST B,ACF,Southeast,Parkersburg,767,445,58.02%
Washington,MUSK EAST C,ACG,Southeast,Parkersburg,817,518,63.40%
Washington,NEWPORT,ACJ,Southeast,Parkersburg,"1,365",766,56.12%
Washington,PALMER,ACM,Southeast,Parkersburg,400,214,53.50%
Washington,SALEM,ACN,Southeast,Parkersburg,733,444,60.57%
Washington,WARREN NE,ACO,Southeast,Parkersburg,827,490,59.25%
Washington,WARREN NW,ACP,Southeast,Parkersburg,"1,097",622,56.70%
Washington,WATERFORD A,ACR,Southeast,Parkersburg,"1,198",701,58.51%
Washington,BEV / WATERFORD,ACU,Southeast,Parkersburg,"1,204",698,57.97%
Washington,WATERTOWN,ACW,Southeast,Parkersburg,"1,106",681,61.57%
Washington,WESLEY,ACY,Southeast,Parkersburg,650,286,44.00%
Washington,BARLOW,ACZ,Southeast,Parkersburg,"1,260",696,55.24%
Washington,MUSK WEST,ADC,Southeast,Parkersburg,985,632,64.16%
Washington,WARREN SOUTH,ADE,Southeast,Parkersburg,998,513,51.40%
Wayne,PRECINCT ORRVILLE CITY 1,AAA,Northeast,Cleveland,"1,170",581,49.66%
Wayne,PRECINCT ORRVILLE CITY 2,AAC,Northeast,Cleveland,"1,122",479,42.69%
Wayne,PRECINCT ORRVILLE CITY 3,AAE,Northeast,Cleveland,"1,450",842,58.07%
Wayne,PRECINCT ORRVILLE CITY 4-A,AAG,Northeast,Cleveland,789,458,58.05%
Wayne,PRECINCT ORRVILLE CITY 4-B,AAH,Northeast,Cleveland,839,480,57.21%
Wayne,PRECINCT RITTMAN CITY 1,AAJ,Northeast,Cleveland,916,317,34.61%
Wayne,PRECINCT RITTMAN CITY 2,AAK,Northeast,Cleveland,925,387,41.84%
Wayne,PRECINCT RITTMAN CITY 3,AAL,Northeast,Cleveland,"1,429",774,54.16%
Wayne,PRECINCT RITTMAN CITY 4,AAM,Northeast,Cleveland,736,329,44.70%
Wayne,PRECINCT WOOSTER CITY 1-A,AAO,Northeast,Cleveland,"1,443",355,24.60%
Wayne,PRECINCT WOOSTER CITY 1-B,AAP,Northeast,Cleveland,746,256,34.32%
Wayne,PRECINCT WOOSTER CITY 1-C,AAR,Northeast,Cleveland,"1,199",387,32.28%
Wayne,PRECINCT WOOSTER CITY 2-A,AAU,Northeast,Cleveland,"1,205",586,48.63%
Wayne,PRECINCT WOOSTER CITY 2-B,AAV,Northeast,Cleveland,"1,674",246,14.70%
Wayne,PRECINCT WOOSTER CITY 2-C,AAW,Northeast,Cleveland,693,349,50.36%
Wayne,PRECINCT WOOSTER CITY 2-D,AAX,Northeast,Cleveland,"1,538",570,37.06%
Wayne,PRECINCT WOOSTER CITY 3-A,AAZ,Northeast,Cleveland,"1,032",639,61.92%
Wayne,PRECINCT WOOSTER CITY 3-B,ABA,Northeast,Cleveland,"1,224",673,54.98%
Wayne,PRECINCT WOOSTER CITY 3-C,ABB,Northeast,Cleveland,"1,470",920,62.59%
Wayne,PRECINCT WOOSTER CITY 3-D,ABC,Northeast,Cleveland,762,418,54.86%
Wayne,PRECINCT WOOSTER CITY 3-E,ABD,Northeast,Cleveland,969,585,60.37%
Wayne,PRECINCT WOOSTER CITY 4-A,ABH,Northeast,Cleveland,"1,197",768,64.16%
Wayne,PRECINCT WOOSTER CITY 4-B,ABJ,Northeast,Cleveland,"1,034",588,56.87%
Wayne,PRECINCT WOOSTER CITY 4-C,ABM,Northeast,Cleveland,"1,535",866,56.42%
Wayne,PRECINCT WOOSTER CITY 4-D,ABN,Northeast,Cleveland,"1,348",870,64.54%
Wayne,PRECINCT BAUGHMAN TWP 1,ABP,Northeast,Cleveland,"1,004",638,63.55%
Wayne,PRECINCT BAUGHMAN TWP 2,ABQ,Northeast,Cleveland,"1,296",721,55.63%
Wayne,PRECINCT CANAAN TWP 3,ABT,Northeast,Cleveland,760,431,56.71%
Wayne,PRECINCT CANAAN TWP 1,ABU,Northeast,Cleveland,"1,259",689,54.73%
Wayne,PRECINCT CANAAN TWP 2 CRESTON,ABV,Northeast,Cleveland,"1,327",651,49.06%
Wayne,PRECINCT CHESTER TWP 1,ABX,Northeast,Cleveland,"1,311",812,61.94%
Wayne,PRECINCT CHESTER TWP 2,ABZ,Northeast,Cleveland,734,419,57.08%
Wayne,PRECINCT CHIPPEWA TWP 1,ACA,Northeast,Cleveland,"1,284",795,61.92%
Wayne,PRECINCT CHIPPEWA TWP 2,ACC,Northeast,Cleveland,"1,197",734,61.32%
Wayne,PRECINCT CHIPPEWA TWP 3,ACE,Northeast,Cleveland,"1,430",723,50.56%
Wayne,PRECINCT CHIPPEWA TWP 6,ACF,Northeast,Cleveland,"1,194",730,61.14%
Wayne,PRECINCT CHIPPEWA TWP 4 DTOWN,ACH,Northeast,Cleveland,"1,203",692,57.52%
Wayne,PRECINCT CHIPPEWA TWP 5 DTOWN,ACI,Northeast,Cleveland,967,648,67.01%
Wayne,PRECINCT CLINTON TWP 1,ACJ,Northeast,Cleveland,"1,067",646,60.54%
Wayne,PRECINCT CLINTON TWP 2 SHREVE,ACM,Northeast,Cleveland,936,397,42.41%
Wayne,PRECINCT CONGRESS TWP 1 W SALEM,ACN,Northeast,Cleveland,846,347,41.02%
Wayne,PRECINCT CONGRESS TWP 2,ACO,Northeast,Cleveland,"1,204",680,56.48%
Wayne,PRECINCT CONGRESS TWP 3,ACP,Northeast,Cleveland,838,467,55.73%
Wayne,PRECINCT EAST UNION TWP 1,ACQ,Northeast,Cleveland,989,511,51.67%
Wayne,PRECINCT EAST UNION TWP 2,ACR,Northeast,Cleveland,569,226,39.72%
Wayne,PRECINCT EAST UNION TWP 4,ACS,Northeast,Cleveland,956,519,54.29%
Wayne,PRECINCT EAST UNION TWP 3 APL CRK,ACT,Northeast,Cleveland,768,396,51.56%
Wayne,PRECINCT FRANKLIN TWP 1,ACU,Northeast,Cleveland,"1,165",594,50.99%
Wayne,PRECINCT FRANKLIN TWP 2,ACV,Northeast,Cleveland,"1,074",654,60.89%
Wayne,PRECINCT GREEN TWP 1,ACW,Northeast,Cleveland,"1,239",740,59.73%
Wayne,PRECINCT GREEN TWP 2,ACX,Northeast,Cleveland,"1,165",680,58.37%
Wayne,PRECINCT GREEN TWP 3 SMITHVILLE,ACZ,Northeast,Cleveland,920,535,58.15%
Wayne,PRECINCT MILTON TWP 1,ADB,Northeast,Cleveland,994,624,62.78%
Wayne,PRECINCT MILTON TWP 2,ADD,Northeast,Cleveland,928,520,56.03%
Wayne,PRECINCT PAINT TWP 1,ADE,Northeast,Cleveland,969,386,39.83%
Wayne,PRECINCT PLAIN TWP 1,ADF,Northeast,Cleveland,"1,067",637,59.70%
Wayne,PRECINCT PLAIN TWP 2,ADG,Northeast,Cleveland,"1,005",619,61.59%
Wayne,PRECINCT SALT CREEK TWP 1,ADH,Northeast,Cleveland,"1,120",400,35.71%
Wayne,PRECINCT SUGAR CREEK TWP 1,ADI,Northeast,Cleveland,"1,356",852,62.83%
Wayne,PRECINCT SUGAR CREEK TWP 2,ADK,Northeast,Cleveland,"1,349",840,62.27%
Wayne,PRECINCT SUGAR CREEK TWP 3 DALTON,ADM,Northeast,Cleveland,"1,301",746,57.34%
Wayne,PRECINCT WAYNE TWP 1,ADN,Northeast,Cleveland,"1,329",742,55.83%
Wayne,PRECINCT WAYNE TWP 2,ADP,Northeast,Cleveland,632,432,68.35%
Wayne,PRECINCT WAYNE TWP 3,ADQ,Northeast,Cleveland,"1,025",635,61.95%
Wayne,PRECINCT WOOSTER TWP 1,ADS,Northeast,Cleveland,952,481,50.53%
Wayne,PRECINCT WOOSTER TWP 2,ADT,Northeast,Cleveland,"1,202",760,63.23%
Wayne,PRECINCT WOOSTER TWP 3,ADU,Northeast,Cleveland,"1,138",654,57.47%
Williams,PRECINCT BRYAN A - WD1,AAA,Northwest,Toledo,"1,190",442,37.14%
Williams,PRECINCT BRYAN B - WD2,AAC,Northwest,Toledo,"1,284",477,37.15%
Williams,PRECINCT BRYAN C - WD3,AAF,Northwest,Toledo,484,297,61.36%
Williams,PRECINCT BRYAN D - WD3,AAG,Northwest,Toledo,"1,267",798,62.98%
Williams,PRECINCT BRYAN F - WD4,AAI,Northwest,Toledo,"1,016",469,46.16%
Williams,PRECINCT BRYAN E - WD4,AAJ,Northwest,Toledo,668,286,42.81%
Williams,PRECINCT BRADY,AAK,Northwest,Toledo,642,408,63.55%
Williams,PRECINCT WEST UNITY,AAL,Northwest,Toledo,"1,123",531,47.28%
Williams,PRECINCT BRIDGEWATER,AAN,Northwest,Toledo,"1,042",599,57.49%
Williams,PRECINCT CENTER NORTH,AAP,Northwest,Toledo,"1,234",752,60.94%
Williams,PRECINCT CENTER SOUTH,AAR,Northwest,Toledo,894,505,56.49%
Williams,PRECINCT FLORENCE,AAU,Northwest,Toledo,"1,379",800,58.01%
Williams,PRECINCT JEFFERSON,AAV,Northwest,Toledo,"1,337",799,59.76%
Williams,PRECINCT MADISON,AAX,Northwest,Toledo,621,366,58.94%
Williams,PRECINCT PIONEER,AAY,Northwest,Toledo,"1,004",523,52.09%
Williams,PRECINCT MILLCREEK,ABA,Northwest,Toledo,523,306,58.51%
Williams,PRECINCT NORTHWEST,ABB,Northwest,Toledo,793,435,54.85%
Williams,PRECINCT PULASKI NORTH,ABC,Northwest,Toledo,"1,107",569,51.40%
Williams,PRECINCT PULASKI SOUTH,ABE,Northwest,Toledo,550,298,54.18%
Williams,PRECINCT SAINT JOSEPH,ABF,Northwest,Toledo,611,321,52.54%
Williams,PRECINCT EDGERTON,ABG,Northwest,Toledo,"1,280",589,46.02%
Williams,PRECINCT SPRINGFIELD,ABI,Northwest,Toledo,794,497,62.59%
Williams,PRECINCT STRYKER,ABJ,Northwest,Toledo,792,396,50.00%
Williams,PRECINCT SUPERIOR,ABM,Northwest,Toledo,982,601,61.20%
Williams,PRECINCT MONTPELIER A,ABN,Northwest,Toledo,"1,216",441,36.27%
Williams,PRECINCT MONTPELIER B,ABP,Northwest,Toledo,"1,319",642,48.67%
Wood,BOWLING GREEN 1-A,AAA,Northwest,Toledo,789,241,30.54%
Wood,BOWLING GREEN 1-B,AAB,Northwest,Toledo,"1,080",263,24.35%
Wood,BOWLING GREEN 1-C,AAC,Northwest,Toledo,"1,280",127,9.92%
Wood,BOWLING GREEN 2-A,AAF,Northwest,Toledo,"1,095",361,32.97%
Wood,BOWLING GREEN 2-C,AAG,Northwest,Toledo,951,291,30.60%
Wood,BOWLING GREEN 2-D,AAH,Northwest,Toledo,"1,453",338,23.26%
Wood,BOWLING GREEN 2-F,AAI,Northwest,Toledo,"1,262",353,27.97%
Wood,BOWLING GREEN 3-D,AAK,Northwest,Toledo,"1,167",705,60.41%
Wood,BOWLING GREEN 3-E,AAL,Northwest,Toledo,"1,373","1,027",74.80%
Wood,BOWLING GREEN 3-G,AAM,Northwest,Toledo,"1,245",574,46.10%
Wood,BOWLING GREEN 4-A,AAN,Northwest,Toledo,"1,182",873,73.86%
Wood,BOWLING GREEN 4-B,AAO,Northwest,Toledo,965,491,50.88%
Wood,BOWLING GREEN 4-D,AAP,Northwest,Toledo,"1,271",633,49.80%
Wood,BOWLING GREEN 4-E,AAQ,Northwest,Toledo,839,577,68.77%
Wood,BOWLING GREEN 4-H,AAR,Northwest,Toledo,968,686,70.87%
Wood,BOWLING GREEN 4-J,AAS,Northwest,Toledo,891,671,75.31%
Wood,FOSTORIA CITY,AAT,Northwest,Toledo,665,261,39.25%
Wood,PERRYSBURG A,AAU,Northwest,Toledo,824,498,60.44%
Wood,PERRYSBURG B,AAV,Northwest,Toledo,641,379,59.13%
Wood,PERRYSBURG E,AAW,Northwest,Toledo,811,563,69.42%
Wood,PERRYSBURG G,AAX,Northwest,Toledo,915,574,62.73%
Wood,PERRYSBURG I,AAY,Northwest,Toledo,"1,174",698,59.45%
Wood,PERRYSBURG L,AAZ,Northwest,Toledo,"1,204",560,46.51%
Wood,PERRYSBURG M,ABA,Northwest,Toledo,"1,133",669,59.05%
Wood,PERRYSBURG N,ABB,Northwest,Toledo,924,509,55.09%
Wood,PERRYSBURG O,ABC,Northwest,Toledo,794,474,59.70%
Wood,PERRYSBURG P,ABD,Northwest,Toledo,813,562,69.13%
Wood,PERRYSBURG T,ABE,Northwest,Toledo,"1,283",541,42.17%
Wood,PERRYSBURG U,ABF,Northwest,Toledo,992,663,66.83%
Wood,PERRYSBURG V,ABG,Northwest,Toledo,921,628,68.19%
Wood,PERRYSBURG W,ABH,Northwest,Toledo,"1,263",833,65.95%
Wood,ROSSFORD A,ABI,Northwest,Toledo,"1,069",475,44.43%
Wood,ROSSFORD D,ABJ,Northwest,Toledo,858,555,64.69%
Wood,ROSSFORD F,ABK,Northwest,Toledo,911,418,45.88%
Wood,ROSSFORD H,ABL,Northwest,Toledo,867,512,59.05%
Wood,ROSSFORD I,ABM,Northwest,Toledo,"1,042",577,55.37%
Wood,CENTER TOWNSHIP,ABR,Northwest,Toledo,895,598,66.82%
Wood,FREEDOM TOWNSHIP,ABS,Northwest,Toledo,"1,003",660,65.80%
Wood,FREEDOM TWP PEMBERVILLE VILL,ABT,Northwest,Toledo,953,569,59.71%
Wood,GRAND RAPIDS TWP GR VILL,ABU,Northwest,Toledo,688,382,55.52%
Wood,GRAND RAPIDS TWP PARK,ABV,Northwest,Toledo,465,316,67.96%
Wood,HENRY TWP HAMMANSBURG,ABW,Northwest,Toledo,465,258,55.48%
Wood,HENRY TWP N BALTIMORE A,ABX,Northwest,Toledo,972,385,39.61%
Wood,HENRY TWP N BALTIMORE B,ABY,Northwest,Toledo,"1,083",482,44.51%
Wood,JACKSON TWP,ABZ,Northwest,Toledo,480,267,55.63%
Wood,LAKE TWP EAST,ACA,Northwest,Toledo,"1,247",732,58.70%
Wood,LAKE TWP LATCHA,ACB,Northwest,Toledo,"1,234",647,52.43%
Wood,LAKE TWP MILLBURY VILL,ACC,Northwest,Toledo,801,477,59.55%
Wood,LAKE TWP NORTH,ACE,Northwest,Toledo,"1,192",593,49.75%
Wood,LAKE TWP UNION,ACG,Northwest,Toledo,"1,321",681,51.55%
Wood,LAKE TWP WALBRIDGE VILL A,ACJ,Northwest,Toledo,"1,002",571,56.99%
Wood,LAKE TWP WALBRIDGE VILL B,ACK,Northwest,Toledo,"1,139",502,44.07%
Wood,LIBERTY TWP,ACL,Northwest,Toledo,"1,094",612,55.94%
Wood,MIDDLETON TWP DUNBRIDGE,ACN,Northwest,Toledo,713,446,62.55%
Wood,MIDDLETON TWP HASKINS VILL,ACO,Northwest,Toledo,889,524,58.94%
Wood,MIDDLETON TWP NORTH,ACP,Northwest,Toledo,"2,039","1,382",67.78%
Wood,MIDDLETON TWP SOUTH,ACQ,Northwest,Toledo,641,422,65.83%
Wood,MILTON TWP,ACR,Northwest,Toledo,714,421,58.96%
Wood,MONTGOMERY TWP NE,ACT,Northwest,Toledo,761,393,51.64%
Wood,MONTGOMERY TWP WEST,ACU,Northwest,Toledo,"1,337",684,51.16%
Wood,MONTGOMERY TWP SE,ACW,Northwest,Toledo,531,249,46.89%
Wood,PERRY TWP EAST,ACY,Northwest,Toledo,842,496,58.91%
Wood,PERRY TWP PERRY,ACZ,Northwest,Toledo,271,177,65.31%
Wood,PERRYSBURG TWP BELMONT,ADA,Northwest,Toledo,960,600,62.50%
Wood,PRBG TWP FALLEN TIMBERS,ADB,Northwest,Toledo,965,297,30.78%
Wood,PERRYSBURG TWP FORD,ADC,Northwest,Toledo,979,632,64.56%
Wood,PERRYSBURG TWP FT MEIGS,ADD,Northwest,Toledo,622,321,51.61%
Wood,PERRYSBURG TWP GLENWOOD,ADE,Northwest,Toledo,"1,036",497,47.97%
Wood,PERRYSBURG TWP HAMLET,ADF,Northwest,Toledo,684,500,73.10%
Wood,PERRYSBURG TWP NORTH,ADG,Northwest,Toledo,891,606,68.01%
Wood,PERRYSBURG TWP SOUTH,ADI,Northwest,Toledo,"1,190",591,49.66%
Wood,PRBG TWP STARBRIGHT,ADJ,Northwest,Toledo,"1,344",447,33.26%
Wood,PLAIN TWP,ADL,Northwest,Toledo,"1,254",747,59.57%
Wood,PORTAGE TWP EAST,ADM,Northwest,Toledo,819,488,59.58%
Wood,PORTAGE WEST,ADN,Northwest,Toledo,338,181,53.55%
Wood,TROY TWP LUCKEY VILL,ADO,Northwest,Toledo,678,378,55.75%
Wood,TROY TWP NORTH,ADP,Northwest,Toledo,"1,004",480,47.81%
Wood,TROY TWP SOUTH,ADQ,Northwest,Toledo,"1,187",703,59.22%
Wood,WASHINGTON TWP TONTOGANY VILL,ADR,Northwest,Toledo,274,160,58.39%
Wood,WASHINGTON TWP,ADS,Northwest,Toledo,"1,217",801,65.82%
Wood,WEBSTER TWP,ADT,Northwest,Toledo,963,602,62.51%
Wood,WESTON TWP WESTON VILL,ADU,Northwest,Toledo,937,421,44.93%
Wood,WESTON TWP WILLOW,ADV,Northwest,Toledo,527,301,57.12%
Wood,NORTHWOOD A,ADW,Northwest,Toledo,"1,024",518,50.59%
Wood,NORTHWOOD B,ADX,Northwest,Toledo,"1,279",683,53.40%
Wood,NORTHWOOD D,ADZ,Northwest,Toledo,"1,247",473,37.93%
Wood,BOWLING GREEN 2-B,AEB,Northwest,Toledo,975,312,32.00%
Wood,BOWLING GREEN 3-B,AEC,Northwest,Toledo,527,117,22.20%
Wood,BOWLING GREEN 3-C,AED,Northwest,Toledo,818,33,4.03%
Wood,PERRYSBURG X,AEE,Northwest,Toledo,"1,176",686,58.33%
Wood,PERRYSBURG Y,AEF,Northwest,Toledo,"1,268",851,67.11%
Wood,PERRYSBURG K,AEH,Northwest,Toledo,"1,084",597,55.07%
Wood,PERRYSBURG TWP ECKEL,AEI,Northwest,Toledo,"1,148",627,54.62%
Wood,BLOOM TWP NORTH,AEJ,Northwest,Toledo,818,425,51.96%
Wood,BLOOM TWP SOUTH,AEK,Northwest,Toledo,770,369,47.92%
Wood,PERRYSBURG J,AEL,Northwest,Toledo,734,378,51.50%
Wood,PERRYSBURG S,AEM,Northwest,Toledo,639,224,35.05%
Wyandot,UPPER A,AAA,Northwest,Toledo,716,419,58.52%
Wyandot,UPPER B,AAB,Northwest,Toledo,601,292,48.59%
Wyandot,UPPER C,AAD,Northwest,Toledo,682,296,43.40%
Wyandot,UPPER D,AAF,Northwest,Toledo,849,537,63.25%
Wyandot,UPPER E,AAG,Northwest,Toledo,710,312,43.94%
Wyandot,UPPER F,AAJ,Northwest,Toledo,892,450,50.45%
Wyandot,NEVADA,AAK,Northwest,Toledo,505,191,37.82%
Wyandot,ANTRIM TS,AAM,Northwest,Toledo,519,337,64.93%
Wyandot,CRANE TS,AAO,Northwest,Toledo,665,426,64.06%
Wyandot,CAREY A,AAQ,Northwest,Toledo,624,291,46.63%
Wyandot,CAREY C,AAS,Northwest,Toledo,887,379,42.73%
Wyandot,CAREY B,AAT,Northwest,Toledo,851,407,47.83%
Wyandot,CRAWFORD TS,AAV,Northwest,Toledo,764,457,59.82%
Wyandot,EDEN TS,AAX,Northwest,Toledo,539,335,62.15%
Wyandot,JACKSON TS,AAY,Northwest,Toledo,382,231,60.47%
Wyandot,MARSEILLES TS,ABA,Northwest,Toledo,269,133,49.44%
Wyandot,MIFFLIN TS,ABC,Northwest,Toledo,521,339,65.07%
Wyandot,PITT TS,ABE,Northwest,Toledo,708,474,66.95%
Wyandot,RICHLAND TS,ABF,Northwest,Toledo,578,354,61.25%
Wyandot,RIDGE TS,ABH,Northwest,Toledo,368,219,59.51%
Wyandot,SALEM TS,ABI,Northwest,Toledo,680,427,62.79%
Wyandot,SYCAMORE TS,ABL,Northwest,Toledo,"1,021",574,56.22%
Wyandot,TYMOCHTEE TS,ABM,Northwest,Toledo,741,434,58.57%
