Range,County Name,Township Name ,2000 Census,2010 Census,2020 Census,Mailing Address,Address 2 ,City ,ZIP Code,Post Office Box ,Postal City,Postal ZIP Code,Website,Fiscal Officer,First Name,Middle Name,Last Name,Term Ending ,Trustee ,First Name2,Middle Name3,Last Name4,Term Ending 5,Trustee 6,First Name7,Middle Name8,Last Name9,Term Ending 10,Trustee 11,First Name12,Middle Name13,Last Name14,Term Ending 15
2022-2023,Adams,Bratton,"1,412","1,461"," 1,380 ",6521 Old State Route 32,,Peebles,45660,,,,,Fiscal Officer,Angela,Louree,Mccoy,3/31/2024,Trustee ,Micheal,,Robinson,12/31/2023,Trustee ,Wayne,,Hanson,12/31/2025,Trustee ,James,,Hillger,12/31/2025
2022-2023,Adams,Brush Creek,"1,231","1,236"," 1,097 ",17433 State Route 125,,West Union,45693,,,,,Fiscal Officer,Charles,L.,Taylor,3/31/2024,Trustee ,Leslie,Steve,Hayslip,12/31/2023,Trustee ,Randall,Blaine,Lewis,12/31/2025,Trustee ,Dustin,Allen,Hayslip,12/31/2025
2022-2023,Adams,Franklin,"1,167","1,110"," 1,097 ",1099 Bacon Flat Road,,Peebles,45660,,,,,Fiscal Officer,Rebecca,Lynn,Sanders,3/31/2024,Trustee ,Thomas,,Perdue,12/31/2023,Trustee ,Ronald,,Anderson,12/31/2025,Trustee ,Jeffrey,,Evans,12/31/2025
2022-2023,Adams,Green,782,651, 552 ,21092 US 52,,Stout,45684,,,,,Fiscal Officer,Joyce,Ann,Rideout,3/31/2024,Trustee ,Beverly ,,Cox,12/31/2023,Trustee ,John ,,Easter,12/31/2025,Trustee ,Wesley,,Taylor,12/31/2025
2022-2023,Adams,Jefferson,"1,024","1,046", 898 ,9136 Blue Creek Road ,,Blue Creek,45616,,,,,Fiscal Officer,Ronald,,Boldman,3/31/2024,Trustee ,Jack,,Lewis,12/31/2023,Trustee ,Allen,,Horsley,12/31/2025,Trustee ,Lawrence,,Shivener,12/31/2025
2022-2023,Adams,Liberty,"1,816","1,965"," 2,065 ",4688 Brier Ridge Road ,,West Union,45693,,,,,Fiscal Officer,Erica,,Swearingen,3/31/2024,Trustee ,Justin,,Ross,12/31/2023,Trustee ,Jason,,Baldwin,12/31/2025,Trustee ,Wendell,,Swearingen Jr.,12/31/2025
2022-2023,Adams,Manchester,"2,140","2,052"," 1,882 ",813 East 8th Street,,Manchester,45144,PO Box 271,Manchester,45144,,Fiscal Officer,Irene ,,Shively,3/31/2024,Trustee ,Phillip,,Colvin,12/31/2023,Trustee ,Earl ,,Ruark,12/31/2025,Trustee ,Lonnie ,,Bilyeu,12/31/2025
2022-2023,Adams,Meigs,"3,753","3,905"," 3,761 ",79 Eastern Avenue,,Peebles,45660,,,,,Fiscal Officer,Carla,S.,Wesley,3/31/2024,Trustee ,Joshua,,Lloyd,12/31/2023,Trustee ,Larry,,Gardner,12/31/2025,Trustee ,Steve ,,Hoop,12/31/2025
2022-2023,Adams,Monroe,735,686, 624 ,1905 State Route 247,,Manchester,45144,,,,,Fiscal Officer,Angela,,Wikoff,3/31/2024,Trustee ,Brenda,,Emery,12/31/2023,Trustee ,Sam,,Baldwin,12/31/2025,Trustee ,Shannon,,Mccarty,12/31/2025
2022-2023,Adams,Oliver,"1,246","1,319"," 1,352 ",4613 Unity Road ,,West Union,45693,,,,,Fiscal Officer,Debra,Anne,Rigdon,3/31/2024,Trustee ,Jeff,,Roades,12/31/2023,Trustee ,Quintin,,Baker,12/31/2025,Trustee ,Chuck,,Emert,12/31/2025
2022-2023,Adams,Scott,"2,053","2,180"," 2,262 ",19977 State Route 247,,Seaman,45679,,,,,Fiscal Officer,Marla,,Jones,3/31/2024,Trustee ,David,Brock,Pistole,12/31/2023,Trustee ,Samuel,,Bolender,12/31/2025,Trustee ,Homer,,Holsted,12/31/2025
2022-2023,Adams,Sprigg,"1,639","1,867"," 1,744 ",315 Poplar Flat Road,,West Union,45693,,,,,Fiscal Officer,David,Allen,Dugan,3/31/2024,Trustee ,Floyd,Charles,Hayslip,12/31/2023,Trustee ,David,W.,Abbott,12/31/2025,Trustee ,Brennan,Kelly,Roush,12/31/2025
2022-2023,Adams,Tiffin,"5,075","5,560"," 5,210 ",2781 Vaughn Ridge Road,,West Union,45693,,,,tiffintwpadams.us,Fiscal Officer,David,L.,Vogler,3/31/2024,Trustee ,Caleb,M.,Grooms,12/31/2023,Trustee ,Richard,M.,Dryden,12/31/2025,Trustee ,Gregeory,B.,Grooms,12/31/2025
2022-2023,Adams,Wayne,"1,273","1,304"," 1,363 ",1065 Coon Hill Road,,Winchester,45697-9746,,,,,Fiscal Officer,Penny,A.,Tolle,3/31/2024,Trustee ,Thomas,C.,Downing,12/31/2023,Trustee ,Steven,,Leonard,12/31/2025,Trustee ,James,A.,Tadlock,12/31/2025
2022-2023,Adams,Winchester,"1,984","2,208"," 2,190 ",19327 State Route 136,,Winchester,45697,PO Box 87,Winchester,45697,,Fiscal Officer,Rae,J.,Maddox,3/31/2024,Trustee ,Rick,,Hardin,12/31/2023,Trustee ,Kirk ,,Bunn,12/31/2025,Trustee ,Michael,,Swackhammer,12/31/2025
2022-2023,Allen,Amanda,"1,913","2,071"," 2,061 ",690 South Conant Road,,Spencerville,45887,,,,,Fiscal Officer,Brenda,,Core,3/31/2024,Trustee ,Brad,,Core,12/31/2023,Trustee ,Bob ,,Barnt,12/31/2025,Trustee ,Doug,,Post,12/31/2025
2022-2023,Allen,American,"15,516","14,381"," 14,538 ",102 Pioneer Road,,Elida,45807,,,,amertwp.us,Fiscal Officer,Brady,,Overholt,3/31/2024,Trustee ,Larry,,Vandemark,12/31/2023,Trustee ,Lynn,,Mohler,12/31/2025,Trustee ,Paul,,Basinger,12/31/2025
2022-2023,Allen,Auglaize,"2,850","2,783"," 2,757 ",7726 Bellefontaine Road,,Harrod,45850,,,,www.auglaizetwp.com,Fiscal Officer,Melissa,,Marshall,3/31/2024,Trustee ,Russell,,Winegardner,12/31/2023,Trustee ,Steve,,Ewing,12/31/2025,Trustee ,Michael ,,Stout,12/31/2025
2022-2023,Allen,Bath,"9,819","9,725"," 9,399 ",2880 Ada Road,,Lima,45801,,,,Www.bathtwp.com,Fiscal Officer,Lisa,Kay,Cogley,3/31/2024,Trustee ,Bill,,Degen,12/31/2023,Trustee ,Brad,,Baxter,12/31/2025,Trustee ,Mike,,Meeks,12/31/2025
2022-2023,Allen,Jackson,"2,936","3,056"," 3,143 ",225 East Sugar Street ,,Lafayette,45854,,,,,Fiscal Officer,Brandt,,Miller,3/31/2024,Trustee ,James,,Shilling,12/31/2023,Trustee ,Vacant,,Seat,12/31/2025,Trustee ,Ryan,,Carter,12/31/2025
2022-2023,Allen,Marion,"6,773","6,715"," 6,629 ",5405 Kiggins Road,,Delphos,45833,,,,,Fiscal Officer,Robert,Carl,Kimmet,3/31/2024,Trustee ,Jerry,,Gilden,12/31/2023,Trustee ,Gary ,,Mack,12/31/2025,Trustee ,Howard,,Violet,12/31/2025
2022-2023,Allen,Monroe,"2,219","2,226"," 2,067 ",8500 Slabtown Road,,Columbus Grove,45830,,,,,Fiscal Officer,Amy,,Stechschulte,3/31/2024,Trustee ,Jon,,Basinger,12/31/2023,Trustee ,Steven ,,Beam,12/31/2025,Trustee ,Mark ,,Diller,12/31/2025
2022-2023,Allen,Perry,"3,620","3,531"," 3,382 ",2408 East Breese Road,,Lima,45806,,,,https://perryallenohio.com/?PerryNOWTownship=1,Fiscal Officer,Lynn,,Hanson,3/31/2024,Trustee ,Kevin,,Cox,12/31/2023,Trustee ,Norman,,Capps,12/31/2025,Trustee ,Gregory,,Kessen,12/31/2025
2022-2023,Allen,Richland,"6,090","6,289"," 5,871 ",8435 Dixie Highway,,Bluffton,45817,,,,,Fiscal Officer,Trisha,,Nieman,3/31/2024,Trustee ,Donald,,Brauen,12/31/2023,Trustee ,Rod,,Goldsberry,12/31/2025,Trustee ,Gary,,Lugibihl,12/31/2025
2022-2023,Allen,Shawnee,"12,220","12,433"," 12,482 ",2530 Fort Amanda Rd,,Lima,45804,,,,,Fiscal Officer,Kevin,D.,Cooley,3/31/2024,Trustee ,Russ,,Holly,12/31/2023,Trustee ,Clark,,Speiles,12/31/2025,Trustee ,Theodore,,Ciminillo,12/31/2025
2022-2023,Allen,Spencer,"3,106","3,067"," 3,067 ",10380 Kolter Rd,,Spencerville,45887,,,,,Fiscal Officer,Kathleen,,Keller,3/31/2024,Trustee ,Ricky,W.,Keller,12/31/2023,Trustee ,Ron,,Leffel,12/31/2025,Trustee ,Allen,,Mcmichael,12/31/2025
2022-2023,Allen,Sugar Creek,"1,330","1,283"," 1,231 ",4130 Lincoln Highway,,Gomer,45809,,,,,Fiscal Officer,Jessica,L.,Cruikshank,3/31/2024,Trustee ,William,Wayne,Williams,12/31/2023,Trustee ,Willard,Rodney,Watkins,12/31/2025,Trustee ,Robert,Brian,Overholt,12/31/2025
2022-2023,Ashland,Clearcreek,"2,069","2,276"," 2,217 ",1404 Township Road 956,,Savannah,44874,PO Box 82,Savannah,44874,,Fiscal Officer,Nicholas,,Stuart,3/31/2024,Trustee ,David,,Shoup,12/31/2023,Trustee ,Standley,,Crist,12/31/2025,Trustee ,Ervin,,Yoder,12/31/2025
2022-2023,Ashland,Green,"3,887","3,951"," 3,676 ",,,Loudonville,44842,PO Box 267,Loudonville,44842,greentwp.us,Fiscal Officer,Andi,,Purcell,3/31/2024,Trustee ,Rich,,Kline,12/31/2023,Trustee ,Marianne,,Cowell,12/31/2025,Trustee ,Dwain,,Stitzlein,12/31/2025
2022-2023,Ashland,Hanover,"2,520","2,050"," 2,467 ",706 County Road 3374,,Loudonville,44842,PO Box 136,Loudonville,44842,,Fiscal Officer,Rita,K.,Henley,3/31/2024,Trustee ,Timothy,C.,Mowery,12/31/2023,Trustee ,Ronald,E.,Endslow,12/31/2025,Trustee ,John,R.,Burkhart,12/31/2025
2022-2023,Ashland,Jackson,"3,554","3,887"," 3,884 ",464 Township Road 700,,Polk,44866,,,,www.jacksontwpohio.com,Fiscal Officer,Cheryl ,,Welch,3/31/2024,Trustee ,Scott,,Markley,12/31/2023,Trustee ,Jim,,Power,12/31/2025,Trustee ,Kay,,Wright,12/31/2025
2022-2023,Ashland,Lake,735,690, 736 ,2673 Township Road 327,,Loundonville,44842,,,,,Fiscal Officer,Elizabeth,,Schaffer,3/31/2024,Trustee ,Lewis,,Morris Jr.,12/31/2023,Trustee ,Mike,,Bender,12/31/2025,Trustee ,Timothy,,Nickles,12/31/2025
2022-2023,Ashland,Mifflin,"1,083","1,126"," 1,231 ",1175 Township Road 1875,,Ashland,44805-9406,,,,,Fiscal Officer,David,L.,Seiss,3/31/2024,Trustee ,Timothy,E.,Echelberger,12/31/2023,Trustee ,John,M.,Bartley,12/31/2025,Trustee ,Eric,C.,Oswalt,12/31/2025
2022-2023,Ashland,Milton,"2,431","2,383"," 2,357 ",1158 County Road 1475,,Ashland,44805,,,,,Fiscal Officer,Jeanne,,Saner,3/31/2024,Trustee ,Deb,,Wertz,12/31/2023,Trustee ,Eric,,Fulk,12/31/2025,Trustee ,Mitch,,Bolin,12/31/2025
2022-2023,Ashland,Mohican,"1,857","2,033"," 2,078 ",2008 State Route 89,,Jeromesville,44840,,,,,Fiscal Officer,Jason,,Grimwood,3/31/2024,Trustee ,Steven,,Moffett,12/31/2023,Trustee ,Bryan ,Keith,Raudebaugh,12/31/2025,Trustee ,Michael,,Weber,12/31/2025
2022-2023,Ashland,Montgomery,"2,412","2,700"," 2,749 ",1302 North Davis Road,,Ashland,44805,PO Box 5116,Ashland,44805,,Fiscal Officer,Andrea,Melissa,Wertz,3/31/2024,Trustee ,Joshua,,Boley,12/31/2023,Trustee ,Steve,,Uhler,12/31/2025,Trustee ,Britt,,Troth,12/31/2025
2022-2023,Ashland,Orange,"2,278","2,523"," 2,569 ",1008 Township Road 876,,Ashland,44805,,,,,Fiscal Officer,Betsie,,Krumlaw,3/31/2024,Trustee ,Brian,,Canfield,12/31/2023,Trustee ,David,,Elson,12/31/2025,Trustee ,George,,Parks,12/31/2025
2022-2023,Ashland,Perry,"1,927","1,990"," 2,024 ",1567 County Road 175,,Jeromesvillle,44840,,,,,Fiscal Officer,Valerie,K.,Hall,3/31/2024,Trustee ,Kent,P.,Mcgovern,12/31/2023,Trustee ,Brian,G.,Funk,12/31/2025,Trustee ,Burton,F.,Williams,12/31/2025
2022-2023,Ashland,Ruggles,857,905, 955 ,275 County Road 1171,,Nova,44859,,,,,Fiscal Officer,Michelle,,Ropp,3/31/2024,Trustee ,George,,Ashton,12/31/2023,Trustee ,Scott ,,Ashton,12/31/2025,Trustee ,Scott,,Stolcals,12/31/2025
2022-2023,Ashland,Sullivan,"2,076","2,513"," 2,620 ",500 US Highway 224,,Sullivan,44880,,,,,Fiscal Officer,Anna ,,Gibson,3/31/2024,Trustee ,Samantha ,,Shank,12/31/2023,Trustee ,Ermal ,,Alexander,12/31/2025,Trustee ,Tab,,Bloom,12/31/2025
2022-2023,Ashland,Troy,"1,051","1,132"," 1,101 ",923 US 224 Rear,,Nova,44859,PO Box 56,Nova,44859,http://www.troytwp.org/,Fiscal Officer,Fred,,Lowery,3/31/2024,Trustee ,Rusty,,Callihan,12/31/2023,Trustee ,Tim,,Roth,12/31/2025,Trustee ,Chase,,Galloway,12/31/2025
2022-2023,Ashland,Vermillion,"2,539","2,618"," 2,558 ",601 County Road 2000,,Jeromesville,44840,,,,,Fiscal Officer,Amy,L.,Pickering,3/31/2024,Trustee ,Grant,,Conwell,12/31/2023,Trustee ,Ralph,,Owens,12/31/2025,Trustee ,Doug,,Kamenik,12/31/2025
2022-2023,Ashtabula,Andover,"2,672","2,753"," 2,577 ",410 East Main Street,,Andover,44003,,,,,Fiscal Officer,Karen,A.,Chapman,3/31/2024,Trustee ,Andrew,,Kirby,12/31/2023,Trustee ,William,,French,12/31/2025,Trustee ,Glenn,,Day,12/31/2025
2022-2023,Ashtabula,Ashtabula,"23,239","20,941"," 19,585 ",2718 North Ridge Road East,,Ashtabula,44004,,,,ashtabulatownship.com,Fiscal Officer,Robert,S.,Dille,3/31/2024,Trustee ,Joseph,J.,Pete,12/31/2023,Trustee ,Bambi ,,Paulchel,12/31/2025,Trustee ,Stephen,J.,Mcclure,12/31/2025
2022-2023,Ashtabula,Austinburg,"2,234","2,197"," 2,240 ",2794 State Route 307,,Austinburg,44010,PO Box 134,Austinburg,44010,www.austinburgtownship.org,Fiscal Officer,Kanda,Marie,O'Dell,3/31/2024,Trustee ,John,,Kusar,12/31/2023,Trustee ,Byron,,Dutton II,12/31/2025,Trustee ,Peter,,Haase,12/31/2025
2022-2023,Ashtabula,Cherry Valley,857,955, 913 ,4045 Russell Road,,Dorset,44032,,,,,Fiscal Officer,Rita,,Woodard,3/31/2024,Trustee ,Jim,,Slater,12/31/2023,Trustee ,Mark,,Savel,12/31/2025,Trustee ,Jeff,,Smith,12/31/2025
2022-2023,Ashtabula,Colebrook,887,994," 1,115 ",931 US Route 322,,Orwell,44076,,,,,Fiscal Officer,Todd ,,Easton ,3/31/2024,Trustee ,Joseph ,,Brothag,12/31/2023,Trustee ,Edward,,Bentom,12/31/2025,Trustee ,Ronald ,,Chutas,12/31/2025
2022-2023,Ashtabula,Denmark,880,946, 847 ,42 Clay Road,,Jefferson,44047,,,,,Fiscal Officer,Janet,,Harrington,3/31/2024,Trustee ,William,,Thompson,12/31/2023,Trustee ,Robert,,Fink,12/31/2025,Trustee ,David,R.,Talcott,12/31/2025
2022-2023,Ashtabula,Dorset,892,846, 807 ,3877 Creek Road,,Andover,44003,,,,,Fiscal Officer,Tammy,L.,Klasen,3/31/2024,Trustee ,Ronald,K.,Vitez,12/31/2023,Trustee ,Herbert,J.,Dean,12/31/2025,Trustee ,Jeffery ,A.,Hinkle,12/31/2025
2022-2023,Ashtabula,Geneva,"11,954","11,098"," 10,080 ",256 North Cedar Street,,Geneva,44041,PO Box 670,Geneva,44041,www.genevatownshipohio.com,Fiscal Officer,Tammy,,Caya,3/31/2024,Trustee ,Dennis,,Brown,12/31/2023,Trustee ,Timothy,,Mills,12/31/2025,Trustee ,Robert,,Russell,12/31/2025
2022-2023,Ashtabula,Harpersfield,"2,603","2,695"," 2,591 ",4858 Cork Cold Springs Road,,Geneva,44041,,,,harpersfield.us,Fiscal Officer,Sharon,,Rohrbaugh,3/31/2024,Trustee ,Edwin ,,Spoor,12/31/2023,Trustee ,James,,Pristov,12/31/2025,Trustee ,Raymond,,Gruber Jr,12/31/2025
2022-2023,Ashtabula,Hartsgrove,"1,395","1,597"," 1,624 ",5321 Route 534,,Rome,44085,,,,HARTSGROVE.ORG,Fiscal Officer,Patricia,Jane,Neuberger,3/31/2024,Trustee ,Robert,,Williams,12/31/2023,Trustee ,Bruce,,Gottron,12/31/2025,Trustee ,Chris,,Moore,12/31/2025
2022-2023,Ashtabula,Jefferson,"5,559","5,252"," 5,317 ",335 East Erie Street,,Jefferson,44047,,,,www.jeffohtwp.org,Fiscal Officer,Corrie,,Newhart,3/31/2024,Trustee ,Mike,,Shadle,12/31/2023,Trustee ,John,,Boczar,12/31/2025,Trustee ,Scott,,Barber,12/31/2025
2022-2023,Ashtabula,Kingsville,"1,847","1,766"," 1,649 ",5890 Cemetery Road,,Kingsville,44048,,,,www.kingsvilletwp.org,Fiscal Officer,Sharon,Sue,Huey,3/31/2024,Trustee ,Karl,,Brunell,12/31/2023,Trustee ,James,,Branch,12/31/2025,Trustee ,Michael,,Cliff,12/31/2025
2022-2023,Ashtabula,Lenox,"1,388","1,450"," 1,374 ",2509 Lenox New Lyme Road,,Jefferson,44047,PO Box 423,Jefferson,44047,,Fiscal Officer,Robin,,Hayford-Fiebig,3/31/2024,Trustee ,Barry,,Weaver,12/31/2023,Trustee ,John,A.,Maylish III,12/31/2025,Trustee ,James,,Robinson,12/31/2025
2022-2023,Ashtabula,Monroe,"2,268","2,381"," 2,138 ",2650 State Route 7N,,Pierpont,44082,,,,,Fiscal Officer,Clarissa,,Murtha,3/31/2024,Trustee ,Robert,,Pixley,12/31/2023,Trustee ,John,,Griggs,12/31/2025,Trustee ,Roger,,Sherman,12/31/2025
2022-2023,Ashtabula,Morgan,"1,954","2,170"," 2,293 ",2234 Deer Run Drive,,Rock Creek,44082,,,,,Fiscal Officer,Marie,,Lesko-Silbaugh,3/31/2024,Trustee ,Michael,,Jones,12/31/2023,Trustee ,Dave,,Larosa,12/31/2025,Trustee ,Bob,,Martin,12/31/2025
2022-2023,Ashland,New Lyme,"1,072","1,116"," 1,015 ",4672 Lenox New Lyme Road,,Jefferson,44047,,,,,Fiscal Officer,Wendi,,O'Brien,3/31/2024,Trustee ,Brian,,Edelman,12/31/2023,Trustee ,Mare,,Stringfellow,12/31/2025,Trustee ,Lucas,,Zaebst,12/31/2025
2022-2023,Ashtabula,Orwell,"2,830","3,106"," 3,077 ",,,,,PO Box 672,Orwell,44076,,Fiscal Officer,Cynthia ,,Hart,3/31/2024,Trustee ,Thomas,,Prusinski,12/31/2023,Trustee ,Mark,,Hart,12/31/2025,Trustee ,Mark ,,Stackhouse,12/31/2025
2022-2023,Ashtabula,Pierpont,"1,197","1,285"," 1,158 ",1109 State Route 7,,Pierpont,44082,,,,,Fiscal Officer,Jennifer,,Hoover,3/31/2024,Trustee ,Pamela ,,Hudson,12/31/2023,Trustee ,Carl,,Williams,12/31/2025,Trustee ,Brian,,Brent,12/31/2025
2022-2023,Ashtabula,Plymouth,"2,081","1,981"," 1,928 ",4350 Runkle Avenue East,,Ashtabula,44004,,,,plymouthtownshipohio.net,Fiscal Officer,Maryann,,Stevenson,3/31/2024,Trustee ,David,,Waldron,12/31/2023,Trustee ,Debra,,Friedstrom,12/31/2025,Trustee ,Jody,,Bancroft,12/31/2025
2022-2023,Ashtabula,Richmond,937,938," 1,000 ",6489 Footville-Richmond Road,,Andover,44003,,,,,Fiscal Officer,Linda,,Hitchcock,3/31/2024,Trustee ,Allen,,Slater,12/31/2023,Trustee ,David,,Ballentine,12/31/2025,Trustee ,Samuel,,Semai,12/31/2025
2022-2023,Ashtabula,Rome,"1,568","1,812"," 1,854 ",3162 US Highway 6,,Rome,44085,PO Box 5057,Rome,44085,,Fiscal Officer,Jeanette,,Gage,3/31/2024,Trustee ,Tim,,Spangler,12/31/2023,Trustee ,Eric,,Eland,12/31/2025,Trustee ,Thomas,A.,Gage,12/31/2025
2022-2023,Ashtabula,Saybrook,"10,051","9,853"," 9,711 ",7247 Center Road,,Ashtabula,44004,,,,,Fiscal Officer,Larry,,Johnson,3/31/2024,Trustee ,Gloria,,Baum,12/31/2023,Trustee ,Robert,,Brobst,12/31/2025,Trustee ,Norman,,Jepson,12/31/2025
2022-2023,Ashtabula,Sheffield,"1,491","1,639"," 1,499 ",3636 Sheffield Monroe Road,,Kingsville,44048,PO Box 38,Kingsville,44048,www.sheffieldtwpash.com,Fiscal Officer,Tracy,,Kohta,3/31/2024,Trustee ,Kenneth,,Kister,12/31/2023,Trustee ,Alan,,Kohta,12/31/2025,Trustee ,Troy,,Vanek,12/31/2025
2022-2023,Ashtabula,Trumbull,"1,461","1,408"," 1,376 ",2443 State Route 534 South,,Geneva,44041,,,,trumbulltownship.org,Fiscal Officer,Marie,,Rohrbaugh,3/31/2024,Trustee ,John,,Mcmahan,12/31/2023,Trustee ,Larry,O.,Morse,12/31/2025,Trustee ,Mark,R.,Reed II,12/31/2025
2022-2023,Ashtabula,Wayne,653,630, 668 ,State Route 193,,Orwell,44076,,,,,Fiscal Officer,Joann,L.,Knowles,3/31/2024,Trustee ,Kenneth,,Coltman,12/31/2023,Trustee ,Stephen,,Gruskiewicz,12/31/2025,Trustee ,Adam,,Rubesich,12/31/2025
2022-2023,Ashtabula,Williamsfield,"1,683","1,645"," 1,419 ",,,Williamsfield,44093,PO Box 157,Williamsfield,44093,,Fiscal Officer,Lynn,C.,Peskoran,3/31/2024,Trustee ,Ronald,J.,Jewell,12/31/2023,Trustee ,Thomas,E.,Martin,12/31/2025,Trustee ,Gary ,L.,Babb,12/31/2025
2022-2023,Ashtabula,Windsor,"1,932","2,279"," 2,659 ",5159 State Route 534,,Windsor,44099,PO Box 223,Windsor,44099,www.windsortownship.org,Fiscal Officer,Carla,,Slusher,3/31/2024,Trustee ,Jeffrey,,Merritt,12/31/2023,Trustee ,James,,Plizga,12/31/2025,Trustee ,Robert,,Slusher,12/31/2025
2022-2023,Athens,Alexander,"2,614","2,811"," 2,801 ",3291 Pleasant Hill Road,,Athens,45701,,,,,Fiscal Officer,Judy,Ann,Ellis,3/31/2024,Trustee ,Robert ,,Sickels,12/31/2023,Trustee ,Brian ,,Grubbs,12/31/2025,Trustee ,David,,Perry,12/31/2025
2022-2023,Athens,Ames,"1,231","1,183"," 1,237 ",15900 Henry Road,,Amesville,45711,PO Box 158,Amesville,45711,Amestownship.com,Fiscal Officer,Anita,Kay,Weed,3/31/2024,Trustee ,Lyle,,Fuller,12/31/2023,Trustee ,Brent,,Kasler,12/31/2025,Trustee ,Andrew,,Sayers,12/31/2025
2022-2023,Athens,Athens,"27,714","30,473"," 30,163 ",313 West Union Street,,Athens,45701,PO Box 193,The Plains,45780,athenstwp.com,Fiscal Officer,Brenda,L.,Cox,3/31/2024,Trustee ,Ted,J.,Linscott,12/31/2023,Trustee ,Steve,H.,Pierson,12/31/2025,Trustee ,Brian,K.,Baker,12/31/2025
2022-2023,Athens,Bern,519,572, 556 ,17959 Plantsville Road,,Chesterhill,43728,,,,,Fiscal Officer,Denise,Kay,Tate,3/31/2024,Trustee ,David,,Bennett,12/31/2023,Trustee ,Alan,,Gilchrist,12/31/2025,Trustee ,Danny,,Simons,12/31/2025
2022-2023,Athens,Canaan,"1,780","1,666"," 1,586 ",6511 Wright Road,,Athens,45701,,,,,Fiscal Officer,Leesa,M.,Gilders,3/31/2024,Trustee ,Russell,,Halbirt,12/31/2023,Trustee ,Randy ,,Wolfe,12/31/2025,Trustee ,Charley,,Kincade,12/31/2025
2022-2023,Athens,Carthage,"1,467","1,532"," 1,459 ",5600 Bean Cemetery Road,,Guysville,45735,,,,,Fiscal Officer,M,Gayle,Buckley,3/31/2024,Trustee ,Ranson,,Calaway,12/31/2023,Trustee ,Robert ,,Pullins,12/31/2025,Trustee ,William ,,Guess,12/31/2025
2022-2023,Athens,Dover,"3,797","3,626"," 3,387 ",15947 Main Street,,Millfield,45761,,,,,Fiscal Officer,William,G.,Russell,3/31/2024,Trustee ,Christopher,,Russell,12/31/2023,Trustee ,Dan,,Brown,12/31/2025,Trustee ,Stuart,,Neal,12/31/2025
2022-2023,Athens,Lee,"2,531","2,729"," 2,837 ",2013 Mill Street,,Albany,45710,,,,,Fiscal Officer,Carolee,,King,3/31/2024,Trustee ,Stacy,,Gwinn,12/31/2023,Trustee ,James,,Turner,12/31/2025,Trustee ,Kenny,,Waggoner,12/31/2025
2022-2023,Athens,Lodi,"1,403","1,425"," 1,419 ",16670 Mill School Road,,Guysville,45735,,,,,Fiscal Officer,Jonetta,F.,Niggemeyer,3/31/2024,Trustee ,Denver,,Jordan,12/31/2023,Trustee ,Albert,,Hawk,12/31/2025,Trustee ,Larry ,,Baringer,12/31/2025
2022-2023,Athens,Rome,"1,400","1,320"," 1,251 ",6306 Green Valley Road,,Guysville,45735,,,,,Fiscal Officer,Willard,Andrew,Dunfee,3/31/2024,Trustee ,John,,Young Jr.,12/31/2023,Trustee ,Aaron ,,Mcvey,12/31/2025,Trustee ,John,,Poston,12/31/2025
2022-2023,Athens,Trimble,"4,710","4,480"," 4,041 ",22800 Fox Hunter Road,,Glouster,45732-9302,,,,,Fiscal Officer,Tia,,Barrett,3/31/2024,Trustee ,Geoff,,Moore,12/31/2023,Trustee ,Paul,,Barrett,12/31/2025,Trustee ,Sam,,Kamento,12/31/2025
2022-2023,Athens,Troy,"2,712","2,617"," 2,490 ",26500 Brimstone Road,,Coolville,45723,PO Box 491,Coolville,45723,,Fiscal Officer,James,,Ford,3/31/2024,Trustee ,Mathew,,Miller,12/31/2023,Trustee ,Mike,,Putman,12/31/2025,Trustee ,Brandon,,Russell,12/31/2025
2022-2023,Athens,Waterloo,"2,605","2,562"," 2,352 ",7812 Hawk Road,,New Marshfield,45766,PO Box 249,New Marshfield,45766,,Fiscal Officer,Kimberly,Kay ,Russell,3/31/2024,Trustee ,William,,Gould,12/31/2023,Trustee ,Cory,David,Russell,12/31/2025,Trustee ,Gregg,Neal,Andrews,12/31/2025
2022-2023,Athens,York,"7,740","7,761"," 6,852 ",380 Love Street,,Nelsonville,45764,,,,,Fiscal Officer,Jane,Ann,Edwards,3/31/2024,Trustee ,Ronnie,L.,Wend,12/31/2023,Trustee ,Bernard,W.,Mellinger,12/31/2025,Trustee ,Timothy,R.,Warren,12/31/2025
2022-2023,Auglaize,Clay,700,817, 790 ,23412 Idle Road,,Wapakoneta,45895-8836,,,,,Fiscal Officer,James,M.,Metzger,3/31/2024,Trustee ,John,R.,Zink,12/31/2023,Trustee ,Jerry,D.,Shipp,12/31/2025,Trustee ,Anthony,M.,Elsass,12/31/2025
2022-2023,Auglaize,Duchouquet,"14,329","14,499"," 14,676 ",17301 Golden Bridge Road,,Wapakoneta,45895,,,,duchouquettownship.com,Fiscal Officer,Cathy,Marie,Oen,3/31/2024,Trustee ,Bruce,Allen,Rohrbacher,12/31/2023,Trustee ,Rick,Joe,Place,12/31/2025,Trustee ,Dwight,Allen,Steinke,12/31/2025
2022-2023,Auglaize,German,"3,831","3,748"," 3,751 ",123 North Main Street,,New Bremen,45869,,,,,Fiscal Officer,Karen,R.,Balster,3/31/2024,Trustee ,David ,,Albers,12/31/2023,Trustee ,Vernon ,,Paul,12/31/2025,Trustee ,Robert,,Heitkamp,12/31/2025
2022-2023,Auglaize,Goshen,523,529, 472 ,94 East Market Street ,,New Hampshire,45870,,,,,Fiscal Officer,Jodi,,Hennon,3/31/2024,Trustee ,Edwin,,Spencer,12/31/2023,Trustee ,Brian,,Myers,12/31/2025,Trustee ,Kip,,Wilcox,12/31/2025
2022-2023,Auglaize,Jackson,"3,577","3,649"," 4,011 ",,,Minster,45865,PO Box 94,Minster,45865,,Fiscal Officer,David,,Doenges,3/31/2024,Trustee ,Matthew,,Olberding,12/31/2023,Trustee ,Kenneth,,Sommer,12/31/2025,Trustee ,James,,Steinemann,12/31/2025
2022-2023,Auglaize,Logan,"1,201","1,113"," 1,158 ",19854 State Route 198,,Wapakoneta,45895,,,,,Fiscal Officer,Nikki,,Stolzenburg,3/31/2024,Trustee ,David,,Krites,12/31/2023,Trustee ,Sam,,Kellerman,12/31/2025,Trustee ,Mark,,Lee,12/31/2025
2022-2023,Auglaize,Moulton,"1,704","1,694"," 1,634 ",09280 Glynwood Road,,Wapakoneta,45895,,,,,Fiscal Officer,Larry,W.,Johns,3/31/2024,Trustee ,Thomas,J.,Kohler,12/31/2023,Trustee ,Dean,A.,Kentner,12/31/2025,Trustee ,Patrick,M.,Schneider,12/31/2025
2022-2023,Auglaize,Noble,"1,439","1,716"," 1,863 ",05617 Lock 14 Road,,St. Marys,45885,,,,,Fiscal Officer,Steve,,Schamp,3/31/2024,Trustee ,Greg,,Leffel,12/31/2023,Trustee ,Brian,,Cook,12/31/2025,Trustee ,Grant,,Shaner,12/31/2025
2022-2023,Auglaize,Pusheta,"1,346","1,301"," 1,269 ",15930 Wapak-Fisher Road,,Wapakoneta,45895,,,,,Fiscal Officer,Brian,M.,Schlosser,3/31/2024,Trustee ,Jay,,Fisher,12/31/2023,Trustee ,John,,Kaeck,12/31/2025,Trustee ,Jim,,Schaub,12/31/2025
2022-2023,Auglaize,Saint Marys,580,498, 507 ,10307 Schroeder Road,,Saint Marys,45885,,,,,Fiscal Officer,Ronald,L.,Sudman,3/31/2024,Trustee ,Robert,H.,Wilker,12/31/2023,Trustee ,Allen,J.,Imwalle,12/31/2025,Trustee ,Chad,W.,Elshoff,12/31/2025
2022-2023,Auglaize,Salem,"11,600","11,015"," 11,093 ",05683 State Route 197,,Wapakoneta,45895,,,,,Fiscal Officer,Patricia,,Mcmichael,3/31/2024,Trustee ,Michael,,Vogel,12/31/2023,Trustee ,Richard,,Seibert,12/31/2025,Trustee ,Jeffrey,,Pratte,12/31/2025
2022-2023,Auglaize,Union,"1,870","1,902"," 1,746 ",19128 Miller Road,,Wapakoneta,45895,,,,,Fiscal Officer,Cindy ,A.,Bourne,3/31/2024,Trustee ,Rich,,Miller,12/31/2023,Trustee ,Mark,,Waitman,12/31/2025,Trustee ,Kelly,,Knutzen,12/31/2025
2022-2023,Auglaize,Washington,"2,320","1,874"," 1,944 ",10338 State Route 219,,New Knoxville,45871,,,,,Fiscal Officer,Cheryl ,M., Bambauer,3/31/2024,Trustee ,Louis,,Klopfenstein,12/31/2023,Trustee ,Tim,,Becher,12/31/2025,Trustee ,Nicholas,,Schoenlein,12/31/2025
2022-2023,Auglaize,Wayne,"1,591","1,594"," 1,508 ",28680 State Route 67,,Waynesfield,45896,PO Box 103,Waynesfield,45896,,Fiscal Officer,Holly,,Turner,3/31/2024,Trustee ,Erick ,,Werling,12/31/2023,Trustee ,Larry,,Sutherland,12/31/2025,Trustee ,Kevin,,Sidener,12/31/2025
2022-2023,Belmont,Colerain,"4,438","4,276"," 4,174 ",,,Colerain,43916-0284,PO Box 284,Colerain,43916-0284,,Fiscal Officer,Vince,,Gianangeli,3/31/2024,Trustee ,Ralph,,King,12/31/2023,Trustee ,Jeff,,Gazdik,12/31/2025,Trustee ,John,,Yoker,12/31/2025
2022-2023,Belmont,Flushing,"1,990","2,021"," 1,936 ",134 Wood Street,,Flushing ,43977,,,,,Fiscal Officer,Mindy,,Wilson,3/31/2024,Trustee ,Bryan,,Clark,12/31/2023,Trustee ,Scott,,Roush,12/31/2025,Trustee ,Rickey,,Withrow,12/31/2025
2022-2023,Belmont,Goshen,"3,252","3,147"," 3,027 ",,,Bethesda,43719,PO Box 10,Bethesda,43719,,Fiscal Officer,Doug,E.,Kemp,3/31/2024,Trustee ,Shawn,,Thompson,12/31/2023,Trustee ,Paul,,Clark,12/31/2025,Trustee ,Richard ,,Whiteley Jr.,12/31/2025
2022-2023,Belmont,Kirkwood,353,400, 412 ,65733 Mt. Olivett Road,,Barnesville,43713,,,,,Fiscal Officer,Mariah,,Lynn,3/31/2024,Trustee ,C. Timothy,,Lara,12/31/2023,Trustee ,Kevin,,Arigoni,12/31/2025,Trustee ,Ronald,,Temple,12/31/2025
2022-2023,Belmont,Mead,"6,023","5,967"," 5,430 ",53322 Cash Ridge Road,,Shadyside,43947,,,,,Fiscal Officer,David,,Albright,3/31/2024,Trustee ,Ed,,Good,12/31/2023,Trustee ,Paul,Matt,Merryman,12/31/2025,Trustee ,Clyde,,Hammond,12/31/2025
2022-2023,Belmont,Pease,"14,961","14,309"," 12,849 ",69813 Forest Drive,,Martins Ferry,43935,PO Box 176,Martins Ferry,43935,,Fiscal Officer,Amanda,,Murray,3/31/2024,Trustee ,Roger,,Weaver,12/31/2023,Trustee ,Dave,,Horne,12/31/2025,Trustee ,Michael,,Bianconi,12/31/2025
2022-2023,Belmont,Pultney,"9,700","8,795"," 8,163 ",1410 High Street,,Bellaire,43906,,,,,Fiscal Officer,Marla,,Krupnik,3/31/2024,Trustee ,Mark,,Cervelli,12/31/2023,Trustee ,John,,Laroche,12/31/2025,Trustee ,Franklin,,Shaffer Jr. ,12/31/2025
2022-2023,Belmont,Richland,"13,571","14,973"," 14,681 ",124 West Main Street ,,St. Clairsville,43950,,,,,Fiscal Officer,Matthew,,Berher,3/31/2024,Trustee ,Gregory,,Clark,12/31/2023,Trustee ,James,,Denoble,12/31/2025,Trustee ,Richard,,Ferrell,12/31/2025
2022-2023,Belmont,Smith,"1,445","1,543"," 1,433 ",45636 Hart Road,,Belmont,43718,,,,,Fiscal Officer,Janette,,Carson,3/31/2024,Trustee ,James,,Mcgarry,12/31/2023,Trustee ,Ronald,,Duvall,12/31/2025,Trustee ,Michael,,Delaney,12/31/2025
2022-2023,Belmont,Somerset,"1,186","1,245"," 1,242 ",56783 Somerton Highway,,Barnesville,43713,,,,,Fiscal Officer,Diane,E.,Blattler,3/31/2024,Trustee ,Jeffery,,Miller,12/31/2023,Trustee ,James,,Anderson,12/31/2025,Trustee ,Dale,,Betts,12/31/2025
2022-2023,Belmont,Union,"2,151","2,295"," 2,275 ",101 Memory Lane,,Morristown,43759,PO Box 1,Morristown,43759,,Fiscal Officer,Nancy,Jo,Lucas,3/31/2024,Trustee ,Shane,,Kildow,12/31/2023,Trustee ,Justin,,Demarchi,12/31/2025,Trustee ,Anthony,,Kolanski,12/31/2025
2022-2023,Belmont,Warren,"5,870","5,974"," 5,743 ",400 Pultney Avenue,,Barnesville,43713,PO Box 2,Barnesville,43713,,Fiscal Officer,Kent,William,Gallagher,3/31/2024,Trustee ,Martin,David,Hissom,12/31/2023,Trustee ,Jimmy,Lee,Grear,12/31/2025,Trustee ,Russell,,Barker,12/31/2025
2022-2023,Belmont,Washington,537,517, 505 ,46540 East Captina Highway ,,Alledonia ,43902,,,,,Fiscal Officer,Loretta ,,Goddard ,3/31/2024,Trustee ,Sam ,,Milhoan ,12/31/2023,Trustee ,Paul,,Kanzigg,12/31/2025,Trustee ,Larry,,Stukey,12/31/2025
2022-2023,Belmont,Wayne,624,709, 703 ,56460 New Castle Road,,Jerusalem,43747,,,,,Fiscal Officer,Shaun,,Leach,3/31/2024,Trustee ,Russell,,Winland,12/31/2023,Trustee ,William ,,Davis,12/31/2025,Trustee ,Rick,,Hagan,12/31/2025
2022-2023,Belmont,Wheeling,"1,477","1,691"," 1,604 ",71179 Main Street,,St. Clairsville,43950,,,,,Fiscal Officer,Mike,L.,Butler,3/31/2024,Trustee ,Steve,,Vcelka,12/31/2023,Trustee ,Michael,S.,Drake,12/31/2025,Trustee ,Richard,,Verardi,12/31/2025
2022-2023,Belmont,York,"2,648","2,538"," 2,320 ",54120 East Captina Highway,,Powhatan Point,43942,,,,,Fiscal Officer,Deanna Jo,,Caldwell,3/31/2024,Trustee ,Curtis,,Wisvari,12/31/2023,Trustee ,Robert,,Graham,12/31/2025,Trustee ,Ronald,,Graham,12/31/2025
2022-2023,Brown,Byrd,740,739, 733 ,5255 State Route 763,,Ripley,45167,,,,,Fiscal Officer,Connie,,Scott,3/31/2024,Trustee ,Eric,R.,Gray,12/31/2023,Trustee ,Shannon,W.,Wagoner,12/31/2025,Trustee ,Steve,R.,Evans,12/31/2025
2022-2023,Brown,Clark,"3,165","3,121"," 2,952 ",100 Adkins Place,,Hamersville,45130,PO Box 358,Hamersville,45130,,Fiscal Officer,Tammie,,Ogle,3/31/2024,Trustee ,Steven,,Wallace,12/31/2023,Trustee ,Eric,,Mckinney,12/31/2025,Trustee ,Dennis,,Schneider,12/31/2025
2022-2023,Brown,Eagle,"1,438","1,344"," 1,293 ",10291 Malblanc Road,,Winchester,45697,,,,,Fiscal Officer,Donna,Jo,Young,3/31/2024,Trustee ,Joe,,Purdy,12/31/2023,Trustee ,Robert,,Hare,12/31/2025,Trustee ,Martin,,Yockey,12/31/2025
2022-2023,Brown,Franklin,"1,596","1,654"," 1,666 ",22 Mohave Drive,,Lake Waynoka,45171,,,,,Fiscal Officer,Tracy,Lynette,Berry,3/31/2024,Trustee ,Francis,P.,Fussnecker,12/31/2023,Trustee ,Nicolas,E.,Dailey,12/31/2025,Trustee ,James,Micheal,Kress,12/31/2025
2022-2023,Brown,Green,"3,389","3,652"," 3,632 ",4147 State Route 286,,Mt. Orab,45154,,,,,Fiscal Officer,Pam,,Campbell,3/31/2024,Trustee ,Daren,,Howser,12/31/2023,Trustee ,Jonathan,,Meeker,12/31/2025,Trustee ,Michael,,Spitznagel,12/31/2025
2022-2023,Brown,Huntington,"2,968","2,763"," 2,478 ",,,,,PO Box 466,Aberdeen,45101,,Fiscal Officer,Alisa,,Applegate,3/31/2024,Trustee ,Randy ,,Ginn,12/31/2023,Trustee ,Shaun,,Scott,12/31/2025,Trustee ,Randy,,Dugan,12/31/2025
2022-2023,Brown,Jackson,"1,221","1,581"," 1,738 ",8396 Burbage Road,,Georgetown,45121,,,,,Fiscal Officer,Dawn,,Watson,3/31/2024,Trustee ,Danny,,Smith,12/31/2023,Trustee ,James,,Rau,12/31/2025,Trustee ,Tim,,Ratliff,12/31/2025
2022-2023,Brown,Jefferson,"1,355","1,433"," 1,407 ",7284 Clifton Avenue,,Russellville,45168,,,,,Fiscal Officer,Sandra,Carol,Best,3/31/2024,Trustee ,John,Jeff,Johnson,12/31/2023,Trustee ,Gary,E.,Pickerill,12/31/2025,Trustee ,Aaron,,Moran,12/31/2025
2022-2023,Brown,Lewis,"2,362","2,697"," 2,393 ",7618 State Route 505,,Felicity,45120,,,,,Fiscal Officer,Christina,A.,Rolph,3/31/2024,Trustee ,Robert,G.,Starrett,12/31/2023,Trustee ,Danny,R.,Wisby,12/31/2025,Trustee ,Carl,R.,Waterfield,12/31/2025
2022-2023,Brown,Perry,"4,830","4,735"," 4,674 ",19340 US Highway 68,,Fayetteville,45118,,,,,Fiscal Officer,Lisa,,Tussey,3/31/2024,Trustee ,David,,Holden,12/31/2023,Trustee ,David,,Brinkman,12/31/2025,Trustee ,L.,Jeff,Wiederhold,12/31/2025
2022-2023,Brown,Pike,"3,742","4,243"," 4,134 ",12700 State Route 774,,Mt Orab,45154,PO Box 95,Mt Orab,45154,www.piketwp.gov,Fiscal Officer,Jenny,Lind,Conrad,3/31/2024,Trustee ,Michael,A.,Foster,12/31/2023,Trustee ,Roger ,D.,Griffith,12/31/2025,Trustee ,Clayton,J.,Duncanson,12/31/2025
2022-2023,Brown,Pleasant,"5,187","5,745"," 5,643 ",4090 Drake Marshall Road,,Georgetown,45121,,,,,Fiscal Officer,Lori,E.,Drake,3/31/2024,Trustee ,Dennis ,,Daulton,12/31/2023,Trustee ,Austin,,Carrington,12/31/2025,Trustee ,Gary ,,Gray,12/31/2025
2022-2023,Brown,Scott,"1,253","1,294"," 1,330 ",11867 New Hope White Oak Station Road,,Georgetown,45121,PO Box 258,Georgetown ,45121,,Fiscal Officer,Joni,G.,Wallace,3/31/2024,Trustee ,David ,H.,Smiley,12/31/2023,Trustee ,Travis,E.,Vaughn,12/31/2025,Trustee ,Layne,C.,Lucas,12/31/2025
2022-2023,Brown,Sterling,"3,753","4,427"," 4,602 ",1268 Lee Be Lane,,Williamsburg,45176-9497,,,,,Fiscal Officer,Marilyn,J.,Lawrence,3/31/2024,Trustee ,Kathy,,Shelley,12/31/2023,Trustee ,Todd,,Richter,12/31/2025,Trustee ,Joe,,Horton,12/31/2025
2022-2023,Brown,Union,"3,015","3,064"," 2,739 ",6623 US Highway 52,,Ripley,45167,PO Box 29,Ripley,45167,,Fiscal Officer,Melinda,,Lightner,3/31/2024,Trustee ,Nathan,,Carrington,12/31/2023,Trustee ,Dustin ,,Hauke,12/31/2025,Trustee ,Richard,Dale,Haitz,12/31/2025
2022-2023,Brown,Washington,"2,271","2,354"," 2,262 ",169 Winchester Street,,Sardinia,45171,PO Box 72,Sardinia,45171,,Fiscal Officer,Kathy,J.,Berry,3/31/2024,Trustee ,John,A.,Corboy,12/31/2023,Trustee ,Jane,A.,Wills,12/31/2025,Trustee ,Danny,L.,Bolender,12/31/2025
2022-2023,Butler,Fairfield,"15,571","21,373"," 22,645 ",6032 Morris Road,,Fairfield Township,45011,,,,https://www.fairfieldtwp.org/,Fiscal Officer,Shelly,,Schultz,3/31/2024,Trustee ,Joseph,,Mcabee,12/31/2023,Trustee ,Shannon,,Hartkemeyer,12/31/2025,Trustee ,Michael,,Berding,12/31/2025
2022-2023,Butler,Hanover,"7,878","8,311"," 8,111 ",2595 Old Oxford Road,,Hamilton,45013,,,,,Fiscal Officer,Gregory,L.,Sullivan,3/31/2024,Trustee ,Larry,,Miller,12/31/2023,Trustee ,Jeff,,Buddo,12/31/2025,Trustee ,Douglas,L.,Johnson,12/31/2025
2022-2023,Butler,Lemon,"8,607","13,875"," 16,885 ",3839 Northbrook Lane,,Middletown,45044,,,,,Fiscal Officer,Rita,Ann,Tannreuther,3/31/2024,Trustee ,Kevin,,Majors,12/31/2023,Trustee ,Janet,,Majors,12/31/2025,Trustee ,Joe,,Routson,12/31/2025
2022-2023,Butler,Liberty,"22,819","37,259"," 43,999 ",5021 Winners Circle Drive,,Liberty Township,45011,,,,liberty-township.com,Fiscal Officer,Pamela,,Quinlisk,3/31/2024,Trustee ,Steve,,Schramm,12/31/2023,Trustee ,Tom,,Farrell,12/31/2025,Trustee ,Todd,,Minniear,12/31/2025
2022-2023,Butler,Madison,"8,611","8,448"," 8,556 ",5610 West Alexandria,,Middletown,45042,,,,https://www.madisontownshiponline.com/,Fiscal Officer,Amy,,Schenck,3/31/2024,Trustee ,Alan ,,Daniel,12/31/2023,Trustee ,Brian,,Mcguire,12/31/2025,Trustee ,Jeff,,Willoughby,12/31/2025
2022-2023,Butler,Milford,"3,254","3,550"," 3,523 ",,,,,PO Box 68,Collinsville,45004,www.milfordtownship.net,Fiscal Officer,Mollie,,Hansel,3/31/2024,Trustee ,Amy,,Butterfield,12/31/2023,Trustee ,Paul,,Gillespie,12/31/2025,Trustee ,Brad,,Mills,12/31/2025
2022-2023,Butler,Morgan,"5,328","5,515"," 5,345 ","3141 Chapel Road, Box 1",,Okeana,45053,,,,,Fiscal Officer,Christina,,Cox,3/31/2024,Trustee ,Tom,,Brucker,12/31/2023,Trustee ,Jeff,,Kolb,12/31/2025,Trustee ,Darryl,,Huff,12/31/2025
2022-2023,Butler,Oxford,"24,133","23,661"," 25,469 ",925 South Main Street,,Oxford,45056,,,,,Fiscal Officer,Susan,,Rooney,3/31/2024,Trustee ,Kate,,Rousmaniere,12/31/2023,Trustee ,Gary,R.,Salmon,12/31/2025,Trustee ,Norma,,Pennock,12/31/2025
2022-2023,Butler,Reily,"2,568","2,624"," 2,660 ",6093 Reily Millville Road,,Oxford,45056,,,,www.reilytownship.org,Fiscal Officer,Dianne,,Halcomb,3/31/2024,Trustee ,C. ,Nicholas,Schwab,12/31/2023,Trustee ,Timothy,E.,Miller,12/31/2025,Trustee ,Dennis,H.,Conrad,12/31/2025
2022-2023,Butler,Ross,"6,448","8,355"," 8,751 ",4055 Hamilton Cleves Road,,Fairfield,45014,,,,rosstwp.org,Fiscal Officer,Julie,M.,Joyce-Smith,3/31/2024,Trustee ,Ellen,,Yordy,12/31/2023,Trustee ,Thomas,,Willsey Jr,12/31/2025,Trustee ,Keith,,Ballauer,12/31/2025
2022-2023,Butler,Saint Clair,"7,336","6,908"," 6,671 ",2449 Jackson Road,,Hamilton,45011,,,,stclairtownshipohio.org,Fiscal Officer,Doug,,Wheelright,3/31/2024,Trustee ,Judy,,Valerio,12/31/2023,Trustee ,Tom,,Barnes,12/31/2025,Trustee ,Dustin,,Gadd,12/31/2025
2022-2023,Butler,Wayne,"54,895","60,958"," 64,830 ",5967 Jacksonburg Road,,Trenton,45067,,,,waynetownship.net,Fiscal Officer,Laura,,Daley,3/31/2024,Trustee ,Tim,,Taylor,12/31/2023,Trustee ,William,,Jones,12/31/2025,Trustee ,Edward,,Truster,12/31/2025
2022-2023,Butler,West Chester,"4,252","4,443"," 4,375 ",9113 Cincinnati-Dayton Road,,West Chester,45069,,,,westchesteroh.org,Fiscal Officer,Bruce,,Jones,3/31/2024,Trustee ,Ann,,Becker,12/31/2023,Trustee ,Mark,,Welch,12/31/2025,Trustee ,Lee,,Wong,12/31/2025
2022-2023,Carroll,Augusta,"1,599","1,619"," 1,531 ",3005 Aurora Road NE,,Carrollton,44615,,,,,Fiscal Officer,Tonya ,Lynn ,Hawk,3/31/2024,Trustee ,John ,R.,Thompson ,12/31/2023,Trustee ,Calvin ,C.,Mangun ,12/31/2025,Trustee ,Jeffrey ,L.,Hawk ,12/31/2025
2022-2023,Carroll,Brown,"8,300","7,935"," 7,214 ",200 South Grant Street,,Malvern,44644,PO Box 378,Malvern,44644,www.browntwp-carrollco.org,Fiscal Officer,Peggie,K.,Conner,3/31/2024,Trustee ,Michael,J.,Mccort,12/31/2023,Trustee ,Christopher,,Rotondo,12/31/2025,Trustee ,John,,Dustman,12/31/2025
2022-2023,Carroll,Center,"4,412","4,664"," 4,428 ",419 4th Street SE,,Carrollton,44615,,,,,Fiscal Officer,Carolyn,,Leggett,3/31/2024,Trustee ,Mark,,Walters,12/31/2023,Trustee ,Beau,,Brace,12/31/2025,Trustee ,Kenneth,Matthew,Manfull,12/31/2025
2022-2023,Carroll,East,859,843, 808 ,5217 Apollo Road NE,,Salineville,43945,,,,,Fiscal Officer,Amy,,Casper,3/31/2024,Trustee ,Brett,,Oyer,12/31/2023,Trustee ,Jeremiah,,Shipley,12/31/2025,Trustee ,Fred,,Green,12/31/2025
2022-2023,Carroll,Fox,"1,075","1,041", 977 ,10075 Salineville Road NE ,,Salineville,43945-9461,,,,,Fiscal Officer,Debra,S.,Meister,3/31/2024,Trustee ,Ryan,,Roberts,12/31/2023,Trustee ,Todd,,Brown,12/31/2025,Trustee ,Ralph,,Smiley,12/31/2025
2022-2023,Carroll,Harrison,"2,498","2,478"," 2,397 ",355 Avalon Road,,Dellroy,44620,,,,,Fiscal Officer,Brenda,M.,Miller,3/31/2024,Trustee ,Rocky,L.,Applegarth,12/31/2023,Trustee ,Dale,L.,George Jr.,12/31/2025,Trustee ,David,A.,Seck,12/31/2025
2022-2023,Carroll,Lee,"1,128","1,087"," 1,022 ",2294 Steubenville Road SE,,Carrollton,44615,,,,,Fiscal Officer,Nancy,S.,Knox,3/31/2024,Trustee ,Robert,,Wagner,12/31/2023,Trustee ,Dale,,Tinlin,12/31/2025,Trustee ,Karl,,Moore,12/31/2025
2022-2023,Carroll,Loudon,"1,032","1,009", 925 ,6254 Pronto Road SE,,Amsterdam,43903,,,,,Fiscal Officer,Wendy ,,Booth,3/31/2024,Trustee ,Mervin,Paul,Simmons,12/31/2023,Trustee ,Allan,,Furbee,12/31/2025,Trustee ,Carl,,Smith,12/31/2025
2022-2023,Carroll,Monroe,"1,930","2,072"," 1,924 ","5072 Roswell Road, SW",,Dellroy,44620,PO Box 173,Dellroy,44620,,Fiscal Officer,Dianne,M.,Cole,3/31/2024,Trustee ,Thomas,R.,Jones,12/31/2023,Trustee ,Brian,L.,Mcintire,12/31/2025,Trustee ,Raymond,L.,Dingler,12/31/2025
2022-2023,Carroll,Orange,"1,258","1,339"," 1,133 ",8123 Antigua Road SW,,Sherrodsville,44675,,,,,Fiscal Officer,Marsha,L.,Rutledge,3/31/2024,Trustee ,Thomas,D.,Slutz,12/31/2023,Trustee ,James,D.,Romig,12/31/2025,Trustee ,Darby,W.,Caldwell,12/31/2025
2022-2023,Carroll,Perry,"1,022",996, 934 ,208 Amsterdam Road SE,,Scio,43988,,,,,Fiscal Officer,Marcia,,Trushel,3/31/2024,Trustee ,Gary,A.,Staten,12/31/2023,Trustee ,Donald,,Leggett,12/31/2025,Trustee ,Calvin,,Logan,12/31/2025
2022-2023,Carroll,Rose,"1,603","1,537"," 1,444 ",2044 Magnolia Road,,Magnolia,44643-9504,,,,www.rosetownshipohio.com,Fiscal Officer,Bruce,W.,Downes,3/31/2024,Trustee ,Joseph,R.,Owens,12/31/2023,Trustee ,John,J.,Little,12/31/2025,Trustee ,Michael,T.,Reed,12/31/2025
2022-2023,Carroll,Union,"1,059",977, 868 ,2200 Scio Road SW,,Carrollton,44615,,,,,Fiscal Officer,Wesley,,Frew,3/31/2024,Trustee ,Christopher,,Hawk,12/31/2023,Trustee ,Dave,,Frew,12/31/2025,Trustee ,Garett,,Davis,12/31/2025
2022-2023,Carroll,Washington,"1,061","1,239"," 1,116 ",2222 Channel Road NE,,Carrollton,,,,,,Fiscal Officer,Connie,,Days,3/31/2024,Trustee ,Darrell,,Shafer,12/31/2023,Trustee ,Zachary,,Campbell,12/31/2025,Trustee ,Rodney,,Days,12/31/2025
2022-2023,Champaign,Adams,"1,100","1,110"," 1,036 ",,,Rosewood,43070,PO Box 208,Rosewood,43070,,Fiscal Officer,Mary Jo,,Kies,3/31/2024,Trustee ,Kevin,Mitch,Pence,12/31/2023,Trustee ,John,Paul,Pullins,12/31/2025,Trustee ,Stephen,L.,Cook,12/31/2025
2022-2023,Champaign,Concord,"1,408","1,422"," 1,387 ",,,,,PO Box 694,St. Paris,43072,,Fiscal Officer,Marc,,Mcguire,3/31/2024,Trustee ,Patq,,Wagner,12/31/2023,Trustee ,Brent,,Crumley,12/31/2025,Trustee ,Jeff,,Kizer,12/31/2025
2022-2023,Champaign,Goshen,"3,383","3,696"," 3,633 ",132 Walnut Street,,Mechanicsburg,43044,,,,,Fiscal Officer,Chris,,Foss,3/31/2024,Trustee ,Charles,,Cooper,12/31/2023,Trustee ,Ted,,Black,12/31/2025,Trustee ,Keith,,Rutan,12/31/2025
2022-2023,Champaign,Harrison,823,932, 882 ,3776 Couchman Road,,West Liberty,43357,,,,,Fiscal Officer,Patricia,,Brehm,3/31/2024,Trustee ,Terry,,Stapleton,12/31/2023,Trustee ,Darin,,Fairchild,12/31/2025,Trustee ,Steve,,Harris,12/31/2025
2022-2023,Champaign,Jackson,"2,535","2,644"," 2,555 ",,,,,PO Box 114,Christiansburg,45389,,Fiscal Officer,Salli,,Lacy,3/31/2024,Trustee ,Herb,,Luttrell,12/31/2023,Trustee ,David,,Jenkins,12/31/2025,Trustee ,Steve,,Runkle,12/31/2025
2022-2023,Champaign,Johnson,"3,357","3,506"," 3,077 ",,,Saint Paris,43072,PO Box 663,Saint Paris,43072,johnsontownship.com,Fiscal Officer,Nicolette,,Sarver,3/31/2024,Trustee ,Dennis,,Kauffman,12/31/2023,Trustee ,Jack,,Purk,12/31/2025,Trustee ,Jason,,Hoelscher,12/31/2025
2022-2023,Champaign,Mad River,"2,650","2,821"," 2,765 ",2773 Vance Road,,St. Paris,43072,,,,http://madrivertwp.org/,Fiscal Officer,Richard,,Ford,3/31/2024,Trustee ,Dan,,Blake,12/31/2023,Trustee ,Brent,,Laughman,12/31/2025,Trustee ,David,,Riley,12/31/2025
2022-2023,Champaign,Rush,"2,779","2,613"," 2,788 ",148 South Gregory Street,,North Lewisburg,43060,PO Box 432,North Lewisburg,43060,rushtownship.us,Fiscal Officer,Kathleen,Ann,Packman,3/31/2024,Trustee ,Cinda,K.,Bailey,12/31/2023,Trustee ,Edward,D.,Funderburgh,12/31/2025,Trustee ,Stephen,A.,Heath,12/31/2025
2022-2023,Champaign,Salem,"2,307","2,539"," 2,488 ",3293 Clark Road,,Urbana,43078,,,,,Fiscal Officer,Jeanie,,Crabtree,3/31/2024,Trustee ,Levi,,Woodruff,12/31/2023,Trustee ,Thomas,K.,Smith,12/31/2025,Trustee ,Nick,,Smith,12/31/2025
2022-2023,Champaign,Union,"1,920","2,210"," 2,112 ",6475 Stringtown Road,,Cable,43009,,,,,Fiscal Officer,Rhonda,,Wallace,3/31/2024,Trustee ,Ron,,Williams,12/31/2023,Trustee ,Jim,,Virts,12/31/2025,Trustee ,Charles,,Dooley,12/31/2025
2022-2023,Champaign,Urbana,"14,968","14,795"," 14,119 ",2564 State Route 54,,Urbana,43078,,,,www.urbanatownship.com,Fiscal Officer,Sandi,,Perry,3/31/2024,Trustee ,Paul,,Wright,12/31/2023,Trustee ,Roger,,Koerner,12/31/2025,Trustee ,Blair,,Stinson,12/31/2025
2022-2023,Champaign,Wayne,"1,660","1,809"," 1,872 ",3630 Inskeep Road,,Cable,43009-0045,PO Box 45,Cable,43009-0045,waynetownship-champaigncounty.com,Fiscal Officer,Susan,L.,Helterbran,3/31/2024,Trustee ,Max,L.,Perry,12/31/2023,Trustee ,Glenn,S.,Gregg,12/31/2025,Trustee ,Doug,,Doty,12/31/2025
2022-2023,Clark,Bethel,"18,962","18,523"," 18,050 ",3333 Lake Road,,Medway,45341,,,,www.betheltownship.info,Fiscal Officer,Stacey,,Mckenzie,3/31/2024,Trustee ,Dave,,Phares,12/31/2023,Trustee ,Nancy,,Brown,12/31/2025,Trustee ,Don ,,Minton,12/31/2025
2022-2023,Clark,German,"7,663","7,487"," 7,578 ",3940 Lawrenceville Drive,,Springfield,45504,,,,,Fiscal Officer,Angela ,,Griest,3/31/2024,Trustee ,Rodney,,Kaffenbarger,12/31/2023,Trustee ,Robert ,,Clark ,12/31/2025,Trustee ,William ,,Wolfarth ,12/31/2025
2022-2023,Clark,Green,"2,736","2,798"," 2,711 ",4163 East Pitchin Road,,Springfield,45502,,,,,Fiscal Officer,Nicole,,Smith,3/31/2024,Trustee ,Allen ,,Armstrong,12/31/2023,Trustee ,Brian,,Clem,12/31/2025,Trustee ,Thomas,,Waddle,12/31/2025
2022-2023,Clark,Harmony,"3,548","3,577"," 3,652 ",11000 East National Road,,South Vienna,45369,PO Box 212,South Vienna,45369,,Fiscal Officer,Marcia ,,Farquer,3/31/2024,Trustee ,Jay ,,Flax,12/31/2023,Trustee ,Rick ,,Delaney,12/31/2025,Trustee ,Tom,,Troxell,12/31/2025
2022-2023,Clark,Mad River,"11,828","11,156"," 10,984 ",260 East Main Street,,Enon,45323,PO Box 34,Enon,45323,madrivertownship.org,Fiscal Officer,David,J.,Rudy,3/31/2024,Trustee ,Todd,,Pettit,12/31/2023,Trustee ,Jay,,Young,12/31/2025,Trustee ,Robert ,,McClure III,12/31/2025
2022-2023,Clark,Madison,"2,796","2,543"," 2,532 ",228 West Columbus Road,,South Charleston,45368,PO Box V,South Charleston,45368,Madisontownshipoh.net,Fiscal Officer,Bonnie,,Stout,3/31/2024,Trustee ,Michael,,Garringer,12/31/2023,Trustee ,Russell ,,White,12/31/2025,Trustee ,Ryan,,Florence,12/31/2025
2022-2023,Clark,Moorefield,"11,402","12,436"," 12,622 ",1616 Moorefield Road,,Springfield,45503,,,,www.moorefieldtownship.com,Fiscal Officer,Janet,,Dyer,3/31/2024,Trustee ,Daren,,Cotter,12/31/2023,Trustee ,Jack,,Mckee,12/31/2025,Trustee ,Joseph,,Mosier,12/31/2025
2022-2023,Clark,Pike,"3,891","3,730"," 3,733 ",11766 Troy Road,,New Carlisle,45344,,,,piketownshipclarkcountyohio.net,Fiscal Officer,Cheryl,,Sigler,3/31/2024,Trustee ,Adam,,Steele,12/31/2023,Trustee ,James ,,Davidson,12/31/2025,Trustee ,Greg,,Kaffenbarger,12/31/2025
2022-2023,Clark,Pleasant,"3,134","3,238"," 3,143 ",7 West Pleasant Street,,Catawba,43010,PO Box 39,Catawba,43010,,Fiscal Officer,Lisa,,Lindeman,3/31/2024,Trustee ,Craig,,Wiseman,12/31/2023,Trustee ,Dana,,Bumgardner,12/31/2025,Trustee ,Steven,,Fry,12/31/2025
2022-2023,Clark,Springfield,"13,424","12,237"," 12,334 ",2777 Springfield Xenia Road,,Springfield,45506,,,,,Fiscal Officer,Mark,,Smith,3/31/2024,Trustee ,Tim,,Foley,12/31/2023,Trustee ,John,,Roeder,12/31/2025,Trustee ,Jim,,Scoby,12/31/2025
2022-2023,Clermont,Batavia,"17,503","23,280"," 27,660 ",1535 Clough Pike,,Batavia,45103,,,,www.bataviatownship.org,Fiscal Officer,Jennifer,,Haley,3/31/2024,Trustee ,Randy,,Perry,12/31/2023,Trustee ,James,,Sauls Jr. ,12/31/2025,Trustee ,Rex,,Parsons,12/31/2025
2022-2023,Clermont,Franklin,"4,348","4,188"," 3,604 ",981 Hopewell Road,,Felicity,45120,PO Box 312,Felicity,45120,,Fiscal Officer,Kathy,,Jarman,3/31/2024,Trustee ,Robert,,Griffith,12/31/2023,Trustee ,Terry,,Wilson,12/31/2025,Trustee ,Doug,,Wlter,12/31/2025
2022-2023,Clermont,Goshen,"13,663","15,505"," 16,057 ",6757 Goshen Road,,Goshen,45122,,,,https://goshen-oh.gov,Fiscal Officer,Laura,,Engled,3/31/2024,Trustee ,Bob,,Hausermann,12/31/2023,Trustee ,Lisa,,Allen,12/31/2025,Trustee ,Dan ,,Hodges,12/31/2025
2022-2023,Clermont,Jackson,"2,576","2,980"," 3,089 ",3261 US Route 50,,Williamsburg,45176,,,,,Fiscal Officer,Darrell,C.,Hawkins,3/31/2024,Trustee ,William,,Wiederhold,12/31/2023,Trustee ,Joseph,P.,Speeg,12/31/2025,Trustee ,Harold,,Herron,12/31/2025
2022-2023,Clermont,Miami,"36,632","40,848"," 43,943 ",6101 Meijer Drive,,Milford,45150,,,,https://www.miamitwpoh.gov/,Fiscal Officer,Eric,C.,Ferry,3/31/2024,Trustee ,Ken,,Tracy,12/31/2023,Trustee ,Mary,,Makley Wolff,12/31/2025,Trustee ,Mark,,Schulte,12/31/2025
2022-2023,Clermont,Monroe,"8,236","7,828"," 7,531 ",2828 State Route 222,,Bethel,45106,,,,,Fiscal Officer,Candace,Lynn,Forder,3/31/2024,Trustee ,Darlene,,Jowers,12/31/2023,Trustee ,Dwain,Anthony,Forder,12/31/2025,Trustee ,Tom,,Peck,12/31/2025
2022-2023,Clermont,Ohio,"5,245","5,192"," 5,533 ",2877 Mt. Pisgah Road,,New Richmond,45157,,,,www.ohiotownshipclermontcounty.org,Fiscal Officer,Bill,,Gilpin,3/31/2024,Trustee ,Keith,E.,Vogelsang,12/31/2023,Trustee ,Emily,C.,Niehaus,12/31/2025,Trustee ,Rick,L.,Hinson,12/31/2025
2022-2023,Clermont,Pierce,"12,226","14,349"," 15,096 ",950 Locust Corner Road,,Cincinnati,45245,,,,Piercetownship.org,Fiscal Officer,Debbie,,Schwey,3/31/2024,Trustee ,Allen,,Freeman,12/31/2023,Trustee ,Nicholas,,Kelly,12/31/2025,Trustee ,Pete,,Kambelos,12/31/2025
2022-2023,Clermont,Stonelick,"5,816","5,890"," 5,663 ",457  South Broadway,,Owensville,45160,PO Box 37,Owensville,45160,www.stonelicktwp.org,Fiscal Officer,Tracey,,Sumner,3/31/2024,Trustee ,Dave,,Pennington,12/31/2023,Trustee ,Edward,,Cooper,12/31/2025,Trustee ,Naomi,,Stahl,12/31/2025
2022-2023,Clermont,Tate,"8,935","9,357"," 9,162 ",2821 Dean Road,,Bethel,45106,,,,tatetownship.org,Fiscal Officer,Kathy,,Brannock,3/31/2024,Trustee ,Bob,,Redden,12/31/2023,Trustee ,Gary,,Reed,12/31/2025,Trustee ,John,,Wilson,12/31/2025
2022-2023,Clermont,Union,"42,332","46,416"," 49,639 ",4350 Aicholtz Road,,Cincinnati,45245,,,,https://union-township.oh.us,Fiscal Officer,Ronald,,Campbell,3/31/2024,Trustee ,Michael,,Logue,12/31/2023,Trustee ,Joe,,Dills,12/31/2025,Trustee ,John,,Becker,12/31/2025
2022-2023,Clermont,Washington,"2,351","2,278"," 2,182 ",2238  State Route 756,,Moscow,45153,,,,washingtontwpclermont.org,Fiscal Officer,Sheila,G.,Dufau,3/31/2024,Trustee ,Ron,J.,Rudd,12/31/2023,Trustee ,Dennis,R.,Cooper,12/31/2025,Trustee ,David,E.,Peters,12/31/2025
2022-2023,Clermont,Wayne,"5,025","4,885"," 4,637 ",6320 State Route 133,,Goshen,45122,,,,www.Wayne-township.org,Fiscal Officer,Sandra,J.,Borchers,3/31/2024,Trustee ,Jason ,,Ritter,12/31/2023,Trustee ,Teresa,M.,Hinners,12/31/2025,Trustee ,Harold,,Grosnickle,12/31/2025
2022-2023,Clermont,Williamsburg,"5,005","5,746"," 5,682 ",4025 Alexander Lane,,Batavia,45103,PO Box 499,Willliamsburg,45176,williamsburgtownship.org,Fiscal Officer,Bonnie,,Olds-Carson,3/31/2024,Trustee ,Guy,N.,Bainum,12/31/2023,Trustee ,Bari,,Henning,12/31/2025,Trustee ,Gary,,Jordan,12/31/2025
2022-2023,Clinton,Adams,"1,901","2,091"," 2,040 ",5091 State Route 22/3 West,,Wilmington,45177,,,,,Fiscal Officer,Melinda,D.,Rose,3/31/2024,Trustee ,James,,Reveal,12/31/2023,Trustee ,Chris,,Collett,12/31/2025,Trustee ,Tyler,,Webb,12/31/2025
2022-2023,Clinton,Chester,"1,771","1,967"," 2,027 ",5606 State Route 380,,Wilmington,45177,,,,,Fiscal Officer,Karla,,Collett,3/31/2024,Trustee ,Steve,,Collett,12/31/2023,Trustee ,Russell,,Rich,12/31/2025,Trustee ,Jeremy,,Kirby,12/31/2025
2022-2023,Clinton,Clark,"1,861","2,123"," 2,014 ",8113 Farmers Road,,New Vienna,45159,,,,,Fiscal Officer,Karen ,S.,Gibson,3/31/2024,Trustee ,David ,,West,12/31/2023,Trustee ,Tony ,,Felheim,12/31/2025,Trustee ,Randy ,,Reveal,12/31/2025
2022-2023,Clinton,Green,"2,602","2,473"," 2,468 ",92 S Second Street,,New Vienna,45159,PO Box 309,New Vienna,45159,,Fiscal Officer,Robyn,,Mcmillan,3/31/2024,Trustee ,Steve ,,Huff,12/31/2023,Trustee ,Michael,,Ledford,12/31/2025,Trustee ,Brandon,,Woodruff,12/31/2025
2022-2023,Clinton,Jefferson,"1,301","1,399"," 1,325 ",13505 US 68 South,,Midland,45148,,,,,Fiscal Officer,Donna,Panetta,Lansing,3/31/2024,Trustee ,Robert ,,Stroud,12/31/2023,Trustee ,Joe,,Panetta,12/31/2025,Trustee ,Dale,,Cochran,12/31/2025
2022-2023,Clinton,Liberty,"1,033","1,067"," 1,123 ",7277 North State Route 134,,Wilmington,45177,,,,,Fiscal Officer,Elizabeth,K.,Hadley,3/31/2024,Trustee ,Richard,,King,12/31/2023,Trustee ,Andrew,,Borton,12/31/2025,Trustee ,Ronald,,Stryker,12/31/2025
2022-2023,Clinton,Marion,"5,489","5,394"," 5,520 ",514 Tar Pike,,Blanchester,45107,,,,,Fiscal Officer,Elizabeth,J.,Richards,3/31/2024,Trustee ,George,W.,Cook,12/31/2023,Trustee ,Gregory,S.,Hefner,12/31/2025,Trustee ,Gary,J.,Moore,12/31/2025
2022-2023,Clinton,Richland,"3,758","3,573"," 3,526 ",330 North College Street,,Sabina,45169,,,,,Fiscal Officer,Deborah,A.,Laufer,3/31/2024,Trustee ,Richard,K.,Grove,12/31/2023,Trustee ,Robert,J.,Hazelbaker II,12/31/2025,Trustee ,Kenneth,R.,Fliehman,12/31/2025
2022-2023,Clinton,Union,"14,929","3,085"," 3,140 ",179 Orchard Road,,Wilmington,45177,PO Box 205,Wilmington,45177,,Fiscal Officer,Brenda,,Huff,3/31/2024,Trustee ,James,,Fife,12/31/2023,Trustee ,Frederick,,Stern,12/31/2025,Trustee ,Chad,,Custis,12/31/2025
2022-2023,Clinton,Vernon,"2,685","2,997"," 2,951 ",5126 State Route 350,,Clarksville,45113,PO Box 3,Clarksville,45113,,Fiscal Officer,Lisa,,Homan,3/31/2024,Trustee ,James,,Kratzer,12/31/2023,Trustee ,Peter,,Myers,12/31/2025,Trustee ,Daniel,,Speelman,12/31/2025
2022-2023,Clinton,Washington,"1,895","2,130"," 2,015 ",186 Leslie Drive,,Wilmington,45177,,,,,Fiscal Officer,Julie,,Eastes,3/31/2024,Trustee ,Chris,,Horsley,12/31/2023,Trustee ,Jon,,Sharp,12/31/2025,Trustee ,George,Vernon,Gregory,12/31/2025
2022-2023,Clinton,Wayne,737,716, 700 ,4423 South State Route 72,,Sabina,45169,,,,,Fiscal Officer,Erin ,M.,Morrow,3/31/2024,Trustee ,Kevin ,L.,Bean,12/31/2023,Trustee ,Steven,P.,Kenney,12/31/2025,Trustee ,Bryan,J.,Floyd,12/31/2025
2022-2023,Clinton,Wilson,581,505, 505 ,1170 Thorpe Road,,Sabina,45169,,,,,Fiscal Officer,Kelly,,Shoemaker,3/31/2024,Trustee ,Ron,,Kendall,12/31/2023,Trustee ,Andrew,,Kenney,12/31/2025,Trustee ,Paul,,Whittington,12/31/2025
2022-2023,Columbiana,Butler,"3,444","3,614"," 3,542 ",31731 Carey Road,,Salem,44460,,,,www.butlertownshipohio.org,Fiscal Officer,Jill,,Amos,3/31/2024,Trustee ,Paul,,Lease,12/31/2023,Trustee ,Matthew,,Hall,12/31/2025,Trustee ,Thomas,,Sanor,12/31/2025
2022-2023,Columbiana,Center,"6,473","6,313"," 5,793 ",38241 Industrial Park Road,,Lisbon,44432,,,,,Fiscal Officer,Rebecca,I.,Tolson,3/31/2024,Trustee ,Timothy,,Novak,12/31/2023,Trustee ,Gregory,,Shive,12/31/2025,Trustee ,Rexford,,Underwood,12/31/2025
2022-2023,Columbiana,Elkrun,"4,781","4,687"," 4,367 ",41725 State Route 154,,Lisbon ,44432,PO Box 36,Elkton ,44415,,Fiscal Officer,Tracey,,Wonner,3/31/2024,Trustee ,Randy ,,Perrino ,12/31/2023,Trustee ,Kurt,,Seachrist,12/31/2025,Trustee ,Anthony ,,Sweeney ,12/31/2025
2022-2023,Columbiana,Fairfield,"9,583","9,890"," 9,769 ",3062 Fairfield School Road,,Columbiana,44408,,,,,Fiscal Officer,Emily,,Wilms,3/31/2024,Trustee ,Robert,,Hum,12/31/2023,Trustee ,Barry,,Miner,12/31/2025,Trustee ,John,,Garwood,12/31/2025
2022-2023,Columbiana,Franklin,766,835, 735 ,15514 State Route 644,,Summitville,43962,PO Box 3,Summitville,43962,,Fiscal Officer,Britnie,,Baker,3/31/2024,Trustee ,Michael,,Johnson,12/31/2023,Trustee ,Joseph ,,Medure,12/31/2025,Trustee ,Jonathan,,Sabatino,12/31/2025
2022-2023,Columbiana,Hanover,"3,749","3,704"," 3,459 ",29309 State Route 30,,Hanoverton,44423,PO Box 88,Hanoverton,44423,,Fiscal Officer,Debra,,Blazer,3/31/2024,Trustee ,Bob,,Manfull,12/31/2023,Trustee ,John,,Zehentbauer,12/31/2025,Trustee ,Jason,,Raymond,12/31/2025
2022-2023,Columbiana,Knox,"4,828","4,434"," 4,068 ",27764 Georgetown Road,,Salem ,44460,,,,,Fiscal Officer,Dabra,,Hartzell,3/31/2024,Trustee ,Keith,,Burke,12/31/2023,Trustee ,D. Mike,,Bahen,12/31/2025,Trustee ,Dennis,,Giambroni,12/31/2025
2022-2023,Columbiana,Liverpool,"4,374","4,047"," 3,862 ",2485 Boring Lane,,East Liverpool,43920,,,,,Fiscal Officer,Shirley,,Flati,3/31/2024,Trustee ,Keith,,Burke,12/31/2023,Trustee ,Mike ,,Bahen,12/31/2025,Trustee ,Dennis,,Giambroni,12/31/2025
2022-2023,Columbiana,Madison,"3,406","3,196"," 2,922 ",13011 State Route 45,,Lisbon,44432,,,,,Fiscal Officer,Erin,,Williams,3/31/2024,Trustee ,Roger,,Walker,12/31/2023,Trustee ,Bruce,,Barrett,12/31/2025,Trustee ,Wayne,,Chamberlain,12/31/2025
2022-2023,Columbiana,Middleton,"3,741","3,612"," 3,359 ",50738 Richardson Street,,Negley,44441,PO Box 295,Negley,44441,,Fiscal Officer,Robert,C.,Chapman,3/31/2024,Trustee ,Timothy,L.,Pancake,12/31/2023,Trustee ,Gregory,A.,Lipp,12/31/2025,Trustee ,Jack,E.,Johnston,12/31/2025
2022-2023,Columbiana,Perry,"17,049","16,850"," 16,318 ",2198 North Ellsworth Avenue,,Salem,44460,,,,http://perrytownshipsalemoh.org,Fiscal Officer,John,Charles,Volio,3/31/2024,Trustee ,Steven,J.,Bailey,12/31/2023,Trustee ,James,,Armeni,12/31/2025,Trustee ,Anthony,,Ieropoli,12/31/2025
2022-2023,Columbiana,Saint Clair,"5,703","5,484"," 5,142 ",15442 Pugh Road,,East Liverpool,43920,,,,www.stclairtwp.com,Fiscal Officer,Deborah,L.,Dawson,3/31/2024,Trustee ,Jordan,G.,Williams,12/31/2023,Trustee ,James,,Sabatini II,12/31/2025,Trustee ,Robert,M.,Swickard,12/31/2025
2022-2023,Columbiana,Salem,"7,961","7,957"," 7,804 ",260 Union Street,,Washingtonville ,44490,,,,,Fiscal Officer,Dale,,Davis,3/31/2024,Trustee ,Ray,,Wilms,12/31/2023,Trustee ,William,,Heston,12/31/2025,Trustee ,John,,Wilms,12/31/2025
2022-2023,Columbiana,Unity,"10,294","9,957"," 9,721 ",51977 State Route 14,,East Palestine,44413,,,,,Fiscal Officer,Nancy,G.,Herr,3/31/2024,Trustee ,Terry,,Mcelroy,12/31/2023,Trustee ,Kathy,,Mccarthy,12/31/2025,Trustee ,Bryan,R.,Henderson,12/31/2025
2022-2023,Columbiana,Washington,"2,380","2,264"," 2,002 ",100 Commerce Street,,Salineville,43945,,,,,Fiscal Officer,Tonya,S.,Sevek,3/31/2024,Trustee ,Pete,,Sambroak,12/31/2023,Trustee ,Charles,,Jarvis,12/31/2025,Trustee ,Karianne,,Sevek,12/31/2025
2022-2023,Columbiana,Wayne,785,814, 797 ,13209 State Route 164,,Lisbon,44432,,,,,Fiscal Officer,Philadelphia,,Howells,3/31/2024,Trustee ,Nathaniel,,Pirogowicz,12/31/2023,Trustee ,James,,May,12/31/2025,Trustee ,Edward,,Dailey,12/31/2025
2022-2023,Columbiana,West,"3,351","3,307"," 3,173 ",8610 Knox School Road,,Minerva,44657,,,,,Fiscal Officer,Jeffrey,,Haynam,3/31/2024,Trustee ,Glenn ,,Whiteleather,12/31/2023,Trustee ,Dale ,,Lowmiller,12/31/2025,Trustee ,Todd,,Wright,12/31/2025
2022-2023,Columbiana,Yellow Creek,"2,185","2,140"," 1,973 ",,,Wellsville,43968,PO Box 584,Wellsville,43968,,Fiscal Officer,Deborah,Ann,Lyle,3/31/2024,Trustee ,Kenneth,,Biacco,12/31/2023,Trustee ,Mark,,Allison,12/31/2025,Trustee ,Noah,,Allison,12/31/2025
2022-2023,Coshocton,Adams,755,790, 765 ,26714 Township Road 247,,Newcomerstown,43832,,,,,Fiscal Officer,Heather,,Huff,3/31/2024,Trustee ,Mark,,Westhofer,12/31/2023,Trustee ,Jared ,,Hamilton,12/31/2025,Trustee ,Rick,,Berger,12/31/2025
2022-2023,Coshocton,Bedford,601,564, 604 ,23492 County Road 17,,Coshocton,43812,,,,,Fiscal Officer,Jaime,,Hunt,3/31/2024,Trustee ,Robert ,,Groves,12/31/2023,Trustee ,Alan ,,Underwood,12/31/2025,Trustee ,Lori,,Hart,12/31/2025
2022-2023,Coshocton,Bethlehem,"1,191","1,123"," 1,054 ",42541 Township Road 1192,,Warsaw,43844,,,,,Fiscal Officer,Tammy,L.,Pope,3/31/2024,Trustee ,Michael,,Varns,12/31/2023,Trustee ,Curt,A.,Pope,12/31/2025,Trustee ,Cal,M.,Shrimplin,12/31/2025
2022-2023,Coshocton,Clark,594,586, 670 ,29402 Township Road 32,,Warsaw,43844,,,,,Fiscal Officer,Kevin,,Lowe,3/31/2024,Trustee ,Benny,,Patterson,12/31/2023,Trustee ,Ty,,Myers,12/31/2025,Trustee ,Chris,,Williamson,12/31/2025
2022-2023,Coshocton,Crawford,"1,594","1,858"," 1,950 ",52444 County Road 227,,Fresno,43824,,,,,Fiscal Officer,Nicole,,Shroyer,3/31/2024,Trustee ,Jeffrey,,Everhart,12/31/2023,Trustee ,Randy,,Berger,12/31/2025,Trustee ,James,,Shroyer,12/31/2025
2022-2023,Coshocton,Franklin,"1,286","1,229"," 1,165 ",15949 County Road 429,,Coshocton ,43812,,,,,Fiscal Officer,Cynthia ,K.,Mcvey,3/31/2024,Trustee ,Larry,,Boal,12/31/2023,Trustee ,Dennis ,,Balo,12/31/2025,Trustee ,Andrew,,Tumblin,12/31/2025
2022-2023,Coshocton,Jackson,"2,045","1,947"," 1,852 ",43819 County Road 58,,Coshocton,43812,,,,,Fiscal Officer,Shelly,,Webb,3/31/2024,Trustee ,Greg,,Rice,12/31/2023,Trustee ,Dexter,,Conkle,12/31/2025,Trustee ,Tom,,Webb,12/31/2025
2022-2023,Coshocton,Jefferson,"1,549","1,500"," 1,461 ",26657 County Road 22,,Warsaw,43844,,,,,Fiscal Officer,Sandra,A.,Fitch,3/31/2024,Trustee ,John,,Hartsock,12/31/2023,Trustee ,Tad,A.,Kaser,12/31/2025,Trustee ,Dale,K.,Smith,12/31/2025
2022-2023,Coshocton,Keene,"1,689","1,690"," 1,623 ",27218 County Road 406,,Fresno,43824,,,,,Fiscal Officer,Bob,,Raber,3/31/2024,Trustee ,Bruce,,Horn,12/31/2023,Trustee ,Thomas ,,Raber,12/31/2025,Trustee ,Mike,,Gibson,12/31/2025
2022-2023,Coshocton,Lafayette,"4,285","4,081"," 4,250 ",22377 Joan Drive,,West Lafayette,43845,,,,,Fiscal Officer,James,Arthur,Overholt,3/31/2024,Trustee ,Richard,K.,Bluck,12/31/2023,Trustee ,James,Robert,Schumaker,12/31/2025,Trustee ,Joseph,Mike,Powell,12/31/2025
2022-2023,Coshocton,Linton,632,646, 626 ,104 Jacobsport Drive,,Plainfield,43836,PO Box 446,Plainfield,43836,,Fiscal Officer,Nathan ,W.,Mcneal,3/31/2024,Trustee ,James,,Porteus,12/31/2023,Trustee ,Garry ,H.,Buchanan,12/31/2025,Trustee ,H.,Gene,Jones,12/31/2025
2022-2023,Coshocton,Millcreek,747,932," 1,032 ",29227 County Road 12,,Fresno,43824,,,,,Fiscal Officer,Michael,,Daugherty,3/31/2024,Trustee ,Justin,Tyler,Cline,12/31/2023,Trustee ,Brian,,Baird II,12/31/2025,Trustee ,William,Neil,Croft,12/31/2025
2022-2023,Coshocton,Monroe,452,525, 427 ,39843 County Road 33,,Warsaw,43844,,,,,Fiscal Officer,Melissa,,Brenly,3/31/2024,Trustee ,Jack,,Roub,12/31/2023,Trustee ,Larry,,Hagy,12/31/2025,Trustee ,Smokey,,Medley,12/31/2025
2022-2023,Coshocton,New Castle,441,475, 442 ,25408 County Road 367,,Walhonding,43843,,,,,Fiscal Officer,Gloria,,Mosholder,3/31/2024,Trustee ,Chuck,,Johnson,12/31/2023,Trustee ,Mark,,Reed,12/31/2025,Trustee ,Eric,,Wilson,12/31/2025
2022-2023,Coshocton,Oxford,"1,560","1,527"," 1,554 ",23021 State Route 751,,West Lafayette,43845,,,,,Fiscal Officer,Patricia,A.,Rausch,3/31/2024,Trustee ,Raymond,Allen,Gress,12/31/2023,Trustee ,Michelle,,Carpenter,12/31/2025,Trustee ,Travis,L.,Hahn,12/31/2025
2022-2023,Coshocton,Perry,513,711, 635 ,20995 County Road 367,,Walhonding,43843,,,,,Fiscal Officer,Amy,,Martin,3/31/2024,Trustee ,Bruce,,Lowery,12/31/2023,Trustee ,Alan ,,Donaker,12/31/2025,Trustee ,Jonathan,,Gallwitz,12/31/2025
2022-2023,Coshocton,Pike,550,638, 689 ,18176 County Road 3,,Frazeysburg,43822,,,,,Fiscal Officer,Susan,Marie,Brinker,3/31/2024,Trustee ,Tracey,Shawn,Brown,12/31/2023,Trustee ,Christopher ,Alan,Richards,12/31/2025,Trustee ,Rodney,L.,Latham,12/31/2025
2022-2023,Coshocton,Tiverton,348,449, 492 ,35820 County Road 33,,Warsaw,43844,,,,,Fiscal Officer,Sallie,R.,Gates,3/31/2024,Trustee ,Dennis ,,Tumblin,12/31/2023,Trustee ,Richard,,Border Sr.,12/31/2025,Trustee ,Richard,,Eaches,12/31/2025
2022-2023,Coshocton,Tuscarawas,"1,798","1,864"," 1,759 ",714 Cedar Street,,Coshocton,43812,PO Box 664,Coshocton,43812,,Fiscal Officer,Robert,,Kehl,3/31/2024,Trustee ,Larry,,Wilkin,12/31/2023,Trustee ,Charles,,Selders,12/31/2025,Trustee ,Donald,,Wells,12/31/2025
2022-2023,Coshocton,Virginia,636,596, 563 ,16139 County Road 6,,Conesville,43811,,,,,Fiscal Officer,Kayla,M.,Chapman,3/31/2024,Trustee ,Brian,,Albertson,12/31/2023,Trustee ,Delmont,,Dobson III,12/31/2025,Trustee ,Rick,,Vickers,12/31/2025
2022-2023,Coshocton,Washington,629,760, 727 ,36640 Township Road 455,,Dresden,43821,,,,,Fiscal Officer,Toni,L.,Lee,3/31/2024,Trustee ,Justin,T.,Lapp,12/31/2023,Trustee ,David,W.,Ferrell,12/31/2025,Trustee ,Bruce,C.,Stevens,12/31/2025
2022-2023,Coshocton,White Eyes,"1,078","1,194"," 1,222 ",26197 Township Road 1045,,Fresno,43824,PO Box 109,Fresno,43824,,Fiscal Officer,Roberta,M.,Moore,3/31/2024,Trustee ,John,R.,Thomas,12/31/2023,Trustee ,John,S.,Thomas,12/31/2025,Trustee ,Kurt,,Wyler,12/31/2025
2022-2023,Crawford,Auburn,897,795, 738 ,7205 State Route 103,,Tiro,44887,PO Box 125,Tiro,44887,,Fiscal Officer,Lisa,,Marcum,3/31/2024,Trustee ,Timothy ,,Marcum,12/31/2023,Trustee ,Zac,,Alt,12/31/2025,Trustee ,Troy,,Adkins,12/31/2025
2022-2023,Crawford,Bucyrus,828,835, 821 ,929 Mount Zion Road,,Bucyrus,44820,,,,,Fiscal Officer,Julie,,Miller,3/31/2024,Trustee ,Craig,,Miller,12/31/2023,Trustee ,Charles,,Grau,12/31/2025,Trustee ,Jd,,Hord,12/31/2025
2022-2023,Crawford,Chatfield,776,724, 696 ,3433 New  Washington Road,,Bloomville,44818,,,,,Fiscal Officer,Amy,,Hanes,3/31/2024,Trustee ,Terry ,,Leonhart,12/31/2023,Trustee ,Richard ,,Hanes,12/31/2025,Trustee ,Arnold ,,Auck,12/31/2025
2022-2023,Crawford,Cranberry,"1,674","1,579"," 1,477 ",5930 State Route 103,,New Washington,44854,,,,,Fiscal Officer,Sharon,A.,Sheibley,3/31/2024,Trustee ,Thomas,P.,Sheibley,12/31/2023,Trustee ,Timothy,A.,Hamman,12/31/2025,Trustee ,Denis,J.,Auck,12/31/2025
2022-2023,Crawford,Dallas,455,485, 459 ,1761 Malcolm Road,,Bucyrus,44820,,,,,Fiscal Officer,Michele,M.,Frost,3/31/2024,Trustee ,Milton,,Underwood,12/31/2023,Trustee ,Timothy,,Frost,12/31/2025,Trustee ,Bill,,Wert,12/31/2025
2022-2023,Crawford,Holmes,"1,330","1,339"," 1,246 ",3574 Holmes Center Road,,Bucyrus,44820,,,,,Fiscal Officer,Eunice,A.,Collene,3/31/2024,Trustee ,Todd,D.,Stahl,12/31/2023,Trustee ,William,C.,Scott,12/31/2025,Trustee ,Ronald,E.,Miller,12/31/2025
2022-2023,Crawford,Jackson,"5,487",381, 374 ,7950 Oldfield Road,,Crestline,44827,,,,,Fiscal Officer,Kathleen,F.,Paynter,3/31/2024,Trustee ,Aaron,D.,Paynter,12/31/2023,Trustee ,Lonny,C.,Parrella,12/31/2025,Trustee ,Robert,M.,White,12/31/2025
2022-2023,Crawford,Jefferson,"1,677","1,576"," 1,562 ",7088 Middletown Road,,Galion,44833,,,,WWW.JeffersonTownship.US,Fiscal Officer,Lindall,E.,Rachel,3/31/2024,Trustee ,Kevin,,Walker,12/31/2023,Trustee ,Matt,,Weber,12/31/2025,Trustee ,Richard,,Eichhorn,12/31/2025
2022-2023,Crawford,Liberty,"1,489","1,369"," 1,358 ",4223 Lemert Road,,Bucyrus,44820,,,,,Fiscal Officer,Stacey ,A.,Sutherland,3/31/2024,Trustee ,Jamie,,Sherk,12/31/2023,Trustee ,Doug ,,Cramer,12/31/2025,Trustee ,Mark,,Schimpf,12/31/2025
2022-2023,Crawford,Lykens,649,660, 589 ,1322 Orr Road,,Sycamore,44882,,,,,Fiscal Officer,Michelle,J.,Schafer,3/31/2024,Trustee ,Timothy,,Weisenauer,12/31/2023,Trustee ,Brian,,Shupp,12/31/2025,Trustee ,Dave,,Weisenauer,12/31/2025
2022-2023,Crawford,Polk,"2,334","2,132"," 1,974 ",7680 Street Route 309,,Galion,44833,,,,polktwp.net,Fiscal Officer,Patricia,Louise,Rondon,3/31/2024,Trustee ,Glenn ,Ellis,Cheesman,12/31/2023,Trustee ,Thomas,William,Ray,12/31/2025,Trustee ,Russell,Addison,Sellman,12/31/2025
2022-2023,Crawford,Sandusky,475,459, 437 ,5985 Mcintyre Road,,Tiro,44887,,,,,Fiscal Officer,Tracy,Lynn,Cleland,3/31/2024,Trustee ,Mark,D.,Cleland,12/31/2023,Trustee ,Jason,A.,Long,12/31/2025,Trustee ,Phillip,C.,Feik,12/31/2025
2022-2023,Crawford,Texas,409,384, 352 ,5772 Knauss Road,,Sycamore,44882,,,,,Fiscal Officer,Janel,,Brause,3/31/2024,Trustee ,Robert,,Brause,12/31/2023,Trustee ,Bryan,,Brause,12/31/2025,Trustee ,Steven,,Holman,12/31/2025
2022-2023,Crawford,Tod,739,677, 627 ,3043 Marion Melmore Road,,Nevada,44849,,,,todtownship.us,Fiscal Officer,Linda,J.,King,3/31/2024,Trustee ,Kenneth,C.,Aidt,12/31/2023,Trustee ,Dale,E.,Sipe,12/31/2025,Trustee ,Jeffrey,S.,Darby,12/31/2025
2022-2023,Crawford,Vernon,817,832, 740 ,7600 Cole Road,,Crestline,44827,,,,,Fiscal Officer,Robin,L.,Hipsher,3/31/2024,Trustee ,Robert,W.,Finney,12/31/2023,Trustee ,Chad,E.,Niese,12/31/2025,Trustee ,Mark,A.,Gwirtz,12/31/2025
2022-2023,Crawford,Whetstone,"2,365","2,080"," 1,931 ",4354 Lincoln Highway,,Bucyrus,44820,,,,,Fiscal Officer,Jessica,,Alt,3/31/2024,Trustee ,Gary,,Rowlinson,12/31/2023,Trustee ,Andrew,,Lohr,12/31/2025,Trustee ,Steve,,Jones,12/31/2025
2022-2023,Cuyahoga,Chagrin Falls,"4,159","4,233"," 4,317 ",83 North Main Street,,Chagrin Falls,44022,,,,chagrinfallstownship.org,Fiscal Officer,Elizabeth,,Boles,3/31/2024,Trustee ,John,,Finley,12/31/2023,Trustee ,Tom,,Florkiewicz,12/31/2025,Trustee ,Jennifer,,Mckee,12/31/2025
2022-2023,Cuyahoga,Olmsted,"10,575","13,513"," 14,506 ",7900 Fitch Road,,Olmsted Twp,44138,,,,www.olmstedtownship.org,Fiscal Officer,Brian,,Gillette,3/31/2024,Trustee ,Jeanene,,Kress,12/31/2023,Trustee ,Lisa,,Zver,12/31/2025,Trustee ,Riley,,Alton,12/31/2025
2022-2023,Darke,Adams,"3,508","3,441"," 3,343 ",8989 Old Route 36,,Bradford,45308,,,,,Fiscal Officer,Charity,,Hutt,3/31/2024,Trustee ,Dave,,Brewer,12/31/2023,Trustee ,Claude,,Fenstermaker,12/31/2025,Trustee ,Donald,,Lecklider,12/31/2025
2022-2023,Darke,Allen,"1,158","1,098"," 1,008 ",12132 Detrick Road,,Rossburg,45362,,,,,Fiscal Officer,Patricia ,J.,Kaiser,3/31/2024,Trustee ,Chris,A.,Mestemaker,12/31/2023,Trustee ,Neal ,J.,Siefring,12/31/2025,Trustee ,Mike ,W.,Bulcher,12/31/2025
2022-2023,Darke,Brown,"2,046","2,073"," 2,056 ",9875 State Route 49,,Ansonia,45303,,,,,Fiscal Officer,Mary,,Riffle,3/31/2024,Trustee ,Edward,,Huff,12/31/2023,Trustee ,Andrew,,Prasuhn,12/31/2025,Trustee ,Rick,,Moody,12/31/2025
2022-2023,Darke,Butler,"1,616","1,535"," 1,455 ",4060 Grubbs Rex Road,,Arcanum,45304,,,,,Fiscal Officer,Melissa,,Sullenbarger,3/31/2024,Trustee ,Tyler,,Subler,12/31/2023,Trustee ,Ryan,,Crawford,12/31/2025,Trustee ,Curtis,,Yount,12/31/2025
2022-2023,Darke,Franklin,"1,206","1,241"," 1,210 ",9034 Painter Creek-Arcanum Road,,Arcanum,45304,,,,,Fiscal Officer,Caleena ,,Hesler,3/31/2024,Trustee ,Kim,,Myers,12/31/2023,Trustee ,Roger,,Fourman,12/31/2025,Trustee ,Damon,,Winterrowd,12/31/2025
2022-2023,Darke,Greenville,"18,125","17,613"," 17,159 ",5366 State Route 571,,Greenville,45331,PO Box 188,Greenville,45331,,Fiscal Officer,Susan,,Miles,3/31/2024,Trustee ,Matthew,,Kolb,12/31/2023,Trustee ,Justin ,,Hines,12/31/2025,Trustee ,Jeremy,,Edger,12/31/2025
2022-2023,Darke,Harrison,"2,145","2,255"," 2,164 ",,,,,PO Box 102,New Madison,45346,,Fiscal Officer,Cathy,,Mikesell,3/31/2024,Trustee ,Mike,,Fisherback,12/31/2023,Trustee ,Rob,,Godown,12/31/2025,Trustee ,Russell,,Bennett,12/31/2025
2022-2023,Darke,Jackson,"3,057","2,876"," 2,668 ",744 Pickett Road,,Union City,45390,,,,,Fiscal Officer,Sandy,A.,Denniston,3/31/2024,Trustee ,James,,Hanes,12/31/2023,Trustee ,Doug,,Longfellow,12/31/2025,Trustee ,Caleb,,Threewits,12/31/2025
2022-2023,Darke,Liberty,"1,132","1,071", 986 ,111 E Cross Street,,Palestine,45352,PO Box 69,Palestine,45352,none,Fiscal Officer,Deborah,,Kuhnle,3/31/2024,Trustee ,Scott ,E.,Brewer,12/31/2023,Trustee ,Michael,,Foreman,12/31/2025,Trustee ,Curtis,,Hiatt,12/31/2025
2022-2023,Darke,Mississinawa,779,752, 688 ,1130 Ellis Road,,Union City,45390,,,,,Fiscal Officer,Sherry,,Dirksen,3/31/2024,Trustee ,Timothy,,Stump,12/31/2023,Trustee ,Eric,,Barga,12/31/2025,Trustee ,Jeffrey,,Keller,12/31/2025
2022-2023,Darke,Monroe,"1,674","1,735"," 1,647 ",2223 Red River West Grove Road,,Laura,45337,,,,,Fiscal Officer,Dawn,E.,Oswalt,3/31/2024,Trustee ,Kevin ,E.,Mckibben,12/31/2023,Trustee ,Ricky,L.,Oswalt,12/31/2025,Trustee ,Scott,A.,Sease,12/31/2025
2022-2023,Darke,Neave,"1,986","2,330"," 2,198 ",3023 Ridge Drive,,Greenville,45331,,,,,Fiscal Officer,Diane,L.,Delaplane,3/31/2024,Trustee ,Keith,,Godown,12/31/2023,Trustee ,Ty,,House,12/31/2025,Trustee ,Walter,,Wiant,12/31/2025
2022-2023,Darke,Patterson,"1,308","1,365"," 1,452 ",13177 Willowdell Road,,Versailles,45380,,,,,Fiscal Officer,Kathleen,Mary,Grieshop,3/31/2024,Trustee ,Samuel,,Pohlman,12/31/2023,Trustee ,Steven,,Puthoff,12/31/2025,Trustee ,Steve,,Hoelscher,12/31/2025
2022-2023,Darke,Richland,862,841, 820 ,9939 Kester Byard Road ,,Ansonia,45303,PO Box 86,Ansonia,45303,,Fiscal Officer,Star,,Sink,3/31/2024,Trustee ,Bruce,,Knick,12/31/2023,Trustee ,Jerry,,Marker,12/31/2025,Trustee ,Matt,,Oliver,12/31/2025
2022-2023,Darke,Twin,"3,946","4,060"," 4,249 ",14 Sierra Lane,,Arcanum,45304,,,,,Fiscal Officer,Deborah,L.,Dynes,3/31/2024,Trustee ,Jerry,,Snyder,12/31/2023,Trustee ,Wayne,,Stutz,12/31/2025,Trustee ,Mike,,Schwieterman,12/31/2025
2022-2023,Darke,Van Buren,"1,573","1,469"," 1,528 ",7155 Painter Creek Arcanum Road,,Arcanum,45304,,,,,Fiscal Officer,Kent,,Thompson,3/31/2024,Trustee ,Chad,,Warner,12/31/2023,Trustee ,Jed,,Smith,12/31/2025,Trustee ,John,,Williams,12/31/2025
2022-2023,Darke,Wabash,934,887, 909 ,23 North Main Street,,North Star,45350,PO Box 58,North Star,45350,,Fiscal Officer,Carolyn,,Wilker,3/31/2024,Trustee ,Edward,,Brand,12/31/2023,Trustee ,Michael ,,Stephan,12/31/2025,Trustee ,Larry,,Bubeck,12/31/2025
2022-2023,Darke,Washington,"1,382","1,325"," 1,286 ",8060 Palestine Union City Road,,Greenville,45331,,,,,Fiscal Officer,Melissa,,Brawley,3/31/2024,Trustee ,Mark,A.,Cox,12/31/2023,Trustee ,Donald,D.,Weiss,12/31/2025,Trustee ,Luke,,Leber,12/31/2025
2022-2023,Darke,Wayne,"4,349","4,489"," 4,491 ",6 West Main Street,,Versailles,45380,PO Box 205,Versailles,45380,,Fiscal Officer,Teresa,,Slonkosky,3/31/2024,Trustee ,Michael ,,Lawrence,12/31/2023,Trustee ,Dennis ,,Mestemaker,12/31/2025,Trustee ,Kenneth,,Moorman,12/31/2025
2022-2023,Darke,York,523,503, 564 ,12204 Elijah York Road,,Versailles,45380,,,,,Fiscal Officer,Alan,J.,Stammen,3/31/2024,Trustee ,James,,Zumbrink,12/31/2023,Trustee ,William,L.,Barga,12/31/2025,Trustee ,Roger,,Heckman,12/31/2025
2022-2023,Defiance,Adams,999,947, 884 ,02406 Freytag Road,,Defiance,43512,,,,,Fiscal Officer,James,A.,Daman,3/31/2024,Trustee ,Chester,L.,Nagel,12/31/2023,Trustee ,Jack,L.,Schliesser,12/31/2025,Trustee ,William,J.,Burkhart,12/31/2025
2022-2023,Defiance,Defiance,"13,461","13,178"," 13,216 ",8 Deville Drive,,Defiance,43512,,,,,Fiscal Officer,Tim,,Houck,3/31/2024,Trustee ,Jason,A.,Shaffer,12/31/2023,Trustee ,Diana ,M.,Mayer,12/31/2025,Trustee ,Daniel,J.,Peck,12/31/2025
2022-2023,Defiance,Delaware,"2,128","2,134"," 2,030 ",7891 Mulligans Bluff Road,,Defiance,43512,,,,,Fiscal Officer,Michele,,Speiser,3/31/2024,Trustee ,John,,Fifer Jr.,12/31/2023,Trustee ,Jacob,,Timbrook,12/31/2025,Trustee ,Trent,,Smith,12/31/2025
2022-2023,Defiance,Farmer,932,963, 892 ,01560 Wonderly Road,,Edgerton,43517,,,,,Fiscal Officer,Jenny,,Mavis,3/31/2024,Trustee ,Sam,,Speiser,12/31/2023,Trustee ,Jon,,Timbrook,12/31/2025,Trustee ,Jeff,,Panico,12/31/2025
2022-2023,Defiance,Hicksville,"5,003","4,979"," 4,872 ",11873 Casebeer Miller Road,,Hicksville,43526,,,,,Fiscal Officer,Stephanie,,Metz,3/31/2024,Trustee ,Joshua,A.,Metz,12/31/2023,Trustee ,Zane,,Zeedyk,12/31/2025,Trustee ,John,,Mccalla,12/31/2025
2022-2023,Defiance,Highland,"2,658","2,372"," 2,284 ",15772 Hill Road,,Defiance,43512,,,,,Fiscal Officer,Thomas,C.,Wolfrum,3/31/2024,Trustee ,Edward ,,Zachrich,12/31/2023,Trustee ,Kenneth ,,Zachrich,12/31/2025,Trustee ,Steven,,Flory,12/31/2025
2022-2023,Defiance,Mark,968,908, 902 ,10625 Breininger Road,,Hicksville,43526,,,,,Fiscal Officer,Michele,,Zeedyk,3/31/2024,Trustee ,Larry,,Hartman,12/31/2023,Trustee ,John,,Panico,12/31/2025,Trustee ,Alex,,Renollet,12/31/2025
2022-2023,Defiance,Milford,"1,013","1,081"," 1,120 ",02659 Hicksville-Edgerton Road,,Edgerton,43517,,,,,Fiscal Officer,Colleen,R.,Cape,3/31/2024,Trustee ,Stephen,L.,Nye,12/31/2023,Trustee ,Thomas,E.,Dietsch,12/31/2025,Trustee ,Edward,W.,Perry,12/31/2025
2022-2023,Defiance,Noble,"6,171","6,326"," 5,909 ",22485 Mill Street,,Defiance,43512,,,,,Fiscal Officer,Ted,,Penner,3/31/2024,Trustee ,Ronald,,Cereghin,12/31/2023,Trustee ,Mark,,Shinnger,12/31/2025,Trustee ,Kyle,,Weber,12/31/2025
2022-2023,Defiance,Richland,"2,941","2,920"," 3,063 ",,,,,PO Box 30144,Jewell,43530,,Fiscal Officer,Tammy,,Flory,3/31/2024,Trustee ,Joe ,,Schindler,12/31/2023,Trustee ,Joel,,Martin,12/31/2025,Trustee ,Julie,,Rittenhouse,12/31/2025
2022-2023,Defiance,Tiffin,"1,705","1,612"," 1,586 ",21907 Rethmel Road,,Defiance,43512,,,,,Fiscal Officer,Anne,,Rethmel,3/31/2024,Trustee ,Thomas,,Henry,12/31/2023,Trustee ,Brady,,Woolace,12/31/2025,Trustee ,Dillon ,,Cereghin,12/31/2025
2022-2023,Defiance,Washington,"1,521","1,617"," 1,528 ",155 North Water Street,,Ney,43549,PO Box 188,Ney,43549,,Fiscal Officer,Maury,A.,Sims,3/31/2024,Trustee ,Errick,,Retcher,12/31/2023,Trustee ,Gary,,Crites,12/31/2025,Trustee ,John,,Grine,12/31/2025
2022-2023,Delaware,Berkshire,"2,251","3,085"," 5,477 ",1454 Rome Corners Road,,Galena,43021,,,,,Fiscal Officer,Melody,L.,George,3/31/2024,Trustee ,Unknown,,,12/31/2023,Trustee ,Rodney,V.,Myers,12/31/2025,Trustee ,Mike,,Dattilo,12/31/2025
2022-2023,Delaware,Berlin,"3,315","6,498"," 9,344 ",3271 Cheshire Road,,Delaware,43015,,,,www.berlintwp.us,Fiscal Officer,Claudia,E.,Smith,3/31/2024,Trustee ,Ron,,Bullard,12/31/2023,Trustee ,Ken,,O'Brien,12/31/2025,Trustee ,Meghan,,Raehll,12/31/2025
2022-2023,Delaware,Brown,"1,297","1,416"," 1,402 ",5555 State Route 521 ,,Delaware,43015,,,,https://co.delaware.oh.us/cities/brown-township/,Fiscal Officer,Peggy,,Link,3/31/2024,Trustee ,Connie,,Skinner,12/31/2023,Trustee ,Charles,,Miley,12/31/2025,Trustee ,Gary,,Stegner,12/31/2025
2022-2023,Delaware,Concord,"4,507","9,294"," 11,207 ",6385 Home Road,,Delaware,43015,,,,WWW.CONCORDTWP.ORG,Fiscal Officer,Jill,,Davis,3/31/2024,Trustee ,Jason,,Haney,12/31/2023,Trustee ,Bart,,Johnson,12/31/2025,Trustee ,Joe,,Garrett,12/31/2025
2022-2023,Delaware,Delaware,"26,149","2,152"," 2,713 ",2590 Liberty Road ,,Delaware,43015,,,,https://www.delawaretownshipohio.org/,Fiscal Officer,Barbara,,Thomas,3/31/2024,Trustee ,Kevin,,Hennessy,12/31/2023,Trustee ,Beau,,Euton,12/31/2025,Trustee ,Randy,,Ormeroid,12/31/2025
2022-2023,Delaware,Genoa,"11,293","23,093"," 24,806 ",5111 South Old 3C Highway,,Westerville,43082,,,,genoatwp.com,Fiscal Officer,Patrick,,Myers,3/31/2024,Trustee ,Renee,,Vaughan,12/31/2023,Trustee ,Connie,,Goodman,12/31/2025,Trustee ,Mark,,Antonetz,12/31/2025
2022-2023,Delaware,Harlem,"3,762","3,953"," 4,554 ",3883 State Route 606,,Galena,43021,,,,www.harlemtwp.com,Fiscal Officer,Lisa,,Hursey,3/31/2024,Trustee ,Jerry,,Paul,12/31/2023,Trustee ,David,,Jackson,12/31/2025,Trustee ,Carl,,Richison,12/31/2025
2022-2023,Delaware,Kingston,"1,603","2,156"," 2,359 ",4063 Carters Corner Road,,Sunbury,43074,,,,www.kingstontwp.org,Fiscal Officer,Greg,,Roy,3/31/2024,Trustee ,Dewey,,Akers,12/31/2023,Trustee ,William,,Shively,12/31/2025,Trustee ,Matt,,Roy,12/31/2025
2022-2023,Delaware,Liberty,"15,429","26,172"," 33,252 ",2845 Home Road,,Powell,43065,,,,libertytwp.org,Fiscal Officer,Rick,,Karr,3/31/2024,Trustee ,Bryan,,Newell,12/31/2023,Trustee ,Shyra,,Eichhorn,12/31/2025,Trustee ,Scott,,Donaldson,12/31/2025
2022-2023,Delaware,Marlboro,227,281, 295 ,666 Norton Road,,Waldo,43356,PO Box 492,Waldo,43356,,Fiscal Officer,Jeni,Lynn,Reely,3/31/2024,Trustee ,Edward,,Reely,12/31/2023,Trustee ,Rick,,Clunk,12/31/2025,Trustee ,Jeffrey,,Warner,12/31/2025
2022-2023,Delaware,Orange,"12,464","26,269"," 37,452 ",1680 East Orange Road,,Lewis Center,43035,,,,https://www.orangetwp.org/,Fiscal Officer,Lisa,,Kraft,3/31/2024,Trustee ,Erica,,Fouss,12/31/2023,Trustee ,Lisa,,Knapp,12/31/2025,Trustee ,Ben,,Grumbles,12/31/2025
2022-2023,Delaware,Oxford,854,987, 950 ,5606 Steamtown Road,,Ashley,43003,,,,,Fiscal Officer,Joyce,,Leienberger,3/31/2024,Trustee ,James,,Hatten,12/31/2023,Trustee ,Steve,,Lewis,12/31/2025,Trustee ,Craig,,Pittman,12/31/2025
2022-2023,Delaware,Porter,"1,696","1,923"," 2,194 ",12826 Mckay Street,,Sunbury,43074,,,,portertwp.org,Fiscal Officer,Mark,,Mazzon,3/31/2024,Trustee ,Bob,,Ryan,12/31/2023,Trustee ,Eddy,,Ambrose,12/31/2025,Trustee ,Matthew,,Isganitis,12/31/2025
2022-2023,Delaware,Radnor,"1,335","1,540"," 1,570 ",4061 State Route 203,,Radnor,43066,,,,www.radnortwp.org,Fiscal Officer,Katarina,,Wheeland,3/31/2024,Trustee ,Teresa,,Watkins,12/31/2023,Trustee ,Daniel ,,Boysel,12/31/2025,Trustee ,David ,,Weber,12/31/2025
2022-2023,Delaware,Scioto,"2,527","2,993"," 3,742 ",3737 Ostrander Road,,Ostrander,43061,,,,sciototownshipohio.com,Fiscal Officer,Kathy,,Melvin,3/31/2024,Trustee ,Ralph,,Moseley,12/31/2023,Trustee ,Doug,,Loudenslager,12/31/2025,Trustee ,Sandra,,Stults,12/31/2025
2022-2023,Delaware,Thompson,558,684, 659 ,4373 State Route 257 North,,Radnor,43066,,,,,Fiscal Officer,Leslie,,Herbert,3/31/2024,Trustee ,Kent,,Manley,12/31/2023,Trustee ,Mary,Suzette,Hall,12/31/2025,Trustee ,William,A.,Thompson III,12/31/2025
2022-2023,Delaware,Trenton,"2,137","2,190"," 2,276 ",15495 Hartford Road,,Sunbuy,43074,,,,,Fiscal Officer,Cynthia ,,Walton,3/31/2024,Trustee ,Mark ,,Almendinger,12/31/2023,Trustee ,Richard ,,Fisher,12/31/2025,Trustee ,Kevin,,Justice,12/31/2025
2022-2023,Delaware,Troy,"2,665","2,115"," 2,105 ",4293 US Route 23 North,,Delaware,43015,PO Box 751,Delaware,43015,,Fiscal Officer,Tracy,,Parsons,3/31/2024,Trustee ,Earl,,Lehner,12/31/2023,Trustee ,Doug,,Price,12/31/2025,Trustee ,Troy,,Morris,12/31/2025
2022-2023,Erie,Berlin,"3,702","3,723"," 3,450 ",12101 State Route 61 ,,Berlin Heights,44814,PO Box 52,Berlin Heights,44814,,Fiscal Officer,Kathy,A.,Deehr,3/31/2024,Trustee ,Michael,,Old,12/31/2023,Trustee ,Tadd,J.,Smith,12/31/2025,Trustee ,Jeffrey,,Finnen,12/31/2025
2022-2023,Erie,Florence,"2,500","2,448"," 2,470 ",11011 Chapel Street,,Wakeman,44889,,,,Www.Florencetwp.com,Fiscal Officer,Misty ,,Johannsen,3/31/2024,Trustee ,Orville ,,Sayler,12/31/2023,Trustee ,John,,Krumwiede,12/31/2025,Trustee ,Bill,,Turnbull,12/31/2025
2022-2023,Erie,Groton,"1,384","1,427"," 1,379 ",9414 Portland Road,,Castalia,44824,,,,"www,grotontwp.com",Fiscal Officer,Nancy,A.,Funni,3/31/2024,Trustee ,Ronald,,Brown,12/31/2023,Trustee ,Renee,,Schoen,12/31/2025,Trustee ,Dennis,,Schreiner,12/31/2025
2022-2023,Erie,Huron,"10,530","10,697"," 10,724 ",1820 Bogart Road,,Huron,44839,,,,,Fiscal Officer,Matthew,S.,Dewey,3/31/2024,Trustee ,Gordon,B.,Hahn,12/31/2023,Trustee ,Mary K.,,Schlessman,12/31/2025,Trustee ,Edward,E.,Wimmer,12/31/2025
2022-2023,Erie,Margaretta,"6,289","5,981"," 5,640 ",114 Main Street,,Castalia,44824,PO Box 278,Castalia,44824,,Fiscal Officer,Robert,,Day,3/31/2024,Trustee ,Timothy,,Riesterer,12/31/2023,Trustee ,Joe,,Bias,12/31/2025,Trustee ,Gary,,Pooch,12/31/2025
2022-2023,Erie,Milan,"3,686","3,606"," 3,580 ",1518 State Route 113 East,,Milan,44846,,,,WWW.MILANTWP.ORG,Fiscal Officer,Zachary,J.,Rospert,3/31/2024,Trustee ,Daniel,,Frederick,12/31/2023,Trustee ,Mike,,Kegarise,12/31/2025,Trustee ,Mike,,Shover,12/31/2025
2022-2023,Erie,Oxford,"1,096","1,201"," 1,140 ",11104 Ransom Road,,Monroeville,44847,,,,,Fiscal Officer,Phillip,Michael,David,3/31/2024,Trustee ,Michael ,G.,Parker,12/31/2023,Trustee ,James,W.,Stewart,12/31/2025,Trustee ,T. Scott,,Leber,12/31/2025
2022-2023,Erie,Perkins,"12,578","12,202"," 12,390 ",2610 Columbus Avenue,,Sandusky,44870,,,,www.perkinstownship.com,Fiscal Officer,Diane,,Schaefer,3/31/2024,Trustee ,Jeffrey,L.,Ferrell,12/31/2023,Trustee ,Timothy,D.,Coleman,12/31/2025,Trustee ,James,F.,Lang,12/31/2025
2022-2023,Erie,Vermilion,"9,575","4,945"," 4,857 ",1907 State Road,,Vermilion ,44089,,,,,Fiscal Officer,Brenda,,Zsebik,3/31/2024,Trustee ,Carl,E.,Hill,12/31/2023,Trustee ,Ronald,L.,Dickel,12/31/2025,Trustee ,Rodger,D.,Scott,12/31/2025
2022-2023,Fairfield,Amanda,"2,429","2,706"," 2,722 ",8000 Cincinnati Zanesville Road,,Amanda,43102,PO Box 276,Amanda,43102,,Fiscal Officer,Melissa,A.,Tremblay,3/31/2024,Trustee ,Ralph,,Hedrick,12/31/2023,Trustee ,Mark,,Pontius,12/31/2025,Trustee ,Austin,,Reid,12/31/2025
2022-2023,Fairfield,Berne,"4,969","5,088"," 5,057 ",5825 Savage Hill Road,,Sugar Grove,43155,,,,www.bernetownship.org,Fiscal Officer,Amy,,Oxley,3/31/2024,Trustee ,James,,Uhl,12/31/2023,Trustee ,Gary,,George,12/31/2025,Trustee ,Kelly,,Shull,12/31/2025
2022-2023,Fairfield,Bloom,"6,374","8,466"," 10,159 ",8490 Lithopolis Road,,Carroll,43112,,,,www.bloomtwp.org,Fiscal Officer,Holly,,Mattei,3/31/2024,Trustee ,Jason,,Smith,12/31/2023,Trustee ,Carol,,Moore,12/31/2025,Trustee ,Brian,,Randles,12/31/2025
2022-2023,Fairfield,Clearcreek,"3,411","4,057"," 4,084 ",10474 Dozer Road,,Stoutsville,43154,,,,,Fiscal Officer,Carolyn,,Holbrook,3/31/2024,Trustee ,Mark,,Sharp,12/31/2023,Trustee ,Timothy,,Cordle,12/31/2025,Trustee ,William,,Martin,12/31/2025
2022-2023,Fairfield,Greenfield,"4,944","5,565"," 5,745 ",4663 Carroll Cemetery Road,,Carroll,43112,,,,www.greenfieldtwp.org,Fiscal Officer,Dawn,R.,Wyne,3/31/2024,Trustee ,David,,Cotner,12/31/2023,Trustee ,Lonnie,,Kosch,12/31/2025,Trustee ,Kent,,Searle,12/31/2025
2022-2023,Fairfield,Hocking,"4,812","4,672"," 4,850 ",1175 Cincinnati Zanesville Rd SW,,Lancaster,43130-9201,,,,www.hockingtownship.org,Fiscal Officer,Charles,,Ressley,3/31/2024,Trustee ,Gail,,Ellinger,12/31/2023,Trustee ,Doug,,Shaw,12/31/2025,Trustee ,Steve,,Wolfe,12/31/2025
2022-2023,Fairfield,Liberty,"7,265","7,916"," 8,214 ",2960 Reynoldsburg Baltimore Road,,Baltimore,43105,,,,fairfieldcountyohio-libertytownship.org,Fiscal Officer,Rick,,May,3/31/2024,Trustee ,Robert,J.,Alt,12/31/2023,Trustee ,Donald,R.,Keller,12/31/2025,Trustee ,Randy ,,Kemmerer,12/31/2025
2022-2023,Fairfield,Madison,"1,385","1,682"," 1,770 ",4627 Walters Rd SW,,Lancaster,43130,,,,,Fiscal Officer,Kim,,Frank,3/31/2024,Trustee ,Shawn,,Strosnider,12/31/2023,Trustee ,Rich,,Lamp,12/31/2025,Trustee ,Chad,,Frank,12/31/2025
2022-2023,Fairfield,Pleasant,"5,549","6,083"," 6,181 ",3005 Lancaster Thornville Road NE,,Lancaster,43130,,,,PleasantTownship.org,Fiscal Officer,James,M.,Snyder,3/31/2024,Trustee ,Rayna,L.,Moellendick,12/31/2023,Trustee ,Jason,R.,Miller,12/31/2025,Trustee ,Joseph,J.,Kemmerer,12/31/2025
2022-2023,Fairfield,Richland,"1,940","2,195"," 2,307 ",8885 Pleasantville RD NE,,Rushville,43150,,,,richlandtownship.net,Fiscal Officer,Vicki,,Young,3/31/2024,Trustee ,Ryan,,Young,12/31/2023,Trustee ,Ron,,Baker,12/31/2025,Trustee ,Scott,,Baker,12/31/2025
2022-2023,Fairfield,Rushcreek,"3,549","3,893"," 3,996 ","213 Marietta Street,  Po Box 88",,Bremen,43107,PO Box 88,Bremen,43107,www.rushcreektownship.org,Fiscal Officer,Lisa ,A.,Burnworth,3/31/2024,Trustee ,Timothy,A.,Thomas,12/31/2023,Trustee ,Chad,M.,Ashbaugh,12/31/2025,Trustee ,James,S.,Downard,12/31/2025
2022-2023,Fairfield,Violet,"26,914","38,572"," 45,785 ",10190 Blacklick Eastern Road,,Pickerington,43147,,,,https://www.violet.oh.us/,Fiscal Officer,Vanessa,,Niekamp,3/31/2024,Trustee ,Darrin,,Monhollen,12/31/2023,Trustee ,Terry,,Dunlap,12/31/2025,Trustee ,Lori,,Sanders,12/31/2025
2022-2023,Fairfield,Walnut,"6,436","6,841"," 6,673 ",11420 Millersport Road NE,,Millersport,43046,,,,http://walnuttownship.com/,Fiscal Officer,Pamila,J.,Shaloo,3/31/2024,Trustee ,William,,Yates,12/31/2023,Trustee ,Douglas,,Leith,12/31/2025,Trustee ,Terry ,,Horn,12/31/2025
2022-2023,Fayette,Concord,"1,068",901, 961 ,1325 Miami Trace Road Southwest,,Washington Court House,43160,,,,,Fiscal Officer,Bridget,,Sollars,3/31/2024,Trustee ,Jed,,Bower,12/31/2023,Trustee ,Charles,Bryan,Cockerill,12/31/2025,Trustee ,Jason,,Gentry,12/31/2025
2022-2023,Fayette,Green,499,532, 521 ,1508 Anderson Road SW,,Washington Court House,43160,,,,,Fiscal Officer,Amy,,Gustin,3/31/2024,Trustee ,James,,Worley,12/31/2023,Trustee ,Ryan,,Corzatt,12/31/2025,Trustee ,Byron,,Gustin,12/31/2025
2022-2023,Fayette,Jasper,857,745, 703 ,1248 Miami Trace Road NW,,Washington Court House,43160,,,,,Fiscal Officer,Carol,,Langley,3/31/2024,Trustee ,Richard,,Anders,12/31/2023,Trustee ,Jackie ,,Pursley,12/31/2025,Trustee ,Glenn,,Rankin,12/31/2025
2022-2023,Fayette,Jefferson,"2,766","2,636"," 2,607 ",28 South Main Street,,Jeffersonville,43128,PO Box 115,Jeffersonville,43128,,Fiscal Officer,Jomi,,Ward,3/31/2024,Trustee ,Jonathon ,Chris,Wright,12/31/2023,Trustee ,Jeff,,Hoppes,12/31/2025,Trustee ,Ryan,,Yenger,12/31/2025
2022-2023,Fayette,Madison,946,"1,122"," 1,102 ",7964 Rockwell Road,,Mt. Sterling,43143,,,,,Fiscal Officer,Myron,,Miller,3/31/2024,Trustee ,David,,Dorn,12/31/2023,Trustee ,John,,Melvin,12/31/2025,Trustee ,Mike,,Miller,12/31/2025
2022-2023,Fayette,Marion,748,766, 774 ,8470 Blmgburg New Holland Road,,New Holland,43145,,,,,Fiscal Officer,Wendell,G.,Jones,3/31/2024,Trustee ,Jeff,,Speakman,12/31/2023,Trustee ,Cody,,Kirkpatrick,12/31/2025,Trustee ,Chris,,Cottrill,12/31/2025
2022-2023,Fayette,Paint,"1,905","1,975"," 1,825 ",3 Cross Street,,Bloomingburg,43106,PO Box 350,Bloomingburg,43106,,Fiscal Officer,Randy,,Welsh,3/31/2024,Trustee ,Duane,,Matthews,12/31/2023,Trustee ,Scott ,,Cook,12/31/2025,Trustee ,Kenneth,,Kelly,12/31/2025
2022-2023,Fayette,Perry,945,"1,041"," 1,118 ",8572 Miami Trace Road SW,,Washington Court House,43160,,,,,Fiscal Officer,Brenda,S.,Hughes,3/31/2024,Trustee ,Richard,L.,Wilson,12/31/2023,Trustee ,Thomas,Lee,Creachbaum II,12/31/2025,Trustee ,Heath,D.,Smith,12/31/2025
2022-2023,Fayette,Union,"3,808","3,733"," 3,598 ",1505 State Route 38 NE,,Washington Court House,43160,,,,,Fiscal Officer,Tom,,Rambo,3/31/2024,Trustee ,Clyde,,Fyffe,12/31/2023,Trustee ,Ron,,Woodrow,12/31/2025,Trustee ,Matt,,Miller,12/31/2025
2022-2023,Fayette,Wayne,"1,367","1,387"," 1,341 ",6050 North Clarksville,,Waynesville,45068,,,,https://www.waynetownship.us/,Fiscal Officer,Cindy,,Seaton,3/31/2024,Trustee ,David,,Batson,12/31/2023,Trustee ,Kyle,,Hoppes,12/31/2025,Trustee ,Jarrod,,Posey,12/31/2025
2022-2023,Franklin,Blendon,"9,193","9,069"," 10,152 ",6350 South Hempstead Road,,Westerville,43081,,,,https://www.blendontwp.org/,Fiscal Officer,Shawn,,Smith,3/31/2024,Trustee ,James,,Welch,12/31/2023,Trustee ,Jan,,Heichel,12/31/2025,Trustee ,Cathy,,Shinaberry,12/31/2025
2022-2023,Franklin,Brown,"2,031","2,293"," 3,886 ",2491 Walker Road,,Hilliard,43026,,,,https://www.browntwp.org/,Fiscal Officer,Becky,,Kent,3/31/2024,Trustee ,Pamela,,Sayre,12/31/2023,Trustee ,Joe,,Martin,12/31/2025,Trustee ,Gary,,Dever,12/31/2025
2022-2023,Franklin,Clinton,"4,294","4,109"," 4,499 ",3820 Cleveland Avenue,,Columbus,43224,,,,www.clintontownship.org,Fiscal Officer,Deborah,,Steele,3/31/2024,Trustee ,Jane,,Cera,12/31/2023,Trustee ,Jessica,,Jessberger,12/31/2025,Trustee ,Rebecca,,Grimm,12/31/2025
2022-2023,Franklin,Franklin,"11,798","10,271"," 11,502 ",2193 Frank Road,,Columbus,43223,,,,https://franklin-townshipohio.gov/,Fiscal Officer,Nicholas,,Dunn,3/31/2024,Trustee ,Ralph ,,Horn,12/31/2023,Trustee ,John,,Fleshman,12/31/2025,Trustee ,Jim,,Leezer,12/31/2025
2022-2023,Franklin,Hamilton,"7,950","8,260"," 8,634 ",6400 Lockbourne Road,,Lockbourne,43137,,,,hamiltontownshipohio.org,Fiscal Officer,Lisa,Evelyn,Shirkey,3/31/2024,Trustee ,Gary,R.,Armstrong,12/31/2023,Trustee ,Charles,C.,Hann,12/31/2025,Trustee ,Todd,A.,Blackstone,12/31/2025
2022-2023,Franklin,Jackson,"32,625","40,608"," 46,559 ",3756 Hoover Road,,Grove City,43123,PO Box 517,Grove City,43123,Jacksontwp.org,Fiscal Officer,Ron,,Grossman,3/31/2024,Trustee ,Ron,,Mcclure,12/31/2023,Trustee ,David,,Burris,12/31/2025,Trustee ,Jim,,Rauck,12/31/2025
2022-2023,Franklin,Jefferson,"5,322","10,972"," 14,475 ",6545 Havens Road,,Blacklick,43004,,,,https://www.jeffersontownship.org/,Fiscal Officer,Ken,,Jones,3/31/2024,Trustee ,Mike,,Rowan,12/31/2023,Trustee ,Rich,,Courter,12/31/2025,Trustee ,Claire,,Yoder,12/31/2025
2022-2023,Franklin,Madison,"21,243","23,509"," 25,945 ",4575 Madison Lane,,Groveport,43125,,,,www.madisontownship.org,Fiscal Officer,Laurie,,Vermeer,3/31/2024,Trustee ,Michele,,Reynolds,12/31/2023,Trustee ,Katherine,,Chipps,12/31/2025,Trustee ,John,,Pritchard,12/31/2025
2022-2023,Franklin,Mifflin,"35,787","35,710"," 38,368 ",400 West Johnstown Road,Suite 200,Gahanna,43230,,,,www.mifflin-oh.gov,Fiscal Officer,Nancy,,White,3/31/2024,Trustee ,Richard,,Angelou,12/31/2023,Trustee ,Lynn,,Stewart,12/31/2025,Trustee ,Kevin,,Cavner,12/31/2025
2022-2023,Franklin,Norwich,"27,488","31,807"," 37,900 ",5181 Northwest Pkwy,,Hilliard,43026,,,,www.norwichtownship.org,Fiscal Officer,Jamie,L.,Miles,3/31/2024,Trustee ,Timothy,A.,Roberts,12/31/2023,Trustee ,Larry ,J.,Earman,12/31/2025,Trustee ,Charles,W.,Buck,12/31/2025
2022-2023,Franklin,Perry,"4,087","3,637"," 3,929 ",7125 Sawmill Road,,Dublin,43016,,,,www.perrytwp.org,Fiscal Officer,Michele,M.,Elliott,3/31/2024,Trustee ,Chet,J.,Chaney,12/31/2023,Trustee ,James,M.,Roper,12/31/2025,Trustee ,Andrew,J.,English,12/31/2025
2022-2023,Franklin,Plain,"5,926","9,829"," 12,761 ",45 Second Street,,New Albany,43054,PO Box 273,New Albany,43054,https://plaintownship.org/,Fiscal Officer,Eugene (Bud),,Zappitelli,3/31/2024,Trustee ,Dave,,Olmstead,12/31/2023,Trustee ,Dave,,Ferguson,12/31/2025,Trustee ,Kerri,,Mollard,12/31/2025
2022-2023,Franklin,Pleasant,"7,030","6,671"," 6,757 ",5373 Norton Road,,Grove City,43123,,,,www.pleasanttownship.org,Fiscal Officer,Paula,J.,Wilkins,3/31/2024,Trustee ,Edward,,Sheets,12/31/2023,Trustee ,Randi,,Good,12/31/2025,Trustee ,Nancy,,Hunter,12/31/2025
2022-2023,Franklin,Prairie,"17,118","16,498"," 17,415 ",23 Maple Drive,,Columbus,43228,,,,www.prairietownship.org,Fiscal Officer,Sherry,,Henning,3/31/2024,Trustee ,Doug,,Stormont,12/31/2023,Trustee ,Cathy ,,Schmelzer,12/31/2025,Trustee ,Rod,,Pritchard,12/31/2025
2022-2023,Franklin,Sharon,"16,455","15,969"," 17,168 ",95 East Wilson Bridge Road,,Worthington,43085,,,,sharontwp.us,Fiscal Officer,Anthony,,Palmer,3/31/2024,Trustee ,,,,12/31/2023,Trustee ,Laura,,Kunze,12/31/2025,Trustee ,John,,Oberle,12/31/2025
2022-2023,Franklin,Truro,"27,151","26,837"," 30,401 ",6900 East Main Street,,Reynoldsburg,43068,PO Box 647,Reynoldsburg,43068,www.trurotwp.org,Fiscal Officer,Natalie,,Nicodemus,3/31/2024,Trustee ,James,P.,Mahaffey,12/31/2023,Trustee ,Dennis,,Nicodemus,12/31/2025,Trustee ,Chris,,Long,12/31/2025
2022-2023,Franklin,Washington,"1,412","1,549"," 43,593 ",6200 Eiterman Road,,Dublin,43016,PO Box 3248,Dublin,43016,wtwp.com,Fiscal Officer,Joyce,E.,Robinson,3/31/2024,Trustee ,Jan ,,Rozanski,12/31/2023,Trustee ,Charles ,,Kranstuber,12/31/2025,Trustee ,Stu,,Harris,12/31/2025
2022-2023,Fulton,Amboy,"1,552","1,846"," 1,878 ",,,Metamora,43540,PO Box 172,Metamora,43540,,Fiscal Officer,Suzanne,,Holland,3/31/2024,Trustee ,Thomas,,Herr Jr,12/31/2023,Trustee ,Richard,,Raab,12/31/2025,Trustee ,Jefrey,,Simon,12/31/2025
2022-2023,Fulton,Chesterfield,"1,050","1,012", 938 ,15891 US 20,,Wauseon,43567,,,,,Fiscal Officer,Peggy,,Volkman,3/31/2024,Trustee ,Clark,,Emmons,12/31/2023,Trustee ,James,,Stubbins,12/31/2025,Trustee ,Bradly,,Nofziger,12/31/2025
2022-2023,Fulton,Clinton,"9,280","9,554"," 9,630 ",5736 County Road 15-1,,Wauseon,43567,,,,,Fiscal Officer,Nancy,J.,Yackee,3/31/2024,Trustee ,Larry,,Neuenschwander,12/31/2023,Trustee ,Ivan,,Hite,12/31/2025,Trustee ,Rick,,Frey,12/31/2025
2022-2023,Fulton,Dover,"1,468","1,578"," 1,621 ",9987 County Road 17,,Wauseon,43567,,,,,Fiscal Officer,Dianne,M.,Valentine,3/31/2024,Trustee ,Larry,,Burkholder,12/31/2023,Trustee ,Stephen,,Gustwiller,12/31/2025,Trustee ,Owen,,Borton,12/31/2025
2022-2023,Fulton,Franklin,739,743, 695 ,10033 County Road 26-2,,West Unity,43570,,,,,Fiscal Officer,Josh,,Grime,3/31/2024,Trustee ,Mike,,Kinsman,12/31/2023,Trustee ,Jack,,Rupp,12/31/2025,Trustee ,Robert,,Keiser,12/31/2025
2022-2023,Fulton,Fulton,"3,261","3,182"," 3,147 ",10555 County Road 4,,Swanton,43558,PO Box 149,Swanton,43558,,Fiscal Officer,Julie,Ann,Szabo,3/31/2024,Trustee ,Scott,Alan,Gillen,12/31/2023,Trustee ,Joe,Edward,Gombash,12/31/2025,Trustee ,Bernard,,Wanner,12/31/2025
2022-2023,Fulton,German,"6,458","6,443"," 6,576 ",305 West Mechanic,,Archbold,43502,PO Box 68,Archbold,43502,,Fiscal Officer,Keith,,Roth,3/31/2024,Trustee ,Kenneth,,Luepp,12/31/2023,Trustee ,Jason,,Pursel,12/31/2025,Trustee ,Aaron,,Short,12/31/2025
2022-2023,Fulton,Gorham,"2,372","2,260"," 2,168 ",23392 County Road South,,Fayette,43521,,,,,Fiscal Officer,Melanie,,Fruchey,3/31/2024,Trustee ,Eliott,,Richardson,12/31/2023,Trustee ,Jason ,,Simon,12/31/2025,Trustee ,Brian ,,Towers,12/31/2025
2022-2023,Fulton,Pike,"1,738","1,854"," 1,733 ",10810 County Road 10-2,,Delta,43515,,,,,Fiscal Officer,Dennis,,Savage,3/31/2024,Trustee ,Ted,,Howard,12/31/2023,Trustee ,Jack,,Wagner,12/31/2025,Trustee ,Jon,,Ehrsam,12/31/2025
2022-2023,Fulton,Royalton,"1,502","1,515"," 1,515 ",106 Eagle Street,,Lyons,43533,PO Box 302,Lyons,43533,,Fiscal Officer,Joe,,Damman,3/31/2024,Trustee ,Neil,,Shaw,12/31/2023,Trustee ,Ronald,J.,Lumbrezer,12/31/2025,Trustee ,Jacob,M.,Holland,12/31/2025
2022-2023,Fulton,Swancreek,"8,461","8,566"," 8,555 ",5565 County Road D,,Delta,43558,,,,swancreektownship.org,Fiscal Officer,Jo,,Stultz,3/31/2024,Trustee ,Gene,,Wilson,12/31/2023,Trustee ,Rick,,Kazmierczak,12/31/2025,Trustee ,Brian,,Meyer,12/31/2025
2022-2023,Fulton,York,"4,203","4,145"," 4,257 ",6955 County Road FG,,Delta,43515,PO Box 248,Delta,43515,yorktownship-fultoncounty.com,Fiscal Officer,Karen,S.,Miller,3/31/2024,Trustee ,Mark,J.,Jones,12/31/2023,Trustee ,Robert,W.,Trowbridge,12/31/2025,Trustee ,Jeffrey,,Mazurowski,12/31/2025
2022-2023,Gallia,Addison,"2,366","2,197"," 2,160 ",3693 Bulaville Pike,,Gallipolis,45631,,,,,Fiscal Officer,Lisa,E.,Reuter,3/31/2024,Trustee ,Michael,E.,Blaine,12/31/2023,Trustee ,F.,,Burnett,12/31/2025,Trustee ,Anthony,M.,Hughes,12/31/2025
2022-2023,Gallia,Cheshire,"1,259","1,002", 898 ,2221 Jessie Creek Road,,Bidwell,45614,,,,,Fiscal Officer,Amy,,Edwards,3/31/2024,Trustee ,Joseph,,Roush,12/31/2023,Trustee ,Mike,,Conkle,12/31/2025,Trustee ,James,,Taylor,12/31/2025
2022-2023,Gallia,Clay,"1,877","1,870"," 1,710 ",11126 State Route 7 South,,Gallipolis,45631,,,,,Fiscal Officer,Wanda,Kay,Waugh,3/31/2024,Trustee ,Michael,Brent,Harrison,12/31/2023,Trustee ,Brady,,Swain,12/31/2025,Trustee ,James,Travis,Mooney,12/31/2025
2022-2023,Gallia,Gallipolis,"5,707","5,097"," 4,725 ",201 Omar Avenue,,Gallipolis,45631,,,,,Fiscal Officer,Helenlu,Stewart,Morgan,3/31/2024,Trustee ,David,J.,Snyder,12/31/2023,Trustee ,Harry,Dean,Brownell,12/31/2025,Trustee ,Lloyd,E.,Danner,12/31/2025
2022-2023,Gallia,Green,"5,514","5,625"," 5,357 ",1614 State Route 775,,Gallipolis,45631,,,,,Fiscal Officer,Howard,J.,Foster,3/31/2024,Trustee ,Clarke,,Saunders,12/31/2023,Trustee ,Lonnie,,Boggs,12/31/2025,Trustee ,Seth,,Montgomery,12/31/2025
2022-2023,Gallia,Greenfield,498,495, 503 ,5184 State Route 233,,Patriot,45658,,,,,Fiscal Officer,Debrah ,,Bartels,3/31/2024,Trustee ,Randall,,Hammond,12/31/2023,Trustee ,Charles,,Chambers Jr.,12/31/2025,Trustee ,John,Frederick,Sites II,12/31/2025
2022-2023,Gallia,Guyan,"1,199","1,166"," 1,129 ",1109 Rebel Drive,,Crown City,45623,,,,,Fiscal Officer,Rachel,,Fellure,3/31/2024,Trustee ,Tim,,Caldwell,12/31/2023,Trustee ,John,,Cardwell,12/31/2025,Trustee ,Jeff,,Fowler,12/31/2025
2022-2023,Gallia,Harrison,"1,003","1,063", 959 ,215 Kingery Road,,Patriot,45658,,,,,Fiscal Officer,Kaitlin,,Angell-Beaver,3/31/2024,Trustee ,E.,Charles,Mcguire,12/31/2023,Trustee ,Bobby,,Angel,12/31/2025,Trustee ,Margaret,,Adkins,12/31/2025
2022-2023,Gallia,Huntington,"1,511","1,442"," 1,393 ",379 Ewington Road,,Vinton,45686,PO Box 212,Vinton,45686,,Fiscal Officer,Ashly,,Walker,3/31/2024,Trustee ,Rodney,R.,Alderman,12/31/2023,Trustee ,Jeff,,Oiler,12/31/2025,Trustee ,Roger,,Shadwick,12/31/2025
2022-2023,Gallia,Morgan,"1,341","1,404"," 1,379 ",,,Bidwell,45614,PO Box 64,Bidwell,45614,,Fiscal Officer,Laura,,Yost,3/31/2024,Trustee ,Randy,,Adkins,12/31/2023,Trustee ,Brett ,,Unroe,12/31/2025,Trustee ,John,,Manley,12/31/2025
2022-2023,Gallia,Ohio,"1,111","1,126", 947 ,24270 State Route 7 South,,Crown City,45623,,,,,Fiscal Officer,Raymond,Scott,Gibson,3/31/2024,Trustee ,Mike,,Waugh,12/31/2023,Trustee ,James ,,Waugh,12/31/2025,Trustee ,Michael,,Daines,12/31/2025
2022-2023,Gallia,Perry,"1,276","1,595"," 1,524 ",26 Boggs School Road,,Patriot,45658,,,,,Fiscal Officer,Cheryl,,Ruff,3/31/2024,Trustee ,Bradley,I.,Davies,12/31/2023,Trustee ,Jeffrey ,A.,Pope,12/31/2025,Trustee ,Timothy,Mark,Hager,12/31/2025
2022-2023,Gallia,Raccoon,"2,302","2,228"," 2,102 ",1856 Pleasant Valley Road,,Vinton,45686,PO Box 313,Rio Grande ,45674,,Fiscal Officer,Ruth,A.,Millhone,3/31/2024,Trustee ,Clifford,Carlos,Caldwell,12/31/2023,Trustee ,Ronald ,K.,White,12/31/2025,Trustee ,Matthew,,Roberts,12/31/2025
2022-2023,Gallia,Springfield,"3,181","3,664"," 3,413 ",,,,,PO Box 22,Bidwell,45614,,Fiscal Officer,Courtney,,Burnett,3/31/2024,Trustee ,Robert,,Massie,12/31/2023,Trustee ,Vaughn,,Taylor,12/31/2025,Trustee ,Scott,,Howell,12/31/2025
2022-2023,Gallia,Walnut,924,960," 1,021 ",2161 Flagspring Road,,Patriot,45658,,,,,Fiscal Officer,Ruby,,Stanley,3/31/2024,Trustee ,John,,Straight,12/31/2023,Trustee ,Steven,,Owens,12/31/2025,Trustee ,Nicholas,,Tabor,12/31/2025
2022-2023,Geauga,Auburn,"5,158","6,443"," 6,574 ",11010 Washington Street,,Auburn Township,44023,,,,www.auburntownship.com,Fiscal Officer,Fredrick,L.,May,3/31/2024,Trustee ,Patrick,J.,Cavanagh,12/31/2023,Trustee ,Eugene,T.,Mccune Jr.,12/31/2025,Trustee ,Michael,S.,Troyan,12/31/2025
2022-2023,Geauga,Bainbridge,"10,916","11,395"," 12,893 ",17826 Chillicothe Road,,Chagrin Falls,44023,,,,www.bainbridgetwp.com,Fiscal Officer,Janice,,Sugarman,3/31/2024,Trustee ,Kristina,,O'Brien,12/31/2023,Trustee ,Jeffrey,,Markkley,12/31/2025,Trustee ,Michael,,Bates,12/31/2025
2022-2023,Geauga,Burton,"4,358","4,412"," 4,379 ",14821 Rapids Road,,Burton,44021,PO Box 355,Burton,44021,www.burtontownship.org,Fiscal Officer,Shelley,,Mcdermott,3/31/2024,Trustee ,Jarred,,Miller,12/31/2023,Trustee ,Kenneth ,,Burnett,12/31/2025,Trustee ,Daniel,,Whiting,12/31/2025
2022-2023,Geauga,Chardon,"4,763","4,585"," 4,494 ",9949 Mentor Road,,Chardon,44024-9601,,,,www.ChardonTownship.com,Fiscal Officer,Ilona,,Daw-Krizman,3/31/2024,Trustee ,Charles,,Strazinsky,12/31/2023,Trustee ,Michael,,Brown,12/31/2025,Trustee ,Timothy,,Mckenna,12/31/2025
2022-2023,Geauga,Chester,"10,968","10,255"," 9,957 ",12701 Chillicothe Road,,Chesterland,44026,,,,CHESTERTWP.ORG,Fiscal Officer,Patricia,,Jarrett,3/31/2024,Trustee ,Kenneith,,Radtke Jr,12/31/2023,Trustee ,Joseph,,Mazzurco,12/31/2025,Trustee ,Craig,,Richter,12/31/2025
2022-2023,Geauga,Claridon,"3,173","3,200"," 3,103 ",13932 Mayfield Road,,East Claridon,44033,PO Box 66,Claridon,44033,claridontownship.com,Fiscal Officer,Paula,H.,Jolly,3/31/2024,Trustee ,Roger,D.,Miller,12/31/2023,Trustee ,Cooper,J.,Sherman,12/31/2025,Trustee ,Jonathan,E.,Tiber,12/31/2025
2022-2023,Geauga,Hambden,"4,024","4,661"," 4,676 ",13887 Gar Highway,,Chardon,44024,,,,www.hambdentownship.com,Fiscal Officer,Mike,James,Romans,3/31/2024,Trustee ,Keith ,,Mcclintock,12/31/2023,Trustee ,Paul,,Molan,12/31/2025,Trustee ,Pam,,Carson,12/31/2025
2022-2023,Geauga,Huntsburg,"3,298","3,637"," 3,657 ",16534 Mayfield Road,,Huntsburg,44046,PO Box 280,Huntsburg,44046,,Fiscal Officer,Michele,A.,Saunders,3/31/2024,Trustee ,Jason,,Sutter,12/31/2023,Trustee ,Nancy,J.,Saunders,12/31/2025,Trustee ,Richard,,Judd,12/31/2025
2022-2023,Geauga,Middlefield,"4,418","4,493"," 4,525 ",15228 Madison Road,,Middlefield,44062,PO Box 384,Middlefield,44062,middlefieldtownship.us,Fiscal Officer,Mary Ann,,Pierce,3/31/2024,Trustee ,Robert,,Troyer,12/31/2023,Trustee ,Mervin,,Miller,12/31/2025,Trustee ,Paul,,Porter,12/31/2025
2022-2023,Geauga,Montville,"1,984","1,991"," 1,938 ",9755 Madison Road,,Montville,44064,PO Box 116,Montville,44064,montvillegeauga.com,Fiscal Officer,Karen,,Hawkins,3/31/2024,Trustee ,Patricia ,,Combs,12/31/2023,Trustee ,Randal,,Peterson,12/31/2025,Trustee ,James,,Marsic,12/31/2025
2022-2023,Geauga,Munson,"6,450","6,621"," 7,087 ",12210 Auburn Road,,Chardon,44024,,,,munsontwp.com,Fiscal Officer,Todd,,Ray,3/31/2024,Trustee ,Irene,,Mcmullen,12/31/2023,Trustee ,Andy,,Bushman,12/31/2025,Trustee ,James,,Mccaskey,12/31/2025
2022-2023,Geauga,Newbury,"5,805","5,537"," 5,244 ",14899 Auburn Road,,Newbury,44065,,,,www.newburyohio.com,Fiscal Officer,Beverly,,Sustar,3/31/2024,Trustee ,Glen,,Quigley,12/31/2023,Trustee ,William,,Skomrock,12/31/2025,Trustee ,Greg,,Tropf,12/31/2025
2022-2023,Geauga,Parkman,"3,546","4,131"," 4,446 ",16295 Main Market Road,,W. Farmington,44491,PO Box 688,Parkman,44080,,Fiscal Officer,Denise,,Villers,3/31/2024,Trustee ,Dennis,,Ikeler,12/31/2023,Trustee ,Henry,,Duchscherer,12/31/2025,Trustee ,Joyce,,Peters,12/31/2025
2022-2023,Geauga,Russell,"5,529","5,190"," 5,404 ",8501 Kinsman Road,,Novelty,44072,PO Box 522,Novelty,44072,,Fiscal Officer,Karen,,Walder,3/31/2024,Trustee ,Kristina,,Port,12/31/2023,Trustee ,Matthew,,Rambo,12/31/2025,Trustee ,Jim,,Mueller,12/31/2025
2022-2023,Geauga,Thompson,"2,383","2,269"," 2,144 ",6784 Madison Road,,Thompson,44086,PO Box 204,Thompson,44086,www.ThompsonOhio.org,Fiscal Officer,Cindy,,Lausin,3/31/2024,Trustee ,Al,,Safick,12/31/2023,Trustee ,Erwin,,Leffel,12/31/2025,Trustee ,Heather,,Moseman,12/31/2025
2022-2023,Geauga,Troy,"2,567","2,801"," 2,778 ",13950 Main Market Road,,Burton,44021,,,,,Fiscal Officer,Sharon,,Simms,3/31/2024,Trustee ,Jane,,Grudowski,12/31/2023,Trustee ,Leonard,,Barcikoski,12/31/2025,Trustee ,Donna,,Breckenridge,12/31/2025
2022-2023,Greene,Bath,"40,231","39,392"," 39,365 ",1006 Yellow Springs-Fairfield Road,,Fairborn,45324,,,,bathtownshipgreenecountyohio.us,Fiscal Officer,Elaine,M.,Brown,3/31/2024,Trustee ,Kassie,,Lester,12/31/2023,Trustee ,Michelle,,Clements,12/31/2025,Trustee ,Rob,,Hoffman,12/31/2025
2022-2023,Greene,Beavercreek,"41,745","52,156"," 56,025 ",851 Orchard Lane,Suite C,Beavercreek,45434,,,,https://www.beavercreektownship.org,Fiscal Officer,Ryan,,Rushing,3/31/2024,Trustee ,Jessica,,Dean,12/31/2023,Trustee ,Thomas ,,Kretz,12/31/2025,Trustee ,Debborah,,Wallace,12/31/2025
2022-2023,Greene,Caesarscreek,"1,225","1,137"," 1,185 ",2034 East Spring Valley-Paintersville Road,,Xenia,45385,,,,,Fiscal Officer,James,,Randall,3/31/2024,Trustee ,Keith,,Bean,12/31/2023,Trustee ,Donald,,Van Tress,12/31/2025,Trustee ,Jeromy,,Smith,12/31/2025
2022-2023,Greene,Cedarville,"5,092","5,500"," 5,899 ",78 North Main Street,,Cedarville,45314,PO Box 13,Cedarville,45314,,Fiscal Officer,Jennifer,,Orr,3/31/2024,Trustee ,Jeff,,Ewry,12/31/2023,Trustee ,Tim,,Boeck,12/31/2025,Trustee ,Debbie,,Krajicek,12/31/2025
2022-2023,Greene,Jefferson,"1,109","1,254"," 1,119 ",3182 Maysville Street,,Bowersville,45307,,,,,Fiscal Officer,Linda,,Fliehman,3/31/2024,Trustee ,Roger,,Caraway,12/31/2023,Trustee ,Gary ,,Burtch,12/31/2025,Trustee ,Richard,,Zehring,12/31/2025
2022-2023,Greene,Miami,"5,106","4,790"," 4,933 ",101 East Herman Street,,Yellow Springs,45387,,,,,Fiscal Officer,Margaret,,Silliman,3/31/2024,Trustee ,Christopher,,Mucher,12/31/2023,Trustee ,Donald,H.,Hollister,12/31/2025,Trustee ,Marilan,,Moir,12/31/2025
2022-2023,Greene,New Jasper,"2,538","2,568"," 2,639 ",3121 Jasper Road,,Xenia,45385,,,,https://www.newjaspertownship.com,Fiscal Officer,Melissa,,Dodd,3/31/2024,Trustee ,Danny,,Bingamon,12/31/2023,Trustee ,Phillip,,Clevenger,12/31/2025,Trustee ,Mike,,Horsley,12/31/2025
2022-2023,Greene,Ross,744,750, 818 ,268  Watkins Road,,Jamestown,45335,,,,,Fiscal Officer,Gary,R.,Bogan,3/31/2024,Trustee ,Michael,,Brown,12/31/2023,Trustee ,James,,Spahr,12/31/2025,Trustee ,Mark,R.,Campbell,12/31/2025
2022-2023,Greene,Silvercreek,"3,688","3,738"," 3,732 ",3 North Sycamore Street,,Jamestown,45335,,,,,Fiscal Officer,Melissa,,Smith,3/31/2024,Trustee ,James,,Dwyer,12/31/2023,Trustee ,Anthony,,Whaley,12/31/2025,Trustee ,Robert,,Frost,12/31/2025
2022-2023,Greene,Spring Valley,"2,489","2,581"," 2,478 ",2547 US 42 South,,Spring Valley,45370,PO Box 147,Spring Valley,45370,springvalleytwp.org,Fiscal Officer,Kitty,D.,Crockett,3/31/2024,Trustee ,Carrie,,Smith,12/31/2023,Trustee ,John,K.,Dewine,12/31/2025,Trustee ,Paul,J.,Martin,12/31/2025
2022-2023,Greene,Sugarcreek,"6,629","8,041"," 9,534 ",2090 Ferry Road,,Bellbrook,45305,,,,sugarcreekoh.us,Fiscal Officer,Richard,,Demko,3/31/2024,Trustee ,Carolyn,,Destefani,12/31/2023,Trustee ,Fred,,Cramer,12/31/2025,Trustee ,Marvin,,Moeller,12/31/2025
2022-2023,Greene,Xenia,"6,117","6,537"," 6,742 ",8 Brush Row Road,,Xenia,45385,,,,www.xeniatownship.org,Fiscal Officer,Jacqueline,S.,Robinson,3/31/2024,Trustee ,Steven ,,Combs,12/31/2023,Trustee ,Scott,,Miller,12/31/2025,Trustee ,Jeremy,,Vandyne,12/31/2025
2022-2023,Guernsey,Adams,"2,019","2,036"," 1,872 ",4752 College Hill Road ,,Cambridge,43725,,,,,Fiscal Officer,Valerie,,Fenstamaker,3/31/2024,Trustee ,Douglas,,Derry,12/31/2023,Trustee ,David ,,Mitchell,12/31/2025,Trustee ,Tanner ,,Mourer,12/31/2025
2022-2023,Guernsey,Cambridge,"15,505","14,570"," 13,900 ",66551 Toland Drive,,Cambridge,43725,PO Box 1383,Cambridge,43725,,Fiscal Officer,Edward,A.,Wright,3/31/2024,Trustee ,Douglas,A.,Hitzel,12/31/2023,Trustee ,Dannie,R.,Johnson,12/31/2025,Trustee ,Thomas,W.,Douglas,12/31/2025
2022-2023,Guernsey,Center,"1,779","1,813"," 1,744 ",65765 Larrick Ridge Road,,Cambridge,43725,,,,,Fiscal Officer,Kathy ,J.,Doutt,3/31/2024,Trustee ,Jeffrey ,,Bridgeman,12/31/2023,Trustee ,Larry,,Parry,12/31/2025,Trustee ,Douglas,,Dodd,12/31/2025
2022-2023,Guernsey,Jackson,"5,399","5,220"," 4,998 ",250 South 5th Street,,Byesville,43723,,,,,Fiscal Officer,Donna,Jo,Hurd,3/31/2024,Trustee ,George,,Wood,12/31/2023,Trustee ,Rusty ,,Winland,12/31/2025,Trustee ,Charles,,Mallett,12/31/2025
2022-2023,Guernsey,Jefferson,94,86, 97 ,11233 Mccleary Mill Road,,Kimbolton,43749,,,,,Fiscal Officer,Donna,J.,Lacroix,3/31/2024,Trustee ,Rudy,D.,Bamfield,12/31/2023,Trustee ,David,E.,Linn,12/31/2025,Trustee ,Larry,D.,Thompson,12/31/2025
2022-2023,Guernsey,Knox,532,566, 538 ,69216 Boden Road,,New Concord,43762,,,,,Fiscal Officer,Brenda,,Mourer,3/31/2024,Trustee ,Lewis ,,Catlett,12/31/2023,Trustee ,Trent,,Cincinat,12/31/2025,Trustee ,Kaleb,,Mourer,12/31/2025
2022-2023,Guernsey,Liberty,"1,068",946, 884 ,71525 Old 21 Road,,Kimbolton,43749,PO Box 22,Kimbolton,43749,,Fiscal Officer,Rebecca,L.,Hanes,3/31/2024,Trustee ,Randall,,Douglas,12/31/2023,Trustee ,Gary,,Cartner,12/31/2025,Trustee ,Gilbert,,Durben,12/31/2025
2022-2023,Guernsey,Londonderry,738,727, 710 ,68111 Batesville Road,,Quaker City,43773,,,,,Fiscal Officer,Sharon,,Secrest,3/31/2024,Trustee ,John,,Duffy,12/31/2023,Trustee ,J. Scott,,Baker,12/31/2025,Trustee ,Daniel,,Spencer,12/31/2025
2022-2023,Guernsey,Madison,855,904, 969 ,20252 Brushy Fork Road,,Quaker City,43773,,,,,Fiscal Officer,Karen,S.,Horvath,3/31/2024,Trustee ,Daniel,J.,St. Clair,12/31/2023,Trustee ,Christopher ,J.,Ayers,12/31/2025,Trustee ,Daniel,L.,Brown,12/31/2025
2022-2023,Guernsey,Millwood,"1,318","1,419"," 1,258 ",,,Quaker City,43773,PO Box 176,Quaker City,43773,,Fiscal Officer,Crystal,K.,Taylor,3/31/2024,Trustee ,Ellis,,Christman,12/31/2023,Trustee ,Jerry ,D.,Lippert,12/31/2025,Trustee ,Timothy,A.,Carpenter,12/31/2025
2022-2023,Guernsey,Monroe,598,747, 730 ,12345 Ash Road,,Newcomerstown,43832,,,,,Fiscal Officer,Jerry,,Regula,3/31/2024,Trustee ,Virgil,,Quillin,12/31/2023,Trustee ,Douglas,,Larrick,12/31/2025,Trustee ,Toby,,Waggoner,12/31/2025
2022-2023,Guernsey,Oxford,677,809, 754 ,22610 Oxford Road,,Quaker City,43773,,,,,Fiscal Officer,Donna,,Cunningham,3/31/2024,Trustee ,Jacob ,,Glasgow,12/31/2023,Trustee ,Jacob,,Cunningham,12/31/2025,Trustee ,Elmer,,Yoder Jr.,12/31/2025
2022-2023,Guernsey,Richland,"2,033","2,082"," 2,066 ",201 Richland Street,,Senecaville,43780,PO Box 27,Senecaville,43780,,Fiscal Officer,Jacqueline,J.,Neuhart,3/31/2024,Trustee ,Robert,,Lasko,12/31/2023,Trustee ,Elizabeth,A.,Duche,12/31/2025,Trustee ,Larry,,Roe,12/31/2025
2022-2023,Guernsey,Southington,"1,058","1,071"," 1,041 ",357 Mill Street,,Cumberland,43732,PO Box 186,Cumberland,43732,,Fiscal Officer,Darlene,S.,Miser,3/31/2024,Trustee ,Brad,,West,12/31/2023,Trustee ,Mark,,Roberts,12/31/2025,Trustee ,Eric,,Poland,12/31/2025
2022-2023,Guernsey,Valley,"2,378","2,263"," 2,041 ",301 Main Street,,Pleasant City,43772,PO Box 165,Pleasant City,43772,,Fiscal Officer,Jeffery,,Miser,3/31/2024,Trustee ,Delbert,,Abrams,12/31/2023,Trustee ,Mike,,Adamik,12/31/2025,Trustee ,Jim,,Conrad,12/31/2025
2022-2023,Guernsey,Washington,491,456, 478 ,73727 Turkey Run Road,,Kimbolton,43749,,,,,Fiscal Officer,Luke,,Howald,3/31/2024,Trustee ,Rodney,,Bockbrader,12/31/2023,Trustee ,Rodney,,Hardy,12/31/2025,Trustee ,Keith,,Bates,12/31/2025
2022-2023,Guernsey,Westland,"1,931","2,073"," 2,157 ",2640 Holmes Road,,New Concord,43762,,,,,Fiscal Officer,Laura,,Holmes,3/31/2024,Trustee ,Greg,,Woodard,12/31/2023,Trustee ,Charlie,,Neptune,12/31/2025,Trustee ,William,,Tickhill,12/31/2025
2022-2023,Guernsey,Wheeling,752,686, 680 ,6152 Window Road,,Kimbolton,43749,,,,,Fiscal Officer,Sandra,,Kennedy,3/31/2024,Trustee ,James,D.,Taylor,12/31/2023,Trustee ,Kevin,E.,Domer,12/31/2025,Trustee ,Gerald,R.,Kuthy Jr.,12/31/2025
2022-2023,Guernsey,Wills,"1,567","1,613"," 1,521 ",64393 Range Road,,Lore City,43755,,,,,Fiscal Officer,Cathy,A.,Holt,3/31/2024,Trustee ,William,E.,Kahrig,12/31/2023,Trustee ,Timothy,R.,Gray,12/31/2025,Trustee ,Curt,E.,Laughman,12/31/2025
2022-2023,Hamilton,Anderson,"43,857","43,446"," 44,088 ",7850 Five Mile Road,,Cincinnati,45230,,,,,Fiscal Officer,Kenneth,,Dietz,3/31/2024,Trustee ,Dee,,Stone,12/31/2023,Trustee ,Joshua ,,Gerth,12/31/2025,Trustee ,Lexi,,Lausten,12/31/2025
2022-2023,Hamilton,Colerain,"60,144","58,499"," 59,239 ",4200 Springdale Road,,Cincinnati,45251,,,,,Fiscal Officer,Jeff,,Baker,3/31/2024,Trustee ,Matt,,Wahlert,12/31/2023,Trustee ,Dan,,Unger,12/31/2025,Trustee ,Cathy,,Ulrich,12/31/2025
2022-2023,Hamilton,Columbia,"6,557","4,532"," 4,446 ",5686 Kenwood Road,,Cincinnati,45227,,,,ColumbiaTWP.org,Fiscal Officer,Caroline,,Heekin,3/31/2024,Trustee ,Brian,,Lamar,12/31/2023,Trustee ,Susan,,Hughes,12/31/2025,Trustee ,David,,Kubicki,12/31/2025
2022-2023,Hamilton,Crosby,"2,748","2,767"," 6,030 ",8910 Willey Road,,Harrison,45030,,,,crosbytwp.org,Fiscal Officer,Matthew,Charles,Wallace,3/31/2024,Trustee ,Doug,,Lohman,12/31/2023,Trustee ,Charles,,Heis,12/31/2025,Trustee ,Dennis,,Heyob,12/31/2025
2022-2023,Hamilton,Delhi ,"30,104","29,510"," 28,760 ",934 Neeb Road,,Cincinnati,45233,,,,,Fiscal Officer,Jim,,Luebbe,3/31/2024,Trustee ,Rose,,Stertz,12/31/2023,Trustee ,Cheryl,,Sieve,12/31/2025,Trustee ,Mike,,Davis,12/31/2025
2022-2023,Hamilton,Green,"55,660","58,370"," 60,424 ",6303 Harrison Avenue,,Cincinnati,45247,,,,,Fiscal Officer,Thomas,J.,Straus,3/31/2024,Trustee ,Tony,,Rosiello,12/31/2023,Trustee ,Triffon,,Callos,12/31/2025,Trustee ,David,,Linnenberg,12/31/2025
2022-2023,Hamilton,Harrison,"12,469","13,934"," 14,288 ",300 George Street,,Harrison,45030,,,,www.harrisontownshipohio.com,Fiscal Officer,Richard,J.,Dole,3/31/2024,Trustee ,Mark,A.,Louis,12/31/2023,Trustee ,Thomas ,C.,Losekamp,12/31/2025,Trustee ,Frederick,A.,Dole,12/31/2025
2022-2023,Hamilton,Miami,"13,496","15,757"," 15,969 ",3780 Shady Lane,,North Bend,45052,,,,,Fiscal Officer,Cindy ,,Oser,3/31/2024,Trustee ,Jack ,,Rininger,12/31/2023,Trustee ,Don,,Blanton,12/31/2025,Trustee ,Mike,,Robison,12/31/2025
2022-2023,Hamilton,Springfield,"37,587","36,319"," 35,862 ",9150 Winton Road,,Cincinnati,45231,,,,https://www.springfieldtwp.org/,Fiscal Officer,Dan,,Berning,3/31/2024,Trustee ,Kristie,,Dukes Davis,12/31/2023,Trustee ,Joseph,,Honerlaw,12/31/2025,Trustee ,Mark,,Berning ,12/31/2025
2022-2023,Hamilton,Sycamore,"19,675","19,200"," 19,563 ",8540 Kenwood Road,,Cincinnati,45236,,,,www.sycamoretownship.org,Fiscal Officer,Robert ,C.,Porter III,3/31/2024,Trustee ,Tom,,James,12/31/2023,Trustee ,Tom,,Weidman,12/31/2025,Trustee ,Tracy,,Schwegmann,12/31/2025
2022-2023,Hamilton,Symmes,"14,771","14,683"," 15,642 ",9323 Union Cemetery Road,,Symmes Township,45140,,,,,Fiscal Officer,Joe,,Grossi,3/31/2024,Trustee ,Phil,,Beck,12/31/2023,Trustee ,Ken,,Bryant,12/31/2025,Trustee ,Jodie,,Leis,12/31/2025
2022-2023,Hamilton,Whitewater,"5,564","5,519"," 6,375 ",6101 Dry Fork Road,,Cleves,45002,,,,www.whitewatertwp.org,Fiscal Officer,James,,Brett,3/31/2024,Trustee ,Guy,,Schaible,12/31/2023,Trustee ,Doug,,King,12/31/2025,Trustee ,Willie,,Pope,12/31/2025
2022-2023,Hancock,Allen,"2,110","2,533"," 2,754 ",12829 State Route 613,,Van Buren,45889,PO Box 247,Van Buren,45889,allentownship.com,Fiscal Officer,Mark,J.,Schimmoeller,3/31/2024,Trustee ,Michael,L.,Stacy,12/31/2023,Trustee ,Kevin,P.,Flanagan,12/31/2025,Trustee ,Milford,E.,Smith,12/31/2025
2022-2023,Hancock,Amanda,"1,045","1,024"," 1,036 ",19260 Township Road 162,,Mount Blanchard,45867,,,,,Fiscal Officer,Wanda,Sue,Bushong,3/31/2024,Trustee ,David,Daryl,Bushong,12/31/2023,Trustee ,Jon,,Hagerty,12/31/2025,Trustee ,Steve,,Ruggles,12/31/2025
2022-2023,Hancock,Biglick,955,"1,106"," 1,184 ",6855 Township Road 254,,Findlay,45840,,,,,Fiscal Officer,Judith ,,Pusateri,3/31/2024,Trustee ,Adam,,Kirian,12/31/2023,Trustee ,Bradley,,Breece,12/31/2025,Trustee ,Edwin,,Cole ,12/31/2025
2022-2023,Hancock,Blanchard,"1,170","1,123"," 1,130 ",1450 Township Road 82,,Findlay,45840,,,,,Fiscal Officer,Bruce,E.,Ritter,3/31/2024,Trustee ,Robert,D.,Burner,12/31/2023,Trustee ,Evan,M.,Jackson,12/31/2025,Trustee ,Bruce,D.,Arnold,12/31/2025
2022-2023,Hancock,Cass,"1,098",993," 1,008 ",5050 County Road 18,,Findlay,45840,,,,,Fiscal Officer,Lori,Ann,Ballinger Morehead,3/31/2024,Trustee ,Ron ,,Stacy,12/31/2023,Trustee ,Jerry,,Woflord,12/31/2025,Trustee ,Jason,,Rinker,12/31/2025
2022-2023,Hancock,Delaware,"1,229","1,285"," 1,208 ",601 South Main Street,,Mt.Blanchard,45867,PO Box 367,Mount Blanchard,45867,delawaretownshiphancockcountyohio.wordpress.com,Fiscal Officer,Roger,P.,Heyman,3/31/2024,Trustee ,Austin,,Vanden Bosch,12/31/2023,Trustee ,Scott,,Snoke,12/31/2025,Trustee ,Jason,,Lotz,12/31/2025
2022-2023,Hancock,Eagle,"1,195","1,084"," 1,084 ",8828 Township Road 44,,Findlay,45840,,,,,Fiscal Officer,Rachel,,Rader,3/31/2024,Trustee ,Dean,,Von Stein,12/31/2023,Trustee ,Lyle ,,Harvitt,12/31/2025,Trustee ,John,Matthew,Rader,12/31/2025
2022-2023,Hancock,Jackson,"1,060","1,065"," 1,031 ",15744 County Road 26,,Arlington,45814,,,,,Fiscal Officer,Jo Ann,,Lauck,3/31/2024,Trustee ,Dale,,Cornwell,12/31/2023,Trustee ,Brian,,Miller,12/31/2025,Trustee ,Rick,,Stacy,12/31/2025
2022-2023,Hancock,Liberty,"6,469","6,660"," 7,044 ",406 Colorado Avenue,,Findlay,45840,,,,,Fiscal Officer,Melissa ,,Ellerbrock,3/31/2024,Trustee ,Gregg,,Moorhead,12/31/2023,Trustee ,Jeff,,Hunker,12/31/2025,Trustee ,Evan,,Stump,12/31/2025
2022-2023,Hancock,Madison,"2,156",844, 869 ,10828 Township Road 31,,Arlington,45814,,,,,Fiscal Officer,Mitchell,,Heacock,3/31/2024,Trustee ,Thomas,,Inbody,12/31/2023,Trustee ,Edwin,,Rettig,12/31/2025,Trustee ,Mark,,Hartman,12/31/2025
2022-2023,Hancock,Marion,"2,203","2,759"," 3,097 ",6761 Township Road 212,,Findlay,45840,,,,,Fiscal Officer,Jeanie,L.,Ploeger,3/31/2024,Trustee ,Robert,E.,Doxsey,12/31/2023,Trustee ,James,A.,Gosche,12/31/2025,Trustee ,John ,E.,Wolfe,12/31/2025
2022-2023,Hancock,Orange,"1,290","1,348"," 1,301 ",20818 Township Road 52,,Bluffton,45817,,,,,Fiscal Officer,Bart,,Moser,3/31/2024,Trustee ,Thomas,,Green,12/31/2023,Trustee ,David ,,Warren,12/31/2025,Trustee ,Thomas,,Wagner,12/31/2025
2022-2023,Hancock,Pleasant,"2,473","2,471"," 2,377 ",3785 County Road 53,,Mccomb,45858,,,,,Fiscal Officer,Jackie,J.,Rader,3/31/2024,Trustee ,Max,W.,Rader,12/31/2023,Trustee ,Gregg,A.,Like,12/31/2025,Trustee ,Roger,D.,Rader,12/31/2025
2022-2023,Hancock,Portage,604,692, 734 ,9313 County Road 203,,Van Buren,45889,,,,,Fiscal Officer,Amy,F.,Barnhisel,3/31/2024,Trustee ,Gene,,Barker,12/31/2023,Trustee ,Rodney,L.,Barnhisel,12/31/2025,Trustee ,Dennis,,Jones,12/31/2025
2022-2023,Hancock,Union,"1,726","1,783"," 1,881 ",17205 County Line Road 15,,Bluffton,45817,,,,,Fiscal Officer,Michael,L.,Frantz,3/31/2024,Trustee ,Gary,D.,Reichley,12/31/2023,Trustee ,Jason,W.,Hoffman,12/31/2025,Trustee ,Tamal,K.,Augustine,12/31/2025
2022-2023,Hancock,Van Buren,943,915," 1,024 ",7097 Township Road 28,,Jenera,45841,,,,,Fiscal Officer,Todd,,Rossman,3/31/2024,Trustee ,Aaron,,Smith,12/31/2023,Trustee ,David,,Weihrauch,12/31/2025,Trustee ,John,,Wilson,12/31/2025
2022-2023,Hancock,Washington,"4,602","4,440"," 4,353 ",2920 Township Road 243,,Arcadia,44804,,,,,Fiscal Officer,Kelly,,Conine,3/31/2024,Trustee ,Dennis,,Holman,12/31/2023,Trustee ,Richard,,Noel,12/31/2025,Trustee ,John,,Grossman,12/31/2025
2022-2023,Hardin,Blanchard,"1,640","1,533"," 1,393 ",,,Dunkirk,45836,PO Box 34,Dunkirk,45836,,Fiscal Officer,Katie,,Morgan,3/31/2024,Trustee ,Mike,,Crist,12/31/2023,Trustee ,Kevin,,Ridgeway,12/31/2025,Trustee ,Rob,,Wilson,12/31/2025
2022-2023,Hardin,Buck,"2,441","2,449"," 2,391 ",14064 Township Road 135,,Kenton,43326-9496,,,,,Fiscal Officer,Roger,E.,Crowe,3/31/2024,Trustee ,Rodney,,Haudenschield,12/31/2023,Trustee ,Randy ,,Scharf,12/31/2025,Trustee ,Jason,,Fulton,12/31/2025
2022-2023,Hardin,Cessna,519,494, 501 ,7393 Township Road 89,,Ada,45810,,,,www.cessnatwp.org,Fiscal Officer,Wesley,J.,Potter,3/31/2024,Trustee ,Bill,,Hull,12/31/2023,Trustee ,Craig,,Eibling,12/31/2025,Trustee ,Chris,,Vermillion,12/31/2025
2022-2023,Hardin,Dudley,"1,257","1,438"," 1,490 ",15334 Township Road 199,,Kenton,43326,,,,,Fiscal Officer,Marcella,S.,Jennings,3/31/2024,Trustee ,William,L.,Legge II,12/31/2023,Trustee ,Nathan,A.,Brooks,12/31/2025,Trustee ,Michael,S.,Holland,12/31/2025
2022-2023,Hardin,Goshen,585,562, 529 ,20533 County Road 120,,Kenton,43326,,,,,Fiscal Officer,Tammy,L.,Sherman,3/31/2024,Trustee ,R.,Allen,Barrett,12/31/2023,Trustee ,Joseph,C.,Sherman,12/31/2025,Trustee ,Daryl,,Flowers,12/31/2025
2022-2023,Hardin,Hale,"1,559","1,590"," 1,537 ",206 South West Street,,Mount Victory,43340,PO Box 174,Mount Victory,43340,,Fiscal Officer,Gina,L.,Messner,3/31/2024,Trustee ,Ronald,E.,Cronley,12/31/2023,Trustee ,E.,Scott,Elliott,12/31/2025,Trustee ,Shaun,S.,Creamer,12/31/2025
2022-2023,Hardin,Jackson,"2,139","2,098"," 2,029 ",307 South Patterson Street,,Forest,45843,,,,,Fiscal Officer,Christa,Jo,Gillfillan,3/31/2024,Trustee ,Jerry,A.,Messenger ,12/31/2023,Trustee ,Nathan,J.,Deringer,12/31/2025,Trustee ,Frank ,A.,Sellars,12/31/2025
2022-2023,Hardin,Liberty,"7,149","7,712"," 7,060 ",110 East Buckeye Avenue,,Ada,45810,PO Box 327,Ada,45810,,Fiscal Officer,Patty,,Griffin,3/31/2024,Trustee ,Jeff  ,,Acheson,12/31/2023,Trustee ,Brad,,Hays,12/31/2025,Trustee ,Gary ,,Hall,12/31/2025
2022-2023,Hardin,Lynn,629,572, 591 ,13458 Township Road 115,,Kenton,43326,,,,,Fiscal Officer,Doris,A.,Ralston,3/31/2024,Trustee ,Steven,M.,Oglesbee,12/31/2023,Trustee ,Scott,A.,Sprang,12/31/2025,Trustee ,Ralph,A.,Sherman,12/31/2025
2022-2023,Hardin,Marion,"2,449","2,440"," 2,301 ",8315 State Route 195,,Alger,45812,,,,,Fiscal Officer,Brice,S.,Beaman,3/31/2024,Trustee ,Robert,J.,Underwood,12/31/2023,Trustee ,Jeffrey,,Thompson,12/31/2025,Trustee ,Richard,P.,Osborne,12/31/2025
2022-2023,Hardin,McDonald,914,862, 874 ,12512 County Road 75,,Kenton,43326,,,,,Fiscal Officer,Cynthia,,Shepherd,3/31/2024,Trustee ,Daniel,D.,Beale,12/31/2023,Trustee ,Shane,,Hites,12/31/2025,Trustee ,Jared,,Lautenschlager,12/31/2025
2022-2023,Hardin,Pleasant,"8,608","8,338"," 8,037 ",6366 Township Road 155,,Kenton,43326,,,,,Fiscal Officer,Courtney,,Doll,3/31/2024,Trustee ,Ronald,,Rogers,12/31/2023,Trustee ,Beryl ,,Rogers-Dudek,12/31/2025,Trustee ,Wesley,,Broseke,12/31/2025
2022-2023,Hardin,Roundhead,752,720, 630 ,17982 State Route 117,,Roundhead,43346-0133,PO Box 133,Roundhead,43346-0133,,Fiscal Officer,M Sally,A.,Newfer,3/31/2024,Trustee ,James,H.,Lyle,12/31/2023,Trustee ,Grant,T.,Mizek,12/31/2025,Trustee ,Crosby,L.,Manchester,12/31/2025
2022-2023,Hardin,Taylor Creek,517,521, 593 ,11709 County Road 200,,Kenton,43326,,,,,Fiscal Officer,Shannon,,Allmon,3/31/2024,Trustee ,Ron,,Freshcorn,12/31/2023,Trustee ,Jerrold,,Elsasser Jr.,12/31/2025,Trustee ,James,,Bidwell,12/31/2025
2022-2023,Hardin,Washington,787,729, 740 ,1361 Township Road 125,,Dunkirk,45836,,,,,Fiscal Officer,Gail,,Rodabaugh,3/31/2024,Trustee ,Paul,O.,Blair,12/31/2023,Trustee ,Craig,,Stump,12/31/2025,Trustee ,Brent,,Good,12/31/2025
2022-2023,Harrison,Archer,306,311, 327 ,85193 Bell Hill Rodd,,Cadiz,43907,,,,,Fiscal Officer,Renea,A.,Riesen,3/31/2024,Trustee ,Matthew,S.,Dulkoski,12/31/2023,Trustee ,Troy,C.,Blackburn,12/31/2025,Trustee ,Aaron,L.,Dodds,12/31/2025
2022-2023,Harrison,Athens,520,505, 390 ,,,New Athens,43981,PO Box 147,New Athens,43981,,Fiscal Officer,David,Allen,Watson,3/31/2024,Trustee ,Robert,,Applegarth,12/31/2023,Trustee ,David,,Butler,12/31/2025,Trustee ,Mike,,Saffell,12/31/2025
2022-2023,Harrison,Cadiz,"3,639","3,689"," 3,387 ",79415 Cadiz New Athens Road,,Cadiz,43907,PO Box 134,Cadiz,43907,,Fiscal Officer,Brenda,Jo,Carter,3/31/2024,Trustee ,Ray,F.,Poillucci,12/31/2023,Trustee ,Clint,A.,Barr,12/31/2025,Trustee ,Chester,Scott,Porter,12/31/2025
2022-2023,Harrison,Franklin,641,603, 517 ,,,,,PO Box 52,Deersville,44693,,Fiscal Officer,James,,English,3/31/2024,Trustee ,Troy,,Burdette,12/31/2023,Trustee ,Richard,,Huff,12/31/2025,Trustee ,Todd,,Smith,12/31/2025
2022-2023,Harrison,Freeport,763,745, 726 ,77515 Freeport-Tippecanoe Road,,Freeport,43973,,,,,Fiscal Officer,Bethany,Dawn,Doane,3/31/2024,Trustee ,Tate,,Bardall,12/31/2023,Trustee ,James,,Hershman,12/31/2025,Trustee ,Randal,,Cunningham,12/31/2025
2022-2023,Harrison,German,767,805, 702 ,90650 Mill Road,,Jewett,43986,,,,,Fiscal Officer,Dawn,Denise,Edwards,3/31/2024,Trustee ,Walter,Ray,Carman,12/31/2023,Trustee ,Daniel,Ryan,Marker,12/31/2025,Trustee ,Dale,Frank,Kellar,12/31/2025
2022-2023,Harrison,Green,"1,898","1,887"," 1,719 ",408 Normal Street,,Hopedale,43976,PO Box 116,Hopedale,43976,,Fiscal Officer,Tracey,Louise,Kuhn,3/31/2024,Trustee ,Richard,,Atkins,12/31/2023,Trustee ,Ronald,M.,Hawkins,12/31/2025,Trustee ,Jonpaul,,Pelegreen,12/31/2025
2022-2023,Harrison,Monroe,"1,241","1,198"," 1,095 ",207 Water Alley,,Bowerston ,44695,PO Box 249,Bowerston,44695,,Fiscal Officer,Teresa,Yvonne,Love,3/31/2024,Trustee ,Ralph ,Tom,Ferguson,12/31/2023,Trustee ,Andrew,,Slentz,12/31/2025,Trustee ,Brian,,Vitagliano,12/31/2025
2022-2023,Harrison,Moorefield,420,403, 377 ,36200 Cadiz Piedmont Road,,Cadiz,43907,,,,,Fiscal Officer,Sheri,,Miller,3/31/2024,Trustee ,Kevin ,,Johnson,12/31/2023,Trustee ,Jody,,Hyde,12/31/2025,Trustee ,Richard,,Moore,12/31/2025
2022-2023,Harrison,North,"1,652","1,717"," 1,562 ",38170 Crimm Road,,Scio,43988,PO Box 511,Scio,43988,,Fiscal Officer,Sue,L.,Myers,3/31/2024,Trustee ,Paul,,Trushell,12/31/2023,Trustee ,Travis,,Albaugh,12/31/2025,Trustee ,Danny,L.,Henry,12/31/2025
2022-2023,Harrison,Nottingham,392,324, 296 ,81199 Redeye Road,,Freeport,43973,,,,,Fiscal Officer,Carol,Louise,Heavilin,3/31/2024,Trustee ,Jon,C.,Jones,12/31/2023,Trustee ,Anthony,M.,Knight,12/31/2025,Trustee ,Shirley,J.,Fair,12/31/2025
2022-2023,Harrison,Rumley,"1,575","1,471"," 1,275 ",41771 Rumley Road East,,Jewett,43986,,,,,Fiscal Officer,Barbara,,Birney,3/31/2024,Trustee ,Damian,,Kovarik,12/31/2023,Trustee ,Kevin,,Arbaugh,12/31/2025,Trustee ,Andrew,,Lee,12/31/2025
2022-2023,Harrison,Shortcreek,"1,012","1,090"," 1,031 ",300 Hagan Street,,Adena,43901,,,,,Fiscal Officer,Jessica,,Brown,3/31/2024,Trustee ,Andrew ,M.,Filippi,12/31/2023,Trustee ,Harry ,,Hopkins,12/31/2025,Trustee ,Dave ,,Richardson,12/31/2025
2022-2023,Harrison,Stock,432,478, 439 ,36380 Tappan Scio Road,,Scio,43988,,,,,Fiscal Officer,Jessi,L.,Bumgardner,3/31/2024,Trustee ,Collin,T.,Albaugh,12/31/2023,Trustee ,Michael,S.,Henderson,12/31/2025,Trustee ,Douglas,W.,Henderson,12/31/2025
2022-2023,Harrison,Washington,598,638, 640 ,28450 Spencer Street,,Tippecanoe,44699,,,,,Fiscal Officer,Donna,,Carpenter,3/31/2024,Trustee ,Robert,,Stewart,12/31/2023,Trustee ,Lucas,,Pulley,12/31/2025,Trustee ,Scott,,Reynolds,12/31/2025
2022-2023,Henry,Bartlow,"2,460","2,367"," 2,187 ",140 South Wood Street,,Deshler,43516,PO Box 41,Deshler,43516,,Fiscal Officer,Diane,M.,Hoops,3/31/2024,Trustee ,Nathan,A.,Panning,12/31/2023,Trustee ,William,A.,Jackson,12/31/2025,Trustee ,Dennis,A.,Panning,12/31/2025
2022-2023,Henry,Damascus,"1,781","1,801"," 1,783 ",4133 County Road P,,Mcclure,43534,,,,,Fiscal Officer,Dennis,,Ehlers,3/31/2024,Trustee ,Nathan,,Johnson,12/31/2023,Trustee ,Ryan,,Arno,12/31/2025,Trustee ,Kyle,,Sworden,12/31/2025
2022-2023,Henry,Flatrock,"1,254","1,247"," 1,248 ",J232 County Road 14,,Napoleon,43545,,,,,Fiscal Officer,Anne,M.,Taylor,3/31/2024,Trustee ,Charles,M.,Eberle,12/31/2023,Trustee ,Thomas,J.,Bortz,12/31/2025,Trustee ,Richard,A.,Camp,12/31/2025
2022-2023,Henry,Freedom,"1,002",946, 967 ,14267 County Road V,,Napoleon,43545,,,,,Fiscal Officer,Dennis,,Bockelman,3/31/2024,Trustee ,Scott,,Van Valkenburg,12/31/2023,Trustee ,Alan,,Damman,12/31/2025,Trustee ,Jeffrey,,Buchhop,12/31/2025
2022-2023,Henry,Harrison,"1,232","1,327"," 1,297 ",311 County Road West,,Napoleon,43545,,,,,Fiscal Officer,Raann,,Bowman,3/31/2024,Trustee ,Brad,,Kinder,12/31/2023,Trustee ,John,,Babcock,12/31/2025,Trustee ,Vernon,,Oberhaus,12/31/2025
2022-2023,Henry,Liberty,"2,591","2,581"," 2,442 ",,,,,PO Box 172,Liberty Center,43532,,Fiscal Officer,Jake,,Clapp,3/31/2024,Trustee ,Steven,,Clapp,12/31/2023,Trustee ,David,,Mohler,12/31/2025,Trustee ,John,,Overmier,12/31/2025
2022-2023,Henry,Marion,"1,417","1,297"," 1,301 ",513 Edgerton,,Hamler,43524,PO Box 82,Hamler,43524,,Fiscal Officer,Deborah,L.,Glore,3/31/2024,Trustee ,R.,Scott,Schwiebert,12/31/2023,Trustee ,Thomas,,Mangas,12/31/2025,Trustee ,Doug,,Prigge,12/31/2025
2022-2023,Henry,Monroe,"1,177","1,142"," 1,083 ",7281 County Road L,,Malinta,43535,,,,,Fiscal Officer,Charles,,Sheller,3/31/2024,Trustee ,Kent,,Badenhop,12/31/2023,Trustee ,Karl,,Klein,12/31/2025,Trustee ,John,,Rettig,12/31/2025
2022-2023,Henry,Napoleon,"10,331","9,796"," 9,750 ",15619 US Highway 6,,Napoleon,43545-9448,PO Box 686,Napoleon,43545-9448,,Fiscal Officer,Lisa,Ann,Wagner,3/31/2024,Trustee ,Kevin,,Gerken,12/31/2023,Trustee ,Kevin,,Sonnenberg,12/31/2025,Trustee ,Kyle,,Borstelman,12/31/2025
2022-2023,Henry,Pleasant,"2,158","2,026"," 1,882 ",327 Railway Avenue,,Holgate,43527,PO Box 463,Holgate,43527,,Fiscal Officer,Tyler,,Thomas,3/31/2024,Trustee ,Daniel,,Keeterle,12/31/2023,Trustee ,Andrew,,Clady,12/31/2025,Trustee ,Andrew,,Hoffman,12/31/2025
2022-2023,Henry,Richfield,654,682, 635 ,4917 County Road L,,Mcclure,43534-9782,,,,,Fiscal Officer,Debra,,Shepard,3/31/2024,Trustee ,David,,Flowers,12/31/2023,Trustee ,Richard,,Flowers,12/31/2025,Trustee ,Nicholas,,Rettig,12/31/2025
2022-2023,Henry,Ridgeville,"1,132","1,091"," 1,096 ",20119 County Road X,,Ridgeville Corners,43555,PO Box 65,Ridgeville Corners,43555,,Fiscal Officer,Cheryl,,Bostelman,3/31/2024,Trustee ,Peggy,,Yoder,12/31/2023,Trustee ,Carlos,,Grieser,12/31/2025,Trustee ,Mark,,Lange,12/31/2025
2022-2023,Henry,Washington,"2,021","1,912"," 1,991 ",,,,,PO Box 27,Liberty Center,43532,washtwphenry.com,Fiscal Officer,Pat,,Myers,3/31/2024,Trustee ,Harold,,Conner,12/31/2023,Trustee ,John,R.,Patrick,12/31/2025,Trustee ,Julian,,Westhoven,12/31/2025
2022-2023,Highland,Brushcreek,"1,308","1,381"," 1,418 ",,,,,PO Box 1,Sinking Spring,45172,,Fiscal Officer,Angela,,Crum,3/31/2024,Trustee ,David,,Chaney,12/31/2023,Trustee ,Elon ,,Davis,12/31/2025,Trustee ,Nick,,Greiner,12/31/2025
2022-2023,Highland,Clay,"1,219","1,431"," 1,499 ",1500 Gath South Road,,Sardinia,45171,,,,,Fiscal Officer,Kelle,,Winkle,3/31/2024,Trustee ,Kenneth ,,Bohl,12/31/2023,Trustee ,James,,Massey,12/31/2025,Trustee ,Mike ,,Truman,12/31/2025
2022-2023,Highland,Concord,"1,167","1,415"," 1,361 ",1350 Redkey Road,,Winchester,45697,,,,,Fiscal Officer,Karen,,Schroeder,3/31/2024,Trustee ,Gary,,Shannon,12/31/2023,Trustee ,Anthony,,Gulley,12/31/2025,Trustee ,Jason,,Campbell,12/31/2025
2022-2023,Highland,Dodson,"2,514","2,607"," 2,598 ",7793 State Route 134,,Lynchburg,45142,,,,,Fiscal Officer,Kristy ,,Warner,3/31/2024,Trustee ,Marvin,,Resibois,12/31/2023,Trustee ,Ty,,Smith,12/31/2025,Trustee ,Randy,,Mitchell,12/31/2025
2022-2023,Highland,Fairfield,"3,219","3,764"," 3,661 ",12624 Antioch Road,,Leesburg,45135,,,,,Fiscal Officer,Patrick,,Hagen,3/31/2024,Trustee ,Andrew ,,Caldwell,12/31/2023,Trustee ,Kenneth,,Stevens Jr,12/31/2025,Trustee ,Michael,,Pfister,12/31/2025
2022-2023,Highland,Hamer,699,680, 679 ,3858 Rhoads Road,,Hillsboro,45133,,,,,Fiscal Officer,Kim,,Walker,3/31/2024,Trustee ,Nathan,,Mootz,12/31/2023,Trustee ,Bruce ,,Leininger,12/31/2025,Trustee ,Jon,,Holbrook,12/31/2025
2022-2023,Highland,Jackson,"1,099","1,094"," 1,053 ",1690 Walnut Shade Road,,Hillsboro,45133,,,,,Fiscal Officer,Carleta,L.,Weyrich,3/31/2024,Trustee ,Jerry,L.,Miller Jr.,12/31/2023,Trustee ,Chad,H.,Frazer,12/31/2025,Trustee ,Stephen,L.,Waits,12/31/2025
2022-2023,Highland,Liberty,"9,798","10,242"," 10,201 ",123 East Walnut Street,,Hillsboro,45133,,,,,Fiscal Officer,Kay,,Barrera,3/31/2024,Trustee ,Ronald,D.,Ward,12/31/2023,Trustee ,Jerry,Lynn,Williams,12/31/2025,Trustee ,Jon,Tyler,Kelch,12/31/2025
2022-2023,Highland,Madison,"6,922","6,725"," 6,422 ",11255 State Route 753,,Greenfield,45123,,,,,Fiscal Officer,Sherri,,Beatty,3/31/2024,Trustee ,Daniel,,Mathews,12/31/2023,Trustee ,Bruce,,Baird,12/31/2025,Trustee ,Charles,William,Buck,12/31/2025
2022-2023,Highland,Marshall,"1,008","1,029"," 1,007 ",4587 Pleasant Road,,Hillsboro,45133,,,,,Fiscal Officer,Melanie,,Phillips,3/31/2024,Trustee ,Shane,,Flannery,12/31/2023,Trustee ,Clinton,,Shoemaker,12/31/2025,Trustee ,Timothy,,Sheeley,12/31/2025
2022-2023,Highland,New Market,"1,941","1,888"," 1,874 ",4641 US 62,,Hillsboro,45133,,,,,Fiscal Officer,Sara,,Surber,3/31/2024,Trustee ,Richard,,Barrera ,12/31/2023,Trustee ,Kevin ,,Fawley,12/31/2025,Trustee ,Kenneth,,Harless,12/31/2025
2022-2023,Highland,Paint,"4,112","4,585"," 4,850 ",13255 US Highway 50 W,,Bainbridge,45612,,,,,Fiscal Officer,Karen,J.,Rumbaugh,3/31/2024,Trustee ,Randy,,Mustard,12/31/2023,Trustee ,Steven,,Karnes,12/31/2025,Trustee ,Corey,,Miller,12/31/2025
2022-2023,Highland,Penn,"1,055","1,409"," 1,542 ",7971 New Vienna Road,,Hillsboro,45133,,,,,Fiscal Officer,Joshua,,Matthews,3/31/2024,Trustee ,Darrell,,Bumgarner,12/31/2023,Trustee ,Jay,,Duncan,12/31/2025,Trustee ,Derek,,Watson,12/31/2025
2022-2023,Highland,Salem,682,780, 782 ,4085 South Baker Road,,Lynchburg,45142,,,,,Fiscal Officer,Jamie,,Wells,3/31/2024,Trustee ,David,,Hamilton,12/31/2023,Trustee ,Shane,,Simmons,12/31/2025,Trustee ,John,R.,Roush,12/31/2025
2022-2023,Highland,Union,"1,710","2,065"," 1,969 ",9446 Dade Road,,Lynchburg,45145,,,,,Fiscal Officer,John,W.,Henize,3/31/2024,Trustee ,Nathan,D.,Brown,12/31/2023,Trustee ,Joseph,R.,Fraysier,12/31/2025,Trustee ,Russell,D.,Herdman,12/31/2025
2022-2023,Highland,Washington,"1,048","1,123"," 1,096 ",8646 West Prospect Road,,Hillsboro,45133,,,,,Fiscal Officer,Kelli,,Williamson,3/31/2024,Trustee ,Arthur,,Harless,12/31/2023,Trustee ,Michael,,Countryman,12/31/2025,Trustee ,Travis,,Mootz,12/31/2025
2022-2023,Highland,Whiteoak,"1,374","1,371"," 1,305 ",540 Five Point Road,,Sardinia,45171,,,,,Fiscal Officer,Wayne,,Ferguson,3/31/2024,Trustee ,Fred,,Yochum,12/31/2023,Trustee ,Charles,,Bratton,12/31/2025,Trustee ,Justin,,Newell,12/31/2025
2022-2023,Hocking,Benton,814,803, 780 ,23514 State Route 56,,South Bloomingville,43152,,,,,Fiscal Officer,Cindy,,Huffman,3/31/2024,Trustee ,Joe,,Eveland,12/31/2023,Trustee ,Rob ,,Davis,12/31/2025,Trustee ,Dave,,Seymour,12/31/2025
2022-2023,Hocking,Falls,"11,409","11,731"," 11,886 ",30800 Freeman Road,,Logan,43138,,,,,Fiscal Officer,Kim,,Edgar,3/31/2024,Trustee ,Charles,,Hopkins,12/31/2023,Trustee ,Sam,,Eggleston,12/31/2025,Trustee ,Scott,,Harden,12/31/2025
2022-2023,Hocking,Good Hope,"1,444","1,399"," 1,331 ",25890 Buena Vista Road ,,Rockbridge,43149,,,,,Fiscal Officer,Jack,,Mcgrady,3/31/2024,Trustee ,Rodney,V.,Watkins,12/31/2023,Trustee ,Rick,,Hacker,12/31/2025,Trustee ,Harley,,Goss,12/31/2025
2022-2023,Hocking,Green,"2,585","3,261"," 3,224 ",35005 Linton Road,,Logan,43138,PO Box 127,Haydenville,43127,https://greentownship.wixsite.com/hocking,Fiscal Officer,Danika,A.,Waldren,3/31/2024,Trustee ,Tim,,Blair,12/31/2023,Trustee ,John,,Fuller,12/31/2025,Trustee ,Chuck,,Vansickle,12/31/2025
2022-2023,Hocking,Laurel,"1,190","1,166"," 1,042 ",26971 Wildcat Road,,Rockbridge,43149,,,,,Fiscal Officer,Debbie,,Angle,3/31/2024,Trustee ,John,,Williams,12/31/2023,Trustee ,Steven,C.,Hampshire,12/31/2025,Trustee ,Jeffrey,,Hatfield,12/31/2025
2022-2023,Hocking,Marion,"2,411","2,463"," 2,493 ",7320  Zwickle Road,,Logan,43138,,,,,Fiscal Officer,Sandy,Kay,Snider,3/31/2024,Trustee ,Richard ,Bradley,Nihiser,12/31/2023,Trustee ,Shawn,Patrick,Daubenmire,12/31/2025,Trustee ,Joseph,Scott,Kitzmiller,12/31/2025
2022-2023,Hocking,Perry,"2,554","2,560"," 2,408 ",18575 Thompson Ridge Road,,Laurelville,43135,,,,,Fiscal Officer,Angie,Lynn,Stump,3/31/2024,Trustee ,Robert,Michael,Smith,12/31/2023,Trustee ,Jeff,,Karr,12/31/2025,Trustee ,Lisa,,Hall,12/31/2025
2022-2023,Hocking,Salt Creek,"1,260","1,210"," 1,117 ",19843 Buffalo Road,,Laurelville,43135,,,,,Fiscal Officer,Mikiah,Maxon,Seifert,3/31/2024,Trustee ,Daron,Michael,Myers,12/31/2023,Trustee ,Doug,,Willard,12/31/2025,Trustee ,Timothy,W.,Hartley,12/31/2025
2022-2023,Hocking,Starr,"1,477","1,560"," 1,455 ",35975 Water Street,,Union Furnace,43158,PO Box 116,Union Furnace,43158,,Fiscal Officer,Jamie,,Mcafee,3/31/2024,Trustee ,Gary,,Miller,12/31/2023,Trustee ,James,R.,Savely,12/31/2025,Trustee ,Chad,,Slack,12/31/2025
2022-2023,Hocking,Ward,"1,937","1,933"," 1,183 ",44438 Carbon Hill Buchtel Road,,Nelsonville,45764,,,,,Fiscal Officer,Anita,,Six,3/31/2024,Trustee ,Guy,,Kinneer,12/31/2023,Trustee ,Paul,,Cook,12/31/2025,Trustee ,Scott,,Kieffer,12/31/2025
2022-2023,Hocking,Washington,"1,160","1,294"," 1,131 ",17540 State Route 664 South,,Logan,43138,,,,,Fiscal Officer,Sandra,K.,Reichley,3/31/2024,Trustee ,Patrick,L.,Miller ,12/31/2023,Trustee ,David ,A.,Rauber ,12/31/2025,Trustee ,Keith,A.,Vermillion ,12/31/2025
2022-2023,Holmes,Berlin,"3,857","4,252"," 4,546 ",5481 Elm Street,,Berlin,44610,PO Box 425,Berlin,44610,www.berlintownshipohio.com,Fiscal Officer,Janet,,Stutzman,3/31/2024,Trustee ,Bennie,,Miller,12/31/2023,Trustee ,Delbert,,Schlabach,12/31/2025,Trustee ,Daniel,,Schlabach,12/31/2025
2022-2023,Holmes,Clark,"3,728","4,080"," 4,322 ",3746 Township Road 162,,Sugarcreek,44681,,,,,Fiscal Officer,Cheryl,,Aleshire,3/31/2024,Trustee ,Marvin,,Hershberger,12/31/2023,Trustee ,John,,Jorg,12/31/2025,Trustee ,David,,Yoder,12/31/2025
2022-2023,Holmes,Hardy,"5,643","5,649"," 5,870 ",177 Lakeview Drive,,Millersburg,44654,,,,hardytownship.com,Fiscal Officer,Martha (Marty),Louise,Grice,3/31/2024,Trustee ,Kevin,Eugene,Dugg,12/31/2023,Trustee ,Rodney,Dean,Arnold,12/31/2025,Trustee ,David,R.,Barkman,12/31/2025
2022-2023,Holmes,Killbuck,"1,954","1,982"," 1,894 ",474 Upper Railroad Street,,Killbuck,44637,,,,,Fiscal Officer,Jennifer,,Thorpe,3/31/2024,Trustee ,Travis,,Chaney,12/31/2023,Trustee ,Jack,,Whitney,12/31/2025,Trustee ,Jeff,,Chaney,12/31/2025
2022-2023,Holmes,Knox,"1,095","1,117"," 1,144 ",13709 Township Road 224,,Big Prairie,44611,,,,,Fiscal Officer,Kathleen,S.,Skolmutch,3/31/2024,Trustee ,Gary,L.,Morris,12/31/2023,Trustee ,Mark,,Bevington,12/31/2025,Trustee ,Larry,D.,Ogi,12/31/2025
2022-2023,Holmes,Mechanic,"2,652","3,127"," 3,222 ",1817 State Route 83,Unit 440,Millerburg,44654,,,,,Fiscal Officer,Daniel,L.,Muse,3/31/2024,Trustee ,Mark,M.,Maxwell,12/31/2023,Trustee ,Ervin,D.,Yoder,12/31/2025,Trustee ,Lester,A.,Yoder,12/31/2025
2022-2023,Holmes,Monroe,"1,401","1,573"," 1,605 ",12481 Township Road 217,,Big Prairie,44611,,,,,Fiscal Officer,Linda,,Campbell,3/31/2024,Trustee ,Tim ,,Eastep,12/31/2023,Trustee ,David,,Burgett,12/31/2025,Trustee ,Mitch,,Mcdowell,12/31/2025
2022-2023,Holmes,Paint,"3,547","4,134"," 4,564 ",7091 State Route 515,,Millersburg,44654,,,,,Fiscal Officer,Jean,A.,Hostetler,3/31/2024,Trustee ,Matthew,J.,Schneider,12/31/2023,Trustee ,Timothy,I.,Hershberger,12/31/2025,Trustee ,Randy,S.,Sprang,12/31/2025
2022-2023,Holmes,Prairie,"2,785","3,133"," 3,096 ",402 West Main Street,,Holmesville,44633,PO Box 31,Holmesville,44633,,Fiscal Officer,Anita,,Snyder,3/31/2024,Trustee ,Stacey,,Shaw,12/31/2023,Trustee ,Matthew,,Steiner,12/31/2025,Trustee ,Paul,,Troyer,12/31/2025
2022-2023,Holmes,Richland,"1,165","1,284"," 1,193 ",504 Clifton Street,,Glenmont,44628,PO Box 306,Glenmont,44628,,Fiscal Officer,Penny,E.,Patterson,3/31/2024,Trustee ,Rex,,Marmet,12/31/2023,Trustee ,Heath,,Wolfe,12/31/2025,Trustee ,Mike,,Phillips,12/31/2025
2022-2023,Holmes,Ripley,"2,194","2,338"," 2,415 ",12968 Township Road 474,,Big Prairie,44611,,,,,Fiscal Officer,Amy,J.,Snyder,3/31/2024,Trustee ,Kevin,N.,Miller,12/31/2023,Trustee ,Dale,J.,Sprang,12/31/2025,Trustee ,Jason,B.,Schuch,12/31/2025
2022-2023,Holmes,Saltcreek,"3,778","4,252"," 4,685 ",7261 Township Road 604,,Millersburg,44654,,,,,Fiscal Officer,Vanessa,D.,Hershberger,3/31/2024,Trustee ,Daniel,R.,Gingerich,12/31/2023,Trustee ,Lester,M.,Miller,12/31/2025,Trustee ,Michael,L.,Kandel,12/31/2025
2022-2023,Holmes,Walnut Creek,"3,530","3,821"," 3,992 ",2789 Township Rd 414,,Dundee,44624,,,,,Fiscal Officer,Tara,,Herman,3/31/2024,Trustee ,Joseph,,Varga,12/31/2023,Trustee ,Richard,,Brand,12/31/2025,Trustee ,Alvin,,Yoder,12/31/2025
2022-2023,Holmes,Washington,"1,614","1,624"," 1,675 ",14464 Township Road 464,,Lakeville,44638,,,,,Fiscal Officer,Vince,,Cicconetti,3/31/2024,Trustee ,Mike,,Kick,12/31/2023,Trustee ,Todd,,Humphrey,12/31/2025,Trustee ,Dave,,Kick,12/31/2025
2022-2023,Huron,Bronson,"1,780","1,973"," 1,927 ",1460 Ridge Road,,Norwalk,44857,,,,bronsontownship.com,Fiscal Officer,Lee Ann,,Wetzel,3/31/2024,Trustee ,Ronald,,Lortcher,12/31/2023,Trustee ,Stephen,,Rospert,12/31/2025,Trustee ,Steve,,Scheel,12/31/2025
2022-2023,Huron,Clarksfield,"1,518","1,625"," 1,578 ",5085 Eaton Road,,Wakeman,44889,,,,,Fiscal Officer,Stacey,L.,Dvorak,3/31/2024,Trustee ,Ryan,P.,Horoschak,12/31/2023,Trustee ,Lee,H.,Merrill,12/31/2025,Trustee ,James,B.,Mcclaflin,12/31/2025
2022-2023,Huron,Fairfield,"1,284","1,218"," 1,124 ",1 North Main ,,North Fairfield,44855,PO Box 118,North Fairfield ,44855,,Fiscal Officer,Ronda,R.,Minniear,3/31/2024,Trustee ,Rick ,,Minniear,12/31/2023,Trustee ,Dale ,,Bond,12/31/2025,Trustee ,Jeff,,Deeble,12/31/2025
2022-2023,Huron,Fitchville,"1,012","1,056"," 1,046 ",1579 South Fitchville River Road,,New London,44851,,,,,Fiscal Officer,Lucinda,,Amburgy,3/31/2024,Trustee ,John,,Hoffman,12/31/2023,Trustee ,Jerry,,Frisch,12/31/2025,Trustee ,Joshua,,Grosswiler,12/31/2025
2022-2023,Huron,Greenwich,"1,442","1,374"," 1,320 ",,,,,PO Box 23,Greenwich ,44837,,Fiscal Officer,Stacey,,Calame,3/31/2024,Trustee ,Andy,,Miller,12/31/2023,Trustee ,Henry,,Calame,12/31/2025,Trustee ,Mark,,Stevens,12/31/2025
2022-2023,Huron,Hartland,979,"1,112"," 1,060 ",1064 Hartland Center Road,,Collins,44826,,,,,Fiscal Officer,Sandra,L.,Motolik,3/31/2024,Trustee ,Steven ,M.,Zimmerman,12/31/2023,Trustee ,Richard,L.,Ruess,12/31/2025,Trustee ,Doyle,H.,Stevens,12/31/2025
2022-2023,Huron,Lyme,968,853, 873 ,4731 State Route 4 ,,Bellevue,44811,,,,,Fiscal Officer,Tulana,Renae ,Taggart,3/31/2024,Trustee ,Michael,,Nottke,12/31/2023,Trustee ,Roger,,Hunker,12/31/2025,Trustee ,Joseph,,Lepley,12/31/2025
2022-2023,Huron,New Haven,"2,860","2,621"," 2,409 ",3352 Walnut Road,,Willard,44890,,,,newhaventownship.com,Fiscal Officer,Rachel,,Buurma,3/31/2024,Trustee ,David,,Montgomery,12/31/2023,Trustee ,Frank,,Smith,12/31/2025,Trustee ,Thomas,,Kennard Jr.,12/31/2025
2022-2023,Huron,New London,"3,440","3,268"," 3,226 ",5335 Section Line Rd 21,,New London,44851,,,,,Fiscal Officer,Melissa,,Wilson,3/31/2024,Trustee ,Wendy,,Kidd,12/31/2023,Trustee ,William,,Schwinn,12/31/2025,Trustee ,Randy,,Fishbaugh,12/31/2025
2022-2023,Huron,Norwalk,"3,685","3,591"," 3,451 ",111 Townsend Avenue,,Norwalk,44857,PO Box 765,Norwalk,44857,,Fiscal Officer,Bridget,,Musso,3/31/2024,Trustee ,Mike,,Kluding,12/31/2023,Trustee ,Kevin,,Riley,12/31/2025,Trustee ,Rich,,Marett,12/31/2025
2022-2023,Huron,Norwich,"1,072","1,070"," 1,022 ",6299 Sherman Norwich Road,,Attica,44807,,,,,Fiscal Officer,Alberta,,Elmlinger,3/31/2024,Trustee ,David,,Homan,12/31/2023,Trustee ,Richard,,Wiles,12/31/2025,Trustee ,Clifford,,Martin,12/31/2025
2022-2023,Huron,Peru,"1,043","1,105"," 1,054 ",1103 Peru Hollow Road,,Norwalk,44857,,,,,Fiscal Officer,Krista,L.,Smith,3/31/2024,Trustee ,Brad,,Sparks,12/31/2023,Trustee ,Nick,,Stang,12/31/2025,Trustee ,Dan,,Martin,12/31/2025
2022-2023,Huron,Richmond,"1,111","1,102", 985 ,3290 Austin Drive,,Willard,44890,,,,,Fiscal Officer,Kim,Jill,Blanchard,3/31/2024,Trustee ,Mark,Alvin,Martin,12/31/2023,Trustee ,Ben ,Eugene,Kochel ,12/31/2025,Trustee ,Neil ,Charles,Weaver,12/31/2025
2022-2023,Huron,Ridgefield,"2,390","2,329"," 2,197 ",1660 Jacob Road,,Norwalk,44857,,,,www.ridgefieldtownship.com,Fiscal Officer,Karen,,Fries,3/31/2024,Trustee ,David,,Schafer,12/31/2023,Trustee ,Robert,,Schafer,12/31/2025,Trustee ,Eric,,Heck Jr.,12/31/2025
2022-2023,Huron,Ripley,943,"1,024"," 1,116 ",3720 South Edwards Road,,Greenwich,44837,,,,,Fiscal Officer,Traci,,Montgomery,3/31/2024,Trustee ,Tim,,Clemons,12/31/2023,Trustee ,Mark,,Adams,12/31/2025,Trustee ,Donald,,Sparks,12/31/2025
2022-2023,Huron,Sherman,501,510, 519 ,5105 Dogtown Road,,Monroeville,44847,,,,,Fiscal Officer,Marie,,Shultz,3/31/2024,Trustee ,Thomas,,Elmlinger,12/31/2023,Trustee ,Todd ,,Bischoff,12/31/2025,Trustee ,Ronald,,Myers,12/31/2025
2022-2023,Huron,Townsend,"1,567","1,623"," 1,571 ",2511 Wells Road,,Collins ,44826,,,,,Fiscal Officer,Bradley ,R.,Mesenburg,3/31/2024,Trustee ,Joseph ,P.,Rospery ,12/31/2023,Trustee ,Byron,T.,Yaussy ,12/31/2025,Trustee ,Ethan,T.,Patrick,12/31/2025
2022-2023,Huron,Wakeman,"2,528","2,731"," 2,761 ",4913 County Line 2,,Wakeman,44889,,,,wakemantownship.com,Fiscal Officer,Diane,A.,Wolf,3/31/2024,Trustee ,Christopher,L.,Hilaman,12/31/2023,Trustee ,Dale,W.,Daniels,12/31/2025,Trustee ,Seth,D.,Todd,12/31/2025
2022-2023,Jackson,Bloomfield,896,"1,139"," 1,155 ",686 June Marshall Road,,Jackson,45640,,,,,Fiscal Officer,Mark,,Hemming,3/31/2024,Trustee ,Richard,,Erwin,12/31/2023,Trustee ,Danny ,,Neal,12/31/2025,Trustee ,Timothy,,Jones,12/31/2025
2022-2023,Jackson,Coal,"2,078","1,974"," 1,996 ",3689 Sour Run Road,,Wellston,45692,,,,,Fiscal Officer,Karen,,Fulton,3/31/2024,Trustee ,Glen,,Linton,12/31/2023,Trustee ,Bob,,Davis,12/31/2025,Trustee ,Shane,,Smith,12/31/2025
2022-2023,Jackson,Franklin,"1,913","2,129"," 2,290 ",4453 Franklin Valley Road,,Jackson,45640,,,,,Fiscal Officer,Jack,,Webb Ii,3/31/2024,Trustee ,Randy,,Evans,12/31/2023,Trustee ,Scott,,Fraley,12/31/2025,Trustee ,Todd,,Riegel,12/31/2025
2022-2023,Jackson,Hamilton,513,614, 545 ,2909 State Route 279,,Oak Hill,45656-9641,,,,,Fiscal Officer,Candy,Lyn,Diltz,3/31/2024,Trustee ,David,,Dehart,12/31/2023,Trustee ,Delmar ,,Reed,12/31/2025,Trustee ,Dale,,Cox,12/31/2025
2022-2023,Jackson,Jackson,"1,296","1,311"," 1,214 ",238 Savageville School Road,,Jackson,45640,,,,,Fiscal Officer,David,,Dilley,3/31/2024,Trustee ,Joseph,,Tanner,12/31/2023,Trustee ,James,,Croston,12/31/2025,Trustee ,Vernon,,Speakman,12/31/2025
2022-2023,Jackson,Jefferson,"3,508","3,597"," 3,509 ",1264 Antioch,,Oak Hill,45656-9767,,,,,Fiscal Officer,Jim,,Slone,3/31/2024,Trustee ,Harold,,Adkins,12/31/2023,Trustee ,Dwight,,Woods,12/31/2025,Trustee ,Brett,,Shipman,12/31/2025
2022-2023,Jackson,Liberty,"1,672","1,821"," 1,811 ",12538 Beaver Pike,,Jackson,45640,,,,,Fiscal Officer,Jill,,Newman,3/31/2024,Trustee ,Steve,,Riegel,12/31/2023,Trustee ,William (Bill),,Rafferty,12/31/2025,Trustee ,Kevin,,Meredith,12/31/2025
2022-2023,Jackson,Lick,"2,682","2,661"," 2,600 ",11069 Chillicothe Pike,,Jackson,45640,,,,,Fiscal Officer,Claudia,,Mcginnis,3/31/2024,Trustee ,Kathy ,,Greer,12/31/2023,Trustee ,Shawn,,Sexton,12/31/2025,Trustee ,Steve,Grant,Willis,12/31/2025
2022-2023,Jackson,Madison,"2,171","2,188"," 2,090 ",7668 State Route 93,,Oak Hill,45656,,,,,Fiscal Officer,Melissa,,Strickland,3/31/2024,Trustee ,Chris,,Walls,12/31/2023,Trustee ,Dennis ,,Evans,12/31/2025,Trustee ,Gregory,,Potter,12/31/2025
2022-2023,Jackson,Milton,"1,119","1,028"," 1,034 ",229 Mohawk Coal Road,,Wellston,45692,,,,,Fiscal Officer,James,C.,Johnson,3/31/2024,Trustee ,Bert,J.,Hall,12/31/2023,Trustee ,Phillip,,Thompson,12/31/2025,Trustee ,James,F.,Hollingshead,12/31/2025
2022-2023,Jackson,Scioto,"1,788","1,921"," 1,949 ",40 Van Fossan Road,,Beaver,45613,,,,,Fiscal Officer,Lissa,,Perkins Warrens,3/31/2024,Trustee ,Mack,,Taylor Jr,12/31/2023,Trustee ,James,,Leonard Sr,12/31/2025,Trustee ,Terry,,Trisch,12/31/2025
2022-2023,Jackson,Washington,743,782, 796 ,1544 Jack Vaughn Road,,Wellston,45692,,,,,Fiscal Officer,Jona,,Bates,3/31/2024,Trustee ,Bob ,,Denny,12/31/2023,Trustee ,David,Jeffery,Bates,12/31/2025,Trustee ,Kenny,,Jones,12/31/2025
2022-2023,Jefferson,Brush Creek,467,438, 384 ,6710/6724 County Road 55,,Salineville,43945,,,,,Fiscal Officer,Brenda,Joan,Chronister,3/31/2024,Trustee ,Anita,Louise,Gruszecki,12/31/2023,Trustee ,Christopher,Thomas,Rawlings,12/31/2025,Trustee ,Brent,Arnold,Rose,12/31/2025
2022-2023,Jefferson,Cross Creek,"8,761","8,348"," 7,870 ",1267 Cadiz Road,,Wintersville,43953,,,,,Fiscal Officer,Kathy,,Collopy,3/31/2024,Trustee ,Chris,,Murphy,12/31/2023,Trustee ,Paul,S.,Cesaro,12/31/2025,Trustee ,Louis,,Vandeborne,12/31/2025
2022-2023,Jefferson,Island Creek,"12,078","10,546"," 10,173 ",416 Township Road 373,,Richmond,43944,,,,islandcreektwp,Fiscal Officer,Darla,K.,Van Fossen,3/31/2024,Trustee ,Ralph,H.,Grimm,12/31/2023,Trustee ,Brian,,Applegarth,12/31/2025,Trustee ,Samuel,R.,Grafton,12/31/2025
2022-2023,Jefferson,Knox,"5,011","4,670"," 4,317 ",1670 County Road 53,,Irondale,43932,,,,,Fiscal Officer,Thomas,Charles,Cattrell,3/31/2024,Trustee ,Joseph,W.,Adamovich,12/31/2023,Trustee ,William,Michael,Swickard,12/31/2025,Trustee ,Charles,R.,Herron II,12/31/2025
2022-2023,Jefferson,Mount Pleasant,"2,588","2,368"," 2,191 ",517 Pinewood Drive,,Adena,43901,,,,,Fiscal Officer,Charles,Michael,Kokiko,3/31/2024,Trustee ,David,C.,Cameron,12/31/2023,Trustee ,Riccardo,,Ricchetti,12/31/2025,Trustee ,Bill,,Spears,12/31/2025
2022-2023,Jefferson,Ross,655,721, 655 ,3112 County Road 54,,Richmond,43944,,,,,Fiscal Officer,Tina,,Reed,3/31/2024,Trustee ,David,,Ramsey,12/31/2023,Trustee ,Phillip ,,Jordan,12/31/2025,Trustee ,Michael,David,Reed,12/31/2025
2022-2023,Jefferson,Salem,"3,162","3,148"," 2,778 ",7576 State Route 152,,Richmond,43944,,,,http://www.salemjeffoh.com/,Fiscal Officer,Kimberly,,Petrisko,3/31/2024,Trustee ,Kelly,Ann,Prokopakis,12/31/2023,Trustee ,Thomas,Dean,Mcconnell,12/31/2025,Trustee ,Eric,D.,Mercer,12/31/2025
2022-2023,Jefferson,Saline,"1,454","1,353"," 1,171 ",164 County Road 50A,,Hammondsville,43930,PO Box 177,Hammondsville,43930,,Fiscal Officer,Debra,,Parsons,3/31/2024,Trustee ,Donald,,Wilson,12/31/2023,Trustee ,Danny ,,Householder,12/31/2025,Trustee ,Ryan,,Holland,12/31/2025
2022-2023,Jefferson,Smithfield,"3,578","3,473"," 3,011 ",1347 Main Street,,Smithfield,43948,PO Box 533,Dillonvale,43917,smithfieldtwp.org,Fiscal Officer,Tina,,Boyle,3/31/2024,Trustee ,John,,Sebring,12/31/2023,Trustee ,Dan,,Cermak,12/31/2025,Trustee ,Vince,,Pastre,12/31/2025
2022-2023,Jefferson,Springfield,"2,568","2,367"," 2,005 ",35 Township Road 1075,,Bergholz,43908,,,,,Fiscal Officer,Tracey,L.,Matta,3/31/2024,Trustee ,William ,,Stewart,12/31/2023,Trustee ,James,T.,Sutton,12/31/2025,Trustee ,Jason,,Champion,12/31/2025
2022-2023,Jefferson,Steubenville,"4,695","4,319"," 4,117 ",25 Smithfield Street,,Mingo Junction,43938,,,,,Fiscal Officer,Darrin,,Corrigan,3/31/2024,Trustee ,Wayne,,Ruckman,12/31/2023,Trustee ,V Tim,,Eddy,12/31/2025,Trustee ,John,,Fabian,12/31/2025
2022-2023,Jefferson,Warren,"4,499","4,232"," 3,832 ",302 Walden Avenue,,Tiltonsville,43963,,,,,Fiscal Officer,Robert,Lester,Fetty,3/31/2024,Trustee ,Larry,,Deluca,12/31/2023,Trustee ,Daniel,E.,Meeker,12/31/2025,Trustee ,Carl,J.,Sgalla,12/31/2025
2022-2023,Jefferson,Wayne,"2,233","2,232"," 2,093 ",11991 County Road 26,,Bloomingdale ,43910,PO Box 107,Bloomingdale,43910,,Fiscal Officer,Candy ,,Newburn,3/31/2024,Trustee ,Kevin ,,Walker,12/31/2023,Trustee ,Richard ,,Davis,12/31/2025,Trustee ,Darren,,Pinkerton,12/31/2025
2022-2023,Jefferson,Wells,"3,130","2,835"," 2,491 ",409 Prospect Street,,Brilliant,43913,,,,,Fiscal Officer,Leslie,,Harvey,3/31/2024,Trustee ,Rodney,,Roe,12/31/2023,Trustee ,Bernardus,,Batenburg,12/31/2025,Trustee ,Jeffrey,J.,Kamerer,12/31/2025
2022-2023,Knox,Berlin,"1,789","1,738"," 1,772 ",13856 Mishey Road,,Fredericktown,43019,,,,,Fiscal Officer,Jamie,,Thorne,3/31/2024,Trustee ,Walter,,Farlee,12/31/2023,Trustee ,Matthew,,Caputo,12/31/2025,Trustee ,Tracie,,Weller,12/31/2025
2022-2023,Knox,Brown,"1,425","1,862"," 2,048 ",23550 Danville Amity Road,,Danville,43014,,,,,Fiscal Officer,Baihley ,,White,3/31/2024,Trustee ,Dan ,,Horn,12/31/2023,Trustee ,Brian,,Durbin,12/31/2025,Trustee ,Steve ,,Bratton,12/31/2025
2022-2023,Knox,Butler,798,"1,171"," 1,294 ",28559 Newcastle Road,,Walhonding,43843,,,,,Fiscal Officer,Virginia,A.,Williams,3/31/2024,Trustee ,Andrew,,Collins,12/31/2023,Trustee ,Douglas,,Beckley,12/31/2025,Trustee ,Nicholas,,Beckley,12/31/2025
2022-2023,Knox,Clay,"1,328","1,604"," 1,542 ",105 West Liberty,,Martinsburg,43037,PO Box 89,Martinsburg,43037,,Fiscal Officer,Dedra,,Kidwell,3/31/2024,Trustee ,Chodd,,Armfelt,12/31/2023,Trustee ,Bruce,,Conard,12/31/2025,Trustee ,Denny,,Dugan,12/31/2025
2022-2023,Knox,Clinton,"3,326","2,826"," 2,886 ",350 Johnson Avenue,,Mount Vernon,43050,,,,,Fiscal Officer,Jennifer,Lynn,Hubbard,3/31/2024,Trustee ,Donna,,Hostetler,12/31/2023,Trustee ,Bob,,Daley,12/31/2025,Trustee ,Terry,,Thompson,12/31/2025
2022-2023,Knox,College,"2,247","2,731"," 2,553 ",19418 Met-O-Wood Lane,,Gambier,43022,PO Box 540,Gambier,43022,collegetownshipoh.com,Fiscal Officer,Martha,,Rambo,3/31/2024,Trustee ,Douglas,,Mclarnan,12/31/2023,Trustee ,William,,Houston III,12/31/2025,Trustee ,Edward,,O'Connell,12/31/2025
2022-2023,Knox,Harrison,747,806, 854 ,8540 Millersburg Road ,,Gambier,43022,,,,,Fiscal Officer,Tammy,,Faucett,3/31/2024,Trustee ,Claude,,Gates,12/31/2023,Trustee ,Bob,,Elliott,12/31/2025,Trustee ,John,,Norris,12/31/2025
2022-2023,Knox,Hilliar,"3,080","3,715"," 3,781 ",,,,,PO Box 649,Centerburg,43011,,Fiscal Officer,Julie,,Laughlin,3/31/2024,Trustee ,Gary,,Ross,12/31/2023,Trustee ,Jason,,Rogers,12/31/2025,Trustee ,Eric,,Cochran,12/31/2025
2022-2023,Knox,Howard,"4,319","5,617"," 5,873 ",12381 Cotton Street,,Howard,43028,PO Box 266,Howard,43028,,Fiscal Officer,Carol,,Gilmore,3/31/2024,Trustee ,Joseph,,Toth,12/31/2023,Trustee ,Clarence,,Griffith,12/31/2025,Trustee ,Gregory,,Lawson,12/31/2025
2022-2023,Knox,Jackson,878,988," 1,076 ",29542 Mount Zion Road,,Frazeysburg,43822,,,,,Fiscal Officer,Patricia,L.,Frost,3/31/2024,Trustee ,Raymond,,Harris,12/31/2023,Trustee ,Scott,,Dugan,12/31/2025,Trustee ,Bart,,Rine,12/31/2025
2022-2023,Knox,Jefferson,604,633, 768 ,18150 Moniger Road,,Danville,43014,,,,,Fiscal Officer,Frank,,Dimarco,3/31/2024,Trustee ,Mark ,,Prager,12/31/2023,Trustee ,Justin,,Kauffman,12/31/2025,Trustee ,Doyle,,Sumrall,12/31/2025
2022-2023,Knox,Liberty,"1,422","1,716"," 1,906 ",8019 New Delaware Road,,Mount Vernon,43050,,,,,Fiscal Officer,Ginger,,Casner,3/31/2024,Trustee ,Kim,,Allen,12/31/2023,Trustee ,Donald,,Rine,12/31/2025,Trustee ,Tyler,,Dennis,12/31/2025
2022-2023,Knox,Middlebury,"1,138","1,278"," 1,406 ",18219 Zolman Road,,Fredericktown,43019,,,,,Fiscal Officer,Adam,C.,Grubb,3/31/2024,Trustee ,Larry,H.,Schunke,12/31/2023,Trustee ,Kim,L.,Hathaway,12/31/2025,Trustee ,Michael,J.,Gearheart,12/31/2025
2022-2023,Knox,Milford,"1,422","1,772"," 1,866 ",4651 Wall Street,,Centerburg,43011,,,,,Fiscal Officer,Crystal,Linn,Mcelhaney,3/31/2024,Trustee ,George,,Blocker,12/31/2023,Trustee ,Richard,,Litzenberg,12/31/2025,Trustee ,Peter,,Dickerson,12/31/2025
2022-2023,Knox,Miller,893,"1,006"," 1,095 ",2639 Possum Street,,Mount Vernon,43050,,,,,Fiscal Officer,Gary,,Small,3/31/2024,Trustee ,Jason,,Row,12/31/2023,Trustee ,Roger,,Mcconnell,12/31/2025,Trustee ,Lynn,,Rowe,12/31/2025
2022-2023,Knox,Monroe,"2,427","2,165"," 2,339 ",13980 Wooster Road,,Mt Vernon ,43050,,,,,Fiscal Officer,Lisa,,Adams,3/31/2024,Trustee ,Kevin,L.,Henthorn,12/31/2023,Trustee ,Wayne,,Zollars,12/31/2025,Trustee ,Neil,,Bower,12/31/2025
2022-2023,Knox,Morgan,843,"1,085"," 1,034 ",3791 Ewart Road,,Mount Vernon,43050,,,,,Fiscal Officer,Alexandria,R.,Matheney,3/31/2024,Trustee ,Roderick ,L.,Booth,12/31/2023,Trustee ,Troy,,Rodeniser,12/31/2025,Trustee ,Alan,,Doup,12/31/2025
2022-2023,Knox,Morris,"1,998","2,049"," 2,098 ",15738 Lwr Fred-Amity Road,,Fredericktown,43019,PO Box 550,Mount Vernon,43050,,Fiscal Officer,Diane,,Clippinger,3/31/2024,Trustee ,Dan,,Humphrey,12/31/2023,Trustee ,Richard,,Kershner,12/31/2025,Trustee ,Timothy,,Smith,12/31/2025
2022-2023,Knox,Pike,"1,298","1,532"," 1,656 ",21641 Oak Rd,,Butler,44822,,,,,Fiscal Officer,Alaina,,Swank,3/31/2024,Trustee ,Bill,,Belton,12/31/2023,Trustee ,Dan,,Robinson,12/31/2025,Trustee ,Curt ,,Bechtel,12/31/2025
2022-2023,Knox,Pleasant,"2,362","1,606"," 1,657 ",8287 Martinsburg Road,,Mount Vernon,43050,PO Box 1151,Mount Vernon,43050,,Fiscal Officer,Chris ,,Light,3/31/2024,Trustee ,Paul,,Smith,12/31/2023,Trustee ,James,,Hughes,12/31/2025,Trustee ,Chad,,Sims,12/31/2025
2022-2023,Knox,Union,"2,455","2,646"," 2,620 ",,,,,PO Box 731,Danville,43014,,Fiscal Officer,Jennifer,,Samples,3/31/2024,Trustee ,Clint,,Kanuckel,12/31/2023,Trustee ,Darryl ,,Frazier,12/31/2025,Trustee ,Tyrel,,Samples,12/31/2025
2022-2023,Knox,Wayne,898,892, 993 ,8787 Sparta Road,,Fredericktown,43019,,,,,Fiscal Officer,Diane,S.,Randall,3/31/2024,Trustee ,James,,Braddock,12/31/2023,Trustee ,Richard,,Yarman,12/31/2025,Trustee ,Matthew ,,Ashcraft,12/31/2025
2022-2023,Lake,Concord ,"15,282","18,201"," 19,254 ",11360 Pelican Cove,,Concord,44077,,,,,Fiscal Officer,Amy,,Dawson,3/31/2024,Trustee ,Morgan,,Mcintosh,12/31/2023,Trustee ,Amy,,Lucci,12/31/2025,Trustee ,Carl,,Dondorfer,12/31/2025
2022-2023,Lake,Leroy,"3,122","3,253"," 3,128 ",13028 Leroy Center Road,,Painesville ,44077,,,,leroyohio.org,Fiscal Officer,Julie ,,Himmelman ,3/31/2024,Trustee ,Richard ,,Vanpelt ,12/31/2023,Trustee ,Heather ,,Shelton ,12/31/2025,Trustee ,Jason ,,Rodgers ,12/31/2025
2022-2023,Lake,Madison,"18,428","18,889"," 18,492 ",2065 Hubbard Road,,Madison,44057,,,,madisontownship.net,Fiscal Officer,Terry,,Gerred-Ditchcreek,3/31/2024,Trustee ,Peter,,Wayman,12/31/2023,Trustee ,Max,,Anderson Jr,12/31/2025,Trustee ,Kenneth,,Gauntner,12/31/2025
2022-2023,Lake,Painesville,"18,562","20,399"," 20,453 ",55 Nye Road,,Painesville Township,44077,,,,www.painesvilletwp.com,Fiscal Officer,Michael,A.,Patriarca,3/31/2024,Trustee ,Gabe,,Cicconetti,12/31/2023,Trustee ,Josh ,,Pennock,12/31/2025,Trustee ,Charles,,Hillier,12/31/2025
2022-2023,Lake,Perry,"8,240","8,999"," 8,862 ",3740 Center Road,,Perry,44081,PO Box 65,Perry,44081,perrytownship-lake.com,Fiscal Officer,Christine,J.,Page,3/31/2024,Trustee ,Rick,C.,Amos,12/31/2023,Trustee ,Robert,J.,Dawson,12/31/2025,Trustee ,Nancy,L.,Steele,12/31/2025
2022-2023,Lawrence,Aid,907,875, 819 ,13631 State Route 141,,Kitts Hill,45645,,,,,Fiscal Officer,Wayne ,Lewis,Taylor,3/31/2024,Trustee ,Rodney,Keith,Littlejohn,12/31/2023,Trustee ,John,Brian ,Pancake,12/31/2025,Trustee ,George ,Gabriel,Patterson,12/31/2025
2022-2023,Lawrence,Decatur,839,726, 625 ,16975 State Route,,Pedro,45659,,,,,Fiscal Officer,Shanna,,Kelly,3/31/2024,Trustee ,Garold,,Cox,12/31/2023,Trustee ,Timothy,,Blagg,12/31/2025,Trustee ,Ronnie,,Cox,12/31/2025
2022-2023,Lawrence,Elizabeth,"2,914","2,969"," 2,527 ",4719 State Route 93,,Ironton,45638,,,,,Fiscal Officer,Kathy,J.,Bamer,3/31/2024,Trustee ,Shannon,,Summers,12/31/2023,Trustee ,Rickey,,Cox,12/31/2025,Trustee ,Sadie,,Sparks,12/31/2025
2022-2023,Lawrence,Fayette,"9,169","9,194"," 8,494 ",104 Fitzpatrick Street,,South Point ,45680,,,,,Fiscal Officer,Terry ,F.,Wise,3/31/2024,Trustee ,Justin,C.,Gibson,12/31/2023,Trustee ,Mike Finley ,G.,Finley ,12/31/2025,Trustee ,Mike,L.,Jones,12/31/2025
2022-2023,Lawrence,Hamilton,"1,817","1,772"," 1,648 ",675 County Road 1A,,Ironton,45638,PO Box 703,Ironton,45638,,Fiscal Officer,Tony,Lee,Hopper,3/31/2024,Trustee ,Bentley,,Kerns,12/31/2023,Trustee ,Forrest,,Kerns,12/31/2025,Trustee ,Robert,,Blankenship,12/31/2025
2022-2023,Lawrence,Lawrence,"2,574","2,579"," 2,355 ",,,,,PO Box 104,Kitts Hill,45645,,Fiscal Officer,Lori,A.,Morris,3/31/2024,Trustee ,Adam,G.,Gilmore,12/31/2023,Trustee ,Brent,A.,Dickess,12/31/2025,Trustee ,Lawrence,F.,Pernestti II,12/31/2025
2022-2023,Lawrence,Mason,"1,095","1,116", 974 ,12455 County Road 2 West,,Willow Wood,45696,,,,,Fiscal Officer,Brad,,Carpenter,3/31/2024,Trustee ,Paul,,Hayes,12/31/2023,Trustee ,Jeffery,,Estep,12/31/2025,Trustee ,Stephen,,Colegrove,12/31/2025
2022-2023,Lawrence,Perry,"6,813","6,973"," 6,533 ",4633 State Route 243,,Ironton,45638,,,,,Fiscal Officer,Jeffrey,,Joseph,3/31/2024,Trustee ,Douglas,Mathew,Malone,12/31/2023,Trustee ,Derek,,Rowe,12/31/2025,Trustee ,Barry,,Blankenship,12/31/2025
2022-2023,Lawrence,Rome,"8,694","8,892"," 8,779 ",506 County Road 411,,Proctorville,45669,,,,,Fiscal Officer,Cheyrl,Anne,Jenkins,3/31/2024,Trustee ,Robert,E.,Mayo,12/31/2023,Trustee ,Mark,,Bailey,12/31/2025,Trustee ,Brian,,Pinkerman,12/31/2025
2022-2023,Lawrence,Symmes,470,464, 428 ,9323 Union Cemetery Road,,Symmes Township,45140,,,,www.symmestownship.org/home/,Fiscal Officer,Patricia,,Belville,3/31/2024,Trustee ,Cecil,,Mays,12/31/2023,Trustee ,Ronald,,Hatfield,12/31/2025,Trustee ,James,,Mitchell,12/31/2025
2022-2023,Lawrence,Union,"9,002","9,086"," 8,411 ",,,,,PO Box 248,Chesapeake,45619,,Fiscal Officer,Shelley,R.,Pinkerman,3/31/2024,Trustee ,Dain ,,Spears,12/31/2023,Trustee ,Jason ,,Forbush,12/31/2025,Trustee ,Cole,,Webb,12/31/2025
2022-2023,Lawrence,Upper,"15,648","15,418"," 14,451 ",,,,,PO Box 4126,Ironton,45638,,Fiscal Officer,Tyler,W.,Walters,3/31/2024,Trustee ,Craig,,Thomas,12/31/2023,Trustee ,Tony,,Sites,12/31/2025,Trustee ,Randall,,Wise,12/31/2025
2022-2023,Lawrence,Washington,250,239, 174 ,25113 State Route 93,,Oak Hill,45656,,,,,Fiscal Officer,Katrenda,J.,Lewis,3/31/2024,Trustee ,Douglas,,Dickens,12/31/2023,Trustee ,Jerry,E.,Kelly,12/31/2025,Trustee ,Charles,M.,Freeman,12/31/2025
2022-2023,Lawrence,Windsor,"2,127","2,147"," 2,022 ",230 Private Drive 422 / Township Road 101,,Willow Wood,45696,,,,,Fiscal Officer,Hazel,,Humphrey,3/31/2024,Trustee ,Donald,,Rigney,12/31/2023,Trustee ,Norman,,Humphrey II,12/31/2025,Trustee ,Robert,,Burcham,12/31/2025
2022-2023,Licking,Bennington,"1,265","1,687"," 1,682 ",6219 Quick Lane Road NW,,Centerburg,43011,,,,www.benningtontownship.org,Fiscal Officer,Beckie,,Osborne,3/31/2024,Trustee ,Ronnie,,Miller,12/31/2023,Trustee ,Cindy,,Powell,12/31/2025,Trustee ,Lee,,Hatfield,12/31/2025
2022-2023,Licking,Bowling Green,"1,668","1,747"," 1,799 ",11779 Macks Road,,Glenford,43739,,,,Bowlinggreetwp.org,Fiscal Officer,Jennie ,,Duval,3/31/2024,Trustee ,Stuart,,Mack,12/31/2023,Trustee ,Benjamin ,,Hupp ,12/31/2025,Trustee ,Daniel ,,Van Buren ,12/31/2025
2022-2023,Licking,Burlington,"1,073","1,223"," 1,209 ",14006 Simmons Road,,Utica,43080,,,,,Fiscal Officer,Wendy,,Burden,3/31/2024,Trustee ,Bradford,,Mcdaniel,12/31/2023,Trustee ,Jeffrey,,Patton,12/31/2025,Trustee ,Bradley,,Kyle,12/31/2025
2022-2023,Licking,Eden,"1,243","1,248"," 1,281 ",11350 Tarlton Road,,Utica,43080,,,,edentwplicking.com,Fiscal Officer,Robin,,Mckee,3/31/2024,Trustee ,Chuck,,Dunlap,12/31/2023,Trustee ,Dave,,Baker,12/31/2025,Trustee ,Leonard (Skip),,Laughman,12/31/2025
2022-2023,Licking,Etna,"5,410","16,373"," 18,896 ",81 Liberty Street,,Etna,43018,PO Box 188,Etna,43018,etnatownship.com,Fiscal Officer,Julie,,Varian,3/31/2024,Trustee ,Jeff,,Johnson,12/31/2023,Trustee ,Mark,,Evans,12/31/2025,Trustee ,Rozland,,Mckee-Flax,12/31/2025
2022-2023,Licking,Fallsbury,865,981, 985 ,11112 Pleasant Valley,,Frazeysburg,43822,,,,,Fiscal Officer,Karla,D.,Orr,3/31/2024,Trustee ,Harold,,Donaker,12/31/2023,Trustee ,Don,,Wilson ,12/31/2025,Trustee ,Steve,,Billman,12/31/2025
2022-2023,Licking,Franklin,"1,782","2,118"," 2,112 ",13200 Fairview Road,,Heath,43056,,,,franklintwp-lickingco.com,Fiscal Officer,Molly,Ann,Long,3/31/2024,Trustee ,David,W.,Lang,12/31/2023,Trustee ,Jay,L.,Clark,12/31/2025,Trustee ,Jeremy,J.,Saling,12/31/2025
2022-2023,Licking,Granville,"8,994","9,773"," 10,244 ",,,,,PO Box 315,Granville,43023-0315,www.granvilletownship.org,Fiscal Officer,Jerry,A.,Miller,3/31/2024,Trustee ,Rob,,Schaadt,12/31/2023,Trustee ,Bryn,,Bird,12/31/2025,Trustee ,Dan,,Vanness,12/31/2025
2022-2023,Licking,Hanover,"2,731","2,705"," 3,036 ",1525 Rockhaven Road,,Newark,43055,,,,,Fiscal Officer,Jennifer,,Nethers,3/31/2024,Trustee ,James ,A.,Davis,12/31/2023,Trustee ,Heath ,,Smith ,12/31/2025,Trustee ,Ronald ,,Day ,12/31/2025
2022-2023,Licking,Harrison,"6,494","7,561"," 8,520 ",6750 Outville Road SW,,Patakala,43062,,,,www.harrisontownship.net,Fiscal Officer,Carolyn,I.,Elder,3/31/2024,Trustee ,Raymond,P.,Foor,12/31/2023,Trustee ,Eric,R.,Smith,12/31/2025,Trustee ,Mark,A.,Van Buren,12/31/2025
2022-2023,Licking,Hartford,"1,290","1,431"," 1,433 ",2 North High Street,,Croton,43013,PO Box 203,Croton,43013,www.hartfordtownship.net,Fiscal Officer,Glenn,Michael,Ullom,3/31/2024,Trustee ,Thomas,,Cooperrider,12/31/2023,Trustee ,Gilbert,Glen,Grandstaff,12/31/2025,Trustee ,Christopher,,Peck,12/31/2025
2022-2023,Licking,Hopewell,"1,200","1,381"," 1,395 ",9427 Poplar Folks Road SE,,Newark,43056,,,,,Fiscal Officer,Jennifer,J.,Crothers,3/31/2024,Trustee ,David,Lee,Medley,12/31/2023,Trustee ,Joesph,A.,Mitchell,12/31/2025,Trustee ,George,A.,Baughman,12/31/2025
2022-2023,Licking,Jersey,"2,841","2,740"," 2,557 ",1481 Mink Street,,Pataskala,43062,,,,www.jerseytownship.us,Fiscal Officer,Marko,F.,Jesenko,3/31/2024,Trustee ,Jeffrey,E.,Fry,12/31/2023,Trustee ,Benjamin,G.,Pieper,12/31/2025,Trustee ,Daniel,G.,Wetzel,12/31/2025
2022-2023,Licking,Liberty,"1,797","2,360"," 2,756 ",6290 Sportsman Club Road,,Johnstown,43031,,,,libertytwplickingco.com,Fiscal Officer,Melodie,,Bogantz,3/31/2024,Trustee ,Bill,,Siegel,12/31/2023,Trustee ,Bill,,Bogantz,12/31/2025,Trustee ,Doug,,Strait,12/31/2025
2022-2023,Licking,Licking,"3,870","4,632"," 4,824 ",6864 National Road,,Jacksontown,43030,PO Box 222,Jacksontown,43030,www.lickingtwp.com,Fiscal Officer,Andrea,Marie,Lynch,3/31/2024,Trustee ,John,,Cormican,12/31/2023,Trustee ,John,H.,Holman,12/31/2025,Trustee ,Dave,,Miller,12/31/2025
2022-2023,Licking,Madison,"3,061","3,211"," 3,248 ",176 Valley View Drive SE,,Newark,43056,,,,madisontwplc.net,Fiscal Officer,Jennifer,L.,Mcfarland,3/31/2024,Trustee ,Richard,Doug,Barr,12/31/2023,Trustee ,Rick,,Houston,12/31/2025,Trustee ,Patrick,,Chesterson,12/31/2025
2022-2023,Licking,Mary Ann,"2,118","2,116"," 2,120 ",11152 Wilkins Run Road NE,,Newark,43055,,,,,Fiscal Officer,Annette,L.,Hupp,3/31/2024,Trustee ,Rusty,E.,Miller,12/31/2023,Trustee ,Charles,Tom,Bodle,12/31/2025,Trustee ,Rodney,L.,Lothes,12/31/2025
2022-2023,Licking,McKean,"1,516","1,523"," 1,606 ",1260 Sportsman Club Road,,Newark,43055,,,,mckeantownship.net,Fiscal Officer,Lindsey,A.,Hoskinson,3/31/2024,Trustee ,Dannette,,Mcinturff,12/31/2023,Trustee ,Jerry ,,Schwartzenberger,12/31/2025,Trustee ,Jeff,,Wintermute,12/31/2025
2022-2023,Licking,Monroe,"5,523","6,946"," 7,753 ",9444 Woodhaven Road,,Johnstown,43031,,,,,Fiscal Officer,Debra,,Farley,3/31/2024,Trustee ,Troy,,Hendren,12/31/2023,Trustee ,Joseph,,Robertson,12/31/2025,Trustee ,Scott ,,Hendren,12/31/2025
2022-2023,Licking,Newark,"1,967","1,967"," 2,175 ",310 Deo Drive,,Newark,43055,,,,,Fiscal Officer,Juanita,,Warthen,3/31/2024,Trustee ,Tom,,Zigan,12/31/2023,Trustee ,Timothy,,Ridenbaugh,12/31/2025,Trustee ,James,,Weisent,12/31/2025
2022-2023,Licking,Newton,"3,111","3,219"," 3,194 ",2551 Mount Vernon Road,,Newark,43055,,,,NewtonTownshipLC.com,Fiscal Officer,Alicia,,Preston,3/31/2024,Trustee ,Jeffery,,Hindel,12/31/2023,Trustee ,Jeffrey ,,Posey,12/31/2025,Trustee ,Scott,,Ellis,12/31/2025
2022-2023,Licking,Perry,"1,492","1,603"," 1,671 ",6207 Reform Road,,Newark,43055,,,,,Fiscal Officer,Brittany,,Carson,3/31/2024,Trustee ,Mike,,Mcartor,12/31/2023,Trustee ,Dalton,,Lee,12/31/2025,Trustee ,Joshua ,,Nethers,12/31/2025
2022-2023,Licking,Saint Albans,"2,060","2,446"," 2,542 ",19 North Liberty Street,,Alexandria,43001,PO Box 346,Alexandria,43001,,Fiscal Officer,Bridgett,J.,Reeves,3/31/2024,Trustee ,Randal,,Alemdinger,12/31/2023,Trustee ,Bruce,,Lane,12/31/2025,Trustee ,Retta ,,Morrison,12/31/2025
2022-2023,Licking,Union,"8,339","8,783"," 9,130 ",1380 Beaver Run Road ,,Hebron,43025,PO Box 1208,Hebron,43025,uniontownship-licking.com,Fiscal Officer,Jessica,,Slater,3/31/2024,Trustee ,John,,Slater,12/31/2023,Trustee ,Roger,,Start,12/31/2025,Trustee ,Jeff ,,Sharps,12/31/2025
2022-2023,Licking,Washington,"3,045","3,109"," 2,992 ",10905 Mt. Vernon Road,,Utica,43080-0755,PO Box 755,Utica,43080-0755,,Fiscal Officer,Phillip,M.,Shaw,3/31/2024,Trustee ,Nelson,A.,Smith,12/31/2023,Trustee ,Rex,J.,Stevenson,12/31/2025,Trustee ,Sam,C.,Parsons,12/31/2025
2022-2023,Logan,Bloomfield,419,430, 417 ,4540 County Road 35 North,,Degraff,43318,,,,,Fiscal Officer,Laura,A.,Magoto,3/31/2024,Trustee ,Andrew ,,Kipker,12/31/2023,Trustee ,Kelly,,Copeland,12/31/2025,Trustee ,Kyle,,Knief,12/31/2025
2022-2023,Logan,Bokescreek,"1,308","1,338"," 1,374 ",7210 County Road 117,,Ridgeway,43345,,,,,Fiscal Officer,Jennifer,,Wright,3/31/2024,Trustee ,Larry,,Mouser,12/31/2023,Trustee ,James,,Rice,12/31/2025,Trustee ,Todd,,Elliot,12/31/2025
2022-2023,Logan,Harrison,"2,093","2,087"," 2,061 ",460 County Road 32 North,,Bellefontaine,43311,,,,,Fiscal Officer,Judith,,Hartzler,3/31/2024,Trustee ,Gary,,Campbell II,12/31/2023,Trustee ,David,,Jackson,12/31/2025,Trustee ,Jerold,,Wiford II,12/31/2025
2022-2023,Logan,Jefferson,"2,946","2,912"," 3,028 ",4912 County Road 153 Road,,Zanesfield,43360,PO Box 10,Zanesfield,43360,,Fiscal Officer,Heather,,Clapsaddle,3/31/2024,Trustee ,Matt,,Wiley,12/31/2023,Trustee ,Scott,,Armentrout,12/31/2025,Trustee ,Anthony,,Bernard,12/31/2025
2022-2023,Logan,Lake,"12,492","12,534"," 12,774 ",325 North Main Street,,Bellefontaine,43311,PO Box 448,Bellefontaine,43311,,Fiscal Officer,Douglas,William,Boy,3/31/2024,Trustee ,James,F.,Wish,12/31/2023,Trustee ,William,D.,Nichols,12/31/2025,Trustee ,Peter,F.,Stolly,12/31/2025
2022-2023,Logan,Liberty,"3,126","3,434"," 3,891 ",676 Township Road 30 East,,West Liberty,43357,PO Box 701,West Liberty,43357,,Fiscal Officer,Cheryl,L.,Piatt,3/31/2024,Trustee ,Jacob,,Vitt ,12/31/2023,Trustee ,C.J.,,Hostetler,12/31/2025,Trustee ,Wayne ,,Yoder,12/31/2025
2022-2023,Logan,McArthur,"1,949","2,016"," 1,920 ",4758 County Road 91,,Bellefontaine,43311,,,,,Fiscal Officer,Brandi,,Altstaetter,3/31/2024,Trustee ,W.,Donn,Volbrecht,12/31/2023,Trustee ,D.,John,Cummins,12/31/2025,Trustee ,G.,Russell,Harley,12/31/2025
2022-2023,Logan,Miami,"2,352","2,349"," 2,110 ",515 South Carlisle Street,,Quincy,43343,,,,,Fiscal Officer,Kaitlyn,Margret,Bailey,3/31/2024,Trustee ,Philip,,Weeks,12/31/2023,Trustee ,Ronald,,Furrow,12/31/2025,Trustee ,Gail,E.,Stevenson,12/31/2025
2022-2023,Logan,Monroe,"1,503","1,739"," 1,800 ",9683 Township Road 166,,West Liberty,43357,,,,,Fiscal Officer,Jenny,L.,Stanford,3/31/2024,Trustee ,Dale,,Barns,12/31/2023,Trustee ,Donald,,Bradley,12/31/2025,Trustee ,Eric,,Yoder,12/31/2025
2022-2023,Logan,Perry,"1,022",992, 986 ,3235 South Main Street,,East Liberty,43319,PO Box 35,East Liberty,43319,perrytwp.net,Fiscal Officer,Cindy,L.,Stalling,3/31/2024,Trustee ,John,C.,Brose,12/31/2023,Trustee ,Kenneth,A.,Rosebrook  Sr.,12/31/2025,Trustee ,John,D.,Gibson,12/31/2025
2022-2023,Logan,Pleasant,"1,082","1,147"," 1,144 ",10647 State Route 47 West,,De Graff,43318,,,,,Fiscal Officer,Diana,L.,Gamble,3/31/2024,Trustee ,Stephen,L.,Sanders,12/31/2023,Trustee ,Jeffrey,L.,Schindewolf,12/31/2025,Trustee ,Charles,E.,Strayer,12/31/2025
2022-2023,Logan,Richland,"2,455","2,482"," 2,645 ",615 North Center Street,,Belle Center,43310,PO Box 95,Belle Center,43310,,Fiscal Officer,Cathy,,Pool,3/31/2024,Trustee ,Gary,,Carson,12/31/2023,Trustee ,Tracy,,Baker,12/31/2025,Trustee ,Greg ,,Fitzpatrick,12/31/2025
2022-2023,Logan,Rushcreek,"2,191","2,221"," 2,153 ",1883 State Route 274 East,,Rushsylvania,43347,PO Box 41,Rushsylvania,43347,,Fiscal Officer,David,S.,Willoby,3/31/2024,Trustee ,Jeff,,Spencer,12/31/2023,Trustee ,Don,,Stevens,12/31/2025,Trustee ,Chad,,Shafer,12/31/2025
2022-2023,Logan,Stokes,"5,367","4,613"," 4,550 ",275 South Oak Street,,Lakeview,43331,PO Box 82,Lakeview,43331,stokestownship.com,Fiscal Officer,Joan,M.,Shouse,3/31/2024,Trustee ,William,Orvil,Wickersham,12/31/2023,Trustee ,Timothy,,Hart,12/31/2025,Trustee ,Steven,,Terrill,12/31/2025
2022-2023,Logan,Union,787,819, 755 ,2405 Township Road 46 South,,Bellefontaine,43311,,,,,Fiscal Officer,Rebecca,,Robison,3/31/2024,Trustee ,Stephen,,Yoder,12/31/2023,Trustee ,Robert,,Kauffman,12/31/2025,Trustee ,Douglas ,,Kauffman,12/31/2025
2022-2023,Logan,Washington,"3,945","3,605"," 3,351 ",7464 County Road 91,,Lewistown,43333,PO Box 127,Lewistown,43333,,Fiscal Officer,Lisa,,Miller,3/31/2024,Trustee ,Don,,Lewis,12/31/2023,Trustee ,Jason,,Faulder,12/31/2025,Trustee ,Benjamin,,Berg,12/31/2025
2022-2023,Logan,Zane,968,"1,140"," 1,191 ",10495 Columbus Street,,Middleburg,43336, PO Box J,Middleburg,43336,WWW.ZANETOWNSHIP.ORG,Fiscal Officer,Amie,,Raterman,3/31/2024,Trustee ,Jack,,Graham,12/31/2023,Trustee ,Doug,,Henry,12/31/2025,Trustee ,Steve,,Lithgo,12/31/2025
2022-2023,Lorain,Amherst,"7,598","6,844"," 6,492 ",7530 Oberlin Road,,Elyria,44035,,,,https://amhersttownship.us/,Fiscal Officer,Chris,,Kish,3/31/2024,Trustee ,David,,Urig,12/31/2023,Trustee ,Neil ,,Lynch,12/31/2025,Trustee ,Denny,,Abraham,12/31/2025
2022-2023,Lorain,Brighton,942,915, 855 ,21451 State Route 511,,Wellington,44090,,,,brightontownshipohio.com,Fiscal Officer,Marilyn,,Siekeres,3/31/2024,Trustee ,Kenneth ,,Ziegler,12/31/2023,Trustee ,Stephen ,,Urbansky,12/31/2025,Trustee ,W.,Craig,Norton,12/31/2025
2022-2023,Lorain,Brownhelm,"7,782","7,618"," 7,877 ",1940 North Ridge Road,,Vermilion,44089,,,,brownhelm.us,Fiscal Officer,Marsha,,Funk,3/31/2024,Trustee ,Gregory ,,Abraham,12/31/2023,Trustee ,Gregory,,Butchko,12/31/2025,Trustee ,Thomas,,Rini,12/31/2025
2022-2023,Lorain,Camden,"1,530","1,667"," 1,508 ",42 Court Street,,Kipton,44049,PO Box 172,Kipton,44049,camdentwp.us,Fiscal Officer,John,,Ciarrone,3/31/2024,Trustee ,James,,Woodrum,12/31/2023,Trustee ,Gust,,Ristas,12/31/2025,Trustee ,James,,Hozalski,12/31/2025
2022-2023,Lorain,Carlisle,"7,339","7,500"," 7,124 ",11969 State Route 301,,Lagrange,44050,,,,carlisletownship.com,Fiscal Officer,Kimberly ,,Fallon,3/31/2024,Trustee ,Jared,,Smith,12/31/2023,Trustee ,Berry ,,Taylor,12/31/2025,Trustee ,James,,Wright,12/31/2025
2022-2023,Lorain,Columbia,"6,912","7,040"," 7,411 ",25496 Royalton Road,,Columbia Station,44028,PO Box 819,Columbia Station,44028,www.columbiatwp.us,Fiscal Officer,Mandie,,Andrews,3/31/2024,Trustee ,Mark,,Cunningham,12/31/2023,Trustee ,Henry (Dick),,Heidecker,12/31/2025,Trustee ,Anthony (Tony),,Manning,12/31/2025
2022-2023,Lorain,Eaton,"9,675","5,750"," 5,828 ",12043 Avon Belden Road,,Grafton,44044,,,,https://eatontownship.org/,Fiscal Officer,Jennifer,L.,Hignett,3/31/2024,Trustee ,Matthew,,Hignett,12/31/2023,Trustee ,Stephen,,Franks,12/31/2025,Trustee ,Jason,,Monschein,12/31/2025
2022-2023,Lorain,Elyria,"3,520","3,266"," 3,250 ",7019 Jay Drive,,Elyria,44035,,,,,Fiscal Officer,Stephanie,,Yonkings,3/31/2024,Trustee ,Richard,,Hutman,12/31/2023,Trustee ,Timothy,,Van Dyke,12/31/2025,Trustee ,William,,Holtzman,12/31/2025
2022-2023,Lorain,Grafton,"2,722","2,833"," 2,789 ",17109 Avon Belden Road,,Grafton,44044,,,,graftontwp.us,Fiscal Officer,Amy,,Richards,3/31/2024,Trustee ,Andrew,,Weigel,12/31/2023,Trustee ,Carl ,,Wesemeyer,12/31/2025,Trustee ,Christie,,Homer-Miller,12/31/2025
2022-2023,Lorain,Henrietta,"1,873","1,861"," 1,779 ",12050 Vermilion Road,,Amherst,44001,,,,www.henriettaohio.org,Fiscal Officer,Joseph,Daniel,Siekeres,3/31/2024,Trustee ,Howard,Allen,Born Iii,12/31/2023,Trustee ,Ronald ,William,Baumann,12/31/2025,Trustee ,Joseph,Robert,Knoble,12/31/2025
2022-2023,Lorain,Huntington,"1,282","1,341"," 1,361 ",45955 State Route 162,,Wellington,44090,,,,www.huntingtontwp.org,Fiscal Officer,Sheila,D.,Lanning,3/31/2024,Trustee ,Robert,,Holmes,12/31/2023,Trustee ,Jed,,Lamb,12/31/2025,Trustee ,Walter,,Rollin,12/31/2025
2022-2023,Lorain,LaGrange,"5,972","6,164"," 6,560 ",,,La Grange,44050,PO Box 565,La Grange,44050,,Fiscal Officer,Kathy,,Poling,3/31/2024,Trustee ,Douglas,,Gardner,12/31/2023,Trustee ,Rita,T.,Canfield,12/31/2025,Trustee ,Gary,L.,Burnett,12/31/2025
2022-2023,Lorain,New Russia,"2,357","2,515"," 2,404 ",46300 Butternut Ridge Road,,Oberlin,44074,,,,www.newrussiatownship-oh.gov,Fiscal Officer,Lisa,M.,Akers,3/31/2024,Trustee ,Andrew,,Gulish,12/31/2023,Trustee ,Patricia,M.,Brubaker,12/31/2025,Trustee ,R.,Scott,Justin,12/31/2025
2022-2023,Lorain,Penfield,"1,690","1,789"," 1,835 ",41012 Street Route 18,,Wellington,44090,,,,penfieldtownship.com,Fiscal Officer,Vicki,,Denes,3/31/2024,Trustee ,Eric ,,Flynn,12/31/2023,Trustee ,Duane,,Johnson,12/31/2025,Trustee ,Richard,,Conrad,12/31/2025
2022-2023,Lorain,Pittsfield,"1,549","1,581"," 1,573 ",47850 Hughes Road,,Wellington,44090,,,,https://pittsfieldtwp.us/,Fiscal Officer,Mandy,Lynn,Cecil,3/31/2024,Trustee ,Mark ,,Diedrick,12/31/2023,Trustee ,Mark ,,Mcconnell,12/31/2025,Trustee ,Forrest,,Mohrman,12/31/2025
2022-2023,Lorain,Rochester,752,799, 792 ,52185 Griggs Road,,Wellington,44090,,,,,Fiscal Officer,Laura,,Brady,3/31/2024,Trustee ,Kathryn,,Frombaugh,12/31/2023,Trustee ,Adam,,Mourton,12/31/2025,Trustee ,Gary,,Landis,12/31/2025
2022-2023,Lorain,Sheffield,"4,117","3,720"," 3,963 ",5166 Clinton Avemue,,Lorain,44055,,,,,Fiscal Officer,Joseph,,Neuhoff,3/31/2024,Trustee ,Timothy,,Mihalcik,12/31/2023,Trustee ,Chad,,Parsons,12/31/2025,Trustee ,Barbara,,Burrill-Horton,12/31/2025
2022-2023,Lorain,Wellington,"5,904","6,222"," 6,140 ",105 Maple Street,,Wellington,44090,PO Box 461,Wellington,44090,wellingtontownship.org,Fiscal Officer,Virginia,,Haynes,3/31/2024,Trustee ,William,,Spreng,12/31/2023,Trustee ,Fred ,,Pitts,12/31/2025,Trustee ,David,,Fisher,12/31/2025
2022-2023,Lucas,Harding,724,734, 726 ,470 S Berkey Southern Road,,Swanton,43558,PO Box 370,Swanton,43558,hardintwp.net,Fiscal Officer,Rebecca,P.,Henderly,3/31/2024,Trustee ,Larry,,Buckenmeyer,12/31/2023,Trustee ,Milton,R.,Keener,12/31/2025,Trustee ,Michael,,Martinez,12/31/2025
2022-2023,Lucas,Jerusalem,"3,181","3,109"," 2,895 ",9501 Jerusalem Road,,Curtice,43412,,,,www.twp.jerusalem.oh.us/,Fiscal Officer,Joel,,Moszkowicz,3/31/2024,Trustee ,Mark,,Sattler,12/31/2023,Trustee ,Beau,,Miller,12/31/2025,Trustee ,David,,Bench,12/31/2025
2022-2023,Lucas,Monclova,"6,767","12,400"," 14,827 ",4335 Albon Road,,Monclova,43542,,,,www.monclovatwp.org,Fiscal Officer,Gavin,S.,Pike,3/31/2024,Trustee ,Chuck,,Hoecherl,12/31/2023,Trustee ,Barbara,S.,Lang,12/31/2025,Trustee ,Trudy,,Vicary,12/31/2025
2022-2023,Lucas,Providence,"3,454","3,361"," 3,378 ",13257 Perry Road,,Grand Rapids,43522,,,,providencetwp.org,Fiscal Officer,Julie,,Ludwig,3/31/2024,Trustee ,Jeremiah,,Floyd,12/31/2023,Trustee ,Steve ,,Kendall,12/31/2025,Trustee ,Lee,,Bialecki,12/31/2025
2022-2023,Lucas,Richfield,"1,573","1,598"," 1,575 ",3951 Washburn Road,,Berkey,43504,,,,www.richfieldtwp.com,Fiscal Officer,Linda,,Decker,3/31/2024,Trustee ,John,,Hassen,12/31/2023,Trustee ,Andrew,,Lumbrezer,12/31/2025,Trustee ,Steve,,Bettinger,12/31/2025
2022-2023,Lucas,Spencer,"1,708","1,882"," 1,746 ",630 North Meilke Road,,Holland,43528,PO Box 28,Holland,43528,www.spencertownship.org,Fiscal Officer,Dawn,Elena,Mcdonald,3/31/2024,Trustee ,John,Dean,Anderson,12/31/2023,Trustee ,Michael,Bernard,Hood,12/31/2025,Trustee ,Steven,Allen,Kester,12/31/2025
2022-2023,Lucas,Springfield,"24,123","26,193"," 26,957 ",7617 Angola Road,,Holland,43528,,,,www.springfieldtownship.net,Fiscal Officer,Barbara ,,Dietze,3/31/2024,Trustee ,Andrew,,Glenn,12/31/2023,Trustee ,Bob ,,Bethel,12/31/2025,Trustee ,Tom,,Anderson Jr. ,12/31/2025
2022-2023,Lucas,Swanton,"3,354","3,012"," 2,822 ",13410 Airport Highway,,Swanton,43558,,,,www.swantontwp.org,Fiscal Officer,Peggy,,Michael,3/31/2024,Trustee ,Gary,,Schroeder,12/31/2023,Trustee ,Jeff,,Michael,12/31/2025,Trustee ,April,,Grajczyk,12/31/2025
2022-2023,Lucas,Sylvania,"44,253","48,487"," 50,679 ",4927 North Holland-Sylvania Road,,Sylvania,43560,,,,www.sylvaniatownship.com,Fiscal Officer,David,,Simko,3/31/2024,Trustee ,Neal,,Mahoney,12/31/2023,Trustee ,John ,,Crandall,12/31/2025,Trustee ,John ,,Jennewine,12/31/2025
2022-2023,Lucas,Washington,"3,574","3,278"," 3,055 ",2469 Shoreland Avenue,,Toledo,43611,,,,washington-twp.com,Fiscal Officer,Michele,A.,Nowakowski,3/31/2024,Trustee ,Kellie,,Schlachter,12/31/2023,Trustee ,Mark,L.,Schuster,12/31/2025,Trustee ,Donald,J.,Barto Sr,12/31/2025
2022-2023,Lucas,Waterville,"9,469","11,336"," 7,036 ",621 Farnsworth Road,,Waterville,43566,,,,watervilletownship.com,Fiscal Officer,Catherine ,A.,Vorst,3/31/2024,Trustee ,Julie,,Theroux,12/31/2023,Trustee ,Kyle,,Hertzfeld,12/31/2025,Trustee ,Kim,,Anderson,12/31/2025
2022-2023,Madison,Canaan,"2,496","2,567"," 2,631 ",8055 US Highway 42 South ,,Plain City ,43064,,,,,Fiscal Officer,Kimberlie ,A.,Schrock,3/31/2024,Trustee ,Monroe ,,Harbage,12/31/2023,Trustee ,Mark ,,Ishmael ,12/31/2025,Trustee ,Don,,Whitmer,12/31/2025
2022-2023,Madison,Darby,"2,872","4,226"," 4,261 ",8270 Cemetery Pike,,Plain City,43064,PO Box 131,Plain City,43064,www.co.madison.oh.us,Fiscal Officer,Teresa,,Miller,3/31/2024,Trustee ,Roger,D.,Weeks,12/31/2023,Trustee ,Klaas,,Friesen,12/31/2025,Trustee ,Myron,,Mast,12/31/2025
2022-2023,Madison,Deercreek,"1,030",933, 967 ,1081 US Highway 42 SE,,London,43140,,,,co.madison.oh.us/community/townships/deercreek,Fiscal Officer,Erin,K.,Morris,3/31/2024,Trustee ,Levin,H.,Hutson,12/31/2023,Trustee ,Robert,J.,Turvy Jr.,12/31/2025,Trustee ,Charles,R.,Peters Iii,12/31/2025
2022-2023,Madison,Fairfield,"1,333","1,437"," 1,452 ",9100 Big Plain Circleville Road,,London,43140,,,,,Fiscal Officer,Vickie,Sue,Timmons,3/31/2024,Trustee ,Donald,Wayne,Francis,12/31/2023,Trustee ,Steven,Rudy,Denes,12/31/2025,Trustee ,Jeffrey,Dean,Marshall,12/31/2025
2022-2023,Madison,Jefferson,"6,935","7,140"," 7,212 ",225 Cemetery Road,,West Jefferson,43162,,,,,Fiscal Officer,Amy,Lou,Forrest,3/31/2024,Trustee ,Jeff,,Pfeil,12/31/2023,Trustee ,Jonathan,,Forrest,12/31/2025,Trustee ,Steven,,Rohner,12/31/2025
2022-2023,Madison,Monroe,"1,769","1,719"," 1,581 ",4445 Little Darby Road,,London,43140,,,,,Fiscal Officer,Connie ,J.,Troyer,3/31/2024,Trustee ,Steven,B.,Snyder,12/31/2023,Trustee ,Philip,A.,Adelsberger,12/31/2025,Trustee ,Lloyd,A.,Frey,12/31/2025
2022-2023,Madison,Oak Run,514,528, 521 ,4390 Big Plain Circleville Road,,London,43140,PO Box 911,London,43140,,Fiscal Officer,Bridgett,,Shoemaker,3/31/2024,Trustee ,Wayne,,Holland,12/31/2023,Trustee ,Charles,,Farmer,12/31/2025,Trustee ,Kelley,,Manns,12/31/2025
2022-2023,Madison,Paint,565,556, 554 ,3980 Old Xenia Road SW,,London,43140,,,,https://www.co.madison.oh.us/community/townships/paint/index.php,Fiscal Officer,Valerie ,,Eades,3/31/2024,Trustee ,Bruce,,Davison,12/31/2023,Trustee ,Philip,,Eades,12/31/2025,Trustee ,Jeffrey,,Kimbler,12/31/2025
2022-2023,Madison,Pike,531,580, 545 ,2495 Rosedale Road,,Irwin,43029,,,,,Fiscal Officer,Kellie,,Burns,3/31/2024,Trustee ,Aaron,,Boerger,12/31/2023,Trustee ,Michael,,Boerger,12/31/2025,Trustee ,Gary,,Scheiderer,12/31/2025
2022-2023,Madison,Pleasant,"3,282","3,043"," 3,272 ",281 New Street,,Mount Sterling,43140,,,,www.co.madison.oh.us/community/townships/pleasant/index.php,Fiscal Officer,Katheryn,,Endres,3/31/2024,Trustee ,Mark,,Harden,12/31/2023,Trustee ,Darrell,,Champer,12/31/2025,Trustee ,Brain,,Hampton,12/31/2025
2022-2023,Madison,Range,983,979, 981 ,13715 Main Street,,Sedalia,43151,,,,www.co.madison.oh.us/community/townships/range/index.php,Fiscal Officer,Debra,,Cress,3/31/2024,Trustee ,Mark,,Anthony,12/31/2023,Trustee ,Joel,,Call,12/31/2025,Trustee ,Dennis,,Marshall,12/31/2025
2022-2023,Madison,Somerford,"6,975","2,898"," 3,053 ",,,,,PO Box 861,London,43140,https://www.co.madison.oh.us/community/townships/somerford/index.php,Fiscal Officer,Amanda,,Knowles,3/31/2024,Trustee ,James,,Moran,12/31/2023,Trustee ,,,Sparks,12/31/2025,Trustee ,Keith,,O'Connor,12/31/2025
2022-2023,Madison,Stokes,746,679, 648 ,5120 State Route 323,,South Solon,43153,,,,,Fiscal Officer,Ramona,,Porter,3/31/2024,Trustee ,Christopher,S.,Vallery,12/31/2023,Trustee ,Jim,,Noble,12/31/2025,Trustee ,Linton,R.,Kelley,12/31/2025
2022-2023,Madison,Union,"1,411","6,246"," 5,867 ",2250 State Route 56,,London,43140,,,,www.co.madison.oh.us/community/townships/union/index.php,Fiscal Officer,Rachel,,Kimbler,3/31/2024,Trustee ,Matthew,,Furbee,12/31/2023,Trustee ,Gary,,Bogenrife,12/31/2025,Trustee ,Michael,,Sullivan,12/31/2025
2022-2023,Mahoning,Austintown,"38,001","36,722"," 36,049 ",82 Ohltown Road,,Austintown,44515,,,,,Fiscal Officer,Laura,,Wolfe,3/31/2024,Trustee ,Steve,,Kent,12/31/2023,Trustee ,Monica,,Deavers,12/31/2025,Trustee ,Robert,,Santos,12/31/2025
2022-2023,Mahoning,Beaver,"6,466","6,711"," 6,756 ",11999 South Avenue,,North Lima,44452,PO Box 598,North Lima,44452,www.beavertwp-oh.gov,Fiscal Officer,Richard,R.,Lotze,3/31/2024,Trustee ,Ronald,L.,Kappler,12/31/2023,Trustee ,Pamela,L.,Simmons,12/31/2025,Trustee ,Erik,J.,Tabor,12/31/2025
2022-2023,Mahoning,Berlin,"2,240","2,122"," 1,973 ",15823 Akroncanf Road,,Berlin Center,44401,PO Box 95,Berlin Center,44401,,Fiscal Officer,Dolly,,Bennett,3/31/2024,Trustee ,Jason,,Young,12/31/2023,Trustee ,Jodi,,Kale,12/31/2025,Trustee ,Dennis,,Furman,12/31/2025
2022-2023,Mahoning,Boardman,"42,518","40,889"," 40,213 ",8299 Market Street,,Boardman,44572,,,,,Fiscal Officer,William,,Leicht,3/31/2024,Trustee ,Larry,,Moliterno,12/31/2023,Trustee ,Brad,,Calhoun,12/31/2025,Trustee ,Tom,,Costello,12/31/2025
2022-2023,Mahoning,Canfield,"14,624","16,164"," 16,944 ",21 South Broad Street,,Canfield,44406,,,,canfieldtownship.org,Fiscal Officer,Denise,,Joseph,3/31/2024,Trustee ,Joseph,,Paloski,12/31/2023,Trustee ,Brian,,Governor,12/31/2025,Trustee ,Marie,,Cartwright,12/31/2025
2022-2023,Mahoning,Coitsville,"1,608","1,392"," 1,264 ",3711 McCartney Road,,Lowellville,44436,,,,Coitsvilletwp.org,Fiscal Officer,Christeen,,Partika,3/31/2024,Trustee ,Phyllis,,Johnson,12/31/2023,Trustee ,Gerald,,Backo,12/31/2025,Trustee ,James,,Alfano,12/31/2025
2022-2023,Mahoning,Ellsworth,"2,234","2,217"," 2,128 ",6036 South Salem Warren Road,,Ellsworth,44416,PO Box 122,Ellsworth,44416,www.ellsworthohio.com,Fiscal Officer,James,R.,Decenso,3/31/2024,Trustee ,William ,,Spellman,12/31/2023,Trustee ,Fredrick,M.,Houston,12/31/2025,Trustee ,Robert,,Toman,12/31/2025
2022-2023,Mahoning,Goshen,"3,281","3,243"," 3,101 ",14003 West South Range Road,,Salem,44460,,,,,Fiscal Officer,Thomas,,Knoedler,3/31/2024,Trustee ,Shawn,A.,Mesler,12/31/2023,Trustee ,John,A.,Bricker,12/31/2025,Trustee ,Teresa,,Stratton,12/31/2025
2022-2023,Mahoning,Green,"3,450","3,532"," 3,414 ",104 Lisbon Street,,Canfield,44406,,,,,Fiscal Officer,Randy,,Chismar,3/31/2024,Trustee ,David,,Slagle,12/31/2023,Trustee ,George,,Toy,12/31/2025,Trustee ,Mark,,Stepuk,12/31/2025
2022-2023,Mahoning,Jackson,"2,167","2,114"," 2,124 ",10613 Mahoning Avenue,,North Jackson,44451,PO Box 400,North Jackson,44451,jacksontwp.net,Fiscal Officer,Judy,A.,Patton,3/31/2024,Trustee ,Thomas,,Frost,12/31/2023,Trustee ,Alan,,Hemphill,12/31/2025,Trustee ,John,,Jakubec,12/31/2025
2022-2023,Mahoning,Milton,"4,107","3,759"," 3,565 ",15992 Milton Avenue,,Lake Milton,44429,PO Box 397,Lake Milton,44429,Miltontownshipohio.org,Fiscal Officer,Lisa,,Balsinger,3/31/2024,Trustee ,Dave,,Tomaino,12/31/2023,Trustee ,Edward,,Villone,12/31/2025,Trustee ,Wendy,,Dibernardi,12/31/2025
2022-2023,Mahoning,Poland,"14,711","14,960"," 14,664 ",3339 Dobbins Road,,Poland,44514,,,,,Fiscal Officer,Paul,,Canter,3/31/2024,Trustee ,Eric,,Ungaro,12/31/2023,Trustee ,Joanne,,Wollet,12/31/2025,Trustee ,Ed,,Kempers,12/31/2025
2022-2023,Mahoning,Smith,"4,977","4,510"," 4,097 ",846 North Johnson Road,,Sebring,44672,,,,https://smithtownship.net/police,Fiscal Officer,Audrey,M.,Fox,3/31/2024,Trustee ,Scott,,Showalter,12/31/2023,Trustee ,Terry,,Criss,12/31/2025,Trustee ,Larry,,Barnett,12/31/2025
2022-2023,Mahoning,Springfield,"6,054","6,703"," 6,800 ",3475 East South Range Road,,New Springfield,44443,,,,,Fiscal Officer,Laurie,,Applegarth,3/31/2024,Trustee ,Bradley,,Stacy,12/31/2023,Trustee ,Donald ,,Wharry,12/31/2025,Trustee ,Joshua,,Wiery,12/31/2025
2022-2023,Marion,Big Island,"1,223","1,205"," 1,174 ",4874 Harding Highway West,,Marion,43302,,,,Bigislandtownship.org,Fiscal Officer,Penny,J.,Fogle,3/31/2024,Trustee ,Philip,,Schaber,12/31/2023,Trustee ,Robert ,,Handley,12/31/2025,Trustee ,Ryan,,Eisele,12/31/2025
2022-2023,Marion,Bowling Green,569,650, 603 ,3005 Richwood Larue Road,,La Rue,43332,,,,bgtownship.com,Fiscal Officer,Robin,,Anderson,3/31/2024,Trustee ,Duane ,J.,Wolf,12/31/2023,Trustee ,David,K.,Trihaft,12/31/2025,Trustee ,Richard,L.,Holcomb,12/31/2025
2022-2023,Marion,Claridon,"2,587","2,742"," 2,777 ",2272 Caledonia Climax Road,,Caledonia,43314,,,,Claridontwp.weebly.com,Fiscal Officer,Janet,,Stiverson,3/31/2024,Trustee ,Tom,,Ruth,12/31/2023,Trustee ,Rex,,Strine,12/31/2025,Trustee ,Tim,,Mooney,12/31/2025
2022-2023,Marion,Grand,"1,609","1,590"," 1,586 ",3953 Dry Lane Road North,,Morral,43337,,,,,Fiscal Officer,Daryl,,Burbaugh,3/31/2024,Trustee ,Jeff,,Swavel,12/31/2023,Trustee ,Clifton,,Wenig,12/31/2025,Trustee ,Timothy,E.,Swisher,12/31/2025
2022-2023,Marion,Grand Prairie,385,391, 373 ,3447 Marion-Bucyrus Road,,Marion,43302,,,,,Fiscal Officer,Steve,M.,Bollinger,3/31/2024,Trustee ,Wilfred ,,Thiel Jr.,12/31/2023,Trustee ,James ,,Schertzer,12/31/2025,Trustee ,Daniel,,Lust,12/31/2025
2022-2023,Marion,Green Camp,"1,163","1,179"," 1,080 ",2784 Prospect-Upper Sandusky Road South,,Marion,43302,PO Box 219,Green Camp,43322,,Fiscal Officer,Kimberly,,Stutler,3/31/2024,Trustee ,Jeremy,,Wright,12/31/2023,Trustee ,Christopher ,,Abbott,12/31/2025,Trustee ,Thomas,,Mcbeth,12/31/2025
2022-2023,Marion,Marion,"44,908","44,749"," 43,796 ",1228 East Fairground Street,,Marion,43301,PO Box 79,Marion,43301,mariontwp.org,Fiscal Officer,Sheila,J.,Perin,3/31/2024,Trustee ,Larry,,Ballinger,12/31/2023,Trustee ,Karen,,Mccleary,12/31/2025,Trustee ,Ben,,Creasap,12/31/2025
2022-2023,Marion,Montgomery,"2,498","2,330"," 2,064 ",300 South High Street,,Larue,43332,,,,,Fiscal Officer,Thomas,,Ford,3/31/2024,Trustee ,Trevor,,Fremont,12/31/2023,Trustee ,Jeffrey,,Wall,12/31/2025,Trustee ,Phillip,,Winslow Jr.,12/31/2025
2022-2023,Marion,Pleasant,"4,368","4,773"," 4,939 ",1035 Owens Road West,,Marion,43302,,,,,Fiscal Officer,Lavon,,Verity,3/31/2024,Trustee ,Steven ,,Lust,12/31/2023,Trustee ,David ,,Schrote,12/31/2025,Trustee ,Wayne ,,Creasap,12/31/2025
2022-2023,Marion,Prospect,"2,207","2,089"," 2,043 ",200 South Elm Street,,Prospect,43342,PO Box 2,Prospect,43342,,Fiscal Officer,Kenneth,R.,Blue,3/31/2024,Trustee ,Alfred,,Wasserbeck,12/31/2023,Trustee ,Harry,,Hilgenberg,12/31/2025,Trustee ,Gregg,,Wilson,12/31/2025
2022-2023,Marion,Richland,"1,663","1,635"," 1,784 ",1481 Myers Road,,Marion,43302,,,,http://richland-twp.com,Fiscal Officer,Teresa,,Fox,3/31/2024,Trustee ,Richard,,Baldinger,12/31/2023,Trustee ,Roger,,Groll,12/31/2025,Trustee ,Jason,,Lehner,12/31/2025
2022-2023,Marion,Salt Rock,699,673, 605 ,143 South Green Street,,Morral,43337,PO Box 65,Morral,43337,,Fiscal Officer,Cathy,,Hensel,3/31/2024,Trustee ,Michael,,Richmond,12/31/2023,Trustee ,Allen,,Merritt,12/31/2025,Trustee ,Darryl,,Ralph,12/31/2025
2022-2023,Marion,Scott,521,498, 571 ,5246 Columbus-Sandusky Road North,,Marion,43302,,,,,Fiscal Officer,Sally,,Knapp,3/31/2024,Trustee ,Randy ,,Knapp,12/31/2023,Trustee ,Richard,,Lewis ,12/31/2025,Trustee ,Mark,,Croman,12/31/2025
2022-2023,Marion,Tully,738,854, 834 ,4094 Spicer Road,,Caledonia,43314,,,,,Fiscal Officer,Molli,,Heffley,3/31/2024,Trustee ,Robert,D.,Moodespaugh,12/31/2023,Trustee ,Carl,P.,Robinson,12/31/2025,Trustee ,Larry,,Barr,12/31/2025
2022-2023,Marion,Waldo,"1,079","1,143"," 1,130 ",,,,,PO Box 314,Waldo,43356,,Fiscal Officer,Jill,,Corwin,3/31/2024,Trustee ,John,,Seiter,12/31/2023,Trustee ,Michael,,Augenstein,12/31/2025,Trustee ,Richard (Greg),G.,Price,12/31/2025
2022-2023,Medina,Brunswick Hills,"5,469","9,898"," 11,196 ",1918 Pearl Road,,Brunswick,44212,,,,www.brunswickhillstwp.org,Fiscal Officer,Katherine,,Esber,3/31/2024,Trustee ,John,,Witthuhn,12/31/2023,Trustee ,Christina,,Kusnerak,12/31/2025,Trustee ,Patrica,,Murphy,12/31/2025
2022-2023,Medina,Chatham,"2,158","2,265"," 2,213 ",,,,,PO Box 99,Spencer,44275,www.chathamtwp.com,Fiscal Officer,Sarah,A.,Poling,3/31/2024,Trustee ,Denise,,Gumbita,12/31/2023,Trustee ,Joseph,,Aungst,12/31/2025,Trustee ,Richard,,Dumperth,12/31/2025
2022-2023,Medina,Granger,"3,928","4,445"," 4,556 ",3717 Ridge Road,,Medina,44256,,,,grangertwp.org,Fiscal Officer,Donald,L.,Baker,3/31/2024,Trustee ,John,H.,Ginley,12/31/2023,Trustee ,Teri,L.,Berry,12/31/2025,Trustee ,Richard,L.,Pace,12/31/2025
2022-2023,Medina,Guilford,"5,447","3,203"," 3,076 ",3800 Greenwich Road,,Seville,44273,,,,,Fiscal Officer,Ray,,Ruprecht,3/31/2024,Trustee ,Bob,,Rohrer,12/31/2023,Trustee ,Orval,,Morris,12/31/2025,Trustee ,Jerry,,Winkler,12/31/2025
2022-2023,Medina,Harrisville,"4,914","1,836"," 1,717 ",209 Railroad Street,,Lodi,44254,PO Box 278 ,Lodi,44254,,Fiscal Officer,Megan,,Cochrell,3/31/2024,Trustee ,Richard,,Indoe,12/31/2023,Trustee ,Michael ,,Gray,12/31/2025,Trustee ,Brian,,Ritchie,12/31/2025
2022-2023,Medina,Hinckley,"6,753","7,646"," 8,025 ",1410 Ridge Road,,Hinckley,44233,,,,hinckleytwp.org,Fiscal Officer,Martha,,Catherwood,3/31/2024,Trustee ,Melissa,,Augustine,12/31/2023,Trustee ,Jack,,Swedyk,12/31/2025,Trustee ,Monique,,Ascherl,12/31/2025
2022-2023,Medina,Homer,"1,461","1,462"," 1,606 ",8964 Spencer Road,,Homerville,44235,PO Box 32,Homerville,44235,www.homertwp.org,Fiscal Officer,Nikki,,Mcconnell,3/31/2024,Trustee ,Jeremy ,,Simcox,12/31/2023,Trustee ,Tommy,,Trout,12/31/2025,Trustee ,Thomas,,Sigel,12/31/2025
2022-2023,Medina,Lafayette,"5,476","5,580"," 6,056 ",6776 Wedgewood Road,,Medina,44256,,,,https://www.lafayettetownship.com/,Fiscal Officer,Laura,N.,Ruebensaal,3/31/2024,Trustee ,Martin,,Warchola,12/31/2023,Trustee ,Ty,,Fullerton,12/31/2025,Trustee ,Chris,,O'Neil,12/31/2025
2022-2023,Medina,Litchfield,"3,250","3,250"," 3,215 ",,,,,PO Box 178,Litchfield,44253,litchfieldtownship.com,Fiscal Officer,Pam,,Shaw,3/31/2024,Trustee ,Michael,,Pope,12/31/2023,Trustee ,Dennis ,,Horvath,12/31/2025,Trustee ,Joseph,,Seifert,12/31/2025
2022-2023,Medina,Liverpool,"4,329","5,127"," 5,750 ",6801 School Street,,Valley City,44280,PO Box 381,Valley City,44280,LIVERPOOLTWP.ORG,Fiscal Officer,Debra,,Gillin,3/31/2024,Trustee ,Cathy,,Keller,12/31/2023,Trustee ,Paul ,,Schaefer,12/31/2025,Trustee ,Sean,,Lackey,12/31/2025
2022-2023,Medina,Medina,"7,783","8,537"," 9,183 ",3799 Huffman Road,,Medina,44256,,,,medinatownship.com,Fiscal Officer,Angela ,,Ventura,3/31/2024,Trustee ,Chuck,,Johnson,12/31/2023,Trustee ,Doug ,,Eastwood,12/31/2025,Trustee ,Bruce ,,Christopher,12/31/2025
2022-2023,Medina,Montville,"5,410","11,185"," 13,131 ",6665 Wadsworth Road,,Medina,44256,,,,www.MontvilleTwp.org,Fiscal Officer,Mary,,Pawlowski,3/31/2024,Trustee ,Sally,,Albrecht,12/31/2023,Trustee ,Ronald,,Bischof,12/31/2025,Trustee ,Jeff,,Brandon,12/31/2025
2022-2023,Medina,Sharon,"5,244","5,111"," 5,966 ",1322 Sharon Copley Road,,Sharon Center,44274,PO Box 7,Sharon Center,44274,www.sharontwp.org,Fiscal Officer,Christine,,Lawson,3/31/2024,Trustee ,Brian,,Guccion,12/31/2023,Trustee ,Kimberly,,Miller,12/31/2025,Trustee ,Joe ,,Canestraro,12/31/2025
2022-2023,Medina,Spencer,"2,429","1,942"," 1,812 ",112 North Main Street,,Spencer,44275,PO Box 229,Spencer,44275,,Fiscal Officer,Tim,,Clifford,3/31/2024,Trustee ,Jeff,,Worcester,12/31/2023,Trustee ,Gary ,,Flegel,12/31/2025,Trustee ,Mark,,Hopkins,12/31/2025
2022-2023,Medina,Wadsworth,"3,996","4,191"," 4,384 ",320 Chestnut Street,,Wadsworth,44281,PO Box 614,Wadsworth,44282,www.wadsworthtownship.org,Fiscal Officer,Stefanie,,Horner,3/31/2024,Trustee ,Kevin,,Keiper,12/31/2023,Trustee ,Robert,,Engler,12/31/2025,Trustee ,James ,,Gardner,12/31/2025
2022-2023,Medina,Westfield,"4,172","2,482"," 2,632 ",6699 Buffham Road,,Seville,44273,,,,www.westfieldtownship.org,Fiscal Officer,Melissa,E.,Kurtz,3/31/2024,Trustee ,Kent,,Patterson,12/31/2023,Trustee ,Craig,,Horner,12/31/2025,Trustee ,Michael,,Schmidt,12/31/2025
2022-2023,Medina,York,"2,912","3,438"," 4,284 ",6609 Norwalk Road,,Medina,44256,,,,Yorktwp.org,Fiscal Officer,Margaret,,Russell,3/31/2024,Trustee ,William,,Pavlick,12/31/2023,Trustee ,Richard,,Monroe,12/31/2025,Trustee ,Colene,,Conley,12/31/2025
2022-2023,Meigs,Bedford,"1,212","1,355"," 1,249 ",37507 Hemlock Grove Road,,Pomeroy,45769,,,,,Fiscal Officer,Kathy,J.,Romine,3/31/2024,Trustee ,John,W.,Dean,12/31/2023,Trustee ,Brett,E.,Newsome,12/31/2025,Trustee ,Michael,E.,Chancey,12/31/2025
2022-2023,Meigs,Chester,"2,332","2,496"," 2,497 ",,,,,PO Box 46,Chester,45720,,Fiscal Officer,Roger,,Karr,3/31/2024,Trustee ,Philip,Ray,Werry,12/31/2023,Trustee ,James,,Hawthorne,12/31/2025,Trustee ,Roy,Alan,Holter,12/31/2025
2022-2023,Meigs,Columbia,"1,018","1,189"," 1,220 ",42466 Mattox Road,,Albany,45710,,,,,Fiscal Officer,Mary,,Wingo,3/31/2024,Trustee ,Rexie,,Cheadle,12/31/2023,Trustee ,Gary,,Carr,12/31/2025,Trustee ,Marco,R.,Jeffers,12/31/2025
2022-2023,Meigs,Lebanon,"1,029",967, 897 ,54342 New Portland Road,,Portland,45770,,,,,Fiscal Officer,Brenda,Sue,Johnson,3/31/2024,Trustee ,Matthew,S.,Evans,12/31/2023,Trustee ,Gary,L.,Cooper,12/31/2025,Trustee ,Donald,R.,Dailey,12/31/2025
2022-2023,Meigs,Letart,641,675, 733 ,49115 Manuel Road,,Racine,45771,,,,,Fiscal Officer,Jenny,,Manuel,3/31/2024,Trustee ,Zachary ,,Manuel,12/31/2023,Trustee ,Justin,,Hill,12/31/2025,Trustee ,Keith,,White,12/31/2025
2022-2023,Meigs,Olive,"1,874","1,798"," 1,651 ",54550 Deeter Road ,,Reedsville,45772,,,,,Fiscal Officer,Kelly,,Epling,3/31/2024,Trustee ,Randy,,Boston,12/31/2023,Trustee ,Larry,,Life,12/31/2025,Trustee ,William,,Osborne,12/31/2025
2022-2023,Meigs,Orange,934,"1,072"," 1,085 ",42455 Woods Road,,Coolville,45723,,,,,Fiscal Officer,Deborah,J.,Watson,3/31/2024,Trustee ,Ernest,,Calaway,12/31/2023,Trustee ,Michael,,Guess,12/31/2025,Trustee ,Rick,,Hollon,12/31/2025
2022-2023,Meigs,Rutland,"2,347","2,353"," 2,137 ",,,,45775,PO Box 203,Rutland,45775,,Fiscal Officer,Opal,L.,Dyer,3/31/2024,Trustee ,Joe,M.,Bolin,12/31/2023,Trustee ,David,E.,Davis,12/31/2025,Trustee ,Steve,R.,Lambert,12/31/2025
2022-2023,Meigs,Salem,944,"1,051", 939 ,28854 State Route 124,,Langsville,45741,,,,,Fiscal Officer,Carol,,Taylor,3/31/2024,Trustee ,Rebecca,,Johnston,12/31/2023,Trustee ,Jack,,Ervin,12/31/2025,Trustee ,H Dannie,,Lambert,12/31/2025
2022-2023,Meigs,Salisbury,"6,441","6,356"," 5,512 ",9 Oak Street,,Pomeroy,45769,,,,,Fiscal Officer,James,,Durst,3/31/2024,Trustee ,John,,Hood,12/31/2023,Trustee ,Bill,,Spaun,12/31/2025,Trustee ,Robert,,Ball,12/31/2025
2022-2023,Meigs,Scipio,"1,050","1,318"," 1,213 ",35198 State Route 143,,Pomeroy,45769,,,,,Fiscal Officer,Tina,,Cotterill,3/31/2024,Trustee ,Randy,,Butcher,12/31/2023,Trustee ,Clinton ,,Kennedy,12/31/2025,Trustee ,John,,Mcgee,12/31/2025
2022-2023,Meigs,Sutton,"3,250","3,140"," 3,077 ",28180 Apple Grove Dorcas Road,,Racine,45771,,,,,Fiscal Officer,Jo Ann,,Crisp,3/31/2024,Trustee ,Charles ,M.,Mugrage,12/31/2023,Trustee ,Howard,R.,Ervin Jr.,12/31/2025,Trustee ,Larry ,C.,Smith,12/31/2025
2022-2023,Mercer,Blackcreek,631,612, 611 ,1515 Manley Road,,Rockford,45882,PO Box 521,Rockford,45882,www.blackcreektownship-mercercounty.org,Fiscal Officer,Curtis,,Hamrick,3/31/2024,Trustee ,Grant ,,Minnich,12/31/2023,Trustee ,Caleb,,Caffee,12/31/2025,Trustee ,Marshall,,Brehm,12/31/2025
2022-2023,Mercer,Butler,"6,459","6,345"," 6,653 ",306 West Main Street,,Coldwater,45828,PO Box 21,Coldwater,45828,,Fiscal Officer,Charles,,Dues,3/31/2024,Trustee ,Fred,,Kahlig,12/31/2023,Trustee ,Chris,,Dues,12/31/2025,Trustee ,Dusty,,Uhlenhake,12/31/2025
2022-2023,Mercer,Center,"1,082","1,086"," 1,099 ",9717 Stose Road,,Celina,45822,,,,,Fiscal Officer,Ed ,,Sites,3/31/2024,Trustee ,Jerry ,,Albers,12/31/2023,Trustee ,Rick ,,Germann,12/31/2025,Trustee ,Jeff,,Everman,12/31/2025
2022-2023,Mercer,Dublin,"2,254","2,138"," 2,132 ",,,,,PO Box 203,Rockford,45882,,Fiscal Officer,Susan,M.,Smalley,3/31/2024,Trustee ,Dan,,Roebuck,12/31/2023,Trustee ,Bart,,Walls,12/31/2025,Trustee ,Tim,,Metz,12/31/2025
2022-2023,Mercer,Franklin,"2,303","2,285"," 2,511 ",6805 State Route 219,,Celina,45822,PO Box 90,Montezuma,45866,franklintownship-mercercounty.org,Fiscal Officer,Lee Ann,,Dorsten,3/31/2024,Trustee ,Ronald,,Brookhart,12/31/2023,Trustee ,Neal,,Klosterman,12/31/2025,Trustee ,Joseph,,Karafit,12/31/2025
2022-2023,Mercer,Gibson,"1,869","2,005"," 2,121 ",1700 Industrial Drive,,Ft. Recovery,45846,PO Box 636,Ft. Recovery,45846,,Fiscal Officer,Thomas,,Loctefeld,3/31/2024,Trustee ,Mark ,,Post,12/31/2023,Trustee ,Gary ,,Post,12/31/2025,Trustee ,Don,,Kahlig,12/31/2025
2022-2023,Mercer,Granville,"3,885","4,030"," 4,227 ",141 South Walnut Street,C/O 640 Cooper Avenue,Saint Henry,45883,,,,,Fiscal Officer,Nathan,,Schwieterman,3/31/2024,Trustee ,Mark,,Post,12/31/2023,Trustee ,Greg,,Clune,12/31/2025,Trustee ,Marvin,,Siefring,12/31/2025
2022-2023,Mercer,Hopewell,"1,066","1,033"," 1,024 ",7801 Fleetfoot Road,,Celina,45822,,,,,Fiscal Officer,Herbert,,Muhlenkamp,3/31/2024,Trustee ,Eldon ,,Sell,12/31/2023,Trustee ,Steve,,Heckler,12/31/2025,Trustee ,Keith,,Canary,12/31/2025
2022-2023,Mercer,Jefferson,"13,231","13,155"," 13,802 ",7171 Havemann Road,,Celina,45822,PO Box 259,Celina,45822,https://jeffersontwp.mercercountyoh.org/,Fiscal Officer,Kimberly,,Bell,3/31/2024,Trustee ,Nick,,Laux,12/31/2023,Trustee ,Kent,,Marbaugh,12/31/2025,Trustee ,Keith,,Houts,12/31/2025
2022-2023,Mercer,Liberty,917,918, 909 ,1918 Oregon Road,,Celina,45822,,,,,Fiscal Officer,Jill,,Thomas,3/31/2024,Trustee ,Ronald ,,Linn,12/31/2023,Trustee ,Trevor,,Eischen,12/31/2025,Trustee ,Lucus ,,Minnich,12/31/2025
2022-2023,Mercer,Marion,"2,969","2,970"," 3,322 ",8078 Marion Drive,,Maria Stein,45860-9703,PO Box 56,Maria Stein,45860-9703,,Fiscal Officer,Bonnie,,Garrison,3/31/2024,Trustee ,Robert,,Unrast,12/31/2023,Trustee ,Ronald,,Bruns,12/31/2025,Trustee ,Larry,,Reichert,12/31/2025
2022-2023,Mercer,Recovery,"1,550","1,621"," 1,523 ",2869 State Route 49  ,,Ft. Recovery,45846,PO Box 597,Ft. Recovery,45846,,Fiscal Officer,Thomas,J.,Sudhoff,3/31/2024,Trustee ,Doug ,,Kahlig,12/31/2023,Trustee ,Nick,,Kremer,12/31/2025,Trustee ,Scott,,Overman,12/31/2025
2022-2023,Mercer,Union,"1,490","1,415"," 1,330 ",114 South Wayne Street,,Mendon,45862,PO Box 37,Mendon,45862,,Fiscal Officer,Matt,,Grunden,3/31/2024,Trustee ,Austin,,Harner,12/31/2023,Trustee ,Galen,,Hesse,12/31/2025,Trustee ,Matt,,Sites,12/31/2025
2022-2023,Mercer,Washington,"1,218","1,190"," 1,201 ",402 Pine Road,,Fort Recovery,45846,,,,,Fiscal Officer,Ellen,,Homan,3/31/2024,Trustee ,Brian,,Diller,12/31/2023,Trustee ,Jacob,,Gaerke,12/31/2025,Trustee ,Adam,,Knapke,12/31/2025
2022-2023,Miami,Bethel,"4,927","4,843"," 4,758 ",8735 South Second Street,,Tipp City,45371,,,,www.betheltownship.org,Fiscal Officer,Deborah,,Watson,3/31/2024,Trustee ,Don,,Black,12/31/2023,Trustee ,Beth ,,Van Haaren,12/31/2025,Trustee ,Julie,,Reese,12/31/2025
2022-2023,Miami,Brown,"1,554","1,595"," 1,585 ",3775 North Alcony Conover Road,,Conover,45317,PO Box 369,Conover,45317,,Fiscal Officer,Arthur,J.,Bowser,3/31/2024,Trustee ,John,,Beal,12/31/2023,Trustee ,Doug,,Cron,12/31/2025,Trustee ,Larry,,Coffing,12/31/2025
2022-2023,Miami,Concord,"27,335","30,353"," 31,417 ",1150 Horizon West Court,,Troy,45373,,,,,Fiscal Officer,Bill,,Whidden,3/31/2024,Trustee ,Neil,,Rhoades,12/31/2023,Trustee ,Tom,,Mercer,12/31/2025,Trustee ,Don,,Pence,12/31/2025
2022-2023,Miami,Elizabeth,"1,620","1,648"," 1,686 ",5710 East Walnut Grove Road,,Troy,45373,,,,,Fiscal Officer,Mary Ann,,Mumford,3/31/2024,Trustee ,John,,Ryman,12/31/2023,Trustee ,Greg,,Dilts,12/31/2025,Trustee ,J.,Randolph,Mott,12/31/2025
2022-2023,Miami,Lostcreek,"1,633","1,676"," 1,606 ",101B Center Street,,Casstown,45312,PO Box 108,Casstown,45312,,Fiscal Officer,Walter,,Pemberton,3/31/2024,Trustee ,Darrell,,Davis,12/31/2023,Trustee ,Samuel,,Buchman,12/31/2025,Trustee ,Eric,,Carey,12/31/2025
2022-2023,Miami,Monroe,"15,339","15,553"," 16,114 ",4 East Main Street,,Tipp City,45371,,,,www.monroetwpohio.com/,Fiscal Officer,Lawrence,,Becker,3/31/2024,Trustee ,Gregory,,Siefring,12/31/2023,Trustee ,Philip,,Cox,12/31/2025,Trustee ,Martin,,English,12/31/2025
2022-2023,Miami,Newberry,"6,490","6,449"," 6,395 ",7835 Ingle Road,,Covington,45318,PO Box 246,Covington,45318,,Fiscal Officer,Mary,E.,Benedict,3/31/2024,Trustee ,George,A.,Furrow Jr.,12/31/2023,Trustee ,John,Jason ,Sargent,12/31/2025,Trustee ,Michael,J.,Maniaci,12/31/2025
2022-2023,Miami,Newton,"3,354","3,399"," 3,516 ",6404 State Route 718,,Pleasant Hill,44359,,,,,Fiscal Officer,John,,Walker,3/31/2024,Trustee ,Gene,,Laughman,12/31/2023,Trustee ,Stanley,,Fessler,12/31/2025,Trustee ,Terry,,Wackler,12/31/2025
2022-2023,Miami,Springcreek,"1,826","1,948"," 2,144 ",1600 Stockham Drive,,Piqua,45356,,,,,Fiscal Officer,Robert,A.,Black,3/31/2024,Trustee ,Douglas,,Deweese,12/31/2023,Trustee ,Thomas,,Hill,12/31/2025,Trustee ,Michael,,Havenar,12/31/2025
2022-2023,Miami,Staunton,"1,992","2,090"," 2,439 ",3855 Deweese Road,,Troy,45373,,,,,Fiscal Officer,Sarah,,Fine,3/31/2024,Trustee ,Jeff,,Cron,12/31/2023,Trustee ,Bill,,Gearhart,12/31/2025,Trustee ,Michael,,Rindler,12/31/2025
2022-2023,Miami,Union,"10,222","9,871"," 9,569 ",9497 Markley Road,,Laura,45337,,,,http://www.uniontwp-miamicounty-oh.us,Fiscal Officer,Marjorie,,Coate,3/31/2024,Trustee ,Philip,S.,Mote,12/31/2023,Trustee ,Dennis,L.,Albaugh,12/31/2025,Trustee ,Kyle,,Hinkelman,12/31/2025
2022-2023,Miami,Washington,"1,803","1,576"," 1,503 ",,,,,PO Box 232,Piqua,45356,,Fiscal Officer,Mikel,R.,Brown,3/31/2024,Trustee ,Thomas,J.,Lange,12/31/2023,Trustee ,Edward,F.,Mcmaken,12/31/2025,Trustee ,Scott,D.,Black,12/31/2025
2022-2023,Monroe,Adams,672,625, 620 ,46625 State Route 536,,Woodsfield,43793,,,,,Fiscal Officer,Brenda,,Roberts,3/31/2024,Trustee ,Jerry ,,Mcclellan,12/31/2023,Trustee ,Timothy,,Dierkes,12/31/2025,Trustee ,Timothy,,Ollom,12/31/2025
2022-2023,Monroe,Benton,349,338, 298 ,33200 Brownsville Circle,,New Matamoras,45767,,,,,Fiscal Officer,Polly,S.,Kinsey,3/31/2024,Trustee ,Ronnie,,Busche,12/31/2023,Trustee ,Michael ,K.,Cisler,12/31/2025,Trustee ,David,W.,Hensel,12/31/2025
2022-2023,Monroe,Bethel,357,347, 271 ,32467 County Road 14,,Lewisville,43754,,,,,Fiscal Officer,Missy,,Alleman,3/31/2024,Trustee ,Jason,,Williamson,12/31/2023,Trustee ,Rodney,,Weckbacher,12/31/2025,Trustee ,Roger,,Kuhn,12/31/2025
2022-2023,Monroe,Center,"3,797","3,647"," 3,446 ",312 Mill Street,,Woodsfield,43793,,,,,Fiscal Officer,Cathy,,Cline,3/31/2024,Trustee ,Drew,,Dimmerling,12/31/2023,Trustee ,Charles,,Brooks,12/31/2025,Trustee ,Doug,,Yontz,12/31/2025
2022-2023,Monroe,Franklin,453,427, 378 ,41200 Sandbar Road,,Lewisville,43754,,,,,Fiscal Officer,Logan,,Norman,3/31/2024,Trustee ,Michael,,Mcconnell,12/31/2023,Trustee ,James,,Delong,12/31/2025,Trustee ,Donald,,Hogue,12/31/2025
2022-2023,Monroe,Green,422,447, 419 ,43022 Six Points Road,,Laings,43752,PO Box 14,Laings,43752,,Fiscal Officer,Traci,Diane,Alleman,3/31/2024,Trustee ,Paul,Nathan,Alleman,12/31/2023,Trustee ,Frankie,D.,Mccaslin,12/31/2025,Trustee ,Gary,L.,Hoskinson,12/31/2025
2022-2023,Monroe,Jackson,473,477, 411 ,34735 State Route 7,,Sardis,43946,,,,,Fiscal Officer,Chelsea,,Bone,3/31/2024,Trustee ,Ryan,,Conley,12/31/2023,Trustee ,William,,Thompson,12/31/2025,Trustee ,Arthur,,Williams,12/31/2025
2022-2023,Monroe,Lee,"1,122","1,023", 883 ,37184 Mound Street,,Sardis,43946,PO Box 219,Sardis,43946,leetownshipohio.org,Fiscal Officer,Krista,D.,Mcpeek,3/31/2024,Trustee ,John,V.,Pyles,12/31/2023,Trustee ,Jesse,,Merckle,12/31/2025,Trustee ,Terry,R.,Mcpeek,12/31/2025
2022-2023,Monroe,Malaga,979,"1,062"," 1,038 ",52844 Bush Road,,Jerusalem,43747,,,,,Fiscal Officer,Robin,,Christman,3/31/2024,Trustee ,Benjamin,,Cline,12/31/2023,Trustee ,Gerald,,Hossman,12/31/2025,Trustee ,Joe,,Lang,12/31/2025
2022-2023,Monroe,Ohio,"1,032","1,004", 837 ,52746 State Route 536,,Hannibal,43931,PO Box 65,Hannibal,43931,,Fiscal Officer,Michelle,,Williams,3/31/2024,Trustee ,Joseph ,,Eggleston,12/31/2023,Trustee ,Joey ,,Pyles,12/31/2025,Trustee ,Rodney,,Nething,12/31/2025
2022-2023,Monroe,Perry,455,451, 420 ,38175 State Route 800,,Sardis,43946,,,,,Fiscal Officer,Tanis,,Langsdorf,3/31/2024,Trustee ,Michael,,Brown,12/31/2023,Trustee ,David,,Price,12/31/2025,Trustee ,Ronald,,Vernon,12/31/2025
2022-2023,Monroe,Salem,"1,046","1,001", 831 ,45836 Township Road 386,,Clarington,43915,,,,,Fiscal Officer,Jamison,,Talkington,3/31/2024,Trustee ,Tyler,,Abbott,12/31/2023,Trustee ,Jason,,Dietrich,12/31/2025,Trustee ,John,,Miller,12/31/2025
2022-2023,Monroe,Seneca,508,486, 444 ,28968 State Route 78,,Lewisville,43754,,,,,Fiscal Officer,Sherry,,Lallathin,3/31/2024,Trustee ,Kevin,,Weckbacher,12/31/2023,Trustee ,David,,Dixon,12/31/2025,Trustee ,Timothy,,Carpenter,12/31/2025
2022-2023,Monroe,Summit,714,647, 595 ,45538 Township Road 272,,Lewisville,43754,,,,,Fiscal Officer,Missy,,Hartshorn,3/31/2024,Trustee ,Nate,,Betts,12/31/2023,Trustee ,Brad,,Dimmerling,12/31/2025,Trustee ,Robert,,Dimmerling,12/31/2025
2022-2023,Monroe,Sunsbury,"1,424","1,325"," 1,267 ",49263 Ozark Eddy Bridge Road,,Jerusalem,43747,,,,,Fiscal Officer,Connie,,Kress,3/31/2024,Trustee ,Bryan,,Perkins,12/31/2023,Trustee ,Matt,,Milhoan,12/31/2025,Trustee ,Ernie,,Vandyne,12/31/2025
2022-2023,Monroe,Switzerland,509,462, 462 ,51738 Township Road 2166,,Powhatan Point,43942,,,,,Fiscal Officer,Christine,K.,Crowell,3/31/2024,Trustee ,Russell,B.,Goddard,12/31/2023,Trustee ,Thomas,G.,Taylor Jr.,12/31/2025,Trustee ,James,L.,Lehman,12/31/2025
2022-2023,Monroe,Washington,520,511, 429 ,39111 Church Road,,Graysville,45734,,,,,Fiscal Officer,Amy,,Winland,3/31/2024,Trustee ,Kevin,,Howell,12/31/2023,Trustee ,Keith,,Knowlton,12/31/2025,Trustee ,Larry,,Gardner,12/31/2025
2022-2023,Monroe,Wayne,348,362, 336 ,34207 Barber Ridge Road,,Lewisville,43754,,,,,Fiscal Officer,Mary,,Westfall,3/31/2024,Trustee ,Carlos,,Nalley,12/31/2023,Trustee ,Steven,,Lucas,12/31/2025,Trustee ,Clayton,,Weddle,12/31/2025
2022-2023,Montgomery,Butler,"8,382","7,894"," 8,269 ",3510 Sudachi Drive,,Dayton,45414,,,,Butler township.com,Fiscal Officer,Gregory,Alan,Brush,3/31/2024,Trustee ,Missy,,Pruszynski,12/31/2023,Trustee ,Mike,,Thein,12/31/2025,Trustee ,Bryson,,Jackson,12/31/2025
2022-2023,Montgomery,Clay,"8,566","8,847"," 8,876 ",8207 Arlington Road,,Brookville,45309,,,,claytownshipoffices.com,Fiscal Officer,Holly,,Buchanan,3/31/2024,Trustee ,Steve ,,Woolf,12/31/2023,Trustee ,Dale,,Winner,12/31/2025,Trustee ,Mark,,Brownfield,12/31/2025
2022-2023,Montgomery,German,"7,830","8,429"," 8,747 ",12102 State Route 725 West,,Germantown,45327,,,,https://german-township.org,Fiscal Officer,Mark,Allen,Heistand,3/31/2024,Trustee ,Louis,Henry,"Potter, Jr.",12/31/2023,Trustee ,Mark,David,Cross,12/31/2025,Trustee ,Jacob,Christopher,Stubbs,12/31/2025
2022-2023,Montgomery,Harrison,"24,303","22,397"," 21,814 ",5945 North Dixie Drive,,Dayton,45414,,,,www.harrisontownship.org,Fiscal Officer,Craig,A.,Jones,3/31/2024,Trustee ,Danielle,,Bradley,12/31/2023,Trustee ,Georgeann,,Godsey,12/31/2025,Trustee ,Roland,,Winburn,12/31/2025
2022-2023,Montgomery,Jackson,"6,420","6,335"," 6,076 ",49 East Walnut Street,,Farmersville,45325,,,,JTwpMC.com,Fiscal Officer,Elizabeth ,,Kozarec,3/31/2024,Trustee ,Michael,,Moyer,12/31/2023,Trustee ,Ryan,,Hodson,12/31/2025,Trustee ,Randall,,Devilbiss,12/31/2025
2022-2023,Montgomery,Jefferson,"6,787","6,972"," 5,855 ",580 Calumet Lane,Suite A,Dayton,45417,,,,www.jeffersontwp.net,Fiscal Officer,Tracey,M.,Edwards,3/31/2024,Trustee ,James,E.,Mcguire,12/31/2023,Trustee ,Sheila,K.,Back,12/31/2025,Trustee ,Matthew,Michael,Mclaughlin,12/31/2025
2022-2023,Montgomery,Miami,"45,593","50,735"," 52,156 ",2700 Lyons Road,,Miamisburg,45342,,,,www.miamitownship.com,Fiscal Officer,Aaron,,Newell,3/31/2024,Trustee ,Donald,,Culp,12/31/2023,Trustee ,Terry,,Posey Jr.,12/31/2025,Trustee ,John,,Morris,12/31/2025
2022-2023,Montgomery,Perry,"6,184","5,999"," 5,848 ",3025 Johnsville Brookville Road,,Brookville,45309,,,,www.perrytownship-mcoh.org/,Fiscal Officer,Charity,,Grill,3/31/2024,Trustee ,Jason,,Hartshorn,12/31/2023,Trustee ,Zach,,Music,12/31/2025,Trustee ,Melissa,,Mears,12/31/2025
2022-2023,Montgomery,Washington,"52,991","56,607"," 61,682 ",8200 Mcewen Road,,Washington Township,45458,,,,washingtontwp.org,Fiscal Officer,Gary,,Smiga,3/31/2024,Trustee ,Dale,,Berry,12/31/2023,Trustee ,Sharon,,Lowry,12/31/2025,Trustee ,Scott,,Paulson,12/31/2025
2022-2023,Morgan,Bloom,"1,015",980, 962 ,215 Roberts Lane,,Mcconnelsville,43756,,,,,Fiscal Officer,Amy,Jo,Roberts,3/31/2024,Trustee ,Stephen ,R.,Work,12/31/2023,Trustee ,Michael,L.,Gibeaut,12/31/2025,Trustee ,Stanley,L.,Hopkins,12/31/2025
2022-2023,Morgan,Bristol,207,191, 182 ,314 East Bond Road,,Mcconnelsville,43756,,,,,Fiscal Officer,Shirley,A.,Holland,3/31/2024,Trustee ,Eric,W.,Ball,12/31/2023,Trustee ,Charles,B.,Moore,12/31/2025,Trustee ,Paul,S.,Wickham,12/31/2025
2022-2023,Morgan,Center,652,743, 677 ,525 State Route 83,,Beverly,45715,,,,,Fiscal Officer,Tamara,R.,Hall,3/31/2024,Trustee ,Thomas,E.,Brothers,12/31/2023,Trustee ,Alva,L.,Heiss,12/31/2025,Trustee ,Alan,L.,Duskey,12/31/2025
2022-2023,Morgan,Deerfield,802,927, 839 ,4350 North Price Road,,Malta,43758,,,,,Fiscal Officer,Phyllis ,M.,Reed,3/31/2024,Trustee ,Charles ,L.,McCabe Jr.,12/31/2023,Trustee ,Casey ,,Clemens,12/31/2025,Trustee ,Paul,D.,Hinkle Jr.,12/31/2025
2022-2023,Morgan,Homer,976,"1,058"," 1,006 ",4949 South State Route 555,,Chesterhill,43728,,,,,Fiscal Officer,Cathi,L.,Jones,3/31/2024,Trustee ,Duane,,King,12/31/2023,Trustee ,Ralph,,Mingus,12/31/2025,Trustee ,Roger,,Hogueo,12/31/2025
2022-2023,Morgan,Malta,"1,964","1,864"," 1,686 ",2817 West Conk Palmer Road NW,,Malta,43758,,,,,Fiscal Officer,Barbara,J.,Greuey,3/31/2024,Trustee ,Chris,,Funk,12/31/2023,Trustee ,George,Allen,George,12/31/2025,Trustee ,Michael,,Weiner,12/31/2025
2022-2023,Morgan,Manchester,141,160, 117 ,6037 North Blackburn Road,,Mcconnelsville,43756,,,,,Fiscal Officer,Darlene,,Cain,3/31/2024,Trustee ,Craig,,Clark,12/31/2023,Trustee ,Robert ,,Post Jr.,12/31/2025,Trustee ,Steven,,Cain,12/31/2025
2022-2023,Morgan,Marion,"1,336","1,323"," 1,181 ",6333 South State Route 555,,Chesterhill,43728,,,,,Fiscal Officer,Tori,,Parsons,3/31/2024,Trustee ,Cecil ,,Mayle Jr.,12/31/2023,Trustee ,Allen ,,Wogan II,12/31/2025,Trustee ,Robert,,Montgomery,12/31/2025
2022-2023,Morgan,Meigsville,894,895, 921 ,4505 East Neelysville Road,,Mcconnelsville,43756,,,,,Fiscal Officer,Trista,,Lindimore,3/31/2024,Trustee ,Jacob ,,Lindimore,12/31/2023,Trustee ,Darren,,Hann,12/31/2025,Trustee ,Timothy,,Curtis,12/31/2025
2022-2023,Morgan,Morgan,"2,617","2,562"," 2,287 ",609 Halcyon Avenue,,Mcconnelsville,43756,,,,,Fiscal Officer,Penny,,Smith,3/31/2024,Trustee ,Ancil,,King Jr.,12/31/2023,Trustee ,Glenn,,Powell,12/31/2025,Trustee ,Darel,,Kuntz,12/31/2025
2022-2023,Morgan,Penn,777,715, 656 ,444 Scott Penn Lane,,Malta,43758,,,,,Fiscal Officer,Jennfier,Jaye,Scott,3/31/2024,Trustee ,Christopher,M.,Earich,12/31/2023,Trustee ,Jan,R.,Scott,12/31/2025,Trustee ,Charles,O.,Greer,12/31/2025
2022-2023,Morgan,Union,607,614, 638 ,976 South State Route 78 SW,,Malta,43758,,,,,Fiscal Officer,Marilyn,L.,Horner,3/31/2024,Trustee ,Timothy,,Thompson,12/31/2023,Trustee ,Christopher,,Nichols,12/31/2025,Trustee ,Timothy,,Vanhorn,12/31/2025
2022-2023,Morgan,Windsor,"1,951","2,089"," 1,897 ",500 South Mccoy Ridge Road,,Stockport,43787,,,,,Fiscal Officer,Cynthia,Marie,Schaad,3/31/2024,Trustee ,Mark,E.,Murphy,12/31/2023,Trustee ,Heath,E.,Mummey,12/31/2025,Trustee ,Steve,A.,Hanson,12/31/2025
2022-2023,Morgan,York,958,933, 753 ,11020 Walpole Road,,Crooksville,43731,,,,,Fiscal Officer,Erica,D.,Bush,3/31/2024,Trustee ,Jerry,,Storts,12/31/2023,Trustee ,Clifford,,Wayne,12/31/2025,Trustee ,James,H.,Wood,12/31/2025
2022-2023,Morrow,Bennington,"2,663","3,102"," 3,297 ",642 County Road 212,,Marengo,43334,,,,,Fiscal Officer,Jill,,Hunter,3/31/2024,Trustee ,Steve,,Lewis,12/31/2023,Trustee ,Randy,,Steck,12/31/2025,Trustee ,Enoch,,Adkins Sr.,12/31/2025
2022-2023,Morrow,Canaan,897,963, 900 ,2605 County Road 59,,Edison,43320,,,,canaantwp.org,Fiscal Officer,Jill,,Retterer,3/31/2024,Trustee ,John,,Bayles,12/31/2023,Trustee ,Matthew ,,Carwell,12/31/2025,Trustee ,Tyler,,Levering,12/31/2025
2022-2023,Morrow,Cardington,"2,790","3,095"," 3,031 ",4587 County Road 128,,Cardington,43315,,,,www.cardingtontownship.org,Fiscal Officer,Darla,,Hardwick,3/31/2024,Trustee ,Doug,,Heacock,12/31/2023,Trustee ,Michael,,Patterson,12/31/2025,Trustee ,Dan,,Green,12/31/2025
2022-2023,Morrow,Chester,"1,655","1,872"," 1,851 ",5895 County Road 25,,Cardington,43315,,,,,Fiscal Officer,Jenny ,,Benedict,3/31/2024,Trustee ,D.,Lynn,Shinaberry,12/31/2023,Trustee ,Anthony,,Shaffer,12/31/2025,Trustee ,Larry ,,Squires,12/31/2025
2022-2023,Morrow,Congress,"2,128","2,701"," 2,939 ",6643 County Road 97,,Mount Gilead,43338,,,,,Fiscal Officer,Kindra,,Pearce,3/31/2024,Trustee ,Jonathan,,Bosh,12/31/2023,Trustee ,Glade,,Bachelder,12/31/2025,Trustee ,Tim,,Hack,12/31/2025
2022-2023,Morrow,Franklin,"1,410","1,617"," 1,609 ",5155 Township Road 117,,Mt. Gilead,43338,,,,,Fiscal Officer,Faith ,E.,Kunze,3/31/2024,Trustee ,James,,Jahn,12/31/2023,Trustee ,Daniel,,May,12/31/2025,Trustee ,Steve,,Kidwell,12/31/2025
2022-2023,Morrow,Gilead,"5,868","6,112"," 5,942 ",151 South Street,,Mt. Gilead,43338,,,,,Fiscal Officer,Richard,,Lyle,3/31/2024,Trustee ,Harry,,Arnold,12/31/2023,Trustee ,Clyde,,Columber,12/31/2025,Trustee ,Dave,,Lewis,12/31/2025
2022-2023,Morrow,Harmony,"2,040","2,626"," 2,610 ",2324 County Road 170,,Marengo,43334-9781,,,,,Fiscal Officer,John,D.,Pennington,3/31/2024,Trustee ,Norman,,Miller,12/31/2023,Trustee ,Larry ,,Coleman,12/31/2025,Trustee ,Matthew,,Baer,12/31/2025
2022-2023,Morrow,Lincoln,"1,955","2,063"," 2,040 ",3149 County Road 169,,Cardington,43315,,,,,Fiscal Officer,Cathy,,Davis,3/31/2024,Trustee ,Ron,,Brown,12/31/2023,Trustee ,Terry,,Pearl,12/31/2025,Trustee ,Robert,,Brandum,12/31/2025
2022-2023,Morrow,North Bloomfield,"1,866","1,863"," 1,853 ",8384 Township Road 56,,Lexington,44904,,,,,Fiscal Officer,Kathy,B.,Miller,3/31/2024,Trustee ,David,Vincent,Miller,12/31/2023,Trustee ,Cory,,Miley,12/31/2025,Trustee ,Dan,,Meadows,12/31/2025
2022-2023,Morrow,Perry,"1,970","1,942"," 1,971 ",7151 US Highway 42,,Mt.Gilead,43338-9420,,,,,Fiscal Officer,Steve,,Mcchesney,3/31/2024,Trustee ,Clint ,,Furniss,12/31/2023,Trustee ,Jacob,,Meadows,12/31/2025,Trustee ,Raymond,,Meadows,12/31/2025
2022-2023,Morrow,Peru,"1,260","1,513"," 1,496 ",3751 Township Road 21,,Marengo,43334,,,,perutownshipohio.org,Fiscal Officer,Paul,Given,Hinkle Jr,3/31/2024,Trustee ,Arthur,H.,Close Jr,12/31/2023,Trustee ,Kenneth,D.,Blankenship,12/31/2025,Trustee ,Frank,V.,Darst,12/31/2025
2022-2023,Morrow,South Bloomfield,"1,609","1,752"," 1,768 ",1575 Township Road 205,,Marengo,43334,,,,https://southbloomfieldtwp.com/,Fiscal Officer,Dawn,,Lloyd,3/31/2024,Trustee ,Brady,,Young,12/31/2023,Trustee ,Robby,,Lloyd,12/31/2025,Trustee ,Brad,,Young,12/31/2025
2022-2023,Morrow,Troy,"1,190","1,129"," 1,156 ",8030 State Route 314,,Mansfield,44904,,,,,Fiscal Officer,Ronald,,Timmons,3/31/2024,Trustee ,David,,Baker,12/31/2023,Trustee ,Micheal,,Heston,12/31/2025,Trustee ,Timothy,,Raney,12/31/2025
2022-2023,Morrow,Washington,"1,227","1,300"," 1,261 ",3612 Township Road 49,,Iberia,43325,PO Box 11,Iberia,43325,,Fiscal Officer,Robert,S.,Snyder,3/31/2024,Trustee ,Dwain,O.,Peak,12/31/2023,Trustee ,Robert,E.,Kochman,12/31/2025,Trustee ,David,E.,Burt,12/31/2025
2022-2023,Morrow,Westfield,"1,100","1,177"," 1,226 ",1699 County Road 156,,Ashley,43003,,,,,Fiscal Officer,Jessica,,Bendle,3/31/2024,Trustee ,Brian,,Barkley,12/31/2023,Trustee ,Terry,,Dickson,12/31/2025,Trustee ,Elwain,,Dreyer,12/31/2025
2022-2023,Muskingum,Adams,516,548, 619 ,7545 Bradford Road,,Adamsville,43802,,,,,Fiscal Officer,Andrew ,J.,Spiker ,3/31/2024,Trustee ,Ronald ,,Houge,12/31/2023,Trustee ,Roger ,,Houge,12/31/2025,Trustee ,Robert ,B.,Vernon,12/31/2025
2022-2023,Muskingum,Blue Rock,641,677, 622 ,9180 Rural Dale Road,,Blue Rock,43720-9702,,,,,Fiscal Officer,Brenda,,Dingey,3/31/2024,Trustee ,Ryan,Shane,Tysinger,12/31/2023,Trustee ,Dana ,,Johnson,12/31/2025,Trustee ,Robert,,Frame,12/31/2025
2022-2023,Muskingum,Brush Creek,"1,375","1,333"," 1,286 ",6010 Stovertown Drive,,Philo,43771,,,,,Fiscal Officer,Robert,J.,Pletcher,3/31/2024,Trustee ,Michael,I.,Busse,12/31/2023,Trustee ,Ronald,S.,Fitz,12/31/2025,Trustee ,Matthew,,Evans,12/31/2025
2022-2023,Muskingum,Cass,"1,492","1,600"," 1,811 ",3215 4th Street,,Trinway,43842,PO Box 326,Trinway,43842,,Fiscal Officer,S,Yvonne,Sidwell,3/31/2024,Trustee ,Brian,,Palmer,12/31/2023,Trustee ,Randall,,Stotts,12/31/2025,Trustee ,Drake,,Prouty,12/31/2025
2022-2023,Muskingum,Clay,"1,038","1,078", 971 ,9815 East Athens Road,,Roseville,43777,PO Box 37,Roseville,43777,,Fiscal Officer,Jennifer,L.,Brown,3/31/2024,Trustee ,Larry,D.,Miller,12/31/2023,Trustee ,Kevin,D.,Miller,12/31/2025,Trustee ,Jack,L.,Brown,12/31/2025
2022-2023,Muskingum,Falls,"8,585","8,131"," 8,718 ",3105 Dillon Falls Road,,Zanesville,43701,PO Box 511,Zanesville,43702,www.fallstownship.org,Fiscal Officer,Gary,E.,Hamilton,3/31/2024,Trustee ,John,W.,Huey,12/31/2023,Trustee ,Charles,H.,Archer Jr.,12/31/2025,Trustee ,Stephen,E.,Dillon,12/31/2025
2022-2023,Muskingum,Harrison,"1,638","1,615"," 1,521 ",8995 Old River Road,,Blue Rock,43720,PO Box 215,Philo,43771,,Fiscal Officer,Jacala,Sue,Ryberg,3/31/2024,Trustee ,Lawrance,Dean,Donohue,12/31/2023,Trustee ,Stephen,A.,Bell,12/31/2025,Trustee ,William,T.,Green,12/31/2025
2022-2023,Muskingum,Highland,848,823, 902 ,5740 Cambridge Road,,New Concord,43762,,,,,Fiscal Officer,Tim,,Cross,3/31/2024,Trustee ,Daniel,,Downey,12/31/2023,Trustee ,Ronald,,Barr Sr.,12/31/2025,Trustee ,Randy,,Morrow,12/31/2025
2022-2023,Muskingum,Hopewell,"3,038","3,093"," 3,193 ",1705 County Line Roa,,Hopewell,43746,,,,,Fiscal Officer,Vicki ,,Mckenzie,3/31/2024,Trustee ,David,,Gillespie,12/31/2023,Trustee ,Roger,,Gard,12/31/2025,Trustee ,Jeffrey,,Hill,12/31/2025
2022-2023,Muskingum,Jackson,"2,221","2,451"," 2,425 ",13776 Hamby Hill Road,,Frazeysburg,43822,,,,,Fiscal Officer,Tom,W.,Graham,3/31/2024,Trustee ,David ,A.,Handley,12/31/2023,Trustee ,Tye ,,Hunter,12/31/2025,Trustee ,Paul ,A.,Vensil,12/31/2025
2022-2023,Muskingum,Jefferson,"1,766","1,837"," 1,850 ",1595 Main Street,,Dresden ,43821,,,,,Fiscal Officer,Travis ,,Cunningham,3/31/2024,Trustee ,Todd ,,Alexander,12/31/2023,Trustee ,Corry ,,Cameron,12/31/2025,Trustee ,Jeffrey ,,Garver,12/31/2025
2022-2023,Muskingum,Licking,"2,248","2,277"," 2,352 ",8615 Blackrun Road,,Nashport,43830,,,,,Fiscal Officer,David,,Hanby,3/31/2024,Trustee ,Lawrence ,,Mcdonald,12/31/2023,Trustee ,Paul,,Dunfee,12/31/2025,Trustee ,Wayne ,,Kilpatrick,12/31/2025
2022-2023,Muskingum,Madison,487,445, 496 ,1005 Dresden Adamsville Road,,Dresden,43821,,,,,Fiscal Officer,Jody,,Little,3/31/2024,Trustee ,Jason,,Vore,12/31/2023,Trustee ,Ralph,,Carnes,12/31/2025,Trustee ,Kevin,,Spiker,12/31/2025
2022-2023,Muskingum,Meigs,173,180, 228 ,10245 Leo Lane ,,Blue Rock,43720-9793,PO Box 79,Blue Rock,43720,,Fiscal Officer,Becky,S.,Dingey,3/31/2024,Trustee ,Jesse,,Rayner,12/31/2023,Trustee ,Rodney,,Dingey,12/31/2025,Trustee ,Stephen,Z.,Bradley Sr.,12/31/2025
2022-2023,Muskingum,Monroe,439,541, 521 ,9700 Edgemoor Road,,New Concord,43762,,,,,Fiscal Officer,Sandy,J.,Babcock,3/31/2024,Trustee ,Charles,D.,Babcock,12/31/2023,Trustee ,Brian,,Adair,12/31/2025,Trustee ,Robert,,Adair,12/31/2025
2022-2023,Muskingum,Muskingum,"3,813","4,520"," 4,861 ",7005 Frazeysburg Road,,Zanesville ,43702,PO Box 2940,Zanesville,43702,,Fiscal Officer,Jason ,T.,Baughman,3/31/2024,Trustee ,Matthew ,V.,Hittle ,12/31/2023,Trustee ,Ed ,,Fell,12/31/2025,Trustee ,Michael ,G.,Maniaci ,12/31/2025
2022-2023,Muskingum,Newton,"5,402","5,373"," 5,247 ",,,,,PO Box 191,White Cottage,43791,,Fiscal Officer,Paula,,Frank,3/31/2024,Trustee ,Derek,,Dozer,12/31/2023,Trustee ,Charles,,Elson,12/31/2025,Trustee ,Larken,,Slack,12/31/2025
2022-2023,Muskingum,Perry,"2,420","2,621"," 2,728 ",4625 Boggs Road,,Zanesville,43701,,,,,Fiscal Officer,Rick ,B.,Alexander,3/31/2024,Trustee ,Doug,,West,12/31/2023,Trustee ,David ,,Danison,12/31/2025,Trustee ,Gary ,L.,Hursey ,12/31/2025
2022-2023,Muskingum,Rich Hill,385,454, 489 ,4547 North Leedom Road,,Chandlersville,43727,,,,,Fiscal Officer,Debbie,D.,St.Clair,3/31/2024,Trustee ,Barry,A.,Bauserman,12/31/2023,Trustee ,Darren,K.,Founds,12/31/2025,Trustee ,Clayton,E.,Dawson,12/31/2025
2022-2023,Muskingum,Salem,830,862, 946 ,5955 Knipe Road,,Zanesville,43701,,,,,Fiscal Officer,Cindy,,Echelberry,3/31/2024,Trustee ,James,,Echelberry,12/31/2023,Trustee ,Steven,,Matthews,12/31/2025,Trustee ,James,,Knipe,12/31/2025
2022-2023,Muskingum,Salt Creek,"1,113","1,112"," 1,153 ",7650 Chandlersville Road,,Chandlersville,43727,,,,,Fiscal Officer,Greg,,Hamill,3/31/2024,Trustee ,Randy,,Williams,12/31/2023,Trustee ,L.,Kevin,Deal,12/31/2025,Trustee ,Charles,,Klies,12/31/2025
2022-2023,Muskingum,Springfield,"5,433","5,602"," 5,452 ",4901 Old Coopermill Road,,Zanesville,43701,,,,,Fiscal Officer,Josie,,Daniels,3/31/2024,Trustee ,Dale,,Phillips,12/31/2023,Trustee ,Mark,,Burrier,12/31/2025,Trustee ,Jarret,,Daniels,12/31/2025
2022-2023,Muskingum,Union,"4,359","4,395"," 4,265 ",1030 Friendship Drive,,New Concord,43762,PO Box 439,New Concord,43762,,Fiscal Officer,Brian,Keith,Taylor,3/31/2024,Trustee ,Jeff,,Mathews,12/31/2023,Trustee ,Mike,,Jordan,12/31/2025,Trustee ,Rick,,Neff,12/31/2025
2022-2023,Muskingum,Washington,"4,284","4,288"," 4,097 ",3010 Adamsville Road,,Zanesville,43701,,,,,Fiscal Officer,Joni,R.,Howard,3/31/2024,Trustee ,Clinton,W.,Cameron,12/31/2023,Trustee ,Douglas,M.,Culbertson,12/31/2025,Trustee ,Matthew,A.,Grimm,12/31/2025
2022-2023,Muskingum,Wayne,"4,455","4,731"," 4,892 ",4495 Chandlersville Road,,Zanesville,43701,,,,,Fiscal Officer,Jason,,Mock,3/31/2024,Trustee ,Logan,,Deitrick,12/31/2023,Trustee ,Josh,,Swingle,12/31/2025,Trustee ,Donald,G.,Alexander,12/31/2025
2022-2023,Noble,Beaver,758,767, 755 ,55090 Mandley Hill Road,,Quaker City,43773,,,,,Fiscal Officer,Shawn,A.,May,3/31/2024,Trustee ,Chris,,Carpenter,12/31/2023,Trustee ,Ron,,Lafever,12/31/2025,Trustee ,Kenny,,Pfeffer,12/31/2025
2022-2023,Noble,Brookfield,119,99, 112 ,11544 Cordell Cove Lane,,Cumberland,43732,,,,,Fiscal Officer,Jodie,Lynn,Cordell,3/31/2024,Trustee ,Mike,,Waite,12/31/2023,Trustee ,John,,Denny,12/31/2025,Trustee ,Jason,,Feldner,12/31/2025
2022-2023,Noble,Buffalo,782,815, 885 ,51746 Old Infirmary Road,,Pleasant City ,43772,,,,,Fiscal Officer,Valerie ,,Dimmerling,3/31/2024,Trustee ,David ,A.,Wikander Jr. ,12/31/2023,Trustee ,Myron ,,Secrest,12/31/2025,Trustee ,Glenn ,,Mudge,12/31/2025
2022-2023,Noble,Center,"1,027","1,110"," 1,073 ",48880 Sarahsville Road,,Sarahsville,43779,,,,,Fiscal Officer,Mary,,Slevin,3/31/2024,Trustee ,Steve,,Roe,12/31/2023,Trustee ,Brent,,Rossiter,12/31/2025,Trustee ,Donald,,Devolld,12/31/2025
2022-2023,Noble,Elk,305,333, 303 ,40814 Crum Ridge Road,,Caldwell,43724,,,,,Fiscal Officer,Susan ,K.,Smith,3/31/2024,Trustee ,James ,J.,Smithberger Sr.,12/31/2023,Trustee ,Jeffrey,L.,Fogle,12/31/2025,Trustee ,Stacey,E.,Harriman,12/31/2025
2022-2023,Noble,Enoch,413,440, 443 ,23822 Frostyville Road,,Caldwell,43724,,,,,Fiscal Officer,Jennifer,A.,Hayes,3/31/2024,Trustee ,David,D.,Clark,12/31/2023,Trustee ,James,O.,Fogle,12/31/2025,Trustee ,Donald ,D.,Saling,12/31/2025
2022-2023,Noble,Jackson,536,528, 485 ,17178 Crooked Tree Road,,Dexter City,45727,,,,,Fiscal Officer,Michael,,Hesson,3/31/2024,Trustee ,Dewaine,,Linger,12/31/2023,Trustee ,Ronald ,,Linger,12/31/2025,Trustee ,David ,,Hesson,12/31/2025
2022-2023,Noble,Jefferson,284,281, 187 ,38916 Sheep Skin Ridge Road,,Lower Salem,45745,,,,,Fiscal Officer,Mary,,Guy,3/31/2024,Trustee ,Tim,,Guy,12/31/2023,Trustee ,Travis,,Zerger,12/31/2025,Trustee ,Harry,,Clark,12/31/2025
2022-2023,Noble,Marion,730,671, 618 ,26655 Woodsfield Road,,Summerfield,43788,,,,,Fiscal Officer,John,,Cline,3/31/2024,Trustee ,William,,Warner,12/31/2023,Trustee ,Maurice,,Warner,12/31/2025,Trustee ,Luke,,Archer,12/31/2025
2022-2023,Noble,Noble,"2,013","2,118"," 1,986 ",17985 Wolf Run Road,,Caldwell ,43724,,,,,Fiscal Officer,Jason ,,Rich ,3/31/2024,Trustee ,Greg ,,Bond,12/31/2023,Trustee ,Gary ,J.,Ginn,12/31/2025,Trustee ,Bill ,,Wheeler ,12/31/2025
2022-2023,Noble,Olive,"5,395","5,852"," 5,724 ",16910 Bronze Heights Lane,,Caldwell,43724,,,,,Fiscal Officer,Logan,Michael,Cline,3/31/2024,Trustee ,Earnest,Earl,Pickenpaugh,12/31/2023,Trustee ,Oran,,Way,12/31/2025,Trustee ,Allen,,Tarleton,12/31/2025
2022-2023,Noble,Seneca,453,479, 423 ,C/O 54585 Opossum Run Road,,Senecaville,43780,,,,,Fiscal Officer,Stephanie,Kay,Neuhart,3/31/2024,Trustee ,Christopher,W.,Rich,12/31/2023,Trustee ,Charles,Ray,Betts,12/31/2025,Trustee ,Anthony,B.,Sholtis,12/31/2025
2022-2023,Noble,Sharon,353,342, 330 ,14475 Fogle Road,,Caldwell ,43724,,,,,Fiscal Officer,Angel ,D.,Cain,3/31/2024,Trustee ,Duane,,Parcell,12/31/2023,Trustee ,David ,,Reed,12/31/2025,Trustee ,Michael,,Bettinger,12/31/2025
2022-2023,Noble,Stock,383,325, 312 ,46524 Doshie Road,,Sarahsville,43779,,,,,Fiscal Officer,Andrea,,Hall,3/31/2024,Trustee ,Randy,,Archer,12/31/2023,Trustee ,Duane ,Ed,Dimmerling ,12/31/2025,Trustee ,Robert ,,Forshey ,12/31/2025
2022-2023,Noble,Wayne,507,485, 479 ,56209 Wilson Road,,Quaker City,43773,,,,,Fiscal Officer,Andrea,,Wood,3/31/2024,Trustee ,Mark ,,West,12/31/2023,Trustee ,Diana,,Wood,12/31/2025,Trustee ,William,,West,12/31/2025
2022-2023,Ottawa,Allen,"3,591","3,780"," 3,773 ",21030 West Toledo Street,,Williston,43468,PO Box 440,Williston,43468,allentownship.us,Fiscal Officer,Jennifer,,Witt,3/31/2024,Trustee ,Ernest,,Cottrell,12/31/2023,Trustee ,Craig,,Blausey,12/31/2025,Trustee ,Dennis,,Hartman,12/31/2025
2022-2023,Ottawa,Bay,"1,294","1,458"," 1,142 ",5530 West Little Portage East Road,,Port Clinton,43452,,,,baytownship.com,Fiscal Officer,Bonnie,,Kaspar,3/31/2024,Trustee ,Artemio,,Castillo,12/31/2023,Trustee ,Denton,,Glovinsky,12/31/2025,Trustee ,Benny,,Petersen,12/31/2025
2022-2023,Ottawa,Benton,"2,621","2,641"," 2,449 ",1670 North Walker Street,,Graytown,42432,PO Box 7 ,Graytown ,42432,Bentontownship.org ,Fiscal Officer,Gayle ,S.,Millinger,3/31/2024,Trustee ,William ,,Belkofer,12/31/2023,Trustee ,David,,Millinger,12/31/2025,Trustee ,James ,,Buhro,12/31/2025
2022-2023,Ottawa,Carroll,"1,931","2,135"," 2,117 ",111080 West Toussaint East,,Oak Harbor,43449,,,,,Fiscal Officer,Tina ,,Biggert,3/31/2024,Trustee ,James ,,Meek,12/31/2023,Trustee ,Jordan ,B.,Moore,12/31/2025,Trustee ,Sandra,,Shearon,12/31/2025
2022-2023,Ottawa,Catawba Island,"3,157","3,599"," 3,711 ",4822 East Cemetery Road,,Port Clinton,43452,,,,catawbaislandtownship.com,Fiscal Officer,Karen,,Shaw,3/31/2024,Trustee ,Diane,,Belden,12/31/2023,Trustee ,William,,Rofkar,12/31/2025,Trustee ,Matt,,Montowski,12/31/2025
2022-2023,Ottawa,Clay,"5,118","5,058"," 4,825 ",21774 W Holts-East Road,,Genoa,43430,,,,ClayTownshipOhio.net,Fiscal Officer,Elaine,F.,Merx Konesky,3/31/2024,Trustee ,Michael ,,Deikman,12/31/2023,Trustee ,Joseph ,,Badger,12/31/2025,Trustee ,Chad,,Gargas,12/31/2025
2022-2023,Ottawa,Danbury,"4,631","5,167"," 4,924 ",5972 E Port Clinton Eastern Road,,Marblehead,43440,,,,www.danburytownship.com,Fiscal Officer,Carolyn,Sue,Adams,3/31/2024,Trustee ,Dianne,,Rozak,12/31/2023,Trustee ,David,,Hirt,12/31/2025,Trustee ,John ,Paul,Dress,12/31/2025
2022-2023,Ottawa,Erie,"1,328","1,221"," 1,147 ",5585 West Harbor Road,,Port Clinton,43452,PO Box 312,Port Clinton,43439,,Fiscal Officer,Louise,J.,Toris,3/31/2024,Trustee ,Alfred ,J.,Wozniak Jr.,12/31/2023,Trustee ,Anthony,P.,Wells,12/31/2025,Trustee ,Frederick,J.,Bice,12/31/2025
2022-2023,Ottawa,Harris,"3,009","3,018"," 2,910 ",321 Rice Street,,Elmore,43416,PO Box 341,Elmore,43416,www.harristownshipohio.com,Fiscal Officer,Laura,J.,Hazel,3/31/2024,Trustee ,Jerald,A.,Haar,12/31/2023,Trustee ,Beverly,K.,Haar,12/31/2025,Trustee ,Donald,J.,Greenhill II,12/31/2025
2022-2023,Ottawa,Portage,"1,634","1,291"," 1,217 ",1398 South Fulton Street,,Port Clinton,43452,,,,portagetownship.net,Fiscal Officer,Judy,,Johannsen,3/31/2024,Trustee ,Molly,,Sass,12/31/2023,Trustee ,Karl,,Kopchak,12/31/2025,Trustee ,Keith,,Heileman,12/31/2025
2022-2023,Ottawa,Put-In-Bay,763,633, 813 ,624 Trenton Avenue,,Put In Bay,43456,PO Box 127,Put In Bay,43456,pibtownship.com,Fiscal Officer,Laureen,Ann,Miller,3/31/2024,Trustee ,Christopher,,Cooper,12/31/2023,Trustee ,Eric,,Engel,12/31/2025,Trustee ,Matthew,,Miller,12/31/2025
2022-2023,Ottawa,Salem,"5,517","5,371"," 5,311 ",11650 West Portage River South Road,,Oak Harbor,43449,PO Box 417,Oak Harbor,43449,,Fiscal Officer,Aaron,,Avery,3/31/2024,Trustee ,Richard,,Lenke,12/31/2023,Trustee ,Todd,,Winke,12/31/2025,Trustee ,Randall,,Wilburn,12/31/2025
2022-2023,Paulding,Auglaize,"1,535","1,454"," 1,332 ",22490 Road 178,,Oakwood,45873,,,,,Fiscal Officer,Sue,A.,Becher,3/31/2024,Trustee ,Eugene,B.,Weidenhamer,12/31/2023,Trustee ,Everett,E.,Bennett,12/31/2025,Trustee ,David,L.,Schroeder,12/31/2025
2022-2023,Paulding,Benton,"1,035","1,046"," 1,019 ",6100 Road 33,,Payne,45880,,,,,Fiscal Officer,Racheal,R.,Head,3/31/2024,Trustee ,Randy,W.,Noggle,12/31/2023,Trustee ,Mark,A.,Crosby,12/31/2025,Trustee ,Joseph,W.,Thome,12/31/2025
2022-2023,Paulding,Blue Creek,804,781, 700 ,8451 Road 48,,Haviland,45851,,,,,Fiscal Officer,Christopher,,Laukhuf,3/31/2024,Trustee ,Calvin,,Sinn,12/31/2023,Trustee ,Jammie ,,Hughes,12/31/2025,Trustee ,Bryce,,Mills,12/31/2025
2022-2023,Paulding,Brown,"2,244","2,132"," 1,924 ",200 South First Street,,Oakwood,45873,,,,,Fiscal Officer,Kevin,,Hornish,3/31/2024,Trustee ,Martin,,Adans,12/31/2023,Trustee ,Beau,,Leatherman,12/31/2025,Trustee ,Craig,,Dobbelaere,12/31/2025
2022-2023,Paulding,Carryall,"3,046","2,980"," 3,010 ",15156 Road 23,,Antwerp,45813,,,,,Fiscal Officer,Deb,,Wyckoff,3/31/2024,Trustee ,Joseph,,Barker,12/31/2023,Trustee ,Nathan,,Zuber,12/31/2025,Trustee ,Benjamin,,Kauser,12/31/2025
2022-2023,Paulding,Crane,"1,530","1,420"," 1,253 ",17374 US 127,,Cecil,45821,,,,,Fiscal Officer,Carol,S.,Razo,3/31/2024,Trustee ,Michael,,Meyer,12/31/2023,Trustee ,Kevin,,Stuart,12/31/2025,Trustee ,Joe,,Sukup,12/31/2025
2022-2023,Paulding,Emerald,824,789, 765 ,16834 Road 115,,Cecil,45821,,,,,Fiscal Officer,Samuel,,Hatcher,3/31/2024,Trustee ,Greg,,Adkins,12/31/2023,Trustee ,Ricky,,Weippert,12/31/2025,Trustee ,Kenneth,,Laker,12/31/2025
2022-2023,Paulding,Harrison,"1,566","1,459"," 1,511 ",7877 Road 51,,Payne ,45880,PO Box 103,Payne ,45880,,Fiscal Officer,Kathy ,K.,Feasby,3/31/2024,Trustee ,Kerry ,Flynn,Hook,12/31/2023,Trustee ,Chad ,C.,Benschneider,12/31/2025,Trustee ,Robert,E.,Young,12/31/2025
2022-2023,Paulding,Jackson,"1,886","1,795"," 1,773 ",9992 Road 131,,Paulding,45879,PO Box 21,Paulding,45879,,Fiscal Officer,Mary,,Howard,3/31/2024,Trustee ,Dennis,,Sanderson,12/31/2023,Trustee ,Stephen,,Sprow,12/31/2025,Trustee ,Charles,,Holtsberry,12/31/2025
2022-2023,Paulding,Latty,"1,026","1,017", 978 ,204 Tyler Street,,Grover Hill,45849,PO Box 47,Grover Hill,45849,,Fiscal Officer,Susan,E.,Hinchcliff,3/31/2024,Trustee ,Jason,,Sheets,12/31/2023,Trustee ,Lyle,,Ebel,12/31/2025,Trustee ,Blake,,Sinn,12/31/2025
2022-2023,Paulding,Paulding,"4,008","4,022"," 3,878 ",732 Miller Parkway Drive,,Paulding,45879,,,,,Fiscal Officer,Jane,L.,Buchman,3/31/2024,Trustee ,John,Michael,Kauser,12/31/2023,Trustee ,Dennis,H.,Layman,12/31/2025,Trustee ,Alex,G.,Straley,12/31/2025
2022-2023,Paulding,Washington,789,719, 663 ,2523 Road 173,,Grover Hill,45849,,,,,Fiscal Officer,Neil,Eugene,Beining,3/31/2024,Trustee ,Lonnie,C.,Lytle,12/31/2023,Trustee ,Burton,J.,Merriman,12/31/2025,Trustee ,Lynn,A.,Noffsinger,12/31/2025
2022-2023,Perry,Bearfield,"1,412","1,677"," 1,465 ",545 Royma Road,,Corning,43730,,,,,Fiscal Officer,Kathy ,E.,Lackney ,3/31/2024,Trustee ,Darron,,Rambo,12/31/2023,Trustee ,Albert ,L.,Reed,12/31/2025,Trustee ,Olaf,Todd ,Harris,12/31/2025
2022-2023,Perry,Clayton,"1,432","1,565"," 1,565 ",9090 Township Road 169A NE,,New Lexington,43764-9643,,,,,Fiscal Officer,Sonya,,Saxton,3/31/2024,Trustee ,Justin,,Baker,12/31/2023,Trustee ,Braxton,,Cannon,12/31/2025,Trustee ,Richard,,Shumaker,12/31/2025
2022-2023,Perry,Coal,"1,106","1,042", 939 ,198 Plummer Hill Road,,New Straitsville,43766,PO Box 381,New Straitsville,43766,,Fiscal Officer,Barry,L.,Hoy,3/31/2024,Trustee ,Edwin,L.,Thompson,12/31/2023,Trustee ,Donald,E.,Sines,12/31/2025,Trustee ,John,F.,Spicer Jr.,12/31/2025
2022-2023,Perry,Harrison,"5,399","5,253"," 5,145 ",12823 Township Road 1001 NE,,Crooksville,43731,,,,,Fiscal Officer,Khristine,,Hanson,3/31/2024,Trustee ,Jerald ,,Watts,12/31/2023,Trustee ,Timothy,,Danielson,12/31/2025,Trustee ,Robert,,Elliott,12/31/2025
2022-2023,Perry,Hopewell,"2,163","2,399"," 2,583 ",3520 Township Road 20,,Glenford,43739,PO Box 94,Glenford,43739,www.hopewelltownship.net,Fiscal Officer,Tara,M.,Gibson,3/31/2024,Trustee ,Carl,T.,Dupler,12/31/2023,Trustee ,Steven,,Swinehart,12/31/2025,Trustee ,Joseph,,Orr,12/31/2025
2022-2023,Perry,Jackson,"2,791","2,856"," 2,761 ",1505 Rome East #668 South,,Junction City,43748,,,,,Fiscal Officer,Tina,Rose,Fondale,3/31/2024,Trustee ,Patrick,Winfield,Wolfe,12/31/2023,Trustee ,Frank,Joseph,Fondale,12/31/2025,Trustee ,Lowell,Thomas ,Spohn,12/31/2025
2022-2023,Perry,Madison,"1,229","1,377"," 1,367 ",13833 Mount Perry Road NE,,Mount Perry,43760,,,,,Fiscal Officer,John,W.,White,3/31/2024,Trustee ,Shawn,L.,Glenn,12/31/2023,Trustee ,Matthew,W.,Snider,12/31/2025,Trustee ,Shawn,R.,Bailey,12/31/2025
2022-2023,Perry,Monday Creek,671,727, 694 ,1480 Bell Bottom Road,,New Straitsville,43766,,,,,Fiscal Officer,Julie,S.,Danison,3/31/2024,Trustee ,Mike,W.,Kessler,12/31/2023,Trustee ,Jerry,L.,Brown,12/31/2025,Trustee ,Donnie,L.,Danison,12/31/2025
2022-2023,Perry,Monroe,"1,565","1,508"," 1,356 ",130 Jefferson Street,,Corning,43730,PO Box 426,Corning,43730,,Fiscal Officer,Roberta,F.,Kreitz,3/31/2024,Trustee ,Joseph ,L.,Duffy,12/31/2023,Trustee ,Trevor,,Mclean,12/31/2025,Trustee ,Todd,R.,Pierce,12/31/2025
2022-2023,Perry,Pike,"6,595","6,923"," 6,688 ",7100 Pike Township Road 219,,New Lexington,43764,PO Box 572,New Lexington,43764,,Fiscal Officer,Janice,D.,Ferguson,3/31/2024,Trustee ,Michael,,Boley,12/31/2023,Trustee ,Richard,,Fankhauser,12/31/2025,Trustee ,Charles,,Saxton,12/31/2025
2022-2023,Perry,Pleasant,794,846, 842 ,10430 Biddison Street,,Moxahala,43761,PO Box 425,Moxahala,43761,,Fiscal Officer,Jo Ellen,,Alfman,3/31/2024,Trustee ,Robert,Glenn,Plant,12/31/2023,Trustee ,Paul,Sherman,Dutiel,12/31/2025,Trustee ,Raymond,P.,Lucas,12/31/2025
2022-2023,Perry,Reading,"3,956","4,370"," 4,358 ",1790 Big Inch Road,,Somerset,43783,PO Box 369,Somerset,43783,,Fiscal Officer,Rebecca ,Ann,Sweeney,3/31/2024,Trustee ,James,A.,Emmert Jr.,12/31/2023,Trustee ,Timothy,Richard,Emmert,12/31/2025,Trustee ,Wesley,Robert,Snider,12/31/2025
2022-2023,Perry,Saltlick,"1,200","1,262"," 1,090 ",6613 State Route 93 SE,,Shawnee,43782,,,,,Fiscal Officer,Sherry,,Stanley,3/31/2024,Trustee ,Russell,,Vann,12/31/2023,Trustee ,Terry,,Jones,12/31/2025,Trustee ,Robert,,Mcclean,12/31/2025
2022-2023,Perry,Thorn,"3,765","4,253"," 4,555 ",13780 Zion Road,,Thornville,43076,PO Box 419,Thornville,43076,thorntwp.com,Fiscal Officer,Billie,Lea,Dearlove,3/31/2024,Trustee ,Robert ,,Coleman,12/31/2023,Trustee ,Richard,,Wilson,12/31/2025,Trustee ,Charles,R.,Boring,12/31/2025
2022-2023,Pickaway,Circleville,"2,300","2,389"," 2,531 ",2665 North Court Street,,Circleville,43113,PO Box 121,Circleville,43113,,Fiscal Officer,Brenda,Oberhaus,Palm,3/31/2024,Trustee ,James,O.,Jarrell,12/31/2023,Trustee ,Ernest,R.,Enoch,12/31/2025,Trustee ,Robert,,Kuhlwein,12/31/2025
2022-2023,Pickaway,Darby,"3,492","3,366"," 3,213 ",,,,,PO Box 37,Derby,43117,,Fiscal Officer,Mike,,Graham,3/31/2024,Trustee ,Clyde,,Ohnewehr,12/31/2023,Trustee ,Chris ,,Creamer,12/31/2025,Trustee ,Matt,,Corder,12/31/2025
2022-2023,Pickaway,Deercreek,"1,644","1,700"," 1,613 ",9980 US Route 22,,Williamsport,43164,PO Box 114,Williamsport,43164,deercreektownship.com,Fiscal Officer,Cindy,,Miller,3/31/2024,Trustee ,Charles,,Galloway,12/31/2023,Trustee ,William,,Keller,12/31/2025,Trustee ,Randall,,Metzger,12/31/2025
2022-2023,Pickaway,Harrison,"6,424","7,593"," 8,274 ",,,,,PO Box 22,Ashville,43103,www.harrisonpickaway.com,Fiscal Officer,Lindsay,,Mayse,3/31/2024,Trustee ,Frank,,Welsh,12/31/2023,Trustee ,Donnie,,Mayse,12/31/2025,Trustee ,James,,Deal,12/31/2025
2022-2023,Pickaway,Jackson,916,"1,132"," 1,098 ",5534 Yankeetown Pike,,Circleville,43113,PO Box 22,Circleville,43113,,Fiscal Officer,Barbara ,A.,Knox,3/31/2024,Trustee ,Paul ,B.,Thompson,12/31/2023,Trustee ,L Jay ,,Welsh ,12/31/2025,Trustee ,Ian ,M.,Fausnaugh,12/31/2025
2022-2023,Pickaway,Madison,"1,461","1,355"," 1,712 ",10971 Winchester Road,,Ashville,43103,,,,http://www.madisonpickaway.org,Fiscal Officer,Nicole,,Bitler,3/31/2024,Trustee ,Brian ,,Cook,12/31/2023,Trustee ,Austin,,Brown,12/31/2025,Trustee ,Ryan,,Smith,12/31/2025
2022-2023,Pickaway,Monroe,"1,166","1,234"," 1,250 ",20243 Pherson Pike,,Williamsport,43164-9750,,,,,Fiscal Officer,Katie,,Barnes,3/31/2024,Trustee ,Richard,,Phillips,12/31/2023,Trustee ,Ted,,Rogers,12/31/2025,Trustee ,Gary,,Moore,12/31/2025
2022-2023,Pickaway,Muhlenberg,905,901, 813 ,16905 London Road,,Williamsport,43164,,,,,Fiscal Officer,Kathleen,,Yarsky,3/31/2024,Trustee ,Ronald ,,Clifton,12/31/2023,Trustee ,Jeff,,Wippel,12/31/2025,Trustee ,Stan,,Summers,12/31/2025
2022-2023,Pickaway,Perry,"1,319","1,328"," 1,253 ",24920 Locust Grove Road,,Williamsport,43164,,,,,Fiscal Officer,Linda,E.,Mace,3/31/2024,Trustee ,James,R.,Peck,12/31/2023,Trustee ,Mark,A.,Vernon,12/31/2025,Trustee ,Jeffrey,R.,Reed,12/31/2025
2022-2023,Pickaway,Pickaway,"1,851","2,041"," 2,036 ",6166 Zane Trail Road,(No Mail Receptacle)  ,Circleville,43113,,,,,Fiscal Officer,Brian,,Barr,3/31/2024,Trustee ,Daryl,,Rittinger,12/31/2023,Trustee ,Vacant,,Vacant,12/31/2025,Trustee ,Mark,,Martin,12/31/2025
2022-2023,Pickaway,Saltcreek,"2,655","2,925"," 2,727 ",13040 State Route 56 East,,Kingston,45644,,,,,Fiscal Officer,Maxine,,Imler,3/31/2024,Trustee ,John,,Bower,12/31/2023,Trustee ,Dale,,Valentine,12/31/2025,Trustee ,Jim,,Fox,12/31/2025
2022-2023,Pickaway,Scioto,"9,165","9,933"," 11,712 ",6752 State Route 762,,Commercial Point,43116,PO Box 40,Commercial Point,43116,www.sciototownship.com,Fiscal Officer,Terry,Gene,Brill,3/31/2024,Trustee ,John,,Maynard,12/31/2023,Trustee ,Barton,,Fannin,12/31/2025,Trustee ,Ralph,,Wolfe,12/31/2025
2022-2023,Pickaway,Walnut,"2,428","2,809"," 2,962 ",16049 Ringgold Northern Road,,Ashville,43103,,,,,Fiscal Officer,Vicki,L.,Sethna,3/31/2024,Trustee ,Roger,L.,Cook,12/31/2023,Trustee ,Wilson,G.,Ett,12/31/2025,Trustee ,Warren,R.,Spangler,12/31/2025
2022-2023,Pickaway,Washington,"2,951","3,151"," 2,991 ",21339 Ringgold  Southern Road,,Circleville,43113,,,,,Fiscal Officer,Thomas,J.,Beaver,3/31/2024,Trustee ,Richard,E.,Stevens,12/31/2023,Trustee ,James,R.,Ewing,12/31/2025,Trustee ,Dennis,V.,Shaw,12/31/2025
2022-2023,Pickaway,Wayne,565,527, 427 ,24737 State Route 104,,Circleville,43113,,,,,Fiscal Officer,John ,D.,Hoffman,3/31/2024,Trustee ,William,P.,Hamman,12/31/2023,Trustee ,Kenny,E.,Davis,12/31/2025,Trustee ,Brenna,,Gibson,12/31/2025
2022-2023,Pike,Beaver,"1,450","1,369"," 1,291 ",1145 Carrs Run Road,,Waverly ,45690,,,,,Fiscal Officer,Juan ,Kay ,Lykins,3/31/2024,Trustee ,Johnny ,,Cantrell,12/31/2023,Trustee ,Kenny ,Lee ,Bobst,12/31/2025,Trustee ,Scott,A.,Schrader,12/31/2025
2022-2023,Pike,Benton,"1,520","1,669"," 1,583 ",209 Rainbow Trail,,Waverly,45690,,,,,Fiscal Officer,Kimberly,A.,Gross,3/31/2024,Trustee ,Richard,A.,Mcbee,12/31/2023,Trustee ,Todd,J.,Montgomery,12/31/2025,Trustee ,Kelly,,Shepherd,12/31/2025
2022-2023,Pike,Camp Creek,951,979," 1,057 ",9620 Camp Creek Road,,Lucasville,45648,,,,,Fiscal Officer,Vickie,E.,Ratliff,3/31/2024,Trustee ,Heath,,Mefford,12/31/2023,Trustee ,Donnie,,Dyke,12/31/2025,Trustee ,David,,Kinnison,12/31/2025
2022-2023,Pike,Jackson,"1,346","1,209"," 1,170 ",16470 State Route 335,,Beaver,45613,,,,,Fiscal Officer,Rebecca,,Good,3/31/2024,Trustee ,Marla,,Cosby,12/31/2023,Trustee ,John,,Jackson,12/31/2025,Trustee ,Marty,,Harris,12/31/2025
2022-2023,Pike,Marion,"1,351","1,467"," 1,478 ",4835 State Route 335,,Beaver,45613,,,,,Fiscal Officer,Tasha,,Cody,3/31/2024,Trustee ,Berlin,,Caudill,12/31/2023,Trustee ,Joseph,,Balzer,12/31/2025,Trustee ,Shawn,,Mcbee,12/31/2025
2022-2023,Pike,Mifflin,"1,194","1,305"," 1,210 ",2146 New Fain Road,,Peebles,45660,,,,,Fiscal Officer,Billi,,Leeth,3/31/2024,Trustee ,Josh,,Ison,12/31/2023,Trustee ,C.,David,Brewster,12/31/2025,Trustee ,Charles,Darren,Hannah,12/31/2025
2022-2023,Pike,Newton,"2,006","1,958"," 1,810 ",2027 Williams Road,,Piketon,45661,,,,,Fiscal Officer,Jamie,L.,Wooldridge,3/31/2024,Trustee ,George,K.,Grooms,12/31/2023,Trustee ,Michael,,Wickline,12/31/2025,Trustee ,Stephen,G.,Jordan,12/31/2025
2022-2023,Pike,Pebble,"2,416","2,553"," 2,428 ",198 Strickland Road,,Piketon,45661,,,,,Fiscal Officer,Dora,E.,Ison,3/31/2024,Trustee ,Gregory,,Kritzwiser,12/31/2023,Trustee ,Richard,L.,Beasley,12/31/2025,Trustee ,Wayne,,Satterfield,12/31/2025
2022-2023,Pike,Pee Pee,"7,776","7,886"," 7,392 ",621 Kennard Road,,Waverly,45690,,,,,Fiscal Officer,Charla,J.,Rose,3/31/2024,Trustee ,David,R.,Dewitt,12/31/2023,Trustee ,James,H.,Helton,12/31/2025,Trustee ,Rodney,L.,Leffler,12/31/2025
2022-2023,Pike,Perry,913,"1,026", 915 ,2623 State Route 41 South,,Bainbridge,45612,,,,,Fiscal Officer,Michael,C.,Schreck,3/31/2024,Trustee ,Ron,,Barnett,12/31/2023,Trustee ,John,,Jenkins,12/31/2025,Trustee ,Darrell,W.,Carter,12/31/2025
2022-2023,Pike,Scioto,"1,232","1,267"," 1,061 ",1851 Bailey Chapel Road,,Beaver,45613,,,,,Fiscal Officer,Jaime,,Steffy,3/31/2024,Trustee ,Michael,,Cuckler,12/31/2023,Trustee ,Bernard,,Neal,12/31/2025,Trustee ,Richard,,Pritchett,12/31/2025
2022-2023,Pike,Seal,"2,983","3,396"," 3,351 ",12032 State Route 220,,Waverly,45690,PO Box 262,Piketon,45661,,Fiscal Officer,Randy,,Rider,3/31/2024,Trustee ,Delbert,,Rigsby,12/31/2023,Trustee ,Jason,,Foster,12/31/2025,Trustee ,Paul,,Goode,12/31/2025
2022-2023,Pike,Sunfish,"1,317","1,307"," 1,115 ",6105 Laurel Ridge Road,,Piketon ,45661,,,,,Fiscal Officer,Patrick ,Bryan ,Williams,3/31/2024,Trustee ,Mickey ,Wayne ,Wooldridge,12/31/2023,Trustee ,Michael ,A.,Mc Coy ,12/31/2025,Trustee ,Brock ,A.,Wooldridge ,12/31/2025
2022-2023,Pike,Union,"1,240","1,318"," 1,227 ",17 Adams Road,,Beaver,45613,PO Box 415 ,Piketon,45661,,Fiscal Officer,Jessica ,,Dickerson,3/31/2024,Trustee ,Charles,,Newsome,12/31/2023,Trustee ,William ,,Tomlison,12/31/2025,Trustee ,Todd,,Gillenwater,12/31/2025
2022-2023,Portage,Atwater,"2,762","2,740"," 2,564 ",1219 State Route 183,,Atwater,44201,PO Box 9,Atwater,44201,atwatertwp.net,Fiscal Officer,Linda,A.,Allen,3/31/2024,Trustee ,John,,Kovacich,12/31/2023,Trustee ,Thora,,Green,12/31/2025,Trustee ,Charles,,Harris,12/31/2025
2022-2023,Portage,Brimfield,"7,963","10,376"," 11,352 ",1333 Tallmadge Road,,Kent,44240,,,,https://brimfieldohio.gov/,Fiscal Officer,John,,Dalziel,3/31/2024,Trustee ,Sue,,Fields,12/31/2023,Trustee ,Nicholas ,,Coia,12/31/2025,Trustee ,Mike,,Kostensky ,12/31/2025
2022-2023,Portage,Charlestown,"2,003","1,799"," 1,735 ",7352 Newton Falls Road,,Ravenna,44266,,,,www.charlestowntownship.com,Fiscal Officer,Susan,Michelle,Forgacs,3/31/2024,Trustee ,Bruce,,Lange,12/31/2023,Trustee ,Adam,,Eskridge,12/31/2025,Trustee ,Tim,,Patrick,12/31/2025
2022-2023,Portage,Deerfield,"3,211","2,822"," 2,838 ",,,,,PO Box 186,Deerfield,44411,,Fiscal Officer,Kristy,,Elliott,3/31/2024,Trustee ,Mark,,Bann,12/31/2023,Trustee ,Charles,,Dean,12/31/2025,Trustee ,Tiffany,,Havens,12/31/2025
2022-2023,Portage,Edinburg,"2,344","2,586"," 2,351 ",6856 Tallmadge Road,,Rootstown,44272,PO Box 485,Rootstown,44272,Edinburgtownship.com,Fiscal Officer,William ,F.,Mccluskey,3/31/2024,Trustee ,Jeffrey ,,Bixler,12/31/2023,Trustee ,Tim,,Pfile,12/31/2025,Trustee ,Chris,,Diehl,12/31/2025
2022-2023,Portage,Franklin,"5,276","5,527"," 6,283 ",218 Gougler Avenue,,Kent,44240,PO Box 291,Kent,44240,franklintownshipohio.org,Fiscal Officer,Lisé,S.,Russell,3/31/2024,Trustee ,Scott,E.,Swan,12/31/2023,Trustee ,Kellie,R.,Kapusta,12/31/2025,Trustee ,William,Glenn,Russell,12/31/2025
2022-2023,Portage,Freedom,"2,751","2,843"," 2,649 ",6470 Streeter Road,,Mantua,44255,PO Box 287,Garrettsville,44231,https://freedomtwp-pc.org/,Fiscal Officer,Jennifer,M.,Derthick,3/31/2024,Trustee ,Jeff,,Derthick,12/31/2023,Trustee ,Charlene ,,Walker,12/31/2025,Trustee ,Tom,,Mesaros,12/31/2025
2022-2023,Portage,Hiram,"2,296","2,411"," 2,396 ",,,,,PO Box 1827,Hiram,44234,hiramtownship.org,Fiscal Officer,Eric,,Hankinson,3/31/2024,Trustee ,Jack,,Groselle,12/31/2023,Trustee ,Steve,,Pancost,12/31/2025,Trustee ,Debra,,Blake,12/31/2025
2022-2023,Portage,Mantua,"4,661","4,811"," 4,576 ",11741 Mantua Center Road,,Mantua,44255,PO Box 841,Mantua,44255,https://mantuatownshipohio.gov/,Fiscal Officer,Julia,A.,Pemberton,3/31/2024,Trustee ,John,,Festa,12/31/2023,Trustee ,Matthew,S.,Benner,12/31/2025,Trustee ,Susan,,Lilley,12/31/2025
2022-2023,Portage,Nelson,"2,985","3,148"," 3,101 ",9231 State Route 305,,Garrettsville,44231,PO Box 377,Garrettsville,44231,,Fiscal Officer,Kevin ,,Cihan,3/31/2024,Trustee ,Joe,,Leonard,12/31/2023,Trustee ,Anna ,M.,Van Der Hoeven,12/31/2025,Trustee ,Mike,,Kortan,12/31/2025
2022-2023,Portage,Palmyra,"2,785","2,919"," 2,780 ",3956 State Route 225,,Diamond,44412,,,,,Fiscal Officer,Kathleen,,Cofojohn,3/31/2024,Trustee ,Robert,,Dunn,12/31/2023,Trustee ,Thomas,,Grund,12/31/2025,Trustee ,Megan,,Coss,12/31/2025
2022-2023,Portage,Paris,"1,827","1,744"," 1,648 ",9174 Newton Falls Road,,Ravenna,44266,,,,www.Paris-township.com,Fiscal Officer,Linda,,Shaulis,3/31/2024,Trustee ,Ed,,Samec,12/31/2023,Trustee ,Dorene,,Spicer,12/31/2025,Trustee ,David ,,Kemble,12/31/2025
2022-2023,Portage,Randolph,"5,504","5,298"," 5,276 ",3636 Waterloo Road,,Mogadore,44260,PO Box 184,Randolph,44265,randolphtownshipohio.com,Fiscal Officer,Mary,A.,Rodenbucher,3/31/2024,Trustee ,John ,,Lampe,12/31/2023,Trustee ,Susan,,White,12/31/2025,Trustee ,Nicholas,,Reynolds,12/31/2025
2022-2023,Portage,Ravenna,"9,270","9,209"," 8,980 ",6115 Spring Street,,Ravenna,44266,,,,RavennaTownship.com,Fiscal Officer,Gail,,Pittman,3/31/2024,Trustee ,Hank,,Gibson,12/31/2023,Trustee ,Vince,,Coia,12/31/2025,Trustee ,Jim,,Di Paola,12/31/2025
2022-2023,Portage,Rootstown,"7,212","8,225"," 8,602 ",4268 Sandy Lake Road,,Ravenna,44266,,,,,Fiscal Officer,Joann,,Townend,3/31/2024,Trustee ,Joseph,,Paulus,12/31/2023,Trustee ,David,,Mcintyre,12/31/2025,Trustee ,Brett,,Housley,12/31/2025
2022-2023,Portage,Shalersville,"5,976","5,670"," 5,245 ",9090 State Route 44,,Ravenna,44266,,,,shalersvilletownship.com,Fiscal Officer,Jill,,Corbett,3/31/2024,Trustee ,John,,Kline,12/31/2023,Trustee ,Frank ,,Ruehr,12/31/2025,Trustee ,Ronald,,Kotkowsi,12/31/2025
2022-2023,Portage,Suffield,"6,383","6,311"," 5,973 ",2150 May Road,,Mogadore,44260,,,,,Fiscal Officer,Lori,,Calcei,3/31/2024,Trustee ,Jeff,,Eldreth,12/31/2023,Trustee ,Thomas,,Calcei,12/31/2025,Trustee ,Jared,,Phillip,12/31/2025
2022-2023,Portage,Windham,"2,060","1,865"," 1,784 ",,,,,PO Box 234,Windham,44288,windhamtownship.com,Fiscal Officer,Casey ,,Timmons,3/31/2024,Trustee ,Richard ,,Grano,12/31/2023,Trustee ,Brian,,Miller,12/31/2025,Trustee ,Daniel ,,Burns ,12/31/2025
2022-2023,Preble,Dixon,557,567, 568 ,730 Dove Road,,Eaton,45320,,,,,Fiscal Officer,Beth,,Fornshell,3/31/2024,Trustee ,Steve,,Orr,12/31/2023,Trustee ,Walter,,White,12/31/2025,Trustee ,Michael,,Henning,12/31/2025
2022-2023,Preble,Gasper,"3,229","3,909"," 3,911 ",PO Box 163,,Eaton,45320,,,,,Fiscal Officer,Randy,,Blaich,3/31/2024,Trustee ,James ,,Gambrell,12/31/2023,Trustee ,Richard ,,Coggeshall,12/31/2025,Trustee ,Eric ,,White,12/31/2025
2022-2023,Preble,Gratis,"4,471","4,408"," 4,224 ",6483 Gratis Road,,Camden,45311,,,,,Fiscal Officer,Michael,Leroy,Campbell,3/31/2024,Trustee ,Victor,,Stamper,12/31/2023,Trustee ,Jeff,,Lynch,12/31/2025,Trustee ,Greg,,Thompson,12/31/2025
2022-2023,Preble,Harrison,"4,601","4,594"," 4,305 ",,,,,PO Box 67,Lewisburg,45338,,Fiscal Officer,,,,3/31/2024,Trustee ,Joe ,,Conley ,12/31/2023,Trustee ,Brady ,D.,Creech ,12/31/2025,Trustee ,Ric ,G.,Prater,12/31/2025
2022-2023,Preble,Israel,"1,273","1,169"," 1,131 ",10893 State Route 177,,College Corner,45003,,,,,Fiscal Officer,John,S.,Wright,3/31/2024,Trustee ,Christopher,M.,Johnston,12/31/2023,Trustee ,Mathew,R.,Nixon,12/31/2025,Trustee ,Seth,O.,Wright,12/31/2025
2022-2023,Preble,Jackson,"1,223","1,190"," 1,141 ",2699 West Florence Campbellstown Road,,Eaton,45320,,,,,Fiscal Officer,Kimberly,J.,Dees,3/31/2024,Trustee ,James,,Newton,12/31/2023,Trustee ,J. Dean,,Petry,12/31/2025,Trustee ,Joshua,K.,Ruebush,12/31/2025
2022-2023,Preble,Jefferson,"3,449","3,309"," 3,226 ",9430 Smyrna Road,,New Paris,45347,,,,,Fiscal Officer,David,,Wesler,3/31/2024,Trustee ,Duane,,Pickett,12/31/2023,Trustee ,David,,Mcdermitt,12/31/2025,Trustee ,Paul,,Brehm,12/31/2025
2022-2023,Preble,Lanier,"3,931","3,853"," 3,727 ",6151 Factory Road,,West Alexandria,45381,,,,,Fiscal Officer,Mark,Leilon,Mcintire,3/31/2024,Trustee ,Clarence,,Eby,12/31/2023,Trustee ,Austin,,Cole,12/31/2025,Trustee ,Bruce,,Cunningham,12/31/2025
2022-2023,Preble,Monroe,"2,290","2,258"," 2,084 ",1791 W Holtzmuller Road,,West Manchester,45382,,,,,Fiscal Officer,Mary,Ann,Fark,3/31/2024,Trustee ,Lloyd,Ray,Lee,12/31/2023,Trustee ,Kevin ,Robert,Glander,12/31/2025,Trustee ,Douglas ,David ,Fark,12/31/2025
2022-2023,Preble,Somers,"4,245","3,992"," 3,829 ",324 Camden Sugar Valley Road,,Camden,45311,,,,,Fiscal Officer,Kelda,S.,Bittinger,3/31/2024,Trustee ,William ,,Mcquiston,12/31/2023,Trustee ,Andrew,,Groh,12/31/2025,Trustee ,Jeff,,Brandenburg,12/31/2025
2022-2023,Preble,Twin,"2,831","2,790"," 2,669 ",1251 State Route 503 North,,West Alexandria,45381,,,,,Fiscal Officer,Kay,,Johnson,3/31/2024,Trustee ,Terry ,,Creech,12/31/2023,Trustee ,Roger,L.,Brunk,12/31/2025,Trustee ,Donnie,,Jones,12/31/2025
2022-2023,Preble,Washington,"2,104","1,824"," 1,809 ",3217 US Route 35 West,,Eaton,45320,,,,,Fiscal Officer,Amanda,A.,Jerdon,3/31/2024,Trustee ,James,A.,Ferriell,12/31/2023,Trustee ,Rodger,B.,Clark,12/31/2025,Trustee ,Keith,L.,Smith,12/31/2025
2022-2023,Putnam,Blanchard,"1,232","1,270"," 1,224 ",10702 Road 5-H,,Ottawa,45875,,,,,Fiscal Officer,Gregory ,J.,Ellerbrock ,3/31/2024,Trustee ,Mark,,Maag,12/31/2023,Trustee ,Chris,S.,Schroeder ,12/31/2025,Trustee ,Jeremy,J.,Gerten,12/31/2025
2022-2023,Putnam,Greensburg,"1,425","1,397"," 1,427 ",14992 Road J,(No Mail Receptacle) ,Ottawa,45875,,,,,Fiscal Officer,Bruce,,Imm,3/31/2024,Trustee ,Mark,,Warnecke,12/31/2023,Trustee ,James,,Birkemeier,12/31/2025,Trustee ,David,,Recker,12/31/2025
2022-2023,Putnam,Jackson,939,934, 885 ,16477 Road 23M,,Fort Jennings,45844,,,,,Fiscal Officer,Donna,Sue,Landin,3/31/2024,Trustee ,Darren,,Schimmoeller,12/31/2023,Trustee ,Craig,,Brinkman,12/31/2025,Trustee ,Leonard,,Horstman,12/31/2025
2022-2023,Putnam,Jennings,"1,968","1,978"," 2,002 ",19249 Road 20,,Fort Jennings,45844,,,,,Fiscal Officer,Jeanne,,Bruskotter,3/31/2024,Trustee ,Denis,,Neidert,12/31/2023,Trustee ,Kevin,,Hoersten,12/31/2025,Trustee ,David,,Wieging,12/31/2025
2022-2023,Putnam,Liberty,"1,575","1,531"," 1,675 ",10846 State Route 613,,Ottawa,45875,,,,,Fiscal Officer,Jeffery,H.,Long,3/31/2024,Trustee ,Thomas,J.,Niese,12/31/2023,Trustee ,Gary,,Kuhlman,12/31/2025,Trustee ,Joseph,A.,Schroeder,12/31/2025
2022-2023,Putnam,Monroe,"2,234","2,131"," 2,044 ",3914 State Route 634,,Continental,45831,,,,,Fiscal Officer,Larry,A.,Mansfield,3/31/2024,Trustee ,Steven,W.,Elkins,12/31/2023,Trustee ,Robby ,L.,Howell,12/31/2025,Trustee ,Ryan ,G.,Ordway ,12/31/2025
2022-2023,Putnam,Monterey,"2,056","2,068"," 2,029 ",110  Monterey Street,,Ottoville,45876,PO Box 21,Ottoville,45876,,Fiscal Officer,Jeanne,M.,Wannemacher,3/31/2024,Trustee ,Joseph,N.,Wehri,12/31/2023,Trustee ,Steven,R.,Hilvers,12/31/2025,Trustee ,Cory,T.,Eickholt,12/31/2025
2022-2023,Putnam,Ottawa,"7,961","7,845"," 8,034 ",320 West Fifth Street,,Ottawa,45875,,,,,Fiscal Officer,Barb,J.,Rieman,3/31/2024,Trustee ,James,,Leopold,12/31/2023,Trustee ,Donald,G.,Croy,12/31/2025,Trustee ,Steve,,Leopold,12/31/2025
2022-2023,Putnam,Palmer,"1,143","1,129"," 1,137 ",15476 Road B,,Leipsic,45856,,,,,Fiscal Officer,Roger,H.,Niese,3/31/2024,Trustee ,Kenneth,L.,Hermiller,12/31/2023,Trustee ,David,J.,Niese,12/31/2025,Trustee ,Leo,J.,Schroeder,12/31/2025
2022-2023,Putnam,Perry,"1,206","1,166"," 1,011 ",19987 Road I17,,Cloverdale,45827,,,,,Fiscal Officer,Debra,K.,Prowant,3/31/2024,Trustee ,Michael,W.,Prowant,12/31/2023,Trustee ,Derek,A.,Heitzman,12/31/2025,Trustee ,William,V.,Rippetoe,12/31/2025
2022-2023,Putnam,Pleasant,"3,955","3,804"," 3,794 ",605 West Sycamore Street,,Columbus Grove,45830,,,,,Fiscal Officer,Michael,John,Moening,3/31/2024,Trustee ,Roger,,Kruse,12/31/2023,Trustee ,Bruce ,,Schroeder,12/31/2025,Trustee ,Roger,Brent,Glass,12/31/2025
2022-2023,Putnam,Riley,"2,191","2,127"," 2,242 ",216 North Jefferson Street,,Pandora,45877,PO Box 358  ,Pandora,45877,,Fiscal Officer,Marcia,,Schutz,3/31/2024,Trustee ,Greg,,Amstutz,12/31/2023,Trustee ,Mark,,Kinsinger,12/31/2025,Trustee ,Scott,,Meyer,12/31/2025
2022-2023,Putnam,Sugar Creek,"1,156","1,200"," 1,181 ",20340 Road 18 South,,Fort Jennings,45844,,,,,Fiscal Officer,Virginia,,Price,3/31/2024,Trustee ,Thomas,,Dunlap,12/31/2023,Trustee ,James,,Mull,12/31/2025,Trustee ,Kevin,,Siefker,12/31/2025
2022-2023,Putnam,Union,"2,557","3,052"," 2,945 ",104 West Plum Street,,Kalida,45853,PO Box 632,Kalida,45853,,Fiscal Officer,David,,Hovest,3/31/2024,Trustee ,William,,Leopold,12/31/2023,Trustee ,Mark,,Kahle,12/31/2025,Trustee ,Steve,,Smith,12/31/2025
2022-2023,Putnam,Van Buren,"3,128","2,867"," 2,821 ",,,,,PO Box 291,Leipsic,45815,,Fiscal Officer,William,J.,Schroeder,3/31/2024,Trustee ,L.,Duane,Tooman,12/31/2023,Trustee ,Michael,,Rader,12/31/2025,Trustee ,Douglas,,Mangas,12/31/2025
2022-2023,Richland,Bloominggrove,"1,157","1,204"," 1,295 ",466 State Route 603,,Shiloh,44878,,,,,Fiscal Officer,Doris,,Beck,3/31/2024,Trustee ,John,,Adams,12/31/2023,Trustee ,Jeff,,Burrer,12/31/2025,Trustee ,Chuck,,Miller,12/31/2025
2022-2023,Richland,Butler,"1,386","1,205"," 1,167 ",6514 Adario North Road,,Shiloh,44878,,,,,Fiscal Officer,Shirley ,A.,Baker,3/31/2024,Trustee ,Jerrod ,M.,Stewart,12/31/2023,Trustee ,Doug,H.,Ramsay ,12/31/2025,Trustee ,Charles ,E.,Tackett II,12/31/2025
2022-2023,Richland,Cass,"1,735","1,647"," 1,599 ",2367 Noble Road West,,Shiloh ,44878,,,,,Fiscal Officer,Robin,R.,Gowitzka,3/31/2024,Trustee ,David ,Allen,Shepherd,12/31/2023,Trustee ,Skyler,J.,Adams,12/31/2025,Trustee ,David ,Lynn,Seaman,12/31/2025
2022-2023,Richland,Franklin,"1,772","1,721"," 1,679 ",525 Boyce Road,,Shelby,44875,,,,,Fiscal Officer,Jennifer,,Washburn,3/31/2024,Trustee ,Michael,,Keith,12/31/2023,Trustee ,John,,Mccarron,12/31/2025,Trustee ,Samuel,,Sauder,12/31/2025
2022-2023,Richland,Jackson,"3,861","3,552"," 3,700 ",3761 Plymouth Springmill Road,,Shelby,44875,,,,,Fiscal Officer,Martha,,Penwell,3/31/2024,Trustee ,Mark,,Wright,12/31/2023,Trustee ,Greg,,Vogt,12/31/2025,Trustee ,Kevin,,Alt,12/31/2025
2022-2023,Richland,Jefferson,"4,531","4,851"," 4,905 ",115 Main Street,,Bellville,44813,PO Box 356,Bellville,44813,,Fiscal Officer,Adrianne,,Edwards,3/31/2024,Trustee ,Mark,,Gatton,12/31/2023,Trustee ,David,,Taylor,12/31/2025,Trustee ,Randy,,Swank,12/31/2025
2022-2023,Richland,Madison,"14,680","11,168"," 11,106 ",817 Expressview Drive,,Mansfield,44905,PO Box 2206,Mansfield,44905,madisontwp.us,Fiscal Officer,Leanna,,Rhodes,3/31/2024,Trustee ,Catherine,,Swank,12/31/2023,Trustee ,Tom,,Craft,12/31/2025,Trustee ,James,,Houser,12/31/2025
2022-2023,Richland,Mifflin,"6,218","6,219"," 6,106 ",2326 Park Avenue East,,Mansfield,44903,,,,Mifflin Township Richland County,Fiscal Officer,Karen,,Cline,3/31/2024,Trustee ,Tim,,Deel,12/31/2023,Trustee ,John,,Jaholnycky,12/31/2025,Trustee ,Matthew,,Cook,12/31/2025
2022-2023,Richland,Monroe,"2,656","2,723"," 2,721 ",43 South Union Street,,Lucas,44843,PO Box 503,Lucas,44843,www.monroetwplucas.org,Fiscal Officer,Brigette,R.,Gatton,3/31/2024,Trustee ,Rick,D.,Harvey,12/31/2023,Trustee ,James,P.,Sweat,12/31/2025,Trustee ,Edward,S.,Sauder,12/31/2025
2022-2023,Richland,Perry,"1,345","1,456"," 1,461 ",6236 Darlington North Road,,Bellville,44813,,,,,Fiscal Officer,Beth,A.,Fry,3/31/2024,Trustee ,Larry,A.,Simmons,12/31/2023,Trustee ,Gabriel,A.,Mckenna,12/31/2025,Trustee ,Matthew,P.,Mott,12/31/2025
2022-2023,Richland,Plymouth,"2,162","2,083"," 1,981 ",7025 Kuhn Road,,Shelby,44875,,,,,Fiscal Officer,Meriam,F.,Miller,3/31/2024,Trustee ,Charles,E.,Miller,12/31/2023,Trustee ,Keith ,,Beverage,12/31/2025,Trustee ,Thomas,,Kanney,12/31/2025
2022-2023,Richland,Sandusky,856,993," 1,002 ",5201 Hook Road,,Crestline,44827,,,,,Fiscal Officer,Sally,A.,Glauer,3/31/2024,Trustee ,Thomas,,Glauer,12/31/2023,Trustee ,Philip ,,Jacksoon,12/31/2025,Trustee ,Daniel,,Gorbett,12/31/2025
2022-2023,Richland,Sharon,"9,720","9,125"," 9,006 ",43 West Main Street,2nd Floor-Room 2,Shelby,44875,,,,,Fiscal Officer,Kimberly,K.,Stover,3/31/2024,Trustee ,Jason,A.,Snyder,12/31/2023,Trustee ,Kevin,M.,Schumacher,12/31/2025,Trustee ,Adam,J.,Schroeder,12/31/2025
2022-2023,Richland,Springfield,"9,674","10,685"," 11,064 ",PO Box 133,,Ontario,44862,,,,springfieldtwprc.org,Fiscal Officer,Anita,L.,Kochheiser,3/31/2024,Trustee ,Amy,,Rose,12/31/2023,Trustee ,Paul,,Gleisinger,12/31/2025,Trustee ,Don,,Daugherty,12/31/2025
2022-2023,Richland,Troy,"6,449","7,000"," 7,116 ",1851 Graham Road,,Lexington,44904,,,,,Fiscal Officer,Dean,,Strohminger,3/31/2024,Trustee ,Jeff,,Carter,12/31/2023,Trustee ,Thamas,,Mccready,12/31/2025,Trustee ,Mike,,Schuster,12/31/2025
2022-2023,Richland,Washington,"6,777","6,428"," 6,622 ",2480 Possum Run Road,,Mansfield,44903,PO Box 1646,Mansfield,44901,https://washingtontwp.us/,Fiscal Officer,Annette,,Depue,3/31/2024,Trustee ,Robert,,Entenmann,12/31/2023,Trustee ,Jack ,,Butler,12/31/2025,Trustee ,Dave ,,Yoder,12/31/2025
2022-2023,Richland,Weller,"1,736","1,780"," 1,884 ",3517 State Route 545,,Mansfield,44903,,,,wellertownship.org,Fiscal Officer,Sara,,Martin,3/31/2024,Trustee ,Terry,,Rhoades,12/31/2023,Trustee ,Dale,,Hulit,12/31/2025,Trustee ,Jake,,Stimpert,12/31/2025
2022-2023,Richland,Worthington,"2,791","2,868"," 2,988 ",21 Traxler Street,,Butler,44822,PO Box 501,Butler,44822,,Fiscal Officer,Shari,,Leech,3/31/2024,Trustee ,Keith,,Carr,12/31/2023,Trustee ,Roger,,Oswalt,12/31/2025,Trustee ,Clint,,Sellers,12/31/2025
2022-2023,Ross,Buckskin,"1,040","2,039"," 2,047 ",110 Edgington Road,,South Salem,45681,,,,,Fiscal Officer,Steven,G.,Wisecup,3/31/2024,Trustee ,Bart,,Barton,12/31/2023,Trustee ,Larry,,Olaker,12/31/2025,Trustee ,James,,Vanzant,12/31/2025
2022-2023,Ross,Colerain,"1,943","2,148"," 2,017 ",3231 Bull Creek Road,,Laurelville ,43135,,,,,Fiscal Officer,Roberta (Bobbie),,Barron,3/31/2024,Trustee ,Steven,,Clever,12/31/2023,Trustee ,Robert,,Delong,12/31/2025,Trustee ,Aaron,,Swepston,12/31/2025
2022-2023,Ross,Concord,"4,107","4,460"," 4,743 ",985 Jamison Road,,Frankfort,45628,,,,,Fiscal Officer,Harry,B.,Junk Ii,3/31/2024,Trustee ,Russell,A.,Junk,12/31/2023,Trustee ,Steven ,A.,Core,12/31/2025,Trustee ,Brandon,B.,Garrison,12/31/2025
2022-2023,Ross,Deerfield,"1,096","1,058"," 1,039 ",,,,,PO Box 177,Clarksburg,43115,,Fiscal Officer,Cassie,Lynette,Long,3/31/2024,Trustee ,Eric,B.,Chenoweth,12/31/2023,Trustee ,James,R.,Grabill,12/31/2025,Trustee ,Carey,,Maddux,12/31/2025
2022-2023,Ross,Franklin,"1,671","1,705"," 1,439 ",3441 Moss Hollow Road,,Chillicothe,45601,,,,,Fiscal Officer,Philip,W.,Hartman,3/31/2024,Trustee ,Larry,,Turner,12/31/2023,Trustee ,Jacob,,Estep,12/31/2025,Trustee ,Joe,,Lott,12/31/2025
2022-2023,Ross,Green,"4,492","4,918"," 5,186 ",10153 State Route 159,,Kingston,45644,PO Box 759,Kingston,45644,,Fiscal Officer,D,Brad,Mccorkle,3/31/2024,Trustee ,Barry,D.,Bennett,12/31/2023,Trustee ,Jeffrey,M.,Geno,12/31/2025,Trustee ,Ron,E.,Hinton,12/31/2025
2022-2023,Ross,Harrison,"1,293","1,320"," 1,189 ",7489 Charleston Pike,,Chillicothe,45601,,,,,Fiscal Officer,Donna,L.,Snyder,3/31/2024,Trustee ,Joshua,,Hines,12/31/2023,Trustee ,Claude,David,Gray,12/31/2025,Trustee ,Toby,Dale,Kellough,12/31/2025
2022-2023,Ross,Huntington,"6,018","6,220"," 6,069 ",1111 Windy Ridge Road,,Chillicothe,45601,,,,huntingtontownshipohio.com,Fiscal Officer,Robin ,Lynne,Snyder,3/31/2024,Trustee ,John,,Cottrill,12/31/2023,Trustee ,Gary,,Hopkins,12/31/2025,Trustee ,Larry,,Kellough,12/31/2025
2022-2023,Ross,Jefferson,967,991," 1,064 ",225 Market Street,,Richmond Dale,45673,PO Box 63,Richmond Dale,45673,,Fiscal Officer,Patty,,Scott,3/31/2024,Trustee ,James,,Hatfield,12/31/2023,Trustee ,James,,Barker,12/31/2025,Trustee ,Ryan,,Skeens,12/31/2025
2022-2023,Ross,Liberty,"2,476","2,619"," 2,623 ",4923 Vigo Road,,Londonderry,45647,PO Box 151,Londonderry,45647,,Fiscal Officer,Nanette,L.,Clary,3/31/2024,Trustee ,James,T.,Barker Jr.,12/31/2023,Trustee ,Dean,E.,Carroll,12/31/2025,Trustee ,Dale,E.,Turner,12/31/2025
2022-2023,Ross,Paint,"1,169","1,363"," 1,288 ",3230 Rapid Forge Road,,Bainbridge,45612,,,,,Fiscal Officer,Dustin,,Lewis,3/31/2024,Trustee ,Kenneth,Elwood,Benner,12/31/2023,Trustee ,Brian,,Iseman,12/31/2025,Trustee ,Jacob,,Meyers,12/31/2025
2022-2023,Ross,Paxton,"2,165","2,116"," 1,918 ",202 South Mountain Street,,Bainbridge,45612,PO Box 217,Bainbridge,45612,,Fiscal Officer,Vicky,L.,Mettler,3/31/2024,Trustee ,John,David,Knisley,12/31/2023,Trustee ,Daniel,J.,Driapsa,12/31/2025,Trustee ,Robert,L.,Holbert,12/31/2025
2022-2023,Ross,Scioto,"27,735","27,721"," 27,876 ",164 South Watt,,Chillicothe,45601,PO Box 1975,Chillicothe,45601,,Fiscal Officer,Willard,James,Taylor,3/31/2024,Trustee ,Paul,,Corcoran,12/31/2023,Trustee ,John,,Wetzel,12/31/2025,Trustee ,Tom,,Straub,12/31/2025
2022-2023,Ross,Springfield,"2,277","2,657"," 2,573 ",95 Musselman Mill Road,,Chillicothe,45601,,,,,Fiscal Officer,Carol ,L.,Schrader,3/31/2024,Trustee ,Charles,B.,Schrader III,12/31/2023,Trustee ,Dennis,M.,Miller,12/31/2025,Trustee ,Carmi,V.,Jones IV,12/31/2025
2022-2023,Ross,Twin,"3,146","3,384"," 3,492 ",PO Box 577,,Bourneville,45617,PO Box 577,Bourneville,45617,twintownship.org,Fiscal Officer,William,,Jones,3/31/2024,Trustee ,Bryan,,Bethel,12/31/2023,Trustee ,Michael,,Whitt,12/31/2025,Trustee ,James,Michael,Darbyshire,12/31/2025
2022-2023,Ross,Union,"11,750","13,345"," 12,530 ",2491 Cattail Road,,Chillicothe,45601,PO Box 6071,Chillicothe,45601,,Fiscal Officer,Cheryl,Annette,Dubois,3/31/2024,Trustee ,David,L.,Bethel,12/31/2023,Trustee ,Wesley,D.,Bowles,12/31/2025,Trustee ,Bryan,B.,Smith,12/31/2025
2022-2023,Sandusky,Ballville,"6,395","5,985"," 6,042 ",2220 Tiffin Road,,Fremont,43420,,,,https://www.ballville.org/,Fiscal Officer,Thomas ,Gregory ,Ackerman,3/31/2024,Trustee ,Richard ,Allen ,Geyer,12/31/2023,Trustee ,W. Robert,,Kusmer,12/31/2025,Trustee ,Mary ,Ann,Reser,12/31/2025
2022-2023,Sandusky,Green Creek,"9,527","3,646"," 3,389 ",3106 Limerick Road,,Clyde,43410,,,,www.greencreek.org,Fiscal Officer,Danyelle,,Lantz,3/31/2024,Trustee ,Jimmie,,Newsome,12/31/2023,Trustee ,Kenneth,,Bonnigson,12/31/2025,Trustee ,Robert,,Shaw,12/31/2025
2022-2023,Sandusky,Jackson,"1,609","1,608"," 1,610 ",4215 County Road 23,,Burgoon,43407,,,,www.jackson-sandusky.com,Fiscal Officer,Roger,J.,Wasserman,3/31/2024,Trustee ,John,C.,Havens,12/31/2023,Trustee ,Jonathon ,J.,Timmons,12/31/2025,Trustee ,Brandon,L.,Shull,12/31/2025
2022-2023,Sandusky,Madison,"3,721","3,850"," 3,587 ",521 West Smith Street,,Gibsonburg,43431,,,,,Fiscal Officer,Jaime ,Francisco,Mancha Ii,3/31/2024,Trustee ,Anthony,,Reed,12/31/2023,Trustee ,Kent,,Kirsch,12/31/2025,Trustee ,Kevin,,Shammo,12/31/2025
2022-2023,Sandusky,Rice,"1,437","1,370"," 1,143 ",142 County Road 119,,Fremont,43420,,,,www.ricetownship.com,Fiscal Officer,Crystal,Renee,Souders,3/31/2024,Trustee ,Michael,,Kovaleski,12/31/2023,Trustee ,William,,Lamalie,12/31/2025,Trustee ,Timothy,,King,12/31/2025
2022-2023,Sandusky,Riley,"1,302","1,226"," 1,214 ",3109 State Route 412,,Fremont,43420,,,,https://www.rileytownship.org/,Fiscal Officer,Tina,,Halbeisen-Bohannan,3/31/2024,Trustee ,Gary,,Overmyer,12/31/2023,Trustee ,David,,Sachs,12/31/2025,Trustee ,Brian,,Gibbs,12/31/2025
2022-2023,Sandusky,Sandusky,"4,087","3,619"," 3,551 ",2207 Oak Harbor Road,,Fremont,43420,,,,www.sanduskytownship.com,Fiscal Officer,Cynthia,,Zienta,3/31/2024,Trustee ,Gilbert,,Overmyer,12/31/2023,Trustee ,Paul,,Lotycz,12/31/2025,Trustee ,Mike ,,Willis,12/31/2025
2022-2023,Sandusky,Scott,"1,502","1,437"," 1,333 ",5388 County Road 11,,Kansas,44841,,,,,Fiscal Officer,Jeffrey,A.,Foos,3/31/2024,Trustee ,Gregory,,Lehmann,12/31/2023,Trustee ,Scott,,Wasserman,12/31/2025,Trustee ,Kevin,,Ruth,12/31/2025
2022-2023,Sandusky,Townsend,"1,670","1,620"," 1,523 ",2739 County Road 306,,Vickery,43464,,,,,Fiscal Officer,Cathy,A.,Bales,3/31/2024,Trustee ,Bruce,L.,Meggitt,12/31/2023,Trustee ,Paul,D.,Warner,12/31/2025,Trustee ,John,W.,Steager,12/31/2025
2022-2023,Sandusky,Washington,"1,396","2,332"," 2,315 ",3647 County Road 106,,Lindsey,43442,,,,,Fiscal Officer,Lori,,Crispen,3/31/2024,Trustee ,Dale,,Copley,12/31/2023,Trustee ,Robert,,Reed,12/31/2025,Trustee ,James,,Bolen,12/31/2025
2022-2023,Sandusky,Woodville,"3,304","3,395"," 3,303 ",321 East Main Street,,Woodville,43469,PO Box 121,Woodville,43469,woodvilletownship.org,Fiscal Officer,Lori,,Kepus,3/31/2024,Trustee ,William,,Hammer,12/31/2023,Trustee ,Kenneth,,Green,12/31/2025,Trustee ,Paul,,Runion,12/31/2025
2022-2023,Sandusky,York,"2,512","2,532"," 2,479 ",1586 West Main Street,,Bellevue,44811,,,,www.yorktwp.com,Fiscal Officer,Andrew,,Morfier,3/31/2024,Trustee ,Doug ,,Keegan,12/31/2023,Trustee ,Rufus (Rc),,Keith,12/31/2025,Trustee ,H.,Lee,Watson,12/31/2025
2022-2023,Scioto,Bloom,"3,218","3,235"," 2,714 ",661 Webster Street,,South Webster ,45682,PO Box 613,South Webster,45682,,Fiscal Officer,Diana ,,Stonerock,3/31/2024,Trustee ,Brian,K.,Fenton,12/31/2023,Trustee ,Duane,,Hagen,12/31/2025,Trustee ,Ronald,,Kanouse,12/31/2025
2022-2023,Scioto,Brush Creek,"1,149","1,199"," 1,114 ",6890 Rocky Fork Road,,Otway,45657,PO Box 28,Otway,45657,,Fiscal Officer,Beverly,Diane,Eichenlaub,3/31/2024,Trustee ,David,Eugene,Gallion,12/31/2023,Trustee ,Mark,Steven,Brown,12/31/2025,Trustee ,Darren,James,Webb,12/31/2025
2022-2023,Scioto,Clay,"3,792","3,690"," 3,516 ",1440 Normandy Road,,Portsmouth ,45662,,,,,Fiscal Officer,Rick ,,Vournazos,3/31/2024,Trustee ,Justin ,,Horsley ,12/31/2023,Trustee ,Tim,,Hines,12/31/2025,Trustee ,Tony ,,Whitt,12/31/2025
2022-2023,Scioto,Green,"4,079","4,381"," 4,107 ",390 Camp Street,,Franklin Furnace,45629,,,,,Fiscal Officer,Christopher,,Williard,3/31/2024,Trustee ,Darrell,,Thomas Jr.,12/31/2023,Trustee ,Roger,,Collett,12/31/2025,Trustee ,Harold,,Ruggles,12/31/2025
2022-2023,Scioto,Harrison,"4,497","4,548"," 4,275 ",Post Office Box 115,,Minford,45653,,,,,Fiscal Officer,Sandra,Kay,Brisker,3/31/2024,Trustee ,Tyler,,Seibert,12/31/2023,Trustee ,Calvin,,Seibert,12/31/2025,Trustee ,Gregory,,Tackett,12/31/2025
2022-2023,Scioto,Jefferson,"2,751","2,797"," 2,546 ",266 Greenbriar Road,,Lucasville,45648,,,,,Fiscal Officer,Lisa,,Buckle,3/31/2024,Trustee ,Charles,,Harris,12/31/2023,Trustee ,Donald,,Buckle,12/31/2025,Trustee ,Earl,,Canter,12/31/2025
2022-2023,Scioto,Madison,"3,794","4,106"," 3,887 ",457 White Gravel Road,,Minford,45653,PO Box 253,Minford,45653,,Fiscal Officer,Jacqueline ,C.,Noel,3/31/2024,Trustee ,Donald,R.,Lambert Jr.,12/31/2023,Trustee ,Christopher,A.,Rase,12/31/2025,Trustee ,W.,Timothy,Wheeler,12/31/2025
2022-2023,Scioto,Morgan,"2,297","2,520"," 2,232 ",8413 Big Bear Creek Road,,Lucasville,45648-8314,,,,,Fiscal Officer,Carolyn,R.,Hobbs,3/31/2024,Trustee ,Ralph,,Carver,12/31/2023,Trustee ,Russell,,Montgomery,12/31/2025,Trustee ,Bradley,,Phipps,12/31/2025
2022-2023,Scioto,Nile,"2,024","2,388"," 2,350 ",12215 US Highway 52,,Stout,45684,PO Box 100,Friendship,45630,www.niletownship.org,Fiscal Officer,Chris,,Norman,3/31/2024,Trustee ,Earl,,Swords,12/31/2023,Trustee ,Matt,,Reiser,12/31/2025,Trustee ,Mike,,Journey,12/31/2025
2022-2023,Scioto,Porter,"9,892","9,918"," 9,876 ",,,,,PO Box 427,Wheelersburg,45694,www.portertwp.com,Fiscal Officer,Ted,,Adams,3/31/2024,Trustee ,David,R.,Hayden,12/31/2023,Trustee ,Dennis,L.,Decamp,12/31/2025,Trustee ,David,C.,Prater,12/31/2025
2022-2023,Scioto,Rarden,"1,122","1,249"," 1,106 ",275 State Route 73,,Rarden,P.O. BOX 159,PO Box 159,Rarden,45671,,Fiscal Officer,Jackie,Ann,Kessler,3/31/2024,Trustee ,Terry,Lee,Foster,12/31/2023,Trustee ,Frank,L.,Williams,12/31/2025,Trustee ,Clayton,,Miller,12/31/2025
2022-2023,Scioto,Rush,"3,144","3,171"," 2,939 ",71 Barker Street ,,Mcdermott,45652,PO Box 252,Mcdermott,45652,,Fiscal Officer,Jill,,Springs,3/31/2024,Trustee ,John,,Howard,12/31/2023,Trustee ,Eric,,Lutz,12/31/2025,Trustee ,Daniel,,Wheelersburg,12/31/2025
2022-2023,Scioto,Union,"2,105","2,241"," 2,057 ",13681 State Route 73,,Mcdermott,45652,,,,,Fiscal Officer,Angela,,Howell,3/31/2024,Trustee ,David,,Euton,12/31/2023,Trustee ,David,,Eichenlaub,12/31/2025,Trustee ,Brian,,Raymond,12/31/2025
2022-2023,Scioto,Valley,"4,256","3,874"," 3,635 ",583 Robert Lucas Road,,Lucasville,45648,PO Box 489,Lucasville,45648,valleytwp.us,Fiscal Officer,Lanette,E.,Wagner,3/31/2024,Trustee ,Angela,,Malone,12/31/2023,Trustee ,Stephen,,Howard,12/31/2025,Trustee ,Randall,,Spriggs,12/31/2025
2022-2023,Scioto,Vernon,"1,855","2,129"," 1,891 ",5924 Lick Run Lyra Road,,Wheelersburg,45694,,,,,Fiscal Officer,Sandra,Sue,Bandy-Belford,3/31/2024,Trustee ,Rickie,D.,Cartee,12/31/2023,Trustee ,Marc,A.,Charles,12/31/2025,Trustee ,Adam,J.,Riggs,12/31/2025
2022-2023,Scioto,Washington,"5,971","5,555"," 5,214 ",2220 Pershing Avenue,,West Portsmouth,45663,PO Box 90,Portsmouth,45662,,Fiscal Officer,Cheri,,Seevers,3/31/2024,Trustee ,Tony,,Journey,12/31/2023,Trustee ,Scott,,Bauer,12/31/2025,Trustee ,Jim,,Mcgraw,12/31/2025
2022-2023,Seneca,Adams,"1,337","1,320"," 1,247 ",7831 East Township Road 148,,Republic,44867,,,,,Fiscal Officer,Joline ,,Humbert,3/31/2024,Trustee ,Bill ,,Frankar,12/31/2023,Trustee ,Dave ,,Carothers,12/31/2025,Trustee ,Bret ,,Cleveland,12/31/2025
2022-2023,Seneca,Big Spring,"1,791","1,769"," 1,683 ",3252 South Township Road 25,,Alvada,44802,,,,,Fiscal Officer,Matt,,Clouse,3/31/2024,Trustee ,Gary,,Schalk,12/31/2023,Trustee ,Stephen ,,Schalk,12/31/2025,Trustee ,Steven,,Wagner,12/31/2025
2022-2023,Seneca,Bloom,"1,937","1,799"," 1,624 ",74 South Marion Street,,Bloomville,44818,PO Box 57,Bloomville,44818,,Fiscal Officer,Susan,Jane,Ziegler,3/31/2024,Trustee ,Adam,Russell,Lutz,12/31/2023,Trustee ,Troy,Eugene,Kagy,12/31/2025,Trustee ,Gregory,Alan,Smith,12/31/2025
2022-2023,Seneca,Clinton,"4,188","4,109"," 4,105 ",837 North State Route 101,,Tiffin,44883,PO Box 336,Tiffin,44883,clintontwpsenecacounty.com,Fiscal Officer,Jennifer,,Bates,3/31/2024,Trustee ,Dennis,,Baugher,12/31/2023,Trustee ,Jim,,Distil,12/31/2025,Trustee ,Dan,,Schmitz,12/31/2025
2022-2023,Seneca,Eden,"2,020","2,188"," 2,042 ",4826 East County Road 6,,Tiffin,44883,,,,,Fiscal Officer,Julie,,Vogel,3/31/2024,Trustee ,Vernon,,Morter,12/31/2023,Trustee ,David ,,Ziegler,12/31/2025,Trustee ,Kenneth ,,Bish,12/31/2025
2022-2023,Seneca,Hopewell,"2,874","2,774"," 2,672 ",5281 West Township Road 112,,Tiffin,44883,PO Box 309,Bascom,44809,,Fiscal Officer,Amanda,,Bodart,3/31/2024,Trustee ,James,,Clouse,12/31/2023,Trustee ,David ,,Alvarado,12/31/2025,Trustee ,Arthur,,Dewald,12/31/2025
2022-2023,Seneca,Jackson,"1,640","1,512"," 1,401 ",6250 North County Road 3,,Fostoria,44830,,,,WWW.JACKSONTWP-SENECA.COM,Fiscal Officer,Linda,,Naderer,3/31/2024,Trustee ,Timothy,,Reinhart,12/31/2023,Trustee ,Richard,A.,Findley,12/31/2025,Trustee ,Stephen,,Naderer,12/31/2025
2022-2023,Seneca,Liberty,"2,340","2,035"," 2,029 ",3221 West County Road 38,,Tiffin,44883,,,,,Fiscal Officer,Adam ,C.,Richter,3/31/2024,Trustee ,Timothy,R.,Lynch,12/31/2023,Trustee ,Jeffrey,J.,Lynch,12/31/2025,Trustee ,Dennis,J.,Brickner,12/31/2025
2022-2023,Seneca,Loudon,"2,395","2,140"," 2,246 ",9970 West Township Road 112,,Fostoria,44830,PO Box 630,Fostoria,44830,www.loudontownship.com,Fiscal Officer,Victoria,,Coppus,3/31/2024,Trustee ,Roger,,Holman,12/31/2023,Trustee ,Jason,,Painter,12/31/2025,Trustee ,Kevin,,Reinhart,12/31/2025
2022-2023,Seneca,Pleasant,"1,685","1,635"," 1,477 ",,,,,PO Box 71,Old Fort,44861,,Fiscal Officer,Jeannette,,Fry,3/31/2024,Trustee ,Douglas,,Stacy,12/31/2023,Trustee ,William,,Biller,12/31/2025,Trustee ,David,,Kingsborough,12/31/2025
2022-2023,Seneca,Reed,949,848, 738 ,14616 East Township Road 8,,Attica,44807,,,,,Fiscal Officer,Renee,M.,Miller,3/31/2024,Trustee ,Charles,E.,Miller,12/31/2023,Trustee ,David,N.,Wright,12/31/2025,Trustee ,Brian,D.,Miller,12/31/2025
2022-2023,Seneca,Scipio,"1,831","1,729"," 1,674 ",315 South Madison Street,,Republic,44867,PO Box 249,Republic,44867,,Fiscal Officer,Karen,A.,Aichholz,3/31/2024,Trustee ,Rodney,,Miller,12/31/2023,Trustee ,Bradley,R.,Bowerman,12/31/2025,Trustee ,Dale,A.,Laibe,12/31/2025
2022-2023,Seneca,Seneca,"1,585","1,622"," 1,444 ",6577 South County Road 47,,New Riegel,,,,,,Fiscal Officer,Bradley,,Radison,3/31/2024,Trustee ,Gregory,,Smith,12/31/2023,Trustee ,James,,Kingseed,12/31/2025,Trustee ,Michael,,Steyer,12/31/2025
2022-2023,Seneca,Thompson,"1,422","1,443"," 1,370 ",15910 Jefferson Street,,Flat Rock,44828,PO Box 68,Flat Rock,44828,,Fiscal Officer,Jessica,,Ziegler,3/31/2024,Trustee ,Kevin,,Oney,12/31/2023,Trustee ,David,,Ziegler,12/31/2025,Trustee ,Wiliiam,,Daniel,12/31/2025
2022-2023,Seneca,Venice,"1,871","1,758"," 1,683 ",14215 East County Road 12,(No Mail Receptacle) ,Attica,44807,,,,,Fiscal Officer,Lisa,,Heiser,3/31/2024,Trustee ,Brett,,Meyers,12/31/2023,Trustee ,Randy,,Aichholz,12/31/2025,Trustee ,Matthew,,Heiser,12/31/2025
2022-2023,Shelby,Clinton,"20,903","21,221"," 20,317 ",427 4th Avenue,,Sidney,45365,PO Box 603,Sidney,45365,,Fiscal Officer,Sally,A.,Wood,3/31/2024,Trustee ,Todd,,Ratermann,12/31/2023,Trustee ,James,,Gaier,12/31/2025,Trustee ,Tom,,Kinninger,12/31/2025
2022-2023,Shelby,Cynthian,"1,972","1,991"," 2,000 ",7647 Cardo Road,,Sidney,45365,,,,,Fiscal Officer,Jennifer,,Frilling,3/31/2024,Trustee ,Vernon,,Ahrns,12/31/2023,Trustee ,Robert,,Siegel,12/31/2025,Trustee ,Joseph,,Benanzer,12/31/2025
2022-2023,Shelby,Dinsmore,"3,357","3,477"," 3,379 ",205 West South Street,,Botkins,45306,PO Box 316,Botkins,45306,,Fiscal Officer,Tisha,,Wannemacher,3/31/2024,Trustee ,Ted,,Zimpfer,12/31/2023,Trustee ,Josh,,Meyer,12/31/2025,Trustee ,Michael ,,Stewart,12/31/2025
2022-2023,Shelby,Franklin,"2,842","3,371"," 3,457 ",11095 County Road 25A,,Sidney,45365,,,,,Fiscal Officer,Debra,L.,Bodenmiller,3/31/2024,Trustee ,Roger,L.,Schulze,12/31/2023,Trustee ,Alan,R.,Michael,12/31/2025,Trustee ,Alex,,Berner,12/31/2025
2022-2023,Shelby,Green,927,919, 903 ,18273 Mccloskey School Road ,,Sidney,45365,,,,,Fiscal Officer,Mack,A.,Knupp,3/31/2024,Trustee ,Keith,V.,Gump,12/31/2023,Trustee ,Jeffrey ,M.,Brautigam,12/31/2025,Trustee ,Randy,R.,Bensman,12/31/2025
2022-2023,Shelby,Jackson,"2,346","2,443"," 2,414 ",21471 Wise Road,,Jackson Center,45334,,,,,Fiscal Officer,Diane,,Frank,3/31/2024,Trustee ,Andrew,,Weaver,12/31/2023,Trustee ,Gary,,Metz,12/31/2025,Trustee ,Robert,,Zorn,12/31/2025
2022-2023,Shelby,Loramie,"2,438","2,551"," 2,650 ",4376 Rangeline Road,,Russia,45363,,,,,Fiscal Officer,Bonnie,,Paulus,3/31/2024,Trustee ,Dale,,Goubeuax,12/31/2023,Trustee ,Chad,,Delaet,12/31/2025,Trustee ,Scott,,Phlipot,12/31/2025
2022-2023,Shelby,McLean,"3,082","3,245"," 3,378 ",14 Elm Street,,Fort Loramie,45845,PO Box 68,Fort Loramie,45845,,Fiscal Officer,Lori,A.,Bornhorst,3/31/2024,Trustee ,Craig,,Bergman,12/31/2023,Trustee ,Gregory,,Ruhenkamp,12/31/2025,Trustee ,Robert,,Hoying,12/31/2025
2022-2023,Shelby,Orange,"1,419","1,245"," 1,087 ",1801 Bulle Road,,Sidney,45365,,,,,Fiscal Officer,Eric,,Voress,3/31/2024,Trustee ,Kevin,,Martin,12/31/2023,Trustee ,Dennis,,Martin,12/31/2025,Trustee ,Bart,,Rogers,12/31/2025
2022-2023,Shelby,Perry,"1,128","1,088", 982 ,6153 Jackson Road,,Sidney,45365,,,,,Fiscal Officer,Sally,,Keener,3/31/2024,Trustee ,Matthew ,,Barhorst,12/31/2023,Trustee ,Fred,,Favors,12/31/2025,Trustee ,Scott,,Heath,12/31/2025
2022-2023,Shelby,Salem,"2,231","2,224"," 2,076 ",21111 Lefevre Road,,Maplewood,45340,,,,,Fiscal Officer,Cathrine,,Platfoot,3/31/2024,Trustee ,Daniel,,Knoop,12/31/2023,Trustee ,Richard,,Herrick,12/31/2025,Trustee ,Scott,,Platfoot,12/31/2025
2022-2023,Shelby,Turtle Creek,"1,583","1,561"," 1,605 ",9700 Cisco Road,,Sidney,45365,,,,,Fiscal Officer,Melissa,Ann,Bowers,3/31/2024,Trustee ,Dustin,A.,Cole,12/31/2023,Trustee ,Doug,E.,Ike,12/31/2025,Trustee ,Johathan,J.,Siegrist,12/31/2025
2022-2023,Shelby,Van Buren,"1,599","2,077"," 2,083 ",8833 North Street,,Kettlersville,45336,PO Box 143,Kettlersville,45336,,Fiscal Officer,Joan,Mary,Buehler,3/31/2024,Trustee ,Alan,D.,Luthman,12/31/2023,Trustee ,Dave,,Kettler,12/31/2025,Trustee ,David,,Berning,12/31/2025
2022-2023,Shelby,Washington,"2,083","2,010"," 1,899 ",9501 Stangel Road,,Sidney,45365,,,,,Fiscal Officer,Glenda,,Stangel,3/31/2024,Trustee ,Douglas,,Stangel,12/31/2023,Trustee ,Richard,,Feight,12/31/2025,Trustee ,Theodore,,Larger,12/31/2025
2022-2023,Stark,Bethlehem,"5,650","5,347"," 5,520 ",8600 Blough Avenue SW,,Navarre,44662,PO Box 161,Navarre,44662,bethtwp.com,Fiscal Officer,Jody,,Matics,3/31/2024,Trustee ,Mark ,,Dearing,12/31/2023,Trustee ,James,,Urbach,12/31/2025,Trustee ,Teri,Renee,Veselenak,12/31/2025
2022-2023,Stark,Canton,"13,882","13,102"," 12,477 ",4711 Central Avenue SE,,Canton,44707,,,,www.cantontwp-oh.gov,Fiscal Officer,John,,Ring,3/31/2024,Trustee ,Keith,,Hochadel,12/31/2023,Trustee ,Christopher,,Nichols,12/31/2025,Trustee ,Mark,,Shaffer,12/31/2025
2022-2023,Stark,Jackson,"37,744","40,373"," 43,067 ",5735 Wales Avenue NW,,Massillon,44646,,,,www.jacksontwp.com,Fiscal Officer,Randy,,Gonzalez,3/31/2024,Trustee ,Jim,,Thomas,12/31/2023,Trustee ,John,,Pizzino,12/31/2025,Trustee ,Todd,,Hawke,12/31/2025
2022-2023,Stark,Lake,"25,892","29,961"," 30,324 ",12360 Market Avenue North ,,Hartville,44632,,,,www.laketwpstarkco.com,Fiscal Officer,Matthew ,,Erb,3/31/2024,Trustee ,John ,,Arnold,12/31/2023,Trustee ,Steven ,,Miller,12/31/2025,Trustee ,Jeremy ,,Yoder,12/31/2025
2022-2023,Stark,Lawrence,"13,382","13,702"," 13,548 ",5828 Manchester Avenue NW,,North Lawrence,44666,,,,lawrencetwp-oh.org,Fiscal Officer,Cynthia,E.,Meismer,3/31/2024,Trustee ,Michael,D.,Stevens,12/31/2023,Trustee ,Keith,R.,Blowers,12/31/2025,Trustee ,Sean,P.,Roseman,12/31/2025
2022-2023,Stark,Lexington,"5,583","5,444"," 4,925 ",14555 Gaskill Drive NE,,Alliance,44601,,,,www.lexingtontwpstarkco.com,Fiscal Officer,Jill ,M.,Mcneil,3/31/2024,Trustee ,James,,Mathews,12/31/2023,Trustee ,Daniel ,,Moore,12/31/2025,Trustee ,Michael,K.,Pauli,12/31/2025
2022-2023,Stark,Marlboro,"4,227","4,356"," 4,277 ",7344 Edison Street NE,,Hartville,44632,,,,,Fiscal Officer,Tracy,,Ferrett,3/31/2024,Trustee ,Wayne,,Schillig,12/31/2023,Trustee ,John,,Battershell,12/31/2025,Trustee ,Ken,,Eddleman,12/31/2025
2022-2023,Stark,Nimishillen,"9,098","9,652"," 9,354 ",8000 Columbus Road,,Louisville,44641,PO Box 181,Louisville,44641,www.Nimishillentownship.com,Fiscal Officer,Todd,D.,Bosley,3/31/2024,Trustee ,Donald,,Keefe,12/31/2023,Trustee ,George,,Kiko,12/31/2025,Trustee ,Jennifer,,Leone,12/31/2025
2022-2023,Stark,Osnaburg,"5,886","5,616"," 5,421 ",7115 Hillvale Street SE,,East Canton,44730,,,,OSNABURGTWP.COM,Fiscal Officer,Brian,David,Lowery,3/31/2024,Trustee ,Clifford,R.,Varian,12/31/2023,Trustee ,Randall,A.,Pero,12/31/2025,Trustee ,Brenda,A.,Griffith,12/31/2025
2022-2023,Stark,Paris,"5,969","5,728"," 5,743 ",14220 Freed Street SE,,Paris,44669,,,,https://paristwp.com/,Fiscal Officer,Rudy,,Evanich,3/31/2024,Trustee ,James,,Glavan,12/31/2023,Trustee ,Michael,,Stewart,12/31/2025,Trustee ,James,,Kiko,12/31/2025
2022-2023,Stark,Perry,"29,167","28,353"," 28,389 ",3111 Hilton Avenue NW,,Massillon,44646,,,,perrytwp.com,Fiscal Officer,Craig,,Chessler,3/31/2024,Trustee ,Ralph,,Dechiara,12/31/2023,Trustee ,Lisa,,Nelligan,12/31/2025,Trustee ,Matt,,Miller,12/31/2025
2022-2023,Stark,Pike,"4,088","3,961"," 3,818 ",7134 East Sparta Avenue SE,,East Sparta,44626,PO Box 434,East Sparta,44626,www.piketownship.com,Fiscal Officer,Steve,,Knox,3/31/2024,Trustee ,Don,,Charnetzky,12/31/2023,Trustee ,Doug,,Baum,12/31/2025,Trustee ,Paul,,Mosberger,12/31/2025
2022-2023,Stark,Plain,"51,997","52,540"," 53,477 ",2600 Easton Street NE,,Canton,44721,,,,https://www.plaintownship.com/,Fiscal Officer,Thomas,W.,Wolf,3/31/2024,Trustee ,Brook ,N.,Harless,12/31/2023,Trustee ,John,A.,Sabo,12/31/2025,Trustee ,Scott,M.,Haws,12/31/2025
2022-2023,Stark,Sandy,"3,679","3,675"," 3,561 ",5880 Ravenna Avenue SE,,Waynesburg,44688,,,,,Fiscal Officer,Cathy,,Mckinney,3/31/2024,Trustee ,John,G.,Petro,12/31/2023,Trustee ,Robert,A.,Fallot,12/31/2025,Trustee ,Gary,M.,Offenberger,12/31/2025
2022-2023,Stark,Sugarcreek,"6,740","6,546"," 6,547 ",,,,,PO Box 38,Brewster,44613,,Fiscal Officer,Mark,,Phillips,3/31/2024,Trustee ,Tim,,Regula,12/31/2023,Trustee ,Bob,,Wentling,12/31/2025,Trustee ,Bill,,Burtt,12/31/2025
2022-2023,Stark,Tuscarawas,"6,093","5,980"," 5,801 ",956 Manchester Avenue SW,,North Lawrence,44666,,,,,Fiscal Officer,Jennifer,,Schonauer,3/31/2024,Trustee ,John,,Speicher,12/31/2023,Trustee ,Blake,,Brenner,12/31/2025,Trustee ,Molly,,Marthey,12/31/2025
2022-2023,Stark,Washington,"4,791","4,626"," 4,443 ",5789 Beechwood Avenue,,Alliance,44601,,,,www.wash-twp-stark-oh.us,Fiscal Officer,Jimmy,,Jones,3/31/2024,Trustee ,Merrit,,Boyce,12/31/2023,Trustee ,Wayne,,Wallace,12/31/2025,Trustee ,Randall,,Rodgers,12/31/2025
2022-2023,Summit,Bath,"9,635","9,702"," 10,024 ",3864 West Bath Road,,Akron,44333,PO Box 1188,Bath,44210,bathtownship.org,Fiscal Officer,Gregory ,R.,Thewes,3/31/2024,Trustee ,Elaina,E.,Goodrich,12/31/2023,Trustee ,Sharon,A.,Troike,12/31/2025,Trustee ,Sean,F.,Gaffney,12/31/2025
2022-2023,Summit,Boston,"1,664","1,272"," 1,401 ",1775 Main Street,,Peninsula,44264,PO Box 123,Peninsula,44264,www.bostontownship.org,Fiscal Officer,Pamela,,Schneider,3/31/2024,Trustee ,Randall,,Bergdorf,12/31/2023,Trustee ,Amy,,Anderson,12/31/2025,Trustee ,William,,Clifton,12/31/2025
2022-2023,Summit,Copley,"13,641","17,304"," 18,403 ",1540 South Cleveland-Massillon Road,,Copley,44321,,,,www.copley.oh.us/,Fiscal Officer,Linda,,Peiffer,3/31/2024,Trustee ,James,,Schulte,12/31/2023,Trustee ,Scott,,Dressler,12/31/2025,Trustee ,Bruce,,Koellner,12/31/2025
2022-2023,Summit,Coventry,"10,900","10,945"," 10,238 ",68 Portage Lakes Drive,,Coventry Township,44319,,,,www.coventrytownship.com,Fiscal Officer,David,,Gissinger,3/31/2024,Trustee ,George,,Beckham,12/31/2023,Trustee ,Edward,,Diebold,12/31/2025,Trustee ,Jeff,,Houck,12/31/2025
2022-2023,Summit,Northfield Center,"4,931","5,839"," 5,597 ",9546 Brandywine Road,,Northfield Center,44067,,,,www.northfieldcenter.com,Fiscal Officer,Andrew,P.,Laguardia,3/31/2024,Trustee ,Richard,,Reville,12/31/2023,Trustee ,Russell,,Mazzola,12/31/2025,Trustee ,Rick,,Patz,12/31/2025
2022-2023,Summit,Richfield,"5,424","6,165"," 6,437 ",3038 Boston Mills Road,,Brecksville,44141,,,,richfield-twp.org,Fiscal Officer,Laurie,,Pinney,3/31/2024,Trustee ,Janet,,Jankura,12/31/2023,Trustee ,Robert,,Luther,12/31/2025,Trustee ,Don,,Laubacher,12/31/2025
2022-2023,Summit,Sagamore Hills,"9,340","10,947"," 10,845 ",11551 Valley View Road,,Sagamore Hills Township,44067,,,,mysagamorehills.com,Fiscal Officer,Laura,,Steimle,3/31/2024,Trustee ,John,,Zaccardelli,12/31/2023,Trustee ,David,,Depasquale,12/31/2025,Trustee ,Paul,,Schweikert,12/31/2025
2022-2023,Summit,Springfield,"15,168","14,644"," 14,162 ",2459 Canfield Road,,Akron,44312,,,,www.springfieldtownship.us,Fiscal Officer,Michael,,Spickard,3/31/2024,Trustee ,Kellie,,Chapman,12/31/2023,Trustee ,Joseph,,Dilauro,12/31/2025,Trustee ,Dean,,Young,12/31/2025
2022-2023,Summit,Twinsburg,"2,153","2,828"," 3,857 ",1790 Enterprise Parkway,,Twinsburg,44087,,,,www.twinsburgtwp.com,Fiscal Officer,Tania,L.,Johnson,3/31/2024,Trustee ,James,C.,Balogh,12/31/2023,Trustee ,Jamey,,Defabio,12/31/2025,Trustee ,Thomas,O.,Schmidt,12/31/2025
2022-2023,Trumbull,Bazetta ,"6,306","5,874"," 5,912 ",2782 Tall Oaks Circle,,Cortland,44410,,,,,Fiscal Officer,Stacy,,Marling,3/31/2024,Trustee ,Robert ,,Mcbride,12/31/2023,Trustee ,Michael,,Hovis,12/31/2025,Trustee ,Mike,,Morelli,12/31/2025
2022-2023,Trumbull,Bloomfield,"1,097","1,322"," 1,249 ",2063 Kinsman Road NW,,North Bloomfield,44450,PO Box 34,North Bloomfield,44450,,Fiscal Officer,Fannie,,Miller,3/31/2024,Trustee ,Richard,,Viney,12/31/2023,Trustee ,Jason,,Gwinn,12/31/2025,Trustee ,Roger,,Peterson Jr.,12/31/2025
2022-2023,Trumbull,Braceville,"2,887","2,856"," 2,467 ",800 Braceville Robinson Road,,Newton Falls,44430,PO Box 582,Leavittsburg,44430,,Fiscal Officer,Tom,,Shay,3/31/2024,Trustee ,Aaron,C.,Young,12/31/2023,Trustee ,Jeffrey,A.,Tucker,12/31/2025,Trustee ,Todd,A.,Garland,12/31/2025
2022-2023,Trumbull,Bristol,"3,154","2,919"," 2,704 ",1864 Greenville Road,,Bristolville,44402,PO Box 254,Bristolville,44402,bristoltownship.com,Fiscal Officer,Ida,Dolly,Mansfield,3/31/2024,Trustee ,Mark,J.,Webb,12/31/2023,Trustee ,Ramon,W.,French,12/31/2025,Trustee ,James,,Cicchillo,12/31/2025
2022-2023,Trumbull,Brookfield,"10,020","8,854"," 8,447 ",6844 Strimbu Drive,,Brookfield,44403,PO Box 254,Brookfield,44403,https://brookfieldtwp.org/,Fiscal Officer,Dena,R.,Mcmullin,3/31/2024,Trustee ,Ronald,E.,Haun,12/31/2023,Trustee ,Daniel ,S.,Suttles,12/31/2025,Trustee ,Mark,,Ferrara,12/31/2025
2022-2023,Trumbull,Champion,"9,762","9,612"," 9,381 ",149 Center Street East,,Warren,44481,,,,championtownship.org,Fiscal Officer,Courtney,,Hatt,3/31/2024,Trustee ,William,,Templeton,12/31/2023,Trustee ,Rex,,Fee,12/31/2025,Trustee ,Douglas,,Emerine,12/31/2025
2022-2023,Trumbull,Farmington,"2,353","2,728"," 2,993 ",151 West College Street,,West Farmington,44491,PO Box 81,West Farmington,44491,farmingtontwpohio.com,Fiscal Officer,Barbara,A.,Scott,3/31/2024,Trustee ,John,B.,Dale,12/31/2023,Trustee ,Michael,E.,Davis,12/31/2025,Trustee ,William ,David,Stephens Jr.,12/31/2025
2022-2023,Trumbull,Fowler,"2,733","2,595"," 2,360 ",,,,,PO Box 174,Fowler,44418,,Fiscal Officer,Lynn,M.,Michalec,3/31/2024,Trustee ,Stephen,K.,Rudge,12/31/2023,Trustee ,Jeffrey,S.,Davis,12/31/2025,Trustee ,Todd,E.,Williams,12/31/2025
2022-2023,Trumbull,Greene,986,"1,015", 950 ,2180 Kinsman Road NE,,North Bloomfield,44450,,,,,Fiscal Officer,Yevonne,,Postlethwait,3/31/2024,Trustee ,Eric,,Kohler,12/31/2023,Trustee ,James,,Wakefield,12/31/2025,Trustee ,Joseph,,Kocab,12/31/2025
2022-2023,Trumbull,Gustavus,948,829, 834 ,,,,,PO Box 14,Farmdale,44417,gustavustownship.org,Fiscal Officer,Laura,,Hall,3/31/2024,Trustee ,Thomas,,Bonar,12/31/2023,Trustee ,Micheal,,Crosby,12/31/2025,Trustee ,Rodney,,Mcneely,12/31/2025
2022-2023,Trumbull,Hartford,"2,104","2,070"," 1,861 ",,,,,PO Box 801,Vienna,44473,,Fiscal Officer,Kristine,,Sinn-Wilson,3/31/2024,Trustee ,Phillip,,Wilhelm,12/31/2023,Trustee ,Rebecca,,Whitman,12/31/2025,Trustee ,Michael,,Wilson,12/31/2025
2022-2023,Trumbull,Howland,"19,451","19,106"," 19,042 ",205 Niles Cortland Road,,Warren,44484,,,,Howlandtownship.org,Fiscal Officer,Robert,M.,Costello,3/31/2024,Trustee ,Rick,G.,Clark,12/31/2023,Trustee ,Matthew,,Vansuch,12/31/2025,Trustee ,James,,Lapolla,12/31/2025
2022-2023,Trumbull,Hubbard,"14,304","13,528"," 12,969 ",2600 Elmwood Drive Ext.,,Hubbard,44425,,,,,Fiscal Officer,Jennifer,,Evans,3/31/2024,Trustee ,Frederick,,Hanley,12/31/2023,Trustee ,William,,Colletta,12/31/2025,Trustee ,Richard,,Hernandez,12/31/2025
2022-2023,Trumbull,Johnston,"2,040","1,952"," 1,739 ",4417 Greenville Road,,Farmdale,44417,PO Box 639,Cortland,44410,Johnstontwp.net,Fiscal Officer,Sharon ,L.,Carlson,3/31/2024,Trustee ,Davis ,W.,Denman Jr.,12/31/2023,Trustee ,James,N.,Carnes Jr,12/31/2025,Trustee ,Dominic,,Marchese,12/31/2025
2022-2023,Trumbull,Kinsman,"1,943","1,876"," 1,751 ",7890 State Route 5,,Kinsman,44428,PO Box 399,Kinsman,44428,kinsmantownship.org,Fiscal Officer,Margaret,E.,Crupi,3/31/2024,Trustee ,Gregory,,Leonhard,12/31/2023,Trustee ,Jamin,,Banning,12/31/2025,Trustee ,Bruce ,,Bancroft,12/31/2025
2022-2023,Trumbull,Liberty,"23,522","21,982"," 21,514 ",1315 Churchill Hubbard Road,,Youngstown,44505,,,,www.libertytwp.com,Fiscal Officer,Matthew,,Connelly,3/31/2024,Trustee ,Devon,,Stanlry,12/31/2023,Trustee ,Greg,,Cizmar,12/31/2025,Trustee ,Arnold,,Clebone,12/31/2025
2022-2023,Trumbull,Mecca,"2,829","2,674"," 2,319 ",5375 State Route 46,,Cortland,44410,,,,,Fiscal Officer,Jennifer,,Mancini,3/31/2024,Trustee ,James,,Governor,12/31/2023,Trustee ,Dan,,Galbincea III,12/31/2025,Trustee ,Christen,,Clemson,12/31/2025
2022-2023,Trumbull,Mesopotamia,"3,051","3,387"," 3,404 ",8800 State Route 534,,Mesopotamia,44439,PO Box 199,Mesopotamia,44439,,Fiscal Officer,Judith,M.,Sly,3/31/2024,Trustee ,Justin,E.,Sly,12/31/2023,Trustee ,Joe,,Pavlic,12/31/2025,Trustee ,Dave,,Brazofsky,12/31/2025
2022-2023,Trumbull,Newton,"9,524","8,875"," 8,618 ",4410 Newton Falls-Bailey Road,,Newton Falls,44444,PO Box 298,Newton Falls,44444,https://www.newtontwptc.org,Fiscal Officer,Susan,D.,Montgomery,3/31/2024,Trustee ,John,R.,Nemet,12/31/2023,Trustee ,Peter,J.,Augusta,12/31/2025,Trustee ,Doreen,,Lutz,12/31/2025
2022-2023,Trumbull,Southington,"3,817","3,717"," 3,731 ",3419 State Route 534,,Southington,44470,PO Box 266,Southington,44470,www.southingtontownship.com,Fiscal Officer,Michelle,,Hall,3/31/2024,Trustee ,Charles,,Hagman,12/31/2023,Trustee ,Cynthia,,Speaker,12/31/2025,Trustee ,Daniel,,Tietz,12/31/2025
2022-2023,Trumbull,Vernon,"1,765","1,536"," 1,337 ",6915B State Route 88,,Kinsman,44428,,,,,Fiscal Officer,Darlene,D.,Emrick,3/31/2024,Trustee ,Michael,A.,Lindus,12/31/2023,Trustee ,Walter,,Horodyski Jr.,12/31/2025,Trustee ,Ronald,A.,Emrick,12/31/2025
2022-2023,Trumbull,Vienna,"4,021","3,997"," 3,978 ",848 Youngstown-Kingsville Road,,Vienna,44473,PO Box 593,Vienna,44473,viennatownship.com,Fiscal Officer,Linda,J.,Mccullough,3/31/2024,Trustee ,Phil,,Pegg,12/31/2023,Trustee ,Richard ,,Dascenzo Jr.,12/31/2025,Trustee ,Robert,L.,Root III,12/31/2025
2022-2023,Trumbull,Warren,"7,817","5,551"," 4,744 ",3765 West Market Street,,Leavittsburg,44430,PO Box 307,Leavittsburg,44430,www.warrentownshipohio.info,Fiscal Officer,Cheryl,A.,Zaben,3/31/2024,Trustee ,Edward,,Anthony,12/31/2023,Trustee ,Ryan,,Yoho,12/31/2025,Trustee ,Kay,,Anderson,12/31/2025
2022-2023,Trumbull,Weathersfield,"27,717","25,908"," 24,689 ",1451 Prospect Street,,Mineral Ridge,44440,,,,weathersfieldtwp.org,Fiscal Officer,Fred ,R.,Bobovnyk,3/31/2024,Trustee ,Richard,T.,Harkins,12/31/2023,Trustee ,Steven,J.,Gerberry,12/31/2025,Trustee ,Edward,K.,Whittaker,12/31/2025
2022-2023,Tuscarawas,Auburn,"1,078","1,070"," 1,109 ",1029 Shanesville Road,,Sugarcreek,44681,,,,,Fiscal Officer,Angela ,,Miller,3/31/2024,Trustee ,Matt ,,Olinger,12/31/2023,Trustee ,Andrew,,Gordon,12/31/2025,Trustee ,William ,,Andreas,12/31/2025
2022-2023,Tuscarawas,Bucks,"1,601","1,776"," 1,942 ",7026 Fiat Road SW,,Stone Creek,43840,,,,,Fiscal Officer,Amy,Lynn,Mizer,3/31/2024,Trustee ,Michael,C.,Maurer,12/31/2023,Trustee ,Douglas,L.,Ott,12/31/2025,Trustee ,Patrick,Dean,Hall,12/31/2025
2022-2023,Tuscarawas,Clay,"1,981","2,017"," 1,942 ",349 North Chestnut Street,,Gnadenhutten,44629,PO Box 55,Gnadenhutten,44629,,Fiscal Officer,Debbie,Jane,Gray,3/31/2024,Trustee ,Brice,,Miller,12/31/2023,Trustee ,Karl,,Kohler,12/31/2025,Trustee ,Craig,,Long,12/31/2025
2022-2023,Tuscarawas,Dover,"4,726","4,600"," 4,515 ",2000 Red Hill Road NW,,Dover,44622,,,,dovertownship.us,Fiscal Officer,Drew,A.,Yosick,3/31/2024,Trustee ,John,A.,Miceli,12/31/2023,Trustee ,John ,E.,Fondriest,12/31/2025,Trustee ,John,E.,Karl,12/31/2025
2022-2023,Tuscarawas,Fairfield,"1,487","1,505"," 1,509 ",5311 Johnstown Road Ne,,Mineral City,44656,,,,,Fiscal Officer,Jennifer,L.,Brown,3/31/2024,Trustee ,William,H.,Beans,12/31/2023,Trustee ,William,Todd,Brown,12/31/2025,Trustee ,Mitch,B.,Dunn,12/31/2025
2022-2023,Tuscarawas,Franklin,"4,244","4,698"," 4,846 ",143 7th Street NE,,Strasburg,44680,,,,,Fiscal Officer,Tammy,,Spidell,3/31/2024,Trustee ,Doug,,Hensel,12/31/2023,Trustee ,Chad,,Bonifant,12/31/2025,Trustee ,Randall,,Fearon,12/31/2025
2022-2023,Tuscarawas,Goshen,"5,285","5,213"," 5,081 ",1607 Street Route 39 NE,,New Philadelphia,44663,PO Box 41,New Philadelphia,44663,,Fiscal Officer,Darissa,R.,Lute,3/31/2024,Trustee ,William,E.,Miller,12/31/2023,Trustee ,Joseph,D.,Ginnetti,12/31/2025,Trustee ,Steven,L.,Carlisle,12/31/2025
2022-2023,Tuscarawas,Jefferson,976,970, 958 ,102 North Bridge Street,,Stone Creek,43840,,,,,Fiscal Officer,Brian,R.,Pfeiffer,3/31/2024,Trustee ,Kenneth,A.,Miskimen,12/31/2023,Trustee ,Perry,E.,Beavers,12/31/2025,Trustee ,Brad,D.,Pfeiffer,12/31/2025
2022-2023,Tuscarawas,Lawrence,"5,241","5,738"," 5,870 ",10867 Industrial Parkway NW,,Bolivar,44612,PO Box 190,Bolivar ,44612,lawrencetownship.org,Fiscal Officer,Ann ,M.,Ackerman,3/31/2024,Trustee ,Matthew,S.,Ritterbeck,12/31/2023,Trustee ,Donald,J.,Ackerman,12/31/2025,Trustee ,Michael,E.,Haueter,12/31/2025
2022-2023,Tuscarawas,Mill,"10,290","9,898"," 9,782 ",7342 Newport Road SE,,Uhrichsville,44683,,,,,Fiscal Officer,John,,Edwards,3/31/2024,Trustee ,James,,Ong,12/31/2023,Trustee ,Corey,,Henry,12/31/2025,Trustee ,Jerry,,Piccin,12/31/2025
2022-2023,Tuscarawas,Oxford,"5,133","4,964"," 4,789 ",212 South College Street,,Newcomerstown,43832-1220,PO Box 717,Newcomerstown,43832,,Fiscal Officer,Laura,N.,Brown,3/31/2024,Trustee ,Larry,A.,Stein,12/31/2023,Trustee ,Richard,D.,Casteel,12/31/2025,Trustee ,James,R.,Mcdonnell,12/31/2025
2022-2023,Tuscarawas,Perry,462,440, 439 ,16115 State Route 258,,Tippecanoe,44699,,,,,Fiscal Officer,Jane,R.,Rickey,3/31/2024,Trustee ,Thomas,A.,Kenney,12/31/2023,Trustee ,Jay,G.,Overholt,12/31/2025,Trustee ,Timothy,A.,Feldhake,12/31/2025
2022-2023,Tuscarawas,Rush,887,880, 867 ,10306 Kennedy Hill Road SE,,Uhrichsville,44683,,,,,Fiscal Officer,Myron,,Armstrong,3/31/2024,Trustee ,Jack,E.,Robinson,12/31/2023,Trustee ,Michael ,O.,Tatman,12/31/2025,Trustee ,Scott,M.,Grove,12/31/2025
2022-2023,Tuscarawas,Salem,"1,673","1,703"," 1,584 ",8276 Stonecreek Road,,Newcomerstown,43832,,,,,Fiscal Officer,Patricia ,A.,Arth,3/31/2024,Trustee ,John,J.,Bourne,12/31/2023,Trustee ,Donald,J.,Meek,12/31/2025,Trustee ,Ray,M.,Stocker,12/31/2025
2022-2023,Tuscarawas,Sandy,"3,354","2,979"," 2,946 ",4387 Crossroads Road NE,,Magnolia,44643,PO Box 45,Sandyville,44671,,Fiscal Officer,Pamela,C.,Pettay,3/31/2024,Trustee ,Willard,G.,Himes,12/31/2023,Trustee ,John,M.,Mccoury Jr.,12/31/2025,Trustee ,Jeremy,C.,Lee,12/31/2025
2022-2023,Tuscarawas,Sugarcreek,"3,894","4,194"," 4,464 ",112 Factory Street,,Sugarcreek,44681,,,,,Fiscal Officer,Andrew,,Miller,3/31/2024,Trustee ,Titus,,Slabaugh,12/31/2023,Trustee ,Brian,,Gerber,12/31/2025,Trustee ,Edward,,Wilson,12/31/2025
2022-2023,Tuscarawas,Union,"1,599","1,502"," 1,449 ",236 Roxford Church Road SE,,Dennison,44621,PO Box 202,Dennison,44621,,Fiscal Officer,Deborah,Sue,Lukens,3/31/2024,Trustee ,Joseph,,Martinelli,12/31/2023,Trustee ,Ronald,,Carmen,12/31/2025,Trustee ,Matt,,Liggett,12/31/2025
2022-2023,Tuscarawas,Warren,"1,194","1,179"," 1,078 ",4093 State Route 212 NE,,Mineral City,44656,,,,,Fiscal Officer,Mary ,Ellen,Gooding,3/31/2024,Trustee ,William,R.,Mcdonnell,12/31/2023,Trustee ,Jeffrey,A.,Latimer,12/31/2025,Trustee ,Todd.,J.,Miller,12/31/2025
2022-2023,Tuscarawas,Warwick,"2,746","2,803"," 2,827 ",1289 Goshen Valley Road SE,,New Philadelphia,44663,,,,,Fiscal Officer,Susan,,Robson,3/31/2024,Trustee ,Bryan,,Lehigh,12/31/2023,Trustee ,Phil,,Knisely,12/31/2025,Trustee ,Phil,,Robson,12/31/2025
2022-2023,Tuscarawas,Washington,762,824, 739 ,15305 Pleasant Valley Road SE,(No Mail Receptacle) ,Port Washington,43837,,,,,Fiscal Officer,Dee,,Stocker,3/31/2024,Trustee ,Kevin,,Fenton,12/31/2023,Trustee ,James,,Hagan Jr.,12/31/2025,Trustee ,Jacob,,Hursey,12/31/2025
2022-2023,Tuscarawas,Wayne,"1,743","2,164"," 2,409 ",9633 Copperhead Road NW,,Sugarcreek,44681,,,,,Fiscal Officer,Lisa,,Troyer,3/31/2024,Trustee ,Jerry,,Klein,12/31/2023,Trustee ,Fred,,Snyder,12/31/2025,Trustee ,Ron,,Lower,12/31/2025
2022-2023,Tuscarawas,York,"1,292","1,351"," 1,329 ",3446 Seibert Hill Road SW,,New Philadelphia,44663,,,,,Fiscal Officer,Bill,,Glazer,3/31/2024,Trustee ,Scott,,Stein,12/31/2023,Trustee ,David,,Simmons,12/31/2025,Trustee ,Steve,,Parker,12/31/2025
2022-2023,Union,Allen,"1,518","2,263"," 2,365 ",16945 Allen Center Road,,Marysville,43040,,,,allentwp.org,Fiscal Officer,Lori,,Lacella,3/31/2024,Trustee ,Don,,Mccreary,12/31/2023,Trustee ,Jack,,Rausch,12/31/2025,Trustee ,Ricky,,Kingham,12/31/2025
2022-2023,Union,Claibourne,"3,421","3,519"," 3,481 ",26751 State Route 37,,Richwood,43344,,,,,Fiscal Officer,Mary Lu,,Swartz,3/31/2024,Trustee ,Dustin,,Converse,12/31/2023,Trustee ,Rod,,Goddard,12/31/2025,Trustee ,Joseph,,Wiley,12/31/2025
2022-2023,Union,Darby,"1,934","2,060"," 2,397 ",18540 Sam Reed Road,,Marysville,43040,PO Box 101,Unionville Center,43077,,Fiscal Officer,Connie,,Priday,3/31/2024,Trustee ,David ,,Huston,12/31/2023,Trustee ,Dennis,,Blumenschein,12/31/2025,Trustee ,James,,Scheiderer,12/31/2025
2022-2023,Union,Dover,"2,331","2,158"," 2,326 ",13067 Hinton Mill Road,,Marysville,43040,,,,,Fiscal Officer,Beverly ,,Low,3/31/2024,Trustee ,Tim,,Shier,12/31/2023,Trustee ,Dan,,Westlake,12/31/2025,Trustee ,Tony,,Ackley,12/31/2025
2022-2023,Union,Jackson,914,966, 954 ,15670 State Route 739,,Richwood,43344,,,,,Fiscal Officer,Jan,,Oldham,3/31/2024,Trustee ,Steve,,Patton,12/31/2023,Trustee ,Charles,,Ehret,12/31/2025,Trustee ,Don,,Wasserbeck,12/31/2025
2022-2023,Union,Jerome,"3,950","7,541"," 9,504 ",9777 Industrial Parkway,,Plain City,43064,,,,www.jerometownship.com,Fiscal Officer,Robert,,Caldwell,3/31/2024,Trustee ,Megan,,Sloat,12/31/2023,Trustee ,Barry,,Adler,12/31/2025,Trustee ,Wezlynn,,Davis,12/31/2025
2022-2023,Union,Leesburg,"1,438","1,414"," 1,487 ",11700 Hopewell Road,,Marysville,43040,,,,,Fiscal Officer,Mellisa,,Weigand,3/31/2024,Trustee ,Kevin,,Dotson,12/31/2023,Trustee ,William ,,Lowe,12/31/2025,Trustee ,Jeffrey,,Robinson,12/31/2025
2022-2023,Union,Liberty,"1,705","1,948"," 2,048 ",26144 Coder Holloway Road,,Raymond,43067,PO Box 122,Raymond,43067,www.libertytownshipunionco.com/,Fiscal Officer,Jeff,,Rea,3/31/2024,Trustee ,Jerry,,Mcclary,12/31/2023,Trustee ,Mike,,Moffett,12/31/2025,Trustee ,Jack,,McCoy,12/31/2025
2022-2023,Union,Millcreek,"1,261","1,305"," 1,332 ",10420 Watkins Road,,Marysville,43040,,,,,Fiscal Officer,Scott,,Brackenridge,3/31/2024,Trustee ,David,,Long,12/31/2023,Trustee ,Keith,,Conroy,12/31/2025,Trustee ,William,,Jordan,12/31/2025
2022-2023,Union,Paris,"17,549","23,645"," 27,167 ",716 North Main Street,,Marysville,43040,PO Box 668,Marysville,43040,,Fiscal Officer,Ryan,,Lee,3/31/2024,Trustee ,Tony,,Eufinger,12/31/2023,Trustee ,David,,Cook,12/31/2025,Trustee ,Steve,,Westlake,12/31/2025
2022-2023,Union,Taylor,"1,444","1,560"," 1,516 ",19449 Wheeler Green Road,,Marysville,43040,,,,,Fiscal Officer,Tina ,,Marshall,3/31/2024,Trustee ,Scott,,Weeks,12/31/2023,Trustee ,Beth,,Marshall,12/31/2025,Trustee ,Dennis,,Schertzer,12/31/2025
2022-2023,Union,Union,"1,565","1,763"," 1,710 ",47 Railroad Street,,Milford Center,43045,PO Box 367,Milford Center,43045,,Fiscal Officer,Summer,,Phelps,3/31/2024,Trustee ,Randy,,Poland,12/31/2023,Trustee ,Rob,,Thompson,12/31/2025,Trustee ,Chad,,Jolliff,12/31/2025
2022-2023,Union,Washington,705,824," 5,156 ",31683 Street Route 31,,West Mansfield,43358,,,,washingtontwpbyhalia.org,Fiscal Officer,Julia,,Smith,3/31/2024,Trustee ,Carol,,Miller,12/31/2023,Trustee ,Ron ,,Jones,12/31/2025,Trustee ,Randy,,Sullivan ,12/31/2025
2022-2023,Union,York,"1,174","1,334"," 1,341 ",18650 Miller Road,,Richwood,43344,,,,,Fiscal Officer,Ryan,E.,Bugg,3/31/2024,Trustee ,Logan,J.,Rife,12/31/2023,Trustee ,Bruce,G.,Davis,12/31/2025,Trustee ,Judy,A.,Christian,12/31/2025
2022-2023,Van Wert,Harrison,"1,085","1,039"," 1,020 ",6667 German Church Road,,Ohio City,45874,,,,,Fiscal Officer,Melissa,,Miller,3/31/2024,Trustee ,Jeffery ,,Harmon,12/31/2023,Trustee ,John,,Staten,12/31/2025,Trustee ,Dustin,,Figley,12/31/2025
2022-2023,Van Wert,Hoaglin,605,662, 650 ,16487 Galvin Road,,Van Wert,45891,,,,,Fiscal Officer,Sally,,Snyder,3/31/2024,Trustee ,Alfred,,Osting,12/31/2023,Trustee ,Kyle,,Arn,12/31/2025,Trustee ,Dean,,Girod,12/31/2025
2022-2023,Van Wert,Jackson,481,469, 446 ,19159 Wetzel Road,,Middle Point,45863,,,,,Fiscal Officer,Amanda,,Miller,3/31/2024,Trustee ,Christopher,,Williams,12/31/2023,Trustee ,Scott,,Deitering,12/31/2025,Trustee ,Douglas,,Teman,12/31/2025
2022-2023,Van Wert,Jennings,695,668, 636 ,21332 Gilbert Road,,Spencerville,45887,,,,,Fiscal Officer,Marylou,,Macklin,3/31/2024,Trustee ,Justin,Matthew,Burnett,12/31/2023,Trustee ,Michael ,Thomas,Hiett,12/31/2025,Trustee ,Eric,Joseph,Kill,12/31/2025
2022-2023,Van Wert,Liberty,"1,696","1,559"," 1,437 ",13833 State Route 118,,Van Wert,45891,,,,,Fiscal Officer,Becky,M.,Scheidt,3/31/2024,Trustee ,Rex,,Marbaugh,12/31/2023,Trustee ,Mark,,Keber,12/31/2025,Trustee ,Gregory,Todd,Krugh,12/31/2025
2022-2023,Van Wert,Pleasant,"11,120","10,716"," 10,928 ",10507 Old Tile Factory Road,,Van Wert,45891,,,,pleasanttownshipvw.com,Fiscal Officer,Linda,J.,Hartman,3/31/2024,Trustee ,Gary,,Ashbaugh,12/31/2023,Trustee ,T.,Jay,Gamble,12/31/2025,Trustee ,Todd,,Wallace,12/31/2025
2022-2023,Van Wert,Ridge,"3,114","3,192"," 3,309 ",16905 Middle Point Road,,Van Wert,45891-9771,,,,ridgetownshipquarry.com,Fiscal Officer,Julie,A.,Doner,3/31/2024,Trustee ,William,B.,Evans II,12/31/2023,Trustee ,William,E.,Poe,12/31/2025,Trustee ,Scott,W.,Davis,12/31/2025
2022-2023,Van Wert,Tully,"2,119","2,054"," 2,013 ",,,,,PO Box 254,Convoy,45832,,Fiscal Officer,Tricia,,Kulwicki,3/31/2024,Trustee ,Richard,,Mollenkopf,12/31/2023,Trustee ,Thomas,,Gibson,12/31/2025,Trustee ,Craig,,Feasby,12/31/2025
2022-2023,Van Wert,Union,"1,009",942, 946 ,2964 Colwell Road,,Convoy,45832,,,,,Fiscal Officer,Melissa,,Mefferd,3/31/2024,Trustee ,William,,Dowler,12/31/2023,Trustee ,David,,Jones,12/31/2025,Trustee ,Kent,,Rolsten,12/31/2025
2022-2023,Van Wert,Washington,"5,228","5,131"," 5,126 ",23612 Lincoln Highway,,Delphos,45833,,,,,Fiscal Officer,James,M.,Mox,3/31/2024,Trustee ,Dean,,Bowersock,12/31/2023,Trustee ,Robert,H.,Trentman,12/31/2025,Trustee ,Mark,,Wilson,12/31/2025
2022-2023,Van Wert,Willshire,"1,719","1,584"," 1,652 ",13289 State Route 49,,Ohio City,45874,,,,,Fiscal Officer,Brian,W.,Callow,3/31/2024,Trustee ,Timothy,,Hamrick,12/31/2023,Trustee ,Bradley,,Michaud,12/31/2025,Trustee ,Randy,,Oechsle,12/31/2025
2022-2023,Van Wert,York,788,728, 768 ,16170 Wren-Landeck Road,,Van Wert,45891,,,,,Fiscal Officer,Ruth,,Evans,3/31/2024,Trustee ,Doug,,Jones,12/31/2023,Trustee ,Nick,,Williams,12/31/2025,Trustee ,Brad,,Schwartz,12/31/2025
2022-2023,Vinton,Brown,281,293, 255 ,23283 Cherry Ridge Road,,New Plymouth,45654,,,,,Fiscal Officer,Karen,,Martin,3/31/2024,Trustee ,Heath,,Thompson,12/31/2023,Trustee ,Daniel,,Sheets,12/31/2025,Trustee ,Floyd,,Largent,12/31/2025
2022-2023,Vinton,Clinton,"2,045","2,052"," 1,847 ",,,,,PO Box 44,Hamden,45634,,Fiscal Officer,Vicki,G.,Patton,3/31/2024,Trustee ,Mark,,Seymour,12/31/2023,Trustee ,Lawrence,,Mcwhorter,12/31/2025,Trustee ,Charles,J.,Snavely,12/31/2025
2022-2023,Vinton,Eagle,412,704, 667 ,27518 Riddle Road,,South Bloomingville,43152,,,,,Fiscal Officer,Sharon,,Davison,3/31/2024,Trustee ,Jeffrey,,Elkins,12/31/2023,Trustee ,Jack,,Vanover Jr.,12/31/2025,Trustee ,Roger,,Channell,12/31/2025
2022-2023,Vinton,Elk,"3,134","3,306"," 3,287 ",132 West Main Street,,Mcarthur,45651,,,,,Fiscal Officer,William,Keith,Hagerty,3/31/2024,Trustee ,Audra,,Wright,12/31/2023,Trustee ,Donald,,Hamilton,12/31/2025,Trustee ,Delbert,,Fulton,12/31/2025
2022-2023,Vinton,Harrison,"1,030","1,068"," 1,084 ",36711 State Route 327,,Ray,45675,,,,,Fiscal Officer,Brad,,Timmons,3/31/2024,Trustee ,Jack,,Clary,12/31/2023,Trustee ,Joshua,,Wells,12/31/2025,Trustee ,Wesley,,Davidson,12/31/2025
2022-2023,Vinton,Jackson,714,741, 721 ,59665 Mount Olive Road,,Mcarthur,45651,,,,,Fiscal Officer,Terri,,Sowers,3/31/2024,Trustee ,Donald,,O'Harra,12/31/2023,Trustee ,Brett,,Sowers,12/31/2025,Trustee ,Ray,,Seits,12/31/2025
2022-2023,Vinton,Knox,599,559, 541 ,73084 Long Run Road,,Albany,45710,,,,,Fiscal Officer,Teresa,,Weaver,3/31/2024,Trustee ,Kenneth,,Shutts,12/31/2023,Trustee ,William,,Morris,12/31/2025,Trustee ,Stewart,,Hall Jr.,12/31/2025
2022-2023,Vinton,Madison,682,605, 532 ,109 Commercial Square,,Zaleski,45698,PO Box 159,Zaleski,45698,,Fiscal Officer,Judy,,Bartoe,3/31/2024,Trustee ,Mark,,Peters,12/31/2023,Trustee ,Duane ,,Molihan,12/31/2025,Trustee ,William ,,Bartoe,12/31/2025
2022-2023,Vinton,Richland ,"1,667","1,748"," 1,620 ",58009 US Highway 50,,Mcarthur,45651,,,,,Fiscal Officer,Danny,,Minton,3/31/2024,Trustee ,Glendon,,Lowe,12/31/2023,Trustee ,Travis,,Faught,12/31/2025,Trustee ,Wilford,,Stevens,12/31/2025
2022-2023,Vinton,Swan,796,916, 892 ,23290 Locust Grove Road,,Creola,45622,,,,,Fiscal Officer,Beverly,Lynn,Goheen,3/31/2024,Trustee ,Roger,Dean,Bentley,12/31/2023,Trustee ,Randall,A.,Trainer,12/31/2025,Trustee ,Rick,W.,Martin,12/31/2025
2022-2023,Vinton,Vinton,558,548, 544 ,38000 Arbaugh Road,,Wilkesville,45695,,,,,Fiscal Officer,Margaret,Lenoir,Huston,3/31/2024,Trustee ,Jim,,Wells,12/31/2023,Trustee ,Glendon,,Barnes,12/31/2025,Trustee ,Alice,,Malone,12/31/2025
2022-2023,Vinton,Wilkesville,888,895, 810 ,,,,,PO Box 54,Wilkesville,45695,,Fiscal Officer,Kimberley,,Nappper,3/31/2024,Trustee ,Kenneth,,Nappper,12/31/2023,Trustee ,John ,,Adams,12/31/2025,Trustee ,Roger,,Wells,12/31/2025
2022-2023,Warren,Clearcreek,"20,974","30,265"," 36,238 ",7593 Bunnell Hill Road,,Springboro,45066,,,,clearcreektownship.com,Fiscal Officer,Russell,,Carolus,3/31/2024,Trustee ,Jason,,Gabbard,12/31/2023,Trustee ,Ed,,Wade,12/31/2025,Trustee ,Steve,,Muterspaw,12/31/2025
2022-2023,Warren,Deerfield,"25,515","36,059"," 40,525 ",4900 Parkway Drive,Suite 150,Mason,45040,,,,choosedeerfield.com,Fiscal Officer,Dan,,Corey,3/31/2024,Trustee ,Lelle,,Lutts Hedding,12/31/2023,Trustee ,Kristin,,Malhotra,12/31/2025,Trustee ,Julie,,Seitz,12/31/2025
2022-2023,Warren,Franklin,"27,294","30,312"," 31,676 ",418 Fairview Drive ,,Carlisle,45005,PO Box 364,Franklin,45005,https://www.franklintownshipohio.us,Fiscal Officer,Scot,,Fromeyer,3/31/2024,Trustee ,Brian,,Morris,12/31/2023,Trustee ,Christopher,S.,Centers,12/31/2025,Trustee ,Matthew ,,Jennings,12/31/2025
2022-2023,Warren,Hamilton,"9,630","23,556"," 30,587 ",7780 South Street Route 48,,Maineville,45039,,,,www.hamilton-township.org,Fiscal Officer,Kurt,,Weber,3/31/2024,Trustee ,Mark,,Sousa,12/31/2023,Trustee ,Joseph,,Rozzi,12/31/2025,Trustee ,Darryl,,Cordrey,12/31/2025
2022-2023,Warren,Harlan,"3,627","4,698"," 4,929 ",9120 Morrow Rossburg Road,,Pleasant Plain,45162,,,,,Fiscal Officer,Virginia,,Williams,3/31/2024,Trustee ,Richard,,Howry,12/31/2023,Trustee ,Marcus,,Shelton,12/31/2025,Trustee ,Kevin,,Curran,12/31/2025
2022-2023,Warren,Massie,"1,061","1,141"," 1,195 ",10 North Harveysburg Road,,Harveysburg,45032,,,,www.massietownship.org,Fiscal Officer,Mary,,Wilkie,3/31/2024,Trustee ,Mark,,Dawson,12/31/2023,Trustee ,Darrell,,Mckinney,12/31/2025,Trustee ,David,,Crisenbery,12/31/2025
2022-2023,Warren,Salem,"4,133","4,389"," 5,215 ",5270 East US State Route 22/3,,Morrow,45152,PO Box 171,Morrow,45152,https://www.salemtownship-warrencounty.com/,Fiscal Officer,Victoria,,Vonholle,3/31/2024,Trustee ,Susan,,Combs-Ramsey,12/31/2023,Trustee ,Heath,,Kilburn,12/31/2025,Trustee ,Ralph,,Blanton,12/31/2025
2022-2023,Warren,Turtlecreek,"12,617","15,143"," 17,644 ",670 North State Route 123,,Lebanon,45036,,,,www.turtlecreektownship.org,Fiscal Officer,Amanda,K.,Childers,3/31/2024,Trustee ,James,,Vandegrift,12/31/2023,Trustee ,Daniel,F.,Jones,12/31/2025,Trustee ,Jonathan,D.,Sams,12/31/2025
2022-2023,Warren,Union,"4,668","4,696"," 6,251 ",285 East Pike Street,,South Lebanon,45065,,,,uniontownshipwarrencounty.com,Fiscal Officer,Shelley,,Lamb,3/31/2024,Trustee ,Vacant,,Vacant,12/31/2023,Trustee ,Fred ,,Vonderhaar,12/31/2025,Trustee ,Chris,,Koch,12/31/2025
2022-2023,Warren,Washington,"1,855","2,717"," 2,752 ",,,,,PO Box 87,Lebanon,45036,washington-township.org,Fiscal Officer,Sharon,,Coffman,3/31/2024,Trustee ,Paul,,Schaefer,12/31/2023,Trustee ,Jason,,Fisher,12/31/2025,Trustee ,Scott,,Hagemeyer,12/31/2025
2022-2023,Warren,Wayne,"7,250","8,180"," 8,658 ",6050 North Clarksville Road,,Waynesville,45068,,,,,Fiscal Officer,Darrell,E.,Coffman,3/31/2024,Trustee ,Joshua ,V.,Patrick ,12/31/2023,Trustee ,Diane ,,Colvin,12/31/2025,Trustee ,Andrew ,,Jacobs,12/31/2025
2022-2023,Washington,Adams,"1,830","1,617"," 1,516 ",300 Walnut Street,,Lowell,45744,,,,,Fiscal Officer,Carrie,,Tullius,3/31/2024,Trustee ,Joshua,,Harris,12/31/2023,Trustee ,Jeffrey,,Anthony,12/31/2025,Trustee ,Wayne,,Isner,12/31/2025
2022-2023,Washington,Aurelius,441,422, 326 ,235 Back Road,,Macksburg,45746,,,,,Fiscal Officer,Darla,L.,Haas,3/31/2024,Trustee ,Denver,E.,Hesson,12/31/2023,Trustee ,Jeffery,E.,Haas,12/31/2025,Trustee ,Carl,R.,Petry,12/31/2025
2022-2023,Washington,Barlow,"2,417","2,618"," 2,560 ",13326 State Route 550,,Fleming,45729,,,,,Fiscal Officer,Jack,H.,Marks,3/31/2024,Trustee ,John ,,Hannan,12/31/2023,Trustee ,Richard,,Best,12/31/2025,Trustee ,Charles,,Seaman,12/31/2025
2022-2023,Washington,Belpre,"4,192","3,869"," 3,897 ",2041 State Route 555,,Little Hocking,45742,PO Box 156,Little Hocking,45742,,Fiscal Officer,Paula,M.,Smith,3/31/2024,Trustee ,Roger,,Welch II,12/31/2023,Trustee ,Dan,,Mason,12/31/2025,Trustee ,Asa,,Boring,12/31/2025
2022-2023,Washington,Decatur,"1,181","1,303"," 1,342 ",County Road 111,,Cutler,45724,,,,,Fiscal Officer,Tacy,,Joseph,3/31/2024,Trustee ,Trenton,,Yoho,12/31/2023,Trustee ,Eddie,,Place,12/31/2025,Trustee ,Mark,,Eickert,12/31/2025
2022-2023,Washington,Dunham,"2,505","2,568"," 2,581 ",100 Lake Road,,Belpre,45714,PO Box 120,Barlow,45712,,Fiscal Officer,Garry,L.,Marks,3/31/2024,Trustee ,Aaron ,,Fleming,12/31/2023,Trustee ,Kenny,,Maze,12/31/2025,Trustee ,Tim,,Mathews,12/31/2025
2022-2023,Washington,Fairfield,"1,011","1,109"," 1,133 ",334 Union Cemetery Road,,Cutler,45724,,,,,Fiscal Officer,Marty,,Clark,3/31/2024,Trustee ,Pat,,Gates,12/31/2023,Trustee ,Jeremy ,,Gribble,12/31/2025,Trustee ,Darrell,,Huck,12/31/2025
2022-2023,Washington,Fearing,910,891, 858 ,220 Spindler Road,,Marietta,45750,,,,,Fiscal Officer,Lisa,,Mcnish,3/31/2024,Trustee ,Rick,,Groves,12/31/2023,Trustee ,Jeff,,Lauer,12/31/2025,Trustee ,Allen,,Miller,12/31/2025
2022-2023,Washington,Grandview,"1,834","1,731"," 1,396 ",,,,,PO Box 475,New Matamoras,45767,,Fiscal Officer,Elizabeth ,L.,Riggs,3/31/2024,Trustee ,Gary ,R.,Mcknight,12/31/2023,Trustee ,Tyler,D.,Riggs,12/31/2025,Trustee ,Todd,A.,Davis,12/31/2025
2022-2023,Washington,Independence,387,348, 315 ,960 Smith Road,,Wingett Run,45789,,,,,Fiscal Officer,Karen,Lynn,Eddy,3/31/2024,Trustee ,Michael,S.,Dalrymple,12/31/2023,Trustee ,Jedd,A.,Butler,12/31/2025,Trustee ,Thomas,,Stull,12/31/2025
2022-2023,Washington,Lawrence,956,901, 824 ,692 Bear Run Road,,Reno,45773,,,,,Fiscal Officer,Jerrilyn,,Kirkbride,3/31/2024,Trustee ,David,,Lauer,12/31/2023,Trustee ,Paul,,Metz,12/31/2025,Trustee ,Gerald,,Mcgregor,12/31/2025
2022-2023,Washington,Liberty,621,481, 438 ,4955 Dalzell Road,,Whipple,45788,,,,,Fiscal Officer,Emily,,Griffin,3/31/2024,Trustee ,Leroy ,,Schroeder,12/31/2023,Trustee ,Steven,,Hendershot,12/31/2025,Trustee ,Dale,,Lauer,12/31/2025
2022-2023,Washington,Ludlow,330,328, 289 ,1795 Tice Run Road,,New Matamoras,45767,,,,,Fiscal Officer,Jeanetta,,Berentz,3/31/2024,Trustee ,Brent,,Weckbacher,12/31/2023,Trustee ,Craig,,Howell,12/31/2025,Trustee ,Roy,,Bowersock,12/31/2025
2022-2023,Washington,Marietta,"4,673","4,595"," 4,265 ",260 Sandhill Road ,,Reno ,45773,,,,,Fiscal Officer,Jennifer ,,Bradford ,3/31/2024,Trustee ,Jerry ,,Stevens ,12/31/2023,Trustee ,Mike ,,Hill ,12/31/2025,Trustee ,Steve ,,Bober ,12/31/2025
2022-2023,Washington,Muskingum,"4,627","4,461"," 4,424 ",26 Townhall Road,,Marietta,45750,,,,muskingumtwp.org,Fiscal Officer,V Pamela,,Lankford,3/31/2024,Trustee ,Gary,,Doan,12/31/2023,Trustee ,John,,Huck,12/31/2025,Trustee ,Carolyn,,Dempsey,12/31/2025
2022-2023,Washington,Newport,"2,176","1,988"," 1,901 ",30875 State Route 7,,Marietta,45750,PO Box 244,Reno,45773,,Fiscal Officer,Bonnie ,Sue,Hockenberry,3/31/2024,Trustee ,William,Henry,Bowersock,12/31/2023,Trustee ,Rodney,,Seevers,12/31/2025,Trustee ,Alan,"""Dow""",Hockenberry,12/31/2025
2022-2023,Washington,Palmer,625,566, 547 ,351 Derby Road,,Waterford,45786,,,,,Fiscal Officer,Shannon,Rae,Schott,3/31/2024,Trustee ,Allan,Ray,Hill,12/31/2023,Trustee ,Richard,,Adams,12/31/2025,Trustee ,Randy ,,Pugh,12/31/2025
2022-2023,Washington,Salem,"1,130","1,137"," 1,058 ",,,,,PO Box 56,Lower Salem,45788,,Fiscal Officer,Janet,Kay,Bever,3/31/2024,Trustee ,Clinton,J.,Miller,12/31/2023,Trustee ,Robert,F.,Gerst,12/31/2025,Trustee ,Joseph,,Carpenter,12/31/2025
2022-2023,Washington,Warren,"4,044","4,045"," 3,948 ",95 Coffman Road,,Marietta,45750,,,,,Fiscal Officer,Amy,,Mckenzie,3/31/2024,Trustee ,Jeffrey,G.,Knowlton,12/31/2023,Trustee ,Allen,R.,Coffman,12/31/2025,Trustee ,Joseph,D.,Vickers,12/31/2025
2022-2023,Washington,Waterford ,"3,708","3,713"," 3,547 ",,,,,PO Box 194,Beverly ,45715,,Fiscal Officer,Lori,,Schilling,3/31/2024,Trustee ,Douglas,,Mccutcheon,12/31/2023,Trustee ,James,,Harper,12/31/2025,Trustee ,Timothy,,Rossiter,12/31/2025
2022-2023,Washington,Watertown,"1,563","1,579"," 1,541 ",90 Plum Run Road,,Waterford,45786,,,,,Fiscal Officer,Annette,,Schott,3/31/2024,Trustee ,Joe,,Huck,12/31/2023,Trustee ,Tom ,,Neill,12/31/2025,Trustee ,Doug,,Parks,12/31/2025
2022-2023,Washington,Wesley,915,982, 952 ,1961 State Route 550,,Cutler,45724,PO Box 114,Bartlett,45713,,Fiscal Officer,Tracy ,J.,Kennedy,3/31/2024,Trustee ,Tyler,,Hearn,12/31/2023,Trustee ,David,,Love,12/31/2025,Trustee ,David,,Roberts,12/31/2025
2022-2023,Wayne,Baughman,"4,699","4,536"," 4,799 ",3470 North Mount Eaton Road,,Orrville ,44667,PO Box 1,Marshallville,44645,,Fiscal Officer,Todd,E.,Stoll,3/31/2024,Trustee ,Mike,,Geiser,12/31/2023,Trustee ,Robert,,Graber,12/31/2025,Trustee ,Jeff,,Kaufman,12/31/2025
2022-2023,Wayne,Canaan,"4,736","4,875"," 5,134 ",4455 East Sterling Road,,Creston,44217,PO Box 2223,Creston,44217,,Fiscal Officer,Kelly,,Gasser,3/31/2024,Trustee ,James,,Murray,12/31/2023,Trustee ,Kurt,,Gasser,12/31/2025,Trustee ,Andrew,,Stands,12/31/2025
2022-2023,Wayne,Chester,"2,845","3,066"," 3,043 ",4179 Bates Road,,Wooster,44691,,,,,Fiscal Officer,Debbie,,Berger,3/31/2024,Trustee ,Jerry,,Bowman,12/31/2023,Trustee ,Kurt,,Rickett,12/31/2025,Trustee ,John,,Wharton,12/31/2025
2022-2023,Wayne,Chippewa,"10,085","10,212"," 9,795 ",14228 Galehouse Road,,Doylestown,44230,PO Box 265,Doylestown,44230,chippewatwp.com,Fiscal Officer,Lauretta,,Busson,3/31/2024,Trustee ,Dominic,,Oliverio,12/31/2023,Trustee ,Ronald,,Browning,12/31/2025,Trustee ,Lenny,,Broome,12/31/2025
2022-2023,Wayne,Clinton,"3,196","3,081"," 3,165 ",225 East Mc Conkey Street,,Shreve,44676,PO Box 553,Shreve,44676,,Fiscal Officer,Jessica ,L.,Flinner,3/31/2024,Trustee ,Chad ,,Zimmerly ,12/31/2023,Trustee ,Shannon ,,Flinner ,12/31/2025,Trustee ,Matt,,Garst,12/31/2025
2022-2023,Wayne,Congress,"4,435","4,533"," 4,439 ",11203 Mullinix Road,,West Salem,44287,,,,,Fiscal Officer,Pam,,Haley,3/31/2024,Trustee ,Bill ,,Cletzer,12/31/2023,Trustee ,Spencer,,Hershey,12/31/2025,Trustee ,Steve,,Cherry,12/31/2025
2022-2023,Wayne,East Union,"6,527","6,821"," 6,946 ",3400 South Apple Creek Road,,Apple Creek,44606,PO Box 222,Apple Creek,44606,eastuniontownship.org,Fiscal Officer,Valorie,Lynn,Lewis,3/31/2024,Trustee ,Joseph,,Rabatin,12/31/2023,Trustee ,Daniel ,,Hodge,12/31/2025,Trustee ,Jim,,Miller,12/31/2025
2022-2023,Wayne,Franklin,"3,485","3,872"," 4,235 ",1661 Kimber Road,,Wooster,44691,,,,,Fiscal Officer,David,,Bricker,3/31/2024,Trustee ,Matt,,Gress,12/31/2023,Trustee ,Dale,,Sidle,12/31/2025,Trustee ,Kevin,,Ungerer,12/31/2025
2022-2023,Wayne,Greene,"12,194","11,915"," 12,246 ",4781 Egypt Road,,Smithville,44677,,,,,Fiscal Officer,Donald,,Dravenstott,3/31/2024,Trustee ,Scott,,Imhoff,12/31/2023,Trustee ,Donald,,Zimmerly,12/31/2025,Trustee ,Jeffrey,,Kauffman,12/31/2025
2022-2023,Wayne,Milton,"9,254","9,376"," 2,964 ",13831 Kauffman Avenue,,Sterling,44276,PO Box 205,Sterling,44276,,Fiscal Officer,Patricia,,Glessner,3/31/2024,Trustee ,Greg,,Piatt,12/31/2023,Trustee ,Rex,,Gasser,12/31/2025,Trustee ,Dennis,,Hartzler,12/31/2025
2022-2023,Wayne,Paint,"2,823","3,209"," 3,458 ",10075 Winesburg Road,,Dundee,44624,PO Box 178,Mt Eaton,44659,,Fiscal Officer,Karen ,,Raber,3/31/2024,Trustee ,Marion ,,Miller,12/31/2023,Trustee ,Donald (Chuck),,Gatti,12/31/2025,Trustee ,Bradley ,,Herman,12/31/2025
2022-2023,Wayne,Plain,"2,894","3,088"," 3,069 ",1870 Brenn Road,,Wooster,44691,,,,,Fiscal Officer,Kevin,M.,Schmid,3/31/2024,Trustee ,Ed,,Flinner,12/31/2023,Trustee ,Dave,,Mcmillen,12/31/2025,Trustee ,Bruce,,Sigler,12/31/2025
2022-2023,Wayne,Salt Creek,"3,783","4,309"," 4,542 ",8402 Harrison Road,,Fredericksburg,44627,PO Box 179,Fredericksburg,44627,,Fiscal Officer,Rodney,,Lemon,3/31/2024,Trustee ,Kelly,,Mckelvey,12/31/2023,Trustee ,Mark,,Lemon,12/31/2025,Trustee ,Adam,,Swinehart,12/31/2025
2022-2023,Wayne,Sugar Creek,"6,502","6,651"," 7,187 ",,,,,PO Box 213,Dalton,44618,,Fiscal Officer,Anita,,Fisher,3/31/2024,Trustee ,Tom,,Gregory,12/31/2023,Trustee ,Jonathan,,Hofstetter,12/31/2025,Trustee ,Scott,,Widmer,12/31/2025
2022-2023,Wayne,Wayne,"4,034","4,159"," 4,005 ",5277 Cleveland Road,,Wooster,44691,,,,,Fiscal Officer,Tammy,,Polen,3/31/2024,Trustee ,Marlin,,Questel,12/31/2023,Trustee ,Tom,,Buchholz,12/31/2025,Trustee ,TJ,,Shamp,12/31/2025
2022-2023,Wayne,Wooster,"5,250","4,694"," 4,615 ",,,,,PO Box 1318,Wooster,44691,WOOSTERTWPTRUSTEES.COM,Fiscal Officer,Deanna,,Weaver,3/31/2024,Trustee ,Steve,,Miller,12/31/2023,Trustee ,Matthew,P.,Ogden,12/31/2025,Trustee ,Mike,,Lindeman,12/31/2025
2022-2023,Williams,Brady,"2,822","2,602"," 2,621 ",20332 County Road K,,West Unity,43570,,,,,Fiscal Officer,Chrystal,L.,Maneval,3/31/2024,Trustee ,Willie,,Grime,12/31/2023,Trustee ,Tim,L.,Nofziger,12/31/2025,Trustee ,Jim,,Eisel,12/31/2025
2022-2023,Williams,Bridgewater,"1,401","1,474"," 1,434 ",16495 State Route 576,,Montpelier,43543,,,,,Fiscal Officer,Nicki,,Cogswell,3/31/2024,Trustee ,Michael,,Elser,12/31/2023,Trustee ,Brandon,,Hinkle,12/31/2025,Trustee ,Austin,,Rummel,12/31/2025
2022-2023,Williams,Center,"3,056","2,874"," 2,928 ",04266 County Road 12,,Bryan,43506,,,,,Fiscal Officer,Todd,,Burkholder,3/31/2024,Trustee ,Ryan,,Muehlfeld,12/31/2023,Trustee ,Jeff,,Burkholder,12/31/2025,Trustee ,Matt,,Grube,12/31/2025
2022-2023,Williams,Florence,"2,115","2,026"," 1,973 ",326 South Michigan Street,,Edon,43518,PO Box 107,Edon,43518,,Fiscal Officer,Courtny,,Osborn,3/31/2024,Trustee ,Albert,,Brown,12/31/2023,Trustee ,Donald ,,Imm,12/31/2025,Trustee ,Mark,,Trausch,12/31/2025
2022-2023,Williams,Jefferson,"2,021","1,920"," 1,814 ",09991 County Road 16,,Bryan,43506,,,,,Fiscal Officer,Linda,M.,Beck,3/31/2024,Trustee ,Scott,C.,Oberlin,12/31/2023,Trustee ,Austin,,Poynter,12/31/2025,Trustee ,Steve,,Batterson,12/31/2025
2022-2023,Williams,Madison,"2,539",987, 895 ,15037 County Road P,,Pioneer,43554,,,,,Fiscal Officer,Debra,K.,Maneval,3/31/2024,Trustee ,Terry ,D.,Huffman,12/31/2023,Trustee ,Rodney,D.,Baker,12/31/2025,Trustee ,Mark,R.,Schmucker,12/31/2025
2022-2023,Williams,Millcreek,935,802, 752 ,16365 County Road 20,,Alvordton,43501,,,,,Fiscal Officer,Nancy,,Barnes,3/31/2024,Trustee ,Berdon,,Short,12/31/2023,Trustee ,Don,,Kunkle,12/31/2025,Trustee ,Del,,Kuney,12/31/2025
2022-2023,Williams,Northwest,"1,384","1,236"," 1,139 ",1654 County Road P-50,,Edon,43518,,,,,Fiscal Officer,Peggy,,Disbro,3/31/2024,Trustee ,Steven,,Stamper,12/31/2023,Trustee ,Robert,,Kissinger II,12/31/2025,Trustee ,Paul,,Green Jr.,12/31/2025
2022-2023,Williams,Pulaski,"2,628","2,357"," 2,446 ",06646 US Highway 127,,Bryan,43506,,,,,Fiscal Officer,Deanne,Deborah,Batterson,3/31/2024,Trustee ,Tod,,Schlachter,12/31/2023,Trustee ,Tom,,Saul,12/31/2025,Trustee ,Brad,,Louys,12/31/2025
2022-2023,Williams,Saint Joseph,"2,958","3,147"," 2,666 ",1778 County Road 2 50,,Edgerton,43517,PO Box 299,Edgerton,43517,,Fiscal Officer,Jodi,,Radabaugh,3/31/2024,Trustee ,Hugh,,Perry,12/31/2023,Trustee ,Richard,,Moffett,12/31/2025,Trustee ,Roger,,Muehlfeld,12/31/2025
2022-2023,Williams,Springfield,"3,227","2,827"," 3,048 ",20275 State Route 34,,Stryker,43557,,,,,Fiscal Officer,Patti,,Rosebrook,3/31/2024,Trustee ,Ed,,Ruffer,12/31/2023,Trustee ,Steve,,Planson,12/31/2025,Trustee ,Rusty,,Goebel,12/31/2025
2022-2023,Williams,Superior,"5,769","1,393"," 1,286 ",10668 State Route 107,,Montpelier,43543,PO Box 228,Montpelier,43543,,Fiscal Officer,Patricia,,Creek,3/31/2024,Trustee ,Daniel,,Gillen,12/31/2023,Trustee ,Dave,,Apple,12/31/2025,Trustee ,Michael,,Trausch,12/31/2025
2022-2023,Wood,Bloom,"2,535","2,609"," 2,513 ",9990 Oil Center Road,,Bloomdale,44817,,,,,Fiscal Officer,Kevin,,Ziegler,3/31/2024,Trustee ,Jessica,,Mcgrain,12/31/2023,Trustee ,Mike ,,Barnhisel,12/31/2025,Trustee ,Terry,,Hummel,12/31/2025
2022-2023,Wood,Center,"1,246","1,206"," 1,140 ",17100 Carter Road,,Bowling Green,43402,,,,,Fiscal Officer,Jill,,Foos,3/31/2024,Trustee ,Dale,,Brown,12/31/2023,Trustee ,Rick,,Engle,12/31/2025,Trustee ,Doug,,Wulff,12/31/2025
2022-2023,Wood,Freedom,"2,695","2,727"," 2,644 ",531 East Front Street,,Pemberville,43450,PO Box 796,Pemberville,43450,woodcountytownships.wordpress.com,Fiscal Officer,Julie,,Getz,3/31/2024,Trustee ,Kent,,Schuerman,12/31/2023,Trustee ,Richard,,Rahe,12/31/2025,Trustee ,David,,Bruning,12/31/2025
2022-2023,Wood,Grand Rapids,"1,631","1,607"," 1,586 ",,,Grand Rapids,43522,PO Box 410,Grand Rapids,43522,,Fiscal Officer,Cary ,J.,Long,3/31/2024,Trustee ,Rita,,Foos,12/31/2023,Trustee ,David,,Chamberlain,12/31/2025,Trustee ,Ike,,Topp,12/31/2025
2022-2023,Wood,Henry,"4,070","4,175"," 4,079 ",14690 Quarry Road,,North Baltimore,45872,,,,,Fiscal Officer,Matthew,,Davis,3/31/2024,Trustee ,Clifford,,Brumbaugh,12/31/2023,Trustee ,James,,Wymer Jr.,12/31/2025,Trustee ,James,,Casey,12/31/2025
2022-2023,Wood,Jackson,751,792, 702 ,4235 Weston Road,,Custar,43511,,,,,Fiscal Officer,Jane,,Phillips,3/31/2024,Trustee ,Brendyn,,George,12/31/2023,Trustee ,Greg,,Panning,12/31/2025,Trustee ,Adam,,Ziegler,12/31/2025
2022-2023,Wood,Lake,"10,350","10,972"," 11,160 ",27975 Cummings Road,,Millbury,43447,,,,www.laketwpohio.com/,Fiscal Officer,Buddy,,Ritson,3/31/2024,Trustee ,Kenneth,,Gilsdorf,12/31/2023,Trustee ,Richard,,Welling,12/31/2025,Trustee ,Lorie,,Davis,12/31/2025
2022-2023,Wood,Liberty,"1,862","1,766"," 1,690 ",10194 Rudolph Road,,Rudolph,43462,,,,,Fiscal Officer,Rod,,Lucas,3/31/2024,Trustee ,Douglas,,Kale,12/31/2023,Trustee ,Gary,,Herringshaw,12/31/2025,Trustee ,Chris,,Heinze,12/31/2025
2022-2023,Wood,Middleton,"2,598","4,454"," 5,611 ",21745 North Dixie Highway,,Bowling Green,43402,,,,www.middletontownship.com,Fiscal Officer,Laurie,,Limes,3/31/2024,Trustee ,Fred,,Vetter,12/31/2023,Trustee ,Donald,,Cromley,12/31/2025,Trustee ,Michael,,Moulton,12/31/2025
2022-2023,Wood,Milton,"1,159",979, 929 ,19441 Mermill Road,,Rudolph,43462,,,,,Fiscal Officer,Robert,,Mahlman,3/31/2024,Trustee ,Phillip,,Weilnau,12/31/2023,Trustee ,Stan,,Wilhelm,12/31/2025,Trustee ,Nathan,,Wilhelm,12/31/2025
2022-2023,Wood,Montgomery,"4,505","4,230"," 4,157 ",1950 Mermill Road,,Bradner,43406,PO Box 462,Bradner,43406,,Fiscal Officer,Sandra,Kay,Rubel,3/31/2024,Trustee ,Alfred,Timothy,Rubel,12/31/2023,Trustee ,Jerry,L.,Houtz Jr.,12/31/2025,Trustee ,Robert,D.,Gonyer,12/31/2025
2022-2023,Wood,Perry,"1,934","1,605"," 1,568 ",3995 Eagleville Road,,Fostoria,44830,,,,,Fiscal Officer,Jane,,Stearns,3/31/2024,Trustee ,Chad,,Wonderly,12/31/2023,Trustee ,Eric ,,Burns,12/31/2025,Trustee ,Anthony,,Thompson,12/31/2025
2022-2023,Wood,Perrysburg,"13,613","12,512"," 13,571 ",26609 Lime City Road,,Perrysburg,43551,,,,www.perrysburgtownship.us,Fiscal Officer,Hannah,,Nelson,3/31/2024,Trustee ,Joseph,,Schaller,12/31/2023,Trustee ,Gary,,Britten,12/31/2025,Trustee ,Robert,,Mack,12/31/2025
2022-2023,Wood,Plain,"1,706","1,663"," 1,625 ",18617 Brim Road,,Bowling Green,43402,,,,,Fiscal Officer,Elizabeth,,Bostdorff,3/31/2024,Trustee ,Ronald,,Bechstein,12/31/2023,Trustee ,James,,Rossow,12/31/2025,Trustee ,Donald,,Bechstein,12/31/2025
2022-2023,Wood,Portage,"1,516","1,614"," 1,558 ",10485 Vosburg Road,,Portage,43451,,,,,Fiscal Officer,Brian,,King,3/31/2024,Trustee ,Ed,,Foos,12/31/2023,Trustee ,Rodney,,Rhoden,12/31/2025,Trustee ,Daondal,,Zeigler,12/31/2025
2022-2023,Wood,Troy,"4,355","3,870"," 4,097 ",,,,,PO Box 128,Luckey,43443,www.troytownship.org,Fiscal Officer,Linda,F.,Biniker,3/31/2024,Trustee ,Richard,P.,Greulich Jr.,12/31/2023,Trustee ,Kenneth ,J.,Recker,12/31/2025,Trustee ,Matthew,L.,Brinker,12/31/2025
2022-2023,Wood,Washington,"1,688","1,841"," 1,864 ",18614 Main Street,,Tontogany,43565,PO Box 116,Tontogany,43565,,Fiscal Officer,Kristel,,Beyer,3/31/2024,Trustee ,Steven,,Powell,12/31/2023,Trustee ,Abel,,Euler,12/31/2025,Trustee ,David,,Smith,12/31/2025
2022-2023,Wood,Webster,"1,277","1,283"," 1,230 ",9637 Middleton Pike,,Bowling Green,43402,,,,www.webstertwp.org,Fiscal Officer,Julie,,Foos,3/31/2024,Trustee ,Mark,,Bushman,12/31/2023,Trustee ,Jim,,Cajka,12/31/2025,Trustee ,Isaac,,Bailey,12/31/2025
2022-2023,Wood,Weston,"2,274","2,336"," 2,124 ",14024 Van Tassel Road,,Weston,43569,PO Box 332,Weston,43569,,Fiscal Officer,Jodie,J.,Domer,3/31/2024,Trustee ,Michael ,Jacob,Brown,12/31/2023,Trustee ,Randy,E.,Tolles,12/31/2025,Trustee ,Shad,,Kendall,12/31/2025
2022-2023,Wyandot,Antrim,"1,275","1,243"," 1,155 ",3527 County Highway 59,,Nevada,44849,,,,,Fiscal Officer,Steven,A.,Heinlen,3/31/2024,Trustee ,Jeremy,C.,Mouser,12/31/2023,Trustee ,Brenen,T.,Mcguire,12/31/2025,Trustee ,Roger,A.,Jury,12/31/2025
2022-2023,Wyandot,Crane,"7,394","7,514"," 7,533 ",220 East Church Street,,Upper Sandusky,43351,PO Box 331,Upper Sandusky,43351,,Fiscal Officer,Debbie,,Bastel,3/31/2024,Trustee ,Mark,,Walton,12/31/2023,Trustee ,Alan ,,Courtrigh,12/31/2025,Trustee ,Steve,,Swihart,12/31/2025
2022-2023,Wyandot,Crawford,"5,080","4,789"," 4,610 ",107 East North Street,,Carey,43316,PO Box 275,Carey,43316,,Fiscal Officer,Keith,,Phillips,3/31/2024,Trustee ,Robert,,Boutwell,12/31/2023,Trustee ,Aaron,,Pahl,12/31/2025,Trustee ,Dennis,,Derr,12/31/2025
2022-2023,Wyandot,Eden,"1,026","1,092"," 1,045 ",2506 Township Highway 47,C/O 8512 State Hwy 231,Nevada,44849,,,,,Fiscal Officer,Peggy,L.,Mooney,3/31/2024,Trustee ,Kenneth,B.,Bils,12/31/2023,Trustee ,Cory,B.,Bils,12/31/2025,Trustee ,Allen,L.,Weaver,12/31/2025
2022-2023,Wyandot,Jackson,643,561, 596 ,14310 State Route 37,,,45843,,,,,Fiscal Officer,Tina,,Fox,3/31/2024,Trustee ,Robert,,Bristoll,12/31/2023,Trustee ,Mark ,,Vent,12/31/2025,Trustee ,Jeremy,,Albert,12/31/2025
2022-2023,Wyandot,Marseilles,446,480, 404 ,14518 Township Highway 71,,Upper Sandusky,43351,,,,,Fiscal Officer,Deann,,Funkhouser,3/31/2024,Trustee ,Benjamin,,Mckinniss,12/31/2023,Trustee ,Wade,,Stansbery,12/31/2025,Trustee ,Aaron,,Creswell,12/31/2025
2022-2023,Wyandot,Mifflin,705,804, 741 ,14970 Township Highway 96,,Upper Sandusky,43351,,,,,Fiscal Officer,Darlene,L.,Weaver,3/31/2024,Trustee ,Dustin,,Stansbery,12/31/2023,Trustee ,Russell,,Smith,12/31/2025,Trustee ,Paul,,Vent,12/31/2025
2022-2023,Wyandot,Pitt,"1,036","1,012", 909 ,14895 County Highway 113,,Upper Sandusky,43351,,,,,Fiscal Officer,Lynette,K.,Pagnard,3/31/2024,Trustee ,Robert,A.,Brewer,12/31/2023,Trustee ,Shannon,L.,Newman,12/31/2025,Trustee ,Roger,E.,Hetzel,12/31/2025
2022-2023,Wyandot,Richland,952,871, 846 ,,,,,PO Box 246,Wharton,43359,,Fiscal Officer,Troy,,Kear,3/31/2024,Trustee ,David,,Beck,12/31/2023,Trustee ,Philip,,Passet,12/31/2025,Trustee ,Nicholas,,Derr,12/31/2025
2022-2023,Wyandot,Ridge,512,524, 532 ,16686 Township Highway 21,,Carey,43316,,,,,Fiscal Officer,Nichole,,Coppler,3/31/2024,Trustee ,Michael,,Walter,12/31/2023,Trustee ,Thomas,,Derr,12/31/2025,Trustee ,,,,12/31/2025
2022-2023,Wyandot,Salem,"1,055","1,001", 981 ,8693 Township Highway 104,,Upper Sandusky,43351,,,,,Fiscal Officer,Lyle,D.,Weaver,3/31/2024,Trustee ,Curt,W.,Gottfried,12/31/2023,Trustee ,Kenneth,J.,Derr,12/31/2025,Trustee ,Jon,E.,Zimmerman,12/31/2025
2022-2023,Wyandot,Sycamore,"1,598","1,600"," 1,462 ",,,,,PO Box 141,Sycamore,44882,,Fiscal Officer,Deb,,Boes,3/31/2024,Trustee ,David,,Gregg,12/31/2023,Trustee ,Mark,,Ekleberry,12/31/2025,Trustee ,Tim,,Walton,12/31/2025
2022-2023,Wyandot,Tymochtee,"1,186","1,124"," 1,086 ",3497 County Highway 35,,Sycamore,44882,,,,,Fiscal Officer,Bonnie,Lou,Adelpserger,3/31/2024,Trustee ,Robert,,Weyand,12/31/2023,Trustee ,Thomas,,Kummerer,12/31/2025,Trustee ,Steve,,Davidson,12/31/2025
